timestamp,open,high,low,close,volume
2006-12-29,1.6691,1.6691,1.6691,1.6691,0.0
2007-01-02,1.6694,1.6694,1.6694,1.6694,0.0
2007-01-03,1.6645,1.6645,1.6645,1.6645,0.0
2007-01-04,1.6681,1.6681,1.6681,1.6681,0.0
2007-01-05,1.6697,1.6697,1.6697,1.6697,0.0
2007-01-08,1.6675,1.6675,1.6675,1.6675,0.0
2007-01-09,1.6675,1.6675,1.6675,1.6675,0.0
2007-01-10,1.6664,1.6664,1.6664,1.6664,0.0
2007-01-11,1.6573,1.6573,1.6573,1.6573,0.0
2007-01-12,1.6544,1.6544,1.6544,1.6544,0.0
2007-01-15,1.6503,1.6503,1.6503,1.6503,0.0
2007-01-16,1.6511,1.6511,1.6511,1.6511,0.0
2007-01-17,1.6429,1.6429,1.6429,1.6429,0.0
2007-01-18,1.6423,1.6423,1.6423,1.6423,0.0
2007-01-19,1.6453,1.6453,1.6453,1.6453,0.0
2007-01-22,1.6382,1.6382,1.6382,1.6382,0.0
2007-01-23,1.6436,1.6436,1.6436,1.6436,0.0
2007-01-24,1.6631,1.6631,1.6631,1.6631,0.0
2007-01-25,1.6639,1.6639,1.6639,1.6639,0.0
2007-01-26,1.6684,1.6684,1.6684,1.6684,0.0
2007-01-29,1.6728,1.6728,1.6728,1.6728,0.0
2007-01-30,1.679,1.679,1.679,1.679,0.0
2007-01-31,1.6786,1.6786,1.6786,1.6786,0.0
2007-02-01,1.6782,1.6782,1.6782,1.6782,0.0
2007-02-02,1.6821,1.6821,1.6821,1.6821,0.0
2007-02-05,1.6683,1.6683,1.6683,1.6683,0.0
2007-02-06,1.6674,1.6674,1.6674,1.6674,0.0
2007-02-07,1.6695,1.6695,1.6695,1.6695,0.0
2007-02-08,1.6669,1.6669,1.6669,1.6669,0.0
2007-02-09,1.6751,1.6751,1.6751,1.6751,0.0
2007-02-12,1.6745,1.6745,1.6745,1.6745,0.0
2007-02-13,1.6811,1.6811,1.6811,1.6811,0.0
2007-02-14,1.6734,1.6734,1.6734,1.6734,0.0
2007-02-15,1.6721,1.6721,1.6721,1.6721,0.0
2007-02-16,1.6705,1.6705,1.6705,1.6705,0.0
2007-02-19,1.6718,1.6718,1.6718,1.6718,0.0
2007-02-20,1.6709,1.6709,1.6709,1.6709,0.0
2007-02-21,1.664,1.664,1.664,1.664,0.0
2007-02-22,1.661,1.661,1.661,1.661,0.0
2007-02-23,1.663,1.663,1.663,1.663,0.0
2007-02-26,1.6614,1.6614,1.6614,1.6614,0.0
2007-02-27,1.6695,1.6695,1.6695,1.6695,0.0
2007-02-28,1.6761,1.6761,1.6761,1.6761,0.0
2007-03-01,1.6814,1.6814,1.6814,1.6814,0.0
2007-03-02,1.6806,1.6806,1.6806,1.6806,0.0
2007-03-05,1.6897,1.6897,1.6897,1.6897,0.0
2007-03-06,1.6951,1.6951,1.6951,1.6951,0.0
2007-03-07,1.6867,1.6867,1.6867,1.6867,0.0
2007-03-08,1.689,1.689,1.689,1.689,0.0
2007-03-09,1.6889,1.6889,1.6889,1.6889,0.0
2007-03-12,1.6833,1.6833,1.6833,1.6833,0.0
2007-03-13,1.6793,1.6793,1.6793,1.6793,0.0
2007-03-14,1.6838,1.6838,1.6838,1.6838,0.0
2007-03-15,1.679,1.679,1.679,1.679,0.0
2007-03-16,1.6757,1.6757,1.6757,1.6757,0.0
2007-03-19,1.6633,1.6633,1.6633,1.6633,0.0
2007-03-20,1.662,1.662,1.662,1.662,0.0
2007-03-21,1.659,1.659,1.659,1.659,0.0
2007-03-22,1.6542,1.6542,1.6542,1.6542,0.0
2007-03-23,1.6519,1.6519,1.6519,1.6519,0.0
2007-03-26,1.6456,1.6456,1.6456,1.6456,0.0
2007-03-27,1.649,1.649,1.649,1.649,0.0
2007-03-28,1.6532,1.6532,1.6532,1.6532,0.0
2007-03-29,1.6506,1.6506,1.6506,1.6506,0.0
2007-03-30,1.6484,1.6484,1.6484,1.6484,0.0
2007-04-02,1.6371,1.6371,1.6371,1.6371,0.0
2007-04-03,1.6409,1.6409,1.6409,1.6409,0.0
2007-04-04,1.6413,1.6413,1.6413,1.6413,0.0
2007-04-05,1.6351,1.6351,1.6351,1.6351,0.0
2007-04-10,1.6283,1.6283,1.6283,1.6283,0.0
2007-04-11,1.6263,1.6263,1.6263,1.6263,0.0
2007-04-12,1.6304,1.6304,1.6304,1.6304,0.0
2007-04-13,1.6249,1.6249,1.6249,1.6249,0.0
2007-04-16,1.6249,1.6249,1.6249,1.6249,0.0
2007-04-17,1.6215,1.6215,1.6215,1.6215,0.0
2007-04-18,1.6291,1.6291,1.6291,1.6291,0.0
2007-04-19,1.6336,1.6336,1.6336,1.6336,0.0
2007-04-20,1.629,1.629,1.629,1.629,0.0
2007-04-23,1.6277,1.6277,1.6277,1.6277,0.0
2007-04-24,1.6424,1.6424,1.6424,1.6424,0.0
2007-04-25,1.6405,1.6405,1.6405,1.6405,0.0
2007-04-26,1.6409,1.6409,1.6409,1.6409,0.0
2007-04-27,1.6423,1.6423,1.6423,1.6423,0.0
2007-04-30,1.6427,1.6427,1.6427,1.6427,0.0
2007-05-02,1.645,1.645,1.645,1.645,0.0
2007-05-03,1.6496,1.6496,1.6496,1.6496,0.0
2007-05-04,1.6562,1.6562,1.6562,1.6562,0.0
2007-05-07,1.6483,1.6483,1.6483,1.6483,0.0
2007-05-08,1.6355,1.6355,1.6355,1.6355,0.0
2007-05-09,1.6331,1.6331,1.6331,1.6331,0.0
2007-05-10,1.6258,1.6258,1.6258,1.6258,0.0
2007-05-11,1.624,1.624,1.624,1.624,0.0
2007-05-14,1.6276,1.6276,1.6276,1.6276,0.0
2007-05-15,1.6279,1.6279,1.6279,1.6279,0.0
2007-05-16,1.636,1.636,1.636,1.636,0.0
2007-05-17,1.6421,1.6421,1.6421,1.6421,0.0
2007-05-18,1.6401,1.6401,1.6401,1.6401,0.0
2007-05-21,1.6408,1.6408,1.6408,1.6408,0.0
2007-05-22,1.6363,1.6363,1.6363,1.6363,0.0
2007-05-23,1.6336,1.6336,1.6336,1.6336,0.0
2007-05-24,1.6351,1.6351,1.6351,1.6351,0.0
2007-05-25,1.6399,1.6399,1.6399,1.6399,0.0
2007-05-28,1.6413,1.6413,1.6413,1.6413,0.0
2007-05-29,1.6473,1.6473,1.6473,1.6473,0.0
2007-05-30,1.639,1.639,1.639,1.639,0.0
2007-05-31,1.6269,1.6269,1.6269,1.6269,0.0
2007-06-01,1.6214,1.6214,1.6214,1.6214,0.0
2007-06-04,1.6177,1.6177,1.6177,1.6177,0.0
2007-06-05,1.6122,1.6122,1.6122,1.6122,0.0
2007-06-06,1.6053,1.6053,1.6053,1.6053,0.0
2007-06-07,1.5926,1.5926,1.5926,1.5926,0.0
2007-06-08,1.587,1.587,1.587,1.587,0.0
2007-06-11,1.5849,1.5849,1.5849,1.5849,0.0
2007-06-12,1.5845,1.5845,1.5845,1.5845,0.0
2007-06-13,1.5829,1.5829,1.5829,1.5829,0.0
2007-06-14,1.5937,1.5937,1.5937,1.5937,0.0
2007-06-15,1.5922,1.5922,1.5922,1.5922,0.0
2007-06-18,1.5931,1.5931,1.5931,1.5931,0.0
2007-06-19,1.5876,1.5876,1.5876,1.5876,0.0
2007-06-20,1.5851,1.5851,1.5851,1.5851,0.0
2007-06-21,1.5819,1.5819,1.5819,1.5819,0.0
2007-06-22,1.5847,1.5847,1.5847,1.5847,0.0
2007-06-25,1.585,1.585,1.585,1.585,0.0
2007-06-26,1.5849,1.5849,1.5849,1.5849,0.0
2007-06-27,1.5965,1.5965,1.5965,1.5965,0.0
2007-06-28,1.5918,1.5918,1.5918,1.5918,0.0
2007-06-29,1.5885,1.5885,1.5885,1.5885,0.0
2007-07-02,1.5859,1.5859,1.5859,1.5859,0.0
2007-07-03,1.5902,1.5902,1.5902,1.5902,0.0
2007-07-04,1.5875,1.5875,1.5875,1.5875,0.0
2007-07-05,1.5854,1.5854,1.5854,1.5854,0.0
2007-07-06,1.5875,1.5875,1.5875,1.5875,0.0
2007-07-09,1.5832,1.5832,1.5832,1.5832,0.0
2007-07-10,1.5876,1.5876,1.5876,1.5876,0.0
2007-07-11,1.5963,1.5963,1.5963,1.5963,0.0
2007-07-12,1.5967,1.5967,1.5967,1.5967,0.0
2007-07-13,1.5879,1.5879,1.5879,1.5879,0.0
2007-07-16,1.5774,1.5774,1.5774,1.5774,0.0
2007-07-17,1.5755,1.5755,1.5755,1.5755,0.0
2007-07-18,1.5702,1.5702,1.5702,1.5702,0.0
2007-07-19,1.5722,1.5722,1.5722,1.5722,0.0
2007-07-20,1.5676,1.5676,1.5676,1.5676,0.0
2007-07-23,1.5645,1.5645,1.5645,1.5645,0.0
2007-07-24,1.5631,1.5631,1.5631,1.5631,0.0
2007-07-25,1.5536,1.5536,1.5536,1.5536,0.0
2007-07-26,1.5561,1.5561,1.5561,1.5561,0.0
2007-07-27,1.5839,1.5839,1.5839,1.5839,0.0
2007-07-30,1.6121,1.6121,1.6121,1.6121,0.0
2007-07-31,1.5951,1.5951,1.5951,1.5951,0.0
2007-08-01,1.6049,1.6049,1.6049,1.6049,0.0
2007-08-02,1.596,1.596,1.596,1.596,0.0
2007-08-03,1.5985,1.5985,1.5985,1.5985,0.0
2007-08-06,1.613,1.613,1.613,1.613,0.0
2007-08-07,1.6141,1.6141,1.6141,1.6141,0.0
2007-08-08,1.6039,1.6039,1.6039,1.6039,0.0
2007-08-09,1.6058,1.6058,1.6058,1.6058,0.0
2007-08-10,1.6219,1.6219,1.6219,1.6219,0.0
2007-08-13,1.6183,1.6183,1.6183,1.6183,0.0
2007-08-14,1.6184,1.6184,1.6184,1.6184,0.0
2007-08-15,1.6381,1.6381,1.6381,1.6381,0.0
2007-08-16,1.7072,1.7072,1.7072,1.7072,0.0
2007-08-17,1.7213,1.7213,1.7213,1.7213,0.0
2007-08-20,1.6791,1.6791,1.6791,1.6791,0.0
2007-08-21,1.682,1.682,1.682,1.682,0.0
2007-08-22,1.6752,1.6752,1.6752,1.6752,0.0
2007-08-23,1.6554,1.6554,1.6554,1.6554,0.0
2007-08-24,1.6581,1.6581,1.6581,1.6581,0.0
2007-08-27,1.6425,1.6425,1.6425,1.6425,0.0
2007-08-28,1.6552,1.6552,1.6552,1.6552,0.0
2007-08-29,1.6713,1.6713,1.6713,1.6713,0.0
2007-08-30,1.6677,1.6677,1.6677,1.6677,0.0
2007-08-31,1.6692,1.6692,1.6692,1.6692,0.0
2007-09-03,1.6592,1.6592,1.6592,1.6592,0.0
2007-09-04,1.6466,1.6466,1.6466,1.6466,0.0
2007-09-05,1.6553,1.6553,1.6553,1.6553,0.0
2007-09-06,1.6571,1.6571,1.6571,1.6571,0.0
2007-09-07,1.6564,1.6564,1.6564,1.6564,0.0
2007-09-10,1.6757,1.6757,1.6757,1.6757,0.0
2007-09-11,1.6715,1.6715,1.6715,1.6715,0.0
2007-09-12,1.6613,1.6613,1.6613,1.6613,0.0
2007-09-13,1.6565,1.6565,1.6565,1.6565,0.0
2007-09-14,1.6499,1.6499,1.6499,1.6499,0.0
2007-09-17,1.653,1.653,1.653,1.653,0.0
2007-09-18,1.6594,1.6594,1.6594,1.6594,0.0
2007-09-19,1.6407,1.6407,1.6407,1.6407,0.0
2007-09-20,1.6248,1.6248,1.6248,1.6248,0.0
2007-09-21,1.6324,1.6324,1.6324,1.6324,0.0
2007-09-24,1.6249,1.6249,1.6249,1.6249,0.0
2007-09-25,1.6339,1.6339,1.6339,1.6339,0.0
2007-09-26,1.6153,1.6153,1.6153,1.6153,0.0
2007-09-27,1.6079,1.6079,1.6079,1.6079,0.0
2007-09-28,1.6073,1.6073,1.6073,1.6073,0.0
2007-10-01,1.6022,1.6022,1.6022,1.6022,0.0
2007-10-02,1.5972,1.5972,1.5972,1.5972,0.0
2007-10-03,1.596,1.596,1.596,1.596,0.0
2007-10-04,1.5943,1.5943,1.5943,1.5943,0.0
2007-10-05,1.5846,1.5846,1.5846,1.5846,0.0
2007-10-08,1.568,1.568,1.568,1.568,0.0
2007-10-09,1.569,1.569,1.569,1.569,0.0
2007-10-10,1.5757,1.5757,1.5757,1.5757,0.0
2007-10-11,1.5721,1.5721,1.5721,1.5721,0.0
2007-10-12,1.572,1.572,1.572,1.572,0.0
2007-10-15,1.5685,1.5685,1.5685,1.5685,0.0
2007-10-16,1.5929,1.5929,1.5929,1.5929,0.0
2007-10-17,1.5901,1.5901,1.5901,1.5901,0.0
2007-10-18,1.6054,1.6054,1.6054,1.6054,0.0
2007-10-19,1.5932,1.5932,1.5932,1.5932,0.0
2007-10-22,1.612,1.612,1.612,1.612,0.0
2007-10-23,1.5948,1.5948,1.5948,1.5948,0.0
2007-10-24,1.5833,1.5833,1.5833,1.5833,0.0
2007-10-25,1.5813,1.5813,1.5813,1.5813,0.0
2007-10-26,1.5734,1.5734,1.5734,1.5734,0.0
2007-10-29,1.5652,1.5652,1.5652,1.5652,0.0
2007-10-30,1.5688,1.5688,1.5688,1.5688,0.0
2007-10-31,1.5658,1.5658,1.5658,1.5658,0.0
2007-11-01,1.5626,1.5626,1.5626,1.5626,0.0
2007-11-02,1.5696,1.5696,1.5696,1.5696,0.0
2007-11-05,1.5765,1.5765,1.5765,1.5765,0.0
2007-11-06,1.5695,1.5695,1.5695,1.5695,0.0
2007-11-07,1.5703,1.5703,1.5703,1.5703,0.0
2007-11-08,1.5783,1.5783,1.5783,1.5783,0.0
2007-11-09,1.5993,1.5993,1.5993,1.5993,0.0
2007-11-12,1.6516,1.6516,1.6516,1.6516,0.0
2007-11-13,1.6294,1.6294,1.6294,1.6294,0.0
2007-11-14,1.6308,1.6308,1.6308,1.6308,0.0
2007-11-15,1.6425,1.6425,1.6425,1.6425,0.0
2007-11-16,1.6399,1.6399,1.6399,1.6399,0.0
2007-11-19,1.6456,1.6456,1.6456,1.6456,0.0
2007-11-20,1.6657,1.6657,1.6657,1.6657,0.0
2007-11-21,1.6952,1.6952,1.6952,1.6952,0.0
2007-11-22,1.7011,1.7011,1.7011,1.7011,0.0
2007-11-23,1.6968,1.6968,1.6968,1.6968,0.0
2007-11-26,1.684,1.684,1.684,1.684,0.0
2007-11-27,1.7044,1.7044,1.7044,1.7044,0.0
2007-11-28,1.6719,1.6719,1.6719,1.6719,0.0
2007-11-29,1.6717,1.6717,1.6717,1.6717,0.0
2007-11-30,1.6643,1.6643,1.6643,1.6643,0.0
2007-12-03,1.6612,1.6612,1.6612,1.6612,0.0
2007-12-04,1.6843,1.6843,1.6843,1.6843,0.0
2007-12-05,1.695,1.695,1.695,1.695,0.0
2007-12-06,1.6726,1.6726,1.6726,1.6726,0.0
2007-12-07,1.6712,1.6712,1.6712,1.6712,0.0
2007-12-10,1.6707,1.6707,1.6707,1.6707,0.0
2007-12-11,1.6575,1.6575,1.6575,1.6575,0.0
2007-12-12,1.6644,1.6644,1.6644,1.6644,0.0
2007-12-13,1.6724,1.6724,1.6724,1.6724,0.0
2007-12-14,1.6704,1.6704,1.6704,1.6704,0.0
2007-12-17,1.6766,1.6766,1.6766,1.6766,0.0
2007-12-18,1.6703,1.6703,1.6703,1.6703,0.0
2007-12-19,1.6724,1.6724,1.6724,1.6724,0.0
2007-12-20,1.672,1.672,1.672,1.672,0.0
2007-12-21,1.6613,1.6613,1.6613,1.6613,0.0
2007-12-24,1.6527,1.6527,1.6527,1.6527,0.0
2007-12-27,1.6624,1.6624,1.6624,1.6624,0.0
2007-12-28,1.6731,1.6731,1.6731,1.6731,0.0
2007-12-31,1.6757,1.6757,1.6757,1.6757,0.0
2008-01-02,1.6673,1.6673,1.6673,1.6673,0.0
2008-01-03,1.674,1.674,1.674,1.674,0.0
2008-01-04,1.671,1.671,1.671,1.671,0.0
2008-01-07,1.6856,1.6856,1.6856,1.6856,0.0
2008-01-08,1.6712,1.6712,1.6712,1.6712,0.0
2008-01-09,1.661,1.661,1.661,1.661,0.0
2008-01-10,1.6611,1.6611,1.6611,1.6611,0.0
2008-01-11,1.6545,1.6545,1.6545,1.6545,0.0
2008-01-14,1.6555,1.6555,1.6555,1.6555,0.0
2008-01-15,1.6533,1.6533,1.6533,1.6533,0.0
2008-01-16,1.6806,1.6806,1.6806,1.6806,0.0
2008-01-17,1.6642,1.6642,1.6642,1.6642,0.0
2008-01-18,1.6697,1.6697,1.6697,1.6697,0.0
2008-01-21,1.6734,1.6734,1.6734,1.6734,0.0
2008-01-22,1.6876,1.6876,1.6876,1.6876,0.0
2008-01-23,1.6883,1.6883,1.6883,1.6883,0.0
2008-01-24,1.6763,1.6763,1.6763,1.6763,0.0
2008-01-25,1.6652,1.6652,1.6652,1.6652,0.0
2008-01-28,1.6703,1.6703,1.6703,1.6703,0.0
2008-01-29,1.6641,1.6641,1.6641,1.6641,0.0
2008-01-30,1.6654,1.6654,1.6654,1.6654,0.0
2008-01-31,1.6682,1.6682,1.6682,1.6682,0.0
2008-02-01,1.651,1.651,1.651,1.651,0.0
2008-02-04,1.6336,1.6336,1.6336,1.6336,0.0
2008-02-05,1.6263,1.6263,1.6263,1.6263,0.0
2008-02-06,1.6315,1.6315,1.6315,1.6315,0.0
2008-02-07,1.6367,1.6367,1.6367,1.6367,0.0
2008-02-08,1.6233,1.6233,1.6233,1.6233,0.0
2008-02-11,1.6061,1.6061,1.6061,1.6061,0.0
2008-02-12,1.6057,1.6057,1.6057,1.6057,0.0
2008-02-13,1.6251,1.6251,1.6251,1.6251,0.0
2008-02-14,1.6164,1.6164,1.6164,1.6164,0.0
2008-02-15,1.6189,1.6189,1.6189,1.6189,0.0
2008-02-18,1.604,1.604,1.604,1.604,0.0
2008-02-19,1.5984,1.5984,1.5984,1.5984,0.0
2008-02-20,1.6031,1.6031,1.6031,1.6031,0.0
2008-02-21,1.6037,1.6037,1.6037,1.6037,0.0
2008-02-22,1.6079,1.6079,1.6079,1.6079,0.0
2008-02-25,1.6017,1.6017,1.6017,1.6017,0.0
2008-02-26,1.6048,1.6048,1.6048,1.6048,0.0
2008-02-27,1.6021,1.6021,1.6021,1.6021,0.0
2008-02-28,1.6038,1.6038,1.6038,1.6038,0.0
2008-02-29,1.6226,1.6226,1.6226,1.6226,0.0
2008-03-03,1.6274,1.6274,1.6274,1.6274,0.0
2008-03-04,1.6304,1.6304,1.6304,1.6304,0.0
2008-03-05,1.6405,1.6405,1.6405,1.6405,0.0
2008-03-06,1.6351,1.6351,1.6351,1.6351,0.0
2008-03-07,1.6481,1.6481,1.6481,1.6481,0.0
2008-03-10,1.6601,1.6601,1.6601,1.6601,0.0
2008-03-11,1.6603,1.6603,1.6603,1.6603,0.0
2008-03-12,1.6654,1.6654,1.6654,1.6654,0.0
2008-03-13,1.6616,1.6616,1.6616,1.6616,0.0
2008-03-14,1.6531,1.6531,1.6531,1.6531,0.0
2008-03-17,1.7102,1.7102,1.7102,1.7102,0.0
2008-03-18,1.6974,1.6974,1.6974,1.6974,0.0
2008-03-19,1.6841,1.6841,1.6841,1.6841,0.0
2008-03-20,1.7087,1.7087,1.7087,1.7087,0.0
2008-03-25,1.7036,1.7036,1.7036,1.7036,0.0
2008-03-26,1.7043,1.7043,1.7043,1.7043,0.0
2008-03-27,1.7088,1.7088,1.7088,1.7088,0.0
2008-03-28,1.7171,1.7171,1.7171,1.7171,0.0
2008-03-31,1.7334,1.7334,1.7334,1.7334,0.0
2008-04-01,1.7215,1.7215,1.7215,1.7215,0.0
2008-04-02,1.7145,1.7145,1.7145,1.7145,0.0
2008-04-03,1.7065,1.7065,1.7065,1.7065,0.0
2008-04-04,1.711,1.711,1.711,1.711,0.0
2008-04-07,1.6977,1.6977,1.6977,1.6977,0.0
2008-04-08,1.6968,1.6968,1.6968,1.6968,0.0
2008-04-09,1.6941,1.6941,1.6941,1.6941,0.0
2008-04-10,1.702,1.702,1.702,1.702,0.0
2008-04-11,1.7024,1.7024,1.7024,1.7024,0.0
2008-04-14,1.7158,1.7158,1.7158,1.7158,0.0
2008-04-15,1.7121,1.7121,1.7121,1.7121,0.0
2008-04-16,1.7069,1.7069,1.7069,1.7069,0.0
2008-04-17,1.6935,1.6935,1.6935,1.6935,0.0
2008-04-18,1.6882,1.6882,1.6882,1.6882,0.0
2008-04-21,1.6873,1.6873,1.6873,1.6873,0.0
2008-04-22,1.6851,1.6851,1.6851,1.6851,0.0
2008-04-23,1.6755,1.6755,1.6755,1.6755,0.0
2008-04-24,1.6689,1.6689,1.6689,1.6689,0.0
2008-04-25,1.6744,1.6744,1.6744,1.6744,0.0
2008-04-28,1.6666,1.6666,1.6666,1.6666,0.0
2008-04-29,1.671,1.671,1.671,1.671,0.0
2008-04-30,1.6614,1.6614,1.6614,1.6614,0.0
2008-05-02,1.6554,1.6554,1.6554,1.6554,0.0
2008-05-05,1.6424,1.6424,1.6424,1.6424,0.0
2008-05-06,1.6448,1.6448,1.6448,1.6448,0.0
2008-05-07,1.6312,1.6312,1.6312,1.6312,0.0
2008-05-08,1.6312,1.6312,1.6312,1.6312,0.0
2008-05-09,1.6466,1.6466,1.6466,1.6466,0.0
2008-05-12,1.6374,1.6374,1.6374,1.6374,0.0
2008-05-13,1.6408,1.6408,1.6408,1.6408,0.0
2008-05-14,1.6558,1.6558,1.6558,1.6558,0.0
2008-05-15,1.6541,1.6541,1.6541,1.6541,0.0
2008-05-16,1.632,1.632,1.632,1.632,0.0
2008-05-19,1.6325,1.6325,1.6325,1.6325,0.0
2008-05-20,1.6294,1.6294,1.6294,1.6294,0.0
2008-05-21,1.6346,1.6346,1.6346,1.6346,0.0
2008-05-22,1.64,1.64,1.64,1.64,0.0
2008-05-23,1.6376,1.6376,1.6376,1.6376,0.0
2008-05-26,1.642,1.642,1.642,1.642,0.0
2008-05-27,1.6371,1.6371,1.6371,1.6371,0.0
2008-05-28,1.6339,1.6339,1.6339,1.6339,0.0
2008-05-29,1.6214,1.6214,1.6214,1.6214,0.0
2008-05-30,1.6212,1.6212,1.6212,1.6212,0.0
2008-06-02,1.6243,1.6243,1.6243,1.6243,0.0
2008-06-03,1.6272,1.6272,1.6272,1.6272,0.0
2008-06-04,1.61,1.61,1.61,1.61,0.0
2008-06-05,1.6169,1.6169,1.6169,1.6169,0.0
2008-06-06,1.626,1.626,1.626,1.626,0.0
2008-06-09,1.6414,1.6414,1.6414,1.6414,0.0
2008-06-10,1.6335,1.6335,1.6335,1.6335,0.0
2008-06-11,1.6376,1.6376,1.6376,1.6376,0.0
2008-06-12,1.6495,1.6495,1.6495,1.6495,0.0
2008-06-13,1.6394,1.6394,1.6394,1.6394,0.0
2008-06-16,1.6434,1.6434,1.6434,1.6434,0.0
2008-06-17,1.6472,1.6472,1.6472,1.6472,0.0
2008-06-18,1.6461,1.6461,1.6461,1.6461,0.0
2008-06-19,1.6344,1.6344,1.6344,1.6344,0.0
2008-06-20,1.6352,1.6352,1.6352,1.6352,0.0
2008-06-23,1.6305,1.6305,1.6305,1.6305,0.0
2008-06-24,1.6326,1.6326,1.6326,1.6326,0.0
2008-06-25,1.6308,1.6308,1.6308,1.6308,0.0
2008-06-26,1.6389,1.6389,1.6389,1.6389,0.0
2008-06-27,1.6383,1.6383,1.6383,1.6383,0.0
2008-06-30,1.6371,1.6371,1.6371,1.6371,0.0
2008-07-01,1.6519,1.6519,1.6519,1.6519,0.0
2008-07-02,1.6438,1.6438,1.6438,1.6438,0.0
2008-07-03,1.6509,1.6509,1.6509,1.6509,0.0
2008-07-04,1.628,1.628,1.628,1.628,0.0
2008-07-07,1.6363,1.6363,1.6363,1.6363,0.0
2008-07-08,1.6476,1.6476,1.6476,1.6476,0.0
2008-07-09,1.6502,1.6502,1.6502,1.6502,0.0
2008-07-10,1.6357,1.6357,1.6357,1.6357,0.0
2008-07-11,1.6423,1.6423,1.6423,1.6423,0.0
2008-07-14,1.6369,1.6369,1.6369,1.6369,0.0
2008-07-15,1.628,1.628,1.628,1.628,0.0
2008-07-16,1.627,1.627,1.627,1.627,0.0
2008-07-17,1.6246,1.6246,1.6246,1.6246,0.0
2008-07-18,1.6288,1.6288,1.6288,1.6288,0.0
2008-07-21,1.626,1.626,1.626,1.626,0.0
2008-07-22,1.6284,1.6284,1.6284,1.6284,0.0
2008-07-23,1.633,1.633,1.633,1.633,0.0
2008-07-24,1.6319,1.6319,1.6319,1.6319,0.0
2008-07-25,1.6438,1.6438,1.6438,1.6438,0.0
2008-07-28,1.6466,1.6466,1.6466,1.6466,0.0
2008-07-29,1.6454,1.6454,1.6454,1.6454,0.0
2008-07-30,1.6468,1.6468,1.6468,1.6468,0.0
2008-07-31,1.6545,1.6545,1.6545,1.6545,0.0
2008-08-01,1.6662,1.6662,1.6662,1.6662,0.0
2008-08-04,1.6697,1.6697,1.6697,1.6697,0.0
2008-08-05,1.689,1.689,1.689,1.689,0.0
2008-08-06,1.692,1.692,1.692,1.692,0.0
2008-08-07,1.6986,1.6986,1.6986,1.6986,0.0
2008-08-08,1.6885,1.6885,1.6885,1.6885,0.0
2008-08-11,1.685,1.685,1.685,1.685,0.0
2008-08-12,1.7048,1.7048,1.7048,1.7048,0.0
2008-08-13,1.712,1.712,1.712,1.712,0.0
2008-08-14,1.701,1.701,1.701,1.701,0.0
2008-08-15,1.7031,1.7031,1.7031,1.7031,0.0
2008-08-18,1.6837,1.6837,1.6837,1.6837,0.0
2008-08-19,1.6931,1.6931,1.6931,1.6931,0.0
2008-08-20,1.6924,1.6924,1.6924,1.6924,0.0
2008-08-21,1.7011,1.7011,1.7011,1.7011,0.0
2008-08-22,1.702,1.702,1.702,1.702,0.0
2008-08-25,1.7021,1.7021,1.7021,1.7021,0.0
2008-08-26,1.712,1.712,1.712,1.712,0.0
2008-08-27,1.7114,1.7114,1.7114,1.7114,0.0
2008-08-28,1.7045,1.7045,1.7045,1.7045,0.0
2008-08-29,1.7066,1.7066,1.7066,1.7066,0.0
2008-09-01,1.7136,1.7136,1.7136,1.7136,0.0
2008-09-02,1.7394,1.7394,1.7394,1.7394,0.0
2008-09-03,1.7343,1.7343,1.7343,1.7343,0.0
2008-09-04,1.7328,1.7328,1.7328,1.7328,0.0
2008-09-05,1.7608,1.7608,1.7608,1.7608,0.0
2008-09-08,1.7346,1.7346,1.7346,1.7346,0.0
2008-09-09,1.7387,1.7387,1.7387,1.7387,0.0
2008-09-10,1.7541,1.7541,1.7541,1.7541,0.0
2008-09-11,1.7524,1.7524,1.7524,1.7524,0.0
2008-09-12,1.7442,1.7442,1.7442,1.7442,0.0
2008-09-15,1.7544,1.7544,1.7544,1.7544,0.0
2008-09-16,1.7958,1.7958,1.7958,1.7958,0.0
2008-09-17,1.7905,1.7905,1.7905,1.7905,0.0
2008-09-18,1.7961,1.7961,1.7961,1.7961,0.0
2008-09-19,1.7505,1.7505,1.7505,1.7505,0.0
2008-09-22,1.7436,1.7436,1.7436,1.7436,0.0
2008-09-23,1.7511,1.7511,1.7511,1.7511,0.0
2008-09-24,1.7558,1.7558,1.7558,1.7558,0.0
2008-09-25,1.7491,1.7491,1.7491,1.7491,0.0
2008-09-26,1.7664,1.7664,1.7664,1.7664,0.0
2008-09-29,1.7615,1.7615,1.7615,1.7615,0.0
2008-09-30,1.7739,1.7739,1.7739,1.7739,0.0
2008-10-01,1.7658,1.7658,1.7658,1.7658,0.0
2008-10-02,1.7676,1.7676,1.7676,1.7676,0.0
2008-10-03,1.78,1.78,1.78,1.78,0.0
2008-10-06,1.8218,1.8218,1.8218,1.8218,0.0
2008-10-07,1.8785,1.8785,1.8785,1.8785,0.0
2008-10-08,2.0022,2.0022,2.0022,2.0022,0.0
2008-10-09,1.9503,1.9503,1.9503,1.9503,0.0
2008-10-10,2.0538,2.0538,2.0538,2.0538,0.0
2008-10-13,2.032,2.032,2.032,2.032,0.0
2008-10-14,1.9066,1.9066,1.9066,1.9066,0.0
2008-10-15,1.9571,1.9571,1.9571,1.9571,0.0
2008-10-16,2.0018,2.0018,2.0018,2.0018,0.0
2008-10-17,1.9617,1.9617,1.9617,1.9617,0.0
2008-10-20,1.936,1.936,1.936,1.936,0.0
2008-10-21,1.928,1.928,1.928,1.928,0.0
2008-10-22,1.9073,1.9073,1.9073,1.9073,0.0
2008-10-23,1.9372,1.9372,1.9372,1.9372,0.0
2008-10-24,2.0506,2.0506,2.0506,2.0506,0.0
2008-10-27,2.0396,2.0396,2.0396,2.0396,0.0
2008-10-28,2.0037,2.0037,2.0037,2.0037,0.0
2008-10-29,1.9672,1.9672,1.9672,1.9672,0.0
2008-10-30,1.9204,1.9204,1.9204,1.9204,0.0
2008-10-31,1.9247,1.9247,1.9247,1.9247,0.0
2008-11-03,1.9102,1.9102,1.9102,1.9102,0.0
2008-11-04,1.8554,1.8554,1.8554,1.8554,0.0
2008-11-05,1.8609,1.8609,1.8609,1.8609,0.0
2008-11-06,1.8773,1.8773,1.8773,1.8773,0.0
2008-11-07,1.9096,1.9096,1.9096,1.9096,0.0
2008-11-10,1.8641,1.8641,1.8641,1.8641,0.0
2008-11-11,1.9028,1.9028,1.9028,1.9028,0.0
2008-11-12,1.8992,1.8992,1.8992,1.8992,0.0
2008-11-13,1.9596,1.9596,1.9596,1.9596,0.0
2008-11-14,1.9301,1.9301,1.9301,1.9301,0.0
2008-11-17,1.943,1.943,1.943,1.943,0.0
2008-11-18,1.9511,1.9511,1.9511,1.9511,0.0
2008-11-19,1.9547,1.9547,1.9547,1.9547,0.0
2008-11-20,1.9927,1.9927,1.9927,1.9927,0.0
2008-11-21,2.0278,2.0278,2.0278,2.0278,0.0
2008-11-24,1.9936,1.9936,1.9936,1.9936,0.0
2008-11-25,2.0086,2.0086,2.0086,2.0086,0.0
2008-11-26,1.9992,1.9992,1.9992,1.9992,0.0
2008-11-27,1.9689,1.9689,1.9689,1.9689,0.0
2008-11-28,1.9533,1.9533,1.9533,1.9533,0.0
2008-12-01,1.9649,1.9649,1.9649,1.9649,0.0
2008-12-02,1.9602,1.9602,1.9602,1.9602,0.0
2008-12-03,1.9625,1.9625,1.9625,1.9625,0.0
2008-12-04,1.9634,1.9634,1.9634,1.9634,0.0
2008-12-05,1.9895,1.9895,1.9895,1.9895,0.0
2008-12-08,1.9377,1.9377,1.9377,1.9377,0.0
2008-12-09,1.9596,1.9596,1.9596,1.9596,0.0
2008-12-10,1.9665,1.9665,1.9665,1.9665,0.0
2008-12-11,1.9889,1.9889,1.9889,1.9889,0.0
2008-12-12,2.0291,2.0291,2.0291,2.0291,0.0
2008-12-15,2.0246,2.0246,2.0246,2.0246,0.0
2008-12-16,2.0374,2.0374,2.0374,2.0374,0.0
2008-12-17,2.0469,2.0469,2.0469,2.0469,0.0
2008-12-18,2.0735,2.0735,2.0735,2.0735,0.0
2008-12-19,2.047,2.047,2.047,2.047,0.0
2008-12-22,2.0393,2.0393,2.0393,2.0393,0.0
2008-12-23,2.0442,2.0442,2.0442,2.0442,0.0
2008-12-24,2.054,2.054,2.054,2.054,0.0
2008-12-29,2.0595,2.0595,2.0595,2.0595,0.0
2008-12-30,2.0435,2.0435,2.0435,2.0435,0.0
2008-12-31,2.0274,2.0274,2.0274,2.0274,0.0
2009-01-02,1.9884,1.9884,1.9884,1.9884,0.0
2009-01-05,1.9189,1.9189,1.9189,1.9189,0.0
2009-01-06,1.8727,1.8727,1.8727,1.8727,0.0
2009-01-07,1.8831,1.8831,1.8831,1.8831,0.0
2009-01-08,1.9357,1.9357,1.9357,1.9357,0.0
2009-01-09,1.9371,1.9371,1.9371,1.9371,0.0
2009-01-12,1.9478,1.9478,1.9478,1.9478,0.0
2009-01-13,1.9874,1.9874,1.9874,1.9874,0.0
2009-01-14,1.9769,1.9769,1.9769,1.9769,0.0
2009-01-15,1.9818,1.9818,1.9818,1.9818,0.0
2009-01-16,1.9611,1.9611,1.9611,1.9611,0.0
2009-01-19,1.9628,1.9628,1.9628,1.9628,0.0
2009-01-20,1.9662,1.9662,1.9662,1.9662,0.0
2009-01-21,1.9937,1.9937,1.9937,1.9937,0.0
2009-01-22,1.9799,1.9799,1.9799,1.9799,0.0
2009-01-23,1.9836,1.9836,1.9836,1.9836,0.0
2009-01-26,1.9773,1.9773,1.9773,1.9773,0.0
2009-01-27,1.9884,1.9884,1.9884,1.9884,0.0
2009-01-28,1.9815,1.9815,1.9815,1.9815,0.0
2009-01-29,1.9942,1.9942,1.9942,1.9942,0.0
2009-01-30,2.0115,2.0115,2.0115,2.0115,0.0
2009-02-02,2.0318,2.0318,2.0318,2.0318,0.0
2009-02-03,2.0113,2.0113,2.0113,2.0113,0.0
2009-02-04,2.0006,2.0006,2.0006,2.0006,0.0
2009-02-05,1.9772,1.9772,1.9772,1.9772,0.0
2009-02-06,1.9407,1.9407,1.9407,1.9407,0.0
2009-02-09,1.9257,1.9257,1.9257,1.9257,0.0
2009-02-10,1.94,1.94,1.94,1.94,0.0
2009-02-11,1.9745,1.9745,1.9745,1.9745,0.0
2009-02-12,1.9844,1.9844,1.9844,1.9844,0.0
2009-02-13,1.9404,1.9404,1.9404,1.9404,0.0
2009-02-16,1.9622,1.9622,1.9622,1.9622,0.0
2009-02-17,1.975,1.975,1.975,1.975,0.0
2009-02-18,1.9726,1.9726,1.9726,1.9726,0.0
2009-02-19,1.9597,1.9597,1.9597,1.9597,0.0
2009-02-20,1.9746,1.9746,1.9746,1.9746,0.0
2009-02-23,1.9796,1.9796,1.9796,1.9796,0.0
2009-02-24,1.9797,1.9797,1.9797,1.9797,0.0
2009-02-25,1.9685,1.9685,1.9685,1.9685,0.0
2009-02-26,1.959,1.959,1.959,1.959,0.0
2009-02-27,1.9891,1.9891,1.9891,1.9891,0.0
2009-03-02,1.9869,1.9869,1.9869,1.9869,0.0
2009-03-03,1.9619,1.9619,1.9619,1.9619,0.0
2009-03-04,1.957,1.957,1.957,1.957,0.0
2009-03-05,1.9573,1.9573,1.9573,1.9573,0.0
2009-03-06,1.9783,1.9783,1.9783,1.9783,0.0
2009-03-09,1.9883,1.9883,1.9883,1.9883,0.0
2009-03-10,1.9842,1.9842,1.9842,1.9842,0.0
2009-03-11,1.9657,1.9657,1.9657,1.9657,0.0
2009-03-12,1.9785,1.9785,1.9785,1.9785,0.0
2009-03-13,1.9587,1.9587,1.9587,1.9587,0.0
2009-03-16,1.9679,1.9679,1.9679,1.9679,0.0
2009-03-17,1.9624,1.9624,1.9624,1.9624,0.0
2009-03-18,1.984,1.984,1.984,1.984,0.0
2009-03-19,1.9771,1.9771,1.9771,1.9771,0.0
2009-03-20,1.9685,1.9685,1.9685,1.9685,0.0
2009-03-23,1.9475,1.9475,1.9475,1.9475,0.0
2009-03-24,1.9341,1.9341,1.9341,1.9341,0.0
2009-03-25,1.931,1.931,1.931,1.931,0.0
2009-03-26,1.9349,1.9349,1.9349,1.9349,0.0
2009-03-27,1.923,1.923,1.923,1.923,0.0
2009-03-30,1.9386,1.9386,1.9386,1.9386,0.0
2009-03-31,1.9216,1.9216,1.9216,1.9216,0.0
2009-04-01,1.9081,1.9081,1.9081,1.9081,0.0
2009-04-02,1.8797,1.8797,1.8797,1.8797,0.0
2009-04-03,1.8813,1.8813,1.8813,1.8813,0.0
2009-04-06,1.8954,1.8954,1.8954,1.8954,0.0
2009-04-07,1.8715,1.8715,1.8715,1.8715,0.0
2009-04-08,1.8644,1.8644,1.8644,1.8644,0.0
2009-04-09,1.8595,1.8595,1.8595,1.8595,0.0
2009-04-14,1.8221,1.8221,1.8221,1.8221,0.0
2009-04-15,1.8352,1.8352,1.8352,1.8352,0.0
2009-04-16,1.8315,1.8315,1.8315,1.8315,0.0
2009-04-17,1.8125,1.8125,1.8125,1.8125,0.0
2009-04-20,1.8386,1.8386,1.8386,1.8386,0.0
2009-04-21,1.8509,1.8509,1.8509,1.8509,0.0
2009-04-22,1.837,1.837,1.837,1.837,0.0
2009-04-23,1.8304,1.8304,1.8304,1.8304,0.0
2009-04-24,1.8402,1.8402,1.8402,1.8402,0.0
2009-04-27,1.8397,1.8397,1.8397,1.8397,0.0
2009-04-28,1.8511,1.8511,1.8511,1.8511,0.0
2009-04-29,1.8434,1.8434,1.8434,1.8434,0.0
2009-04-30,1.8146,1.8146,1.8146,1.8146,0.0
2009-05-04,1.803,1.803,1.803,1.803,0.0
2009-05-05,1.7998,1.7998,1.7998,1.7998,0.0
2009-05-06,1.7917,1.7917,1.7917,1.7917,0.0
2009-05-07,1.7591,1.7591,1.7591,1.7591,0.0
2009-05-08,1.7702,1.7702,1.7702,1.7702,0.0
2009-05-11,1.7835,1.7835,1.7835,1.7835,0.0
2009-05-12,1.7858,1.7858,1.7858,1.7858,0.0
2009-05-13,1.7883,1.7883,1.7883,1.7883,0.0
2009-05-14,1.8115,1.8115,1.8115,1.8115,0.0
2009-05-15,1.7924,1.7924,1.7924,1.7924,0.0
2009-05-18,1.7776,1.7776,1.7776,1.7776,0.0
2009-05-19,1.7563,1.7563,1.7563,1.7563,0.0
2009-05-20,1.7655,1.7655,1.7655,1.7655,0.0
2009-05-21,1.7861,1.7861,1.7861,1.7861,0.0
2009-05-22,1.7832,1.7832,1.7832,1.7832,0.0
2009-05-25,1.7924,1.7924,1.7924,1.7924,0.0
2009-05-26,1.7949,1.7949,1.7949,1.7949,0.0
2009-05-27,1.7773,1.7773,1.7773,1.7773,0.0
2009-05-28,1.7753,1.7753,1.7753,1.7753,0.0
2009-05-29,1.7671,1.7671,1.7671,1.7671,0.0
2009-06-01,1.7552,1.7552,1.7552,1.7552,0.0
2009-06-02,1.7443,1.7443,1.7443,1.7443,0.0
2009-06-03,1.7414,1.7414,1.7414,1.7414,0.0
2009-06-04,1.7732,1.7732,1.7732,1.7732,0.0
2009-06-05,1.7606,1.7606,1.7606,1.7606,0.0
2009-06-08,1.759,1.759,1.759,1.759,0.0
2009-06-09,1.7571,1.7571,1.7571,1.7571,0.0
2009-06-10,1.7387,1.7387,1.7387,1.7387,0.0
2009-06-11,1.7209,1.7209,1.7209,1.7209,0.0
2009-06-12,1.7255,1.7255,1.7255,1.7255,0.0
2009-06-15,1.7285,1.7285,1.7285,1.7285,0.0
2009-06-16,1.7324,1.7324,1.7324,1.7324,0.0
2009-06-17,1.7528,1.7528,1.7528,1.7528,0.0
2009-06-18,1.7528,1.7528,1.7528,1.7528,0.0
2009-06-19,1.7283,1.7283,1.7283,1.7283,0.0
2009-06-22,1.742,1.742,1.742,1.742,0.0
2009-06-23,1.7744,1.7744,1.7744,1.7744,0.0
2009-06-24,1.7566,1.7566,1.7566,1.7566,0.0
2009-06-25,1.7488,1.7488,1.7488,1.7488,0.0
2009-06-26,1.7457,1.7457,1.7457,1.7457,0.0
2009-06-29,1.7451,1.7451,1.7451,1.7451,0.0
2009-06-30,1.7359,1.7359,1.7359,1.7359,0.0
2009-07-01,1.7485,1.7485,1.7485,1.7485,0.0
2009-07-02,1.7525,1.7525,1.7525,1.7525,0.0
2009-07-03,1.7552,1.7552,1.7552,1.7552,0.0
2009-07-06,1.7605,1.7605,1.7605,1.7605,0.0
2009-07-07,1.7484,1.7484,1.7484,1.7484,0.0
2009-07-08,1.7728,1.7728,1.7728,1.7728,0.0
2009-07-09,1.7831,1.7831,1.7831,1.7831,0.0
2009-07-10,1.794,1.794,1.794,1.794,0.0
2009-07-13,1.801,1.801,1.801,1.801,0.0
2009-07-14,1.7689,1.7689,1.7689,1.7689,0.0
2009-07-15,1.7551,1.7551,1.7551,1.7551,0.0
2009-07-16,1.7582,1.7582,1.7582,1.7582,0.0
2009-07-17,1.7621,1.7621,1.7621,1.7621,0.0
2009-07-20,1.751,1.751,1.751,1.751,0.0
2009-07-21,1.7438,1.7438,1.7438,1.7438,0.0
2009-07-22,1.7455,1.7455,1.7455,1.7455,0.0
2009-07-23,1.7376,1.7376,1.7376,1.7376,0.0
2009-07-24,1.7413,1.7413,1.7413,1.7413,0.0
2009-07-27,1.7331,1.7331,1.7331,1.7331,0.0
2009-07-28,1.7138,1.7138,1.7138,1.7138,0.0
2009-07-29,1.722,1.722,1.722,1.722,0.0
2009-07-30,1.7042,1.7042,1.7042,1.7042,0.0
2009-07-31,1.706,1.706,1.706,1.706,0.0
2009-08-03,1.702,1.702,1.702,1.702,0.0
2009-08-04,1.7116,1.7116,1.7116,1.7116,0.0
2009-08-05,1.708,1.708,1.708,1.708,0.0
2009-08-06,1.7067,1.7067,1.7067,1.7067,0.0
2009-08-07,1.7161,1.7161,1.7161,1.7161,0.0
2009-08-10,1.6895,1.6895,1.6895,1.6895,0.0
2009-08-11,1.6965,1.6965,1.6965,1.6965,0.0
2009-08-12,1.7201,1.7201,1.7201,1.7201,0.0
2009-08-13,1.6931,1.6931,1.6931,1.6931,0.0
2009-08-14,1.6939,1.6939,1.6939,1.6939,0.0
2009-08-17,1.7208,1.7208,1.7208,1.7208,0.0
2009-08-18,1.7116,1.7116,1.7116,1.7116,0.0
2009-08-19,1.7239,1.7239,1.7239,1.7239,0.0
2009-08-20,1.7124,1.7124,1.7124,1.7124,0.0
2009-08-21,1.7197,1.7197,1.7197,1.7197,0.0
2009-08-24,1.7032,1.7032,1.7032,1.7032,0.0
2009-08-25,1.7054,1.7054,1.7054,1.7054,0.0
2009-08-26,1.7163,1.7163,1.7163,1.7163,0.0
2009-08-27,1.7101,1.7101,1.7101,1.7101,0.0
2009-08-28,1.6995,1.6995,1.6995,1.6995,0.0
2009-08-31,1.7087,1.7087,1.7087,1.7087,0.0
2009-09-01,1.7096,1.7096,1.7096,1.7096,0.0
2009-09-02,1.7112,1.7112,1.7112,1.7112,0.0
2009-09-03,1.7037,1.7037,1.7037,1.7037,0.0
2009-09-04,1.6915,1.6915,1.6915,1.6915,0.0
2009-09-07,1.6748,1.6748,1.6748,1.6748,0.0
2009-09-08,1.677,1.677,1.677,1.677,0.0
2009-09-09,1.6836,1.6836,1.6836,1.6836,0.0
2009-09-10,1.6965,1.6965,1.6965,1.6965,0.0
2009-09-11,1.6908,1.6908,1.6908,1.6908,0.0
2009-09-14,1.6963,1.6963,1.6963,1.6963,0.0
2009-09-15,1.7014,1.7014,1.7014,1.7014,0.0
2009-09-16,1.6843,1.6843,1.6843,1.6843,0.0
2009-09-17,1.6863,1.6863,1.6863,1.6863,0.0
2009-09-18,1.6934,1.6934,1.6934,1.6934,0.0
2009-09-21,1.7017,1.7017,1.7017,1.7017,0.0
2009-09-22,1.6922,1.6922,1.6922,1.6922,0.0
2009-09-23,1.6906,1.6906,1.6906,1.6906,0.0
2009-09-24,1.688,1.688,1.688,1.688,0.0
2009-09-25,1.6952,1.6952,1.6952,1.6952,0.0
2009-09-28,1.6906,1.6906,1.6906,1.6906,0.0
2009-09-29,1.669,1.669,1.669,1.669,0.0
2009-09-30,1.6596,1.6596,1.6596,1.6596,0.0
2009-10-01,1.6539,1.6539,1.6539,1.6539,0.0
2009-10-02,1.6838,1.6838,1.6838,1.6838,0.0
2009-10-05,1.6713,1.6713,1.6713,1.6713,0.0
2009-10-06,1.6574,1.6574,1.6574,1.6574,0.0
2009-10-07,1.6512,1.6512,1.6512,1.6512,0.0
2009-10-08,1.6346,1.6346,1.6346,1.6346,0.0
2009-10-09,1.6288,1.6288,1.6288,1.6288,0.0
2009-10-12,1.6289,1.6289,1.6289,1.6289,0.0
2009-10-13,1.6341,1.6341,1.6341,1.6341,0.0
2009-10-14,1.6326,1.6326,1.6326,1.6326,0.0
2009-10-15,1.6214,1.6214,1.6214,1.6214,0.0
2009-10-16,1.6213,1.6213,1.6213,1.6213,0.0
2009-10-19,1.6206,1.6206,1.6206,1.6206,0.0
2009-10-20,1.6121,1.6121,1.6121,1.6121,0.0
2009-10-21,1.6175,1.6175,1.6175,1.6175,0.0
2009-10-22,1.6235,1.6235,1.6235,1.6235,0.0
2009-10-23,1.6235,1.6235,1.6235,1.6235,0.0
2009-10-26,1.6253,1.6253,1.6253,1.6253,0.0
2009-10-27,1.6199,1.6199,1.6199,1.6199,0.0
2009-10-28,1.6327,1.6327,1.6327,1.6327,0.0
2009-10-29,1.6276,1.6276,1.6276,1.6276,0.0
2009-10-30,1.6274,1.6274,1.6274,1.6274,0.0
2009-11-02,1.6323,1.6323,1.6323,1.6323,0.0
2009-11-03,1.635,1.635,1.635,1.635,0.0
2009-11-04,1.6277,1.6277,1.6277,1.6277,0.0
2009-11-05,1.6362,1.6362,1.6362,1.6362,0.0
2009-11-06,1.6235,1.6235,1.6235,1.6235,0.0
2009-11-09,1.6141,1.6141,1.6141,1.6141,0.0
2009-11-10,1.6145,1.6145,1.6145,1.6145,0.0
2009-11-11,1.6133,1.6133,1.6133,1.6133,0.0
2009-11-12,1.6062,1.6062,1.6062,1.6062,0.0
2009-11-13,1.6019,1.6019,1.6019,1.6019,0.0
2009-11-16,1.6004,1.6004,1.6004,1.6004,0.0
2009-11-17,1.6023,1.6023,1.6023,1.6023,0.0
2009-11-18,1.6026,1.6026,1.6026,1.6026,0.0
2009-11-19,1.6193,1.6193,1.6193,1.6193,0.0
2009-11-20,1.6299,1.6299,1.6299,1.6299,0.0
2009-11-23,1.6212,1.6212,1.6212,1.6212,0.0
2009-11-24,1.6254,1.6254,1.6254,1.6254,0.0
2009-11-25,1.6236,1.6236,1.6236,1.6236,0.0
2009-11-26,1.6436,1.6436,1.6436,1.6436,0.0
2009-11-27,1.6507,1.6507,1.6507,1.6507,0.0
2009-11-30,1.6452,1.6452,1.6452,1.6452,0.0
2009-12-01,1.6355,1.6355,1.6355,1.6355,0.0
2009-12-02,1.6262,1.6262,1.6262,1.6262,0.0
2009-12-03,1.6276,1.6276,1.6276,1.6276,0.0
2009-12-04,1.6259,1.6259,1.6259,1.6259,0.0
2009-12-07,1.6271,1.6271,1.6271,1.6271,0.0
2009-12-08,1.6247,1.6247,1.6247,1.6247,0.0
2009-12-09,1.6222,1.6222,1.6222,1.6222,0.0
2009-12-10,1.6074,1.6074,1.6074,1.6074,0.0
2009-12-11,1.6076,1.6076,1.6076,1.6076,0.0
2009-12-14,1.6071,1.6071,1.6071,1.6071,0.0
2009-12-15,1.6048,1.6048,1.6048,1.6048,0.0
2009-12-16,1.6179,1.6179,1.6179,1.6179,0.0
2009-12-17,1.6195,1.6195,1.6195,1.6195,0.0
2009-12-18,1.6156,1.6156,1.6156,1.6156,0.0
2009-12-21,1.6211,1.6211,1.6211,1.6211,0.0
2009-12-22,1.6259,1.6259,1.6259,1.6259,0.0
2009-12-23,1.627,1.627,1.627,1.627,0.0
2009-12-24,1.6294,1.6294,1.6294,1.6294,0.0
2009-12-28,1.6222,1.6222,1.6222,1.6222,0.0
2009-12-29,1.6069,1.6069,1.6069,1.6069,0.0
2009-12-30,1.6036,1.6036,1.6036,1.6036,0.0
2009-12-31,1.6008,1.6008,1.6008,1.6008,0.0
2010-01-04,1.5885,1.5885,1.5885,1.5885,0.0
2010-01-05,1.5769,1.5769,1.5769,1.5769,0.0
2010-01-06,1.5677,1.5677,1.5677,1.5677,0.0
2010-01-07,1.5611,1.5611,1.5611,1.5611,0.0
2010-01-08,1.561,1.561,1.561,1.561,0.0
2010-01-11,1.5593,1.5593,1.5593,1.5593,0.0
2010-01-12,1.5668,1.5668,1.5668,1.5668,0.0
2010-01-13,1.5729,1.5729,1.5729,1.5729,0.0
2010-01-14,1.5591,1.5591,1.5591,1.5591,0.0
2010-01-15,1.5547,1.5547,1.5547,1.5547,0.0
2010-01-18,1.5511,1.5511,1.5511,1.5511,0.0
2010-01-19,1.5541,1.5541,1.5541,1.5541,0.0
2010-01-20,1.5468,1.5468,1.5468,1.5468,0.0
2010-01-21,1.5463,1.5463,1.5463,1.5463,0.0
2010-01-22,1.5659,1.5659,1.5659,1.5659,0.0
2010-01-25,1.5635,1.5635,1.5635,1.5635,0.0
2010-01-26,1.5693,1.5693,1.5693,1.5693,0.0
2010-01-27,1.5656,1.5656,1.5656,1.5656,0.0
2010-01-28,1.5537,1.5537,1.5537,1.5537,0.0
2010-01-29,1.5639,1.5639,1.5639,1.5639,0.0
2010-02-01,1.5748,1.5748,1.5748,1.5748,0.0
2010-02-02,1.5815,1.5815,1.5815,1.5815,0.0
2010-02-03,1.5759,1.5759,1.5759,1.5759,0.0
2010-02-04,1.5726,1.5726,1.5726,1.5726,0.0
2010-02-05,1.5822,1.5822,1.5822,1.5822,0.0
2010-02-08,1.5765,1.5765,1.5765,1.5765,0.0
2010-02-09,1.5729,1.5729,1.5729,1.5729,0.0
2010-02-10,1.57,1.57,1.57,1.57,0.0
2010-02-11,1.5446,1.5446,1.5446,1.5446,0.0
2010-02-12,1.5366,1.5366,1.5366,1.5366,0.0
2010-02-15,1.5304,1.5304,1.5304,1.5304,0.0
2010-02-16,1.5229,1.5229,1.5229,1.5229,0.0
2010-02-17,1.5191,1.5191,1.5191,1.5191,0.0
2010-02-18,1.5115,1.5115,1.5115,1.5115,0.0
2010-02-19,1.5171,1.5171,1.5171,1.5171,0.0
2010-02-22,1.5113,1.5113,1.5113,1.5113,0.0
2010-02-23,1.507,1.507,1.507,1.507,0.0
2010-02-24,1.5191,1.5191,1.5191,1.5191,0.0
2010-02-25,1.5186,1.5186,1.5186,1.5186,0.0
2010-02-26,1.524,1.524,1.524,1.524,0.0
2010-03-01,1.5105,1.5105,1.5105,1.5105,0.0
2010-03-02,1.4994,1.4994,1.4994,1.4994,0.0
2010-03-03,1.5116,1.5116,1.5116,1.5116,0.0
2010-03-04,1.5149,1.5149,1.5149,1.5149,0.0
2010-03-05,1.5043,1.5043,1.5043,1.5043,0.0
2010-03-08,1.497,1.497,1.497,1.497,0.0
2010-03-09,1.4938,1.4938,1.4938,1.4938,0.0
2010-03-10,1.4855,1.4855,1.4855,1.4855,0.0
2010-03-11,1.4916,1.4916,1.4916,1.4916,0.0
2010-03-12,1.4991,1.4991,1.4991,1.4991,0.0
2010-03-15,1.5022,1.5022,1.5022,1.5022,0.0
2010-03-16,1.5005,1.5005,1.5005,1.5005,0.0
2010-03-17,1.4898,1.4898,1.4898,1.4898,0.0
2010-03-18,1.4821,1.4821,1.4821,1.4821,0.0
2010-03-19,1.4727,1.4727,1.4727,1.4727,0.0
2010-03-22,1.4815,1.4815,1.4815,1.4815,0.0
2010-03-23,1.4742,1.4742,1.4742,1.4742,0.0
2010-03-24,1.4655,1.4655,1.4655,1.4655,0.0
2010-03-25,1.4619,1.4619,1.4619,1.4619,0.0
2010-03-26,1.4778,1.4778,1.4778,1.4778,0.0
2010-03-29,1.4734,1.4734,1.4734,1.4734,0.0
2010-03-30,1.465,1.465,1.465,1.465,0.0
2010-03-31,1.4741,1.4741,1.4741,1.4741,0.0
2010-04-01,1.4685,1.4685,1.4685,1.4685,0.0
2010-04-06,1.4521,1.4521,1.4521,1.4521,0.0
2010-04-07,1.441,1.441,1.441,1.441,0.0
2010-04-08,1.4394,1.4394,1.4394,1.4394,0.0
2010-04-09,1.4378,1.4378,1.4378,1.4378,0.0
2010-04-12,1.4635,1.4635,1.4635,1.4635,0.0
2010-04-13,1.4646,1.4646,1.4646,1.4646,0.0
2010-04-14,1.4583,1.4583,1.4583,1.4583,0.0
2010-04-15,1.4513,1.4513,1.4513,1.4513,0.0
2010-04-16,1.4519,1.4519,1.4519,1.4519,0.0
2010-04-19,1.4625,1.4625,1.4625,1.4625,0.0
2010-04-20,1.4478,1.4478,1.4478,1.4478,0.0
2010-04-21,1.4387,1.4387,1.4387,1.4387,0.0
2010-04-22,1.439,1.439,1.439,1.439,0.0
2010-04-23,1.4464,1.4464,1.4464,1.4464,0.0
2010-04-26,1.4336,1.4336,1.4336,1.4336,0.0
2010-04-27,1.4395,1.4395,1.4395,1.4395,0.0
2010-04-28,1.4343,1.4343,1.4343,1.4343,0.0
2010-04-29,1.4272,1.4272,1.4272,1.4272,0.0
2010-04-30,1.4292,1.4292,1.4292,1.4292,0.0
2010-05-03,1.4289,1.4289,1.4289,1.4289,0.0
2010-05-04,1.4293,1.4293,1.4293,1.4293,0.0
2010-05-05,1.425,1.425,1.425,1.425,0.0
2010-05-06,1.4075,1.4075,1.4075,1.4075,0.0
2010-05-07,1.4345,1.4345,1.4345,1.4345,0.0
2010-05-10,1.4311,1.4311,1.4311,1.4311,0.0
2010-05-11,1.42,1.42,1.42,1.42,0.0
2010-05-12,1.4143,1.4143,1.4143,1.4143,0.0
2010-05-13,1.4006,1.4006,1.4006,1.4006,0.0
2010-05-14,1.4015,1.4015,1.4015,1.4015,0.0
2010-05-17,1.4043,1.4043,1.4043,1.4043,0.0
2010-05-18,1.4178,1.4178,1.4178,1.4178,0.0
2010-05-19,1.4476,1.4476,1.4476,1.4476,0.0
2010-05-20,1.492,1.492,1.492,1.492,0.0
2010-05-21,1.5135,1.5135,1.5135,1.5135,0.0
2010-05-24,1.4928,1.4928,1.4928,1.4928,0.0
2010-05-25,1.5047,1.5047,1.5047,1.5047,0.0
2010-05-26,1.478,1.478,1.478,1.478,0.0
2010-05-27,1.462,1.462,1.462,1.462,0.0
2010-05-28,1.4534,1.4534,1.4534,1.4534,0.0
2010-05-31,1.4576,1.4576,1.4576,1.4576,0.0
2010-06-01,1.4595,1.4595,1.4595,1.4595,0.0
2010-06-02,1.4641,1.4641,1.4641,1.4641,0.0
2010-06-03,1.4469,1.4469,1.4469,1.4469,0.0
2010-06-04,1.4364,1.4364,1.4364,1.4364,0.0
2010-06-07,1.4607,1.4607,1.4607,1.4607,0.0
2010-06-08,1.4579,1.4579,1.4579,1.4579,0.0
2010-06-09,1.4476,1.4476,1.4476,1.4476,0.0
2010-06-10,1.431,1.431,1.431,1.431,0.0
2010-06-11,1.4301,1.4301,1.4301,1.4301,0.0
2010-06-14,1.4219,1.4219,1.4219,1.4219,0.0
2010-06-15,1.4301,1.4301,1.4301,1.4301,0.0
2010-06-16,1.4261,1.4261,1.4261,1.4261,0.0
2010-06-17,1.4281,1.4281,1.4281,1.4281,0.0
2010-06-18,1.4249,1.4249,1.4249,1.4249,0.0
2010-06-21,1.4032,1.4032,1.4032,1.4032,0.0
2010-06-22,1.4012,1.4012,1.4012,1.4012,0.0
2010-06-23,1.4062,1.4062,1.4062,1.4062,0.0
2010-06-24,1.4179,1.4179,1.4179,1.4179,0.0
2010-06-25,1.4219,1.4219,1.4219,1.4219,0.0
2010-06-28,1.4119,1.4119,1.4119,1.4119,0.0
2010-06-29,1.425,1.425,1.425,1.425,0.0
2010-06-30,1.4403,1.4403,1.4403,1.4403,0.0
2010-07-01,1.4753,1.4753,1.4753,1.4753,0.0
2010-07-02,1.4864,1.4864,1.4864,1.4864,0.0
2010-07-05,1.4916,1.4916,1.4916,1.4916,0.0
2010-07-06,1.4788,1.4788,1.4788,1.4788,0.0
2010-07-07,1.4821,1.4821,1.4821,1.4821,0.0
2010-07-08,1.4471,1.4471,1.4471,1.4471,0.0
2010-07-09,1.4452,1.4452,1.4452,1.4452,0.0
2010-07-12,1.4398,1.4398,1.4398,1.4398,0.0
2010-07-13,1.4336,1.4336,1.4336,1.4336,0.0
2010-07-14,1.4405,1.4405,1.4405,1.4405,0.0
2010-07-15,1.4504,1.4504,1.4504,1.4504,0.0
2010-07-16,1.4812,1.4812,1.4812,1.4812,0.0
2010-07-19,1.4943,1.4943,1.4943,1.4943,0.0
2010-07-20,1.4718,1.4718,1.4718,1.4718,0.0
2010-07-21,1.4487,1.4487,1.4487,1.4487,0.0
2010-07-22,1.4476,1.4476,1.4476,1.4476,0.0
2010-07-23,1.4427,1.4427,1.4427,1.4427,0.0
2010-07-26,1.4425,1.4425,1.4425,1.4425,0.0
2010-07-27,1.4402,1.4402,1.4402,1.4402,0.0
2010-07-28,1.4518,1.4518,1.4518,1.4518,0.0
2010-07-29,1.45,1.45,1.45,1.45,0.0
2010-07-30,1.4466,1.4466,1.4466,1.4466,0.0
2010-08-02,1.4348,1.4348,1.4348,1.4348,0.0
2010-08-03,1.4509,1.4509,1.4509,1.4509,0.0
2010-08-04,1.4464,1.4464,1.4464,1.4464,0.0
2010-08-05,1.4429,1.4429,1.4429,1.4429,0.0
2010-08-06,1.4356,1.4356,1.4356,1.4356,0.0
2010-08-09,1.4423,1.4423,1.4423,1.4423,0.0
2010-08-10,1.4468,1.4468,1.4468,1.4468,0.0
2010-08-11,1.4401,1.4401,1.4401,1.4401,0.0
2010-08-12,1.4321,1.4321,1.4321,1.4321,0.0
2010-08-13,1.428,1.428,1.428,1.428,0.0
2010-08-16,1.4379,1.4379,1.4379,1.4379,0.0
2010-08-17,1.4251,1.4251,1.4251,1.4251,0.0
2010-08-18,1.4271,1.4271,1.4271,1.4271,0.0
2010-08-19,1.4258,1.4258,1.4258,1.4258,0.0
2010-08-20,1.4314,1.4314,1.4314,1.4314,0.0
2010-08-23,1.4181,1.4181,1.4181,1.4181,0.0
2010-08-24,1.4301,1.4301,1.4301,1.4301,0.0
2010-08-25,1.4349,1.4349,1.4349,1.4349,0.0
2010-08-26,1.4318,1.4318,1.4318,1.4318,0.0
2010-08-27,1.4322,1.4322,1.4322,1.4322,0.0
2010-08-30,1.4161,1.4161,1.4161,1.4161,0.0
2010-08-31,1.4304,1.4304,1.4304,1.4304,0.0
2010-09-01,1.4141,1.4141,1.4141,1.4141,0.0
2010-09-02,1.4099,1.4099,1.4099,1.4099,0.0
2010-09-03,1.4094,1.4094,1.4094,1.4094,0.0
2010-09-06,1.4032,1.4032,1.4032,1.4032,0.0
2010-09-07,1.3982,1.3982,1.3982,1.3982,0.0
2010-09-08,1.3845,1.3845,1.3845,1.3845,0.0
2010-09-09,1.375,1.375,1.375,1.375,0.0
2010-09-10,1.3739,1.3739,1.3739,1.3739,0.0
2010-09-13,1.3732,1.3732,1.3732,1.3732,0.0
2010-09-14,1.3758,1.3758,1.3758,1.3758,0.0
2010-09-15,1.3863,1.3863,1.3863,1.3863,0.0
2010-09-16,1.3958,1.3958,1.3958,1.3958,0.0
2010-09-17,1.3886,1.3886,1.3886,1.3886,0.0
2010-09-20,1.3826,1.3826,1.3826,1.3826,0.0
2010-09-21,1.3852,1.3852,1.3852,1.3852,0.0
2010-09-22,1.3983,1.3983,1.3983,1.3983,0.0
2010-09-23,1.4058,1.4058,1.4058,1.4058,0.0
2010-09-24,1.4047,1.4047,1.4047,1.4047,0.0
2010-09-27,1.4026,1.4026,1.4026,1.4026,0.0
2010-09-28,1.4012,1.4012,1.4012,1.4012,0.0
2010-09-29,1.3999,1.3999,1.3999,1.3999,0.0
2010-09-30,1.407,1.407,1.407,1.407,0.0
2010-10-01,1.4114,1.4114,1.4114,1.4114,0.0
2010-10-04,1.4153,1.4153,1.4153,1.4153,0.0
2010-10-05,1.4338,1.4338,1.4338,1.4338,0.0
2010-10-06,1.4221,1.4221,1.4221,1.4221,0.0
2010-10-07,1.4132,1.4132,1.4132,1.4132,0.0
2010-10-08,1.4252,1.4252,1.4252,1.4252,0.0
2010-10-11,1.4153,1.4153,1.4153,1.4153,0.0
2010-10-12,1.4076,1.4076,1.4076,1.4076,0.0
2010-10-13,1.4128,1.4128,1.4128,1.4128,0.0
2010-10-14,1.4145,1.4145,1.4145,1.4145,0.0
2010-10-15,1.4142,1.4142,1.4142,1.4142,0.0
2010-10-18,1.4087,1.4087,1.4087,1.4087,0.0
2010-10-19,1.4159,1.4159,1.4159,1.4159,0.0
2010-10-20,1.4151,1.4151,1.4151,1.4151,0.0
2010-10-21,1.4208,1.4208,1.4208,1.4208,0.0
2010-10-22,1.4198,1.4198,1.4198,1.4198,0.0
2010-10-25,1.4107,1.4107,1.4107,1.4107,0.0
2010-10-26,1.4108,1.4108,1.4108,1.4108,0.0
2010-10-27,1.4194,1.4194,1.4194,1.4194,0.0
2010-10-28,1.4158,1.4158,1.4158,1.4158,0.0
2010-10-29,1.4216,1.4216,1.4216,1.4216,0.0
2010-11-01,1.4094,1.4094,1.4094,1.4094,0.0
2010-11-02,1.4021,1.4021,1.4021,1.4021,0.0
2010-11-03,1.4058,1.4058,1.4058,1.4058,0.0
2010-11-04,1.4056,1.4056,1.4056,1.4056,0.0
2010-11-05,1.3865,1.3865,1.3865,1.3865,0.0
2010-11-08,1.377,1.377,1.377,1.377,0.0
2010-11-09,1.3726,1.3726,1.3726,1.3726,0.0
2010-11-10,1.3766,1.3766,1.3766,1.3766,0.0
2010-11-11,1.3682,1.3682,1.3682,1.3682,0.0
2010-11-12,1.3835,1.3835,1.3835,1.3835,0.0
2010-11-15,1.3822,1.3822,1.3822,1.3822,0.0
2010-11-16,1.3874,1.3874,1.3874,1.3874,0.0
2010-11-17,1.3801,1.3801,1.3801,1.3801,0.0
2010-11-18,1.3812,1.3812,1.3812,1.3812,0.0
2010-11-19,1.3903,1.3903,1.3903,1.3903,0.0
2010-11-22,1.3817,1.3817,1.3817,1.3817,0.0
2010-11-23,1.3789,1.3789,1.3789,1.3789,0.0
2010-11-24,1.3632,1.3632,1.3632,1.3632,0.0
2010-11-25,1.3595,1.3595,1.3595,1.3595,0.0
2010-11-26,1.3715,1.3715,1.3715,1.3715,0.0
2010-11-29,1.3662,1.3662,1.3662,1.3662,0.0
2010-11-30,1.3595,1.3595,1.3595,1.3595,0.0
2010-12-01,1.3615,1.3615,1.3615,1.3615,0.0
2010-12-02,1.3614,1.3614,1.3614,1.3614,0.0
2010-12-03,1.3508,1.3508,1.3508,1.3508,0.0
2010-12-06,1.3454,1.3454,1.3454,1.3454,0.0
2010-12-07,1.3419,1.3419,1.3419,1.3419,0.0
2010-12-08,1.348,1.348,1.348,1.348,0.0
2010-12-09,1.3432,1.3432,1.3432,1.3432,0.0
2010-12-10,1.3399,1.3399,1.3399,1.3399,0.0
2010-12-13,1.339,1.339,1.339,1.339,0.0
2010-12-14,1.3433,1.3433,1.3433,1.3433,0.0
2010-12-15,1.3436,1.3436,1.3436,1.3436,0.0
2010-12-16,1.3373,1.3373,1.3373,1.3373,0.0
2010-12-17,1.3428,1.3428,1.3428,1.3428,0.0
2010-12-20,1.3232,1.3232,1.3232,1.3232,0.0
2010-12-21,1.3183,1.3183,1.3183,1.3183,0.0
2010-12-22,1.3143,1.3143,1.3143,1.3143,0.0
2010-12-23,1.3049,1.3049,1.3049,1.3049,0.0
2010-12-24,1.3052,1.3052,1.3052,1.3052,0.0
2010-12-27,1.3113,1.3113,1.3113,1.3113,0.0
2010-12-28,1.3038,1.3038,1.3038,1.3038,0.0
2010-12-29,1.2975,1.2975,1.2975,1.2975,0.0
2010-12-30,1.3079,1.3079,1.3079,1.3079,0.0
2010-12-31,1.3136,1.3136,1.3136,1.3136,0.0
2011-01-03,1.3085,1.3085,1.3085,1.3085,0.0
2011-01-04,1.3298,1.3298,1.3298,1.3298,0.0
2011-01-05,1.3215,1.3215,1.3215,1.3215,0.0
2011-01-06,1.3138,1.3138,1.3138,1.3138,0.0
2011-01-07,1.306,1.306,1.306,1.306,0.0
2011-01-10,1.3037,1.3037,1.3037,1.3037,0.0
2011-01-11,1.3134,1.3134,1.3134,1.3134,0.0
2011-01-12,1.3098,1.3098,1.3098,1.3098,0.0
2011-01-13,1.3203,1.3203,1.3203,1.3203,0.0
2011-01-14,1.3528,1.3528,1.3528,1.3528,0.0
2011-01-17,1.3371,1.3371,1.3371,1.3371,0.0
2011-01-18,1.3416,1.3416,1.3416,1.3416,0.0
2011-01-19,1.3425,1.3425,1.3425,1.3425,0.0
2011-01-20,1.3583,1.3583,1.3583,1.3583,0.0
2011-01-21,1.3666,1.3666,1.3666,1.3666,0.0
2011-01-24,1.369,1.369,1.369,1.369,0.0
2011-01-25,1.3724,1.3724,1.3724,1.3724,0.0
2011-01-26,1.3725,1.3725,1.3725,1.3725,0.0
2011-01-27,1.3845,1.3845,1.3845,1.3845,0.0
2011-01-28,1.3751,1.3751,1.3751,1.3751,0.0
2011-01-31,1.3763,1.3763,1.3763,1.3763,0.0
2011-02-01,1.3647,1.3647,1.3647,1.3647,0.0
2011-02-02,1.3676,1.3676,1.3676,1.3676,0.0
2011-02-03,1.3582,1.3582,1.3582,1.3582,0.0
2011-02-04,1.3406,1.3406,1.3406,1.3406,0.0
2011-02-07,1.3355,1.3355,1.3355,1.3355,0.0
2011-02-08,1.3457,1.3457,1.3457,1.3457,0.0
2011-02-09,1.351,1.351,1.351,1.351,0.0
2011-02-10,1.3559,1.3559,1.3559,1.3559,0.0
2011-02-11,1.3544,1.3544,1.3544,1.3544,0.0
2011-02-14,1.343,1.343,1.343,1.343,0.0
2011-02-15,1.3503,1.3503,1.3503,1.3503,0.0
2011-02-16,1.3507,1.3507,1.3507,1.3507,0.0
2011-02-17,1.3498,1.3498,1.3498,1.3498,0.0
2011-02-18,1.3479,1.3479,1.3479,1.3479,0.0
2011-02-21,1.3521,1.3521,1.3521,1.3521,0.0
2011-02-22,1.3635,1.3635,1.3635,1.3635,0.0
2011-02-23,1.3691,1.3691,1.3691,1.3691,0.0
2011-02-24,1.3682,1.3682,1.3682,1.3682,0.0
2011-02-25,1.3577,1.3577,1.3577,1.3577,0.0
2011-02-28,1.3601,1.3601,1.3601,1.3601,0.0
2011-03-01,1.3572,1.3572,1.3572,1.3572,0.0
2011-03-02,1.3619,1.3619,1.3619,1.3619,0.0
2011-03-03,1.3609,1.3609,1.3609,1.3609,0.0
2011-03-04,1.3791,1.3791,1.3791,1.3791,0.0
2011-03-07,1.3803,1.3803,1.3803,1.3803,0.0
2011-03-08,1.3778,1.3778,1.3778,1.3778,0.0
2011-03-09,1.3759,1.3759,1.3759,1.3759,0.0
2011-03-10,1.3782,1.3782,1.3782,1.3782,0.0
2011-03-11,1.3768,1.3768,1.3768,1.3768,0.0
2011-03-14,1.3846,1.3846,1.3846,1.3846,0.0
2011-03-15,1.4105,1.4105,1.4105,1.4105,0.0
2011-03-16,1.4066,1.4066,1.4066,1.4066,0.0
2011-03-17,1.4216,1.4216,1.4216,1.4216,0.0
2011-03-18,1.424,1.424,1.424,1.424,0.0
2011-03-21,1.4114,1.4114,1.4114,1.4114,0.0
2011-03-22,1.4039,1.4039,1.4039,1.4039,0.0
2011-03-23,1.4006,1.4006,1.4006,1.4006,0.0
2011-03-24,1.3888,1.3888,1.3888,1.3888,0.0
2011-03-25,1.3807,1.3807,1.3807,1.3807,0.0
2011-03-28,1.3678,1.3678,1.3678,1.3678,0.0
2011-03-29,1.3759,1.3759,1.3759,1.3759,0.0
2011-03-30,1.3668,1.3668,1.3668,1.3668,0.0
2011-03-31,1.3736,1.3736,1.3736,1.3736,0.0
2011-04-01,1.3649,1.3649,1.3649,1.3649,0.0
2011-04-04,1.3722,1.3722,1.3722,1.3722,0.0
2011-04-05,1.373,1.373,1.373,1.373,0.0
2011-04-06,1.3766,1.3766,1.3766,1.3766,0.0
2011-04-07,1.3614,1.3614,1.3614,1.3614,0.0
2011-04-08,1.3687,1.3687,1.3687,1.3687,0.0
2011-04-11,1.37,1.37,1.37,1.37,0.0
2011-04-12,1.3783,1.3783,1.3783,1.3783,0.0
2011-04-13,1.3814,1.3814,1.3814,1.3814,0.0
2011-04-14,1.3717,1.3717,1.3717,1.3717,0.0
2011-04-15,1.373,1.373,1.373,1.373,0.0
2011-04-18,1.3575,1.3575,1.3575,1.3575,0.0
2011-04-19,1.3622,1.3622,1.3622,1.3622,0.0
2011-04-20,1.3611,1.3611,1.3611,1.3611,0.0
2011-04-21,1.3562,1.3562,1.3562,1.3562,0.0
2011-04-26,1.3591,1.3591,1.3591,1.3591,0.0
2011-04-27,1.3563,1.3563,1.3563,1.3563,0.0
2011-04-28,1.3586,1.3586,1.3586,1.3586,0.0
2011-04-29,1.356,1.356,1.356,1.356,0.0
2011-05-02,1.3553,1.3553,1.3553,1.3553,0.0
2011-05-03,1.3604,1.3604,1.3604,1.3604,0.0
2011-05-04,1.3727,1.3727,1.3727,1.3727,0.0
2011-05-05,1.3883,1.3883,1.3883,1.3883,0.0
2011-05-06,1.3581,1.3581,1.3581,1.3581,0.0
2011-05-09,1.3389,1.3389,1.3389,1.3389,0.0
2011-05-10,1.3295,1.3295,1.3295,1.3295,0.0
2011-05-11,1.3255,1.3255,1.3255,1.3255,0.0
2011-05-12,1.3331,1.3331,1.3331,1.3331,0.0
2011-05-13,1.3369,1.3369,1.3369,1.3369,0.0
2011-05-16,1.3391,1.3391,1.3391,1.3391,0.0
2011-05-17,1.3393,1.3393,1.3393,1.3393,0.0
2011-05-18,1.3441,1.3441,1.3441,1.3441,0.0
2011-05-19,1.3387,1.3387,1.3387,1.3387,0.0
2011-05-20,1.3364,1.3364,1.3364,1.3364,0.0
2011-05-23,1.3332,1.3332,1.3332,1.3332,0.0
2011-05-24,1.3328,1.3328,1.3328,1.3328,0.0
2011-05-25,1.3399,1.3399,1.3399,1.3399,0.0
2011-05-26,1.3383,1.3383,1.3383,1.3383,0.0
2011-05-27,1.3346,1.3346,1.3346,1.3346,0.0
2011-05-30,1.335,1.335,1.335,1.335,0.0
2011-05-31,1.3504,1.3504,1.3504,1.3504,0.0
2011-06-01,1.341,1.341,1.341,1.341,0.0
2011-06-02,1.3563,1.3563,1.3563,1.3563,0.0
2011-06-03,1.3592,1.3592,1.3592,1.3592,0.0
2011-06-06,1.3597,1.3597,1.3597,1.3597,0.0
2011-06-07,1.3697,1.3697,1.3697,1.3697,0.0
2011-06-08,1.3776,1.3776,1.3776,1.3776,0.0
2011-06-09,1.3791,1.3791,1.3791,1.3791,0.0
2011-06-10,1.3644,1.3644,1.3644,1.3644,0.0
2011-06-13,1.3584,1.3584,1.3584,1.3584,0.0
2011-06-14,1.3573,1.3573,1.3573,1.3573,0.0
2011-06-15,1.3387,1.3387,1.3387,1.3387,0.0
2011-06-16,1.3424,1.3424,1.3424,1.3424,0.0
2011-06-17,1.344,1.344,1.344,1.344,0.0
2011-06-20,1.3528,1.3528,1.3528,1.3528,0.0
2011-06-21,1.3568,1.3568,1.3568,1.3568,0.0
2011-06-22,1.3587,1.3587,1.3587,1.3587,0.0
2011-06-23,1.3524,1.3524,1.3524,1.3524,0.0
2011-06-24,1.3473,1.3473,1.3473,1.3473,0.0
2011-06-27,1.3605,1.3605,1.3605,1.3605,0.0
2011-06-28,1.363,1.363,1.363,1.363,0.0
2011-06-29,1.3585,1.3585,1.3585,1.3585,0.0
2011-06-30,1.3485,1.3485,1.3485,1.3485,0.0
2011-07-01,1.3523,1.3523,1.3523,1.3523,0.0
2011-07-04,1.3521,1.3521,1.3521,1.3521,0.0
2011-07-05,1.3526,1.3526,1.3526,1.3526,0.0
2011-07-06,1.342,1.342,1.342,1.342,0.0
2011-07-07,1.3275,1.3275,1.3275,1.3275,0.0
2011-07-08,1.3231,1.3231,1.3231,1.3231,0.0
2011-07-11,1.3168,1.3168,1.3168,1.3168,0.0
2011-07-12,1.3184,1.3184,1.3184,1.3184,0.0
2011-07-13,1.3188,1.3188,1.3188,1.3188,0.0
2011-07-14,1.3202,1.3202,1.3202,1.3202,0.0
2011-07-15,1.3264,1.3264,1.3264,1.3264,0.0
2011-07-18,1.3237,1.3237,1.3237,1.3237,0.0
2011-07-19,1.3273,1.3273,1.3273,1.3273,0.0
2011-07-20,1.3218,1.3218,1.3218,1.3218,0.0
2011-07-21,1.3246,1.3246,1.3246,1.3246,0.0
2011-07-22,1.3234,1.3234,1.3234,1.3234,0.0
2011-07-25,1.3249,1.3249,1.3249,1.3249,0.0
2011-07-26,1.3201,1.3201,1.3201,1.3201,0.0
2011-07-27,1.3087,1.3087,1.3087,1.3087,0.0
2011-07-28,1.2931,1.2931,1.2931,1.2931,0.0
2011-07-29,1.305,1.305,1.305,1.305,0.0
2011-08-01,1.3041,1.3041,1.3041,1.3041,0.0
2011-08-02,1.3075,1.3075,1.3075,1.3075,0.0
2011-08-03,1.331,1.331,1.331,1.331,0.0
2011-08-04,1.3466,1.3466,1.3466,1.3466,0.0
2011-08-05,1.3538,1.3538,1.3538,1.3538,0.0
2011-08-08,1.373,1.373,1.373,1.373,0.0
2011-08-09,1.399,1.399,1.399,1.399,0.0
2011-08-10,1.3891,1.3891,1.3891,1.3891,0.0
2011-08-11,1.3875,1.3875,1.3875,1.3875,0.0
2011-08-12,1.378,1.378,1.378,1.378,0.0
2011-08-15,1.375,1.375,1.375,1.375,0.0
2011-08-16,1.379,1.379,1.379,1.379,0.0
2011-08-17,1.3687,1.3687,1.3687,1.3687,0.0
2011-08-18,1.3754,1.3754,1.3754,1.3754,0.0
2011-08-19,1.3783,1.3783,1.3783,1.3783,0.0
2011-08-22,1.3781,1.3781,1.3781,1.3781,0.0
2011-08-23,1.3771,1.3771,1.3771,1.3771,0.0
2011-08-24,1.3767,1.3767,1.3767,1.3767,0.0
2011-08-25,1.375,1.375,1.375,1.375,0.0
2011-08-26,1.3727,1.3727,1.3727,1.3727,0.0
2011-08-29,1.3647,1.3647,1.3647,1.3647,0.0
2011-08-30,1.3536,1.3536,1.3536,1.3536,0.0
2011-08-31,1.3529,1.3529,1.3529,1.3529,0.0
2011-09-01,1.3349,1.3349,1.3349,1.3349,0.0
2011-09-02,1.3328,1.3328,1.3328,1.3328,0.0
2011-09-05,1.3371,1.3371,1.3371,1.3371,0.0
2011-09-06,1.3356,1.3356,1.3356,1.3356,0.0
2011-09-07,1.3222,1.3222,1.3222,1.3222,0.0
2011-09-08,1.3212,1.3212,1.3212,1.3212,0.0
2011-09-09,1.3125,1.3125,1.3125,1.3125,0.0
2011-09-12,1.3225,1.3225,1.3225,1.3225,0.0
2011-09-13,1.3214,1.3214,1.3214,1.3214,0.0
2011-09-14,1.3401,1.3401,1.3401,1.3401,0.0
2011-09-15,1.3416,1.3416,1.3416,1.3416,0.0
2011-09-16,1.3306,1.3306,1.3306,1.3306,0.0
2011-09-19,1.3326,1.3326,1.3326,1.3326,0.0
2011-09-20,1.3332,1.3332,1.3332,1.3332,0.0
2011-09-21,1.3358,1.3358,1.3358,1.3358,0.0
2011-09-22,1.3691,1.3691,1.3691,1.3691,0.0
2011-09-23,1.3838,1.3838,1.3838,1.3838,0.0
2011-09-26,1.3794,1.3794,1.3794,1.3794,0.0
2011-09-27,1.369,1.369,1.369,1.369,0.0
2011-09-28,1.3775,1.3775,1.3775,1.3775,0.0
2011-09-29,1.3864,1.3864,1.3864,1.3864,0.0
2011-09-30,1.3874,1.3874,1.3874,1.3874,0.0
2011-10-03,1.3838,1.3838,1.3838,1.3838,0.0
2011-10-04,1.3984,1.3984,1.3984,1.3984,0.0
2011-10-05,1.3913,1.3913,1.3913,1.3913,0.0
2011-10-06,1.3725,1.3725,1.3725,1.3725,0.0
2011-10-07,1.3726,1.3726,1.3726,1.3726,0.0
2011-10-10,1.368,1.368,1.368,1.368,0.0
2011-10-11,1.3684,1.3684,1.3684,1.3684,0.0
2011-10-12,1.3609,1.3609,1.3609,1.3609,0.0
2011-10-13,1.3536,1.3536,1.3536,1.3536,0.0
2011-10-14,1.3467,1.3467,1.3467,1.3467,0.0
2011-10-17,1.3406,1.3406,1.3406,1.3406,0.0
2011-10-18,1.3489,1.3489,1.3489,1.3489,0.0
2011-10-19,1.3402,1.3402,1.3402,1.3402,0.0
2011-10-20,1.3449,1.3449,1.3449,1.3449,0.0
2011-10-21,1.3401,1.3401,1.3401,1.3401,0.0
2011-10-24,1.332,1.332,1.332,1.332,0.0
2011-10-25,1.3285,1.3285,1.3285,1.3285,0.0
2011-10-26,1.3423,1.3423,1.3423,1.3423,0.0
2011-10-27,1.3188,1.3188,1.3188,1.3188,0.0
2011-10-28,1.327,1.327,1.327,1.327,0.0
2011-10-31,1.3225,1.3225,1.3225,1.3225,0.0
2011-11-01,1.3237,1.3237,1.3237,1.3237,0.0
2011-11-02,1.3303,1.3303,1.3303,1.3303,0.0
2011-11-03,1.3215,1.3215,1.3215,1.3215,0.0
2011-11-04,1.328,1.328,1.328,1.328,0.0
2011-11-07,1.3296,1.3296,1.3296,1.3296,0.0
2011-11-08,1.3339,1.3339,1.3339,1.3339,0.0
2011-11-09,1.333,1.333,1.333,1.333,0.0
2011-11-10,1.3389,1.3389,1.3389,1.3389,0.0
2011-11-11,1.3428,1.3428,1.3428,1.3428,0.0
2011-11-14,1.3351,1.3351,1.3351,1.3351,0.0
2011-11-15,1.3351,1.3351,1.3351,1.3351,0.0
2011-11-16,1.3323,1.3323,1.3323,1.3323,0.0
2011-11-17,1.3403,1.3403,1.3403,1.3403,0.0
2011-11-18,1.3479,1.3479,1.3479,1.3479,0.0
2011-11-21,1.3614,1.3614,1.3614,1.3614,0.0
2011-11-22,1.3718,1.3718,1.3718,1.3718,0.0
2011-11-23,1.3762,1.3762,1.3762,1.3762,0.0
2011-11-24,1.3697,1.3697,1.3697,1.3697,0.0
2011-11-25,1.3664,1.3664,1.3664,1.3664,0.0
2011-11-28,1.3435,1.3435,1.3435,1.3435,0.0
2011-11-29,1.3332,1.3332,1.3332,1.3332,0.0
2011-11-30,1.3165,1.3165,1.3165,1.3165,0.0
2011-12-01,1.3182,1.3182,1.3182,1.3182,0.0
2011-12-02,1.3135,1.3135,1.3135,1.3135,0.0
2011-12-05,1.3072,1.3072,1.3072,1.3072,0.0
2011-12-06,1.3094,1.3094,1.3094,1.3094,0.0
2011-12-07,1.3043,1.3043,1.3043,1.3043,0.0
2011-12-08,1.3011,1.3011,1.3011,1.3011,0.0
2011-12-09,1.3179,1.3179,1.3179,1.3179,0.0
2011-12-12,1.3104,1.3104,1.3104,1.3104,0.0
2011-12-13,1.3016,1.3016,1.3016,1.3016,0.0
2011-12-14,1.3023,1.3023,1.3023,1.3023,0.0
2011-12-15,1.3103,1.3103,1.3103,1.3103,0.0
2011-12-16,1.306,1.306,1.306,1.306,0.0
2011-12-19,1.3086,1.3086,1.3086,1.3086,0.0
2011-12-20,1.3082,1.3082,1.3082,1.3082,0.0
2011-12-21,1.2943,1.2943,1.2943,1.2943,0.0
2011-12-22,1.2878,1.2878,1.2878,1.2878,0.0
2011-12-23,1.2852,1.2852,1.2852,1.2852,0.0
2011-12-27,1.2862,1.2862,1.2862,1.2862,0.0
2011-12-28,1.2819,1.2819,1.2819,1.2819,0.0
2011-12-29,1.2799,1.2799,1.2799,1.2799,0.0
2011-12-30,1.2723,1.2723,1.2723,1.2723,0.0
2012-01-02,1.2662,1.2662,1.2662,1.2662,0.0
2012-01-03,1.2595,1.2595,1.2595,1.2595,0.0
2012-01-04,1.2552,1.2552,1.2552,1.2552,0.0
2012-01-05,1.2491,1.2491,1.2491,1.2491,0.0
2012-01-06,1.2472,1.2472,1.2472,1.2472,0.0
2012-01-09,1.2468,1.2468,1.2468,1.2468,0.0
2012-01-10,1.2379,1.2379,1.2379,1.2379,0.0
2012-01-11,1.2361,1.2361,1.2361,1.2361,0.0
2012-01-12,1.2303,1.2303,1.2303,1.2303,0.0
2012-01-13,1.2364,1.2364,1.2364,1.2364,0.0
2012-01-16,1.2289,1.2289,1.2289,1.2289,0.0
2012-01-17,1.2279,1.2279,1.2279,1.2279,0.0
2012-01-18,1.2344,1.2344,1.2344,1.2344,0.0
2012-01-19,1.2391,1.2391,1.2391,1.2391,0.0
2012-01-20,1.2379,1.2379,1.2379,1.2379,0.0
2012-01-23,1.2332,1.2332,1.2332,1.2332,0.0
2012-01-24,1.2429,1.2429,1.2429,1.2429,0.0
2012-01-25,1.2367,1.2367,1.2367,1.2367,0.0
2012-01-26,1.2326,1.2326,1.2326,1.2326,0.0
2012-01-27,1.2326,1.2326,1.2326,1.2326,0.0
2012-01-30,1.2427,1.2427,1.2427,1.2427,0.0
2012-01-31,1.2366,1.2366,1.2366,1.2366,0.0
2012-02-01,1.2312,1.2312,1.2312,1.2312,0.0
2012-02-02,1.2246,1.2246,1.2246,1.2246,0.0
2012-02-03,1.2311,1.2311,1.2311,1.2311,0.0
2012-02-06,1.2192,1.2192,1.2192,1.2192,0.0
2012-02-07,1.2161,1.2161,1.2161,1.2161,0.0
2012-02-08,1.2251,1.2251,1.2251,1.2251,0.0
2012-02-09,1.2295,1.2295,1.2295,1.2295,0.0
2012-02-10,1.2381,1.2381,1.2381,1.2381,0.0
2012-02-13,1.2326,1.2326,1.2326,1.2326,0.0
2012-02-14,1.2298,1.2298,1.2298,1.2298,0.0
2012-02-15,1.2195,1.2195,1.2195,1.2195,0.0
2012-02-16,1.2168,1.2168,1.2168,1.2168,0.0
2012-02-17,1.223,1.223,1.223,1.223,0.0
2012-02-20,1.2303,1.2303,1.2303,1.2303,0.0
2012-02-21,1.2385,1.2385,1.2385,1.2385,0.0
2012-02-22,1.2441,1.2441,1.2441,1.2441,0.0
2012-02-23,1.243,1.243,1.243,1.243,0.0
2012-02-24,1.2516,1.2516,1.2516,1.2516,0.0
2012-02-27,1.2532,1.2532,1.2532,1.2532,0.0
2012-02-28,1.2486,1.2486,1.2486,1.2486,0.0
2012-02-29,1.2414,1.2414,1.2414,1.2414,0.0
2012-03-01,1.2353,1.2353,1.2353,1.2353,0.0
2012-03-02,1.2264,1.2264,1.2264,1.2264,0.0
2012-03-05,1.2354,1.2354,1.2354,1.2354,0.0
2012-03-06,1.2418,1.2418,1.2418,1.2418,0.0
2012-03-07,1.2423,1.2423,1.2423,1.2423,0.0
2012-03-08,1.2441,1.2441,1.2441,1.2441,0.0
2012-03-09,1.2415,1.2415,1.2415,1.2415,0.0
2012-03-12,1.2498,1.2498,1.2498,1.2498,0.0
2012-03-13,1.2444,1.2444,1.2444,1.2444,0.0
2012-03-14,1.2474,1.2474,1.2474,1.2474,0.0
2012-03-15,1.2422,1.2422,1.2422,1.2422,0.0
2012-03-16,1.2401,1.2401,1.2401,1.2401,0.0
2012-03-19,1.2452,1.2452,1.2452,1.2452,0.0
2012-03-20,1.2586,1.2586,1.2586,1.2586,0.0
2012-03-21,1.2644,1.2644,1.2644,1.2644,0.0
2012-03-22,1.2696,1.2696,1.2696,1.2696,0.0
2012-03-23,1.2745,1.2745,1.2745,1.2745,0.0
2012-03-26,1.2631,1.2631,1.2631,1.2631,0.0
2012-03-27,1.2681,1.2681,1.2681,1.2681,0.0
2012-03-28,1.2824,1.2824,1.2824,1.2824,0.0
2012-03-29,1.283,1.283,1.283,1.283,0.0
2012-03-30,1.2836,1.2836,1.2836,1.2836,0.0
2012-04-02,1.2841,1.2841,1.2841,1.2841,0.0
2012-04-03,1.2848,1.2848,1.2848,1.2848,0.0
2012-04-04,1.2785,1.2785,1.2785,1.2785,0.0
2012-04-05,1.271,1.271,1.271,1.271,0.0
2012-04-10,1.2741,1.2741,1.2741,1.2741,0.0
2012-04-11,1.2743,1.2743,1.2743,1.2743,0.0
2012-04-12,1.2645,1.2645,1.2645,1.2645,0.0
2012-04-13,1.264,1.264,1.264,1.264,0.0
2012-04-16,1.259,1.259,1.259,1.259,0.0
2012-04-17,1.2664,1.2664,1.2664,1.2664,0.0
2012-04-18,1.2628,1.2628,1.2628,1.2628,0.0
2012-04-19,1.2652,1.2652,1.2652,1.2652,0.0
2012-04-20,1.2738,1.2738,1.2738,1.2738,0.0
2012-04-23,1.2769,1.2769,1.2769,1.2769,0.0
2012-04-24,1.2775,1.2775,1.2775,1.2775,0.0
2012-04-25,1.2771,1.2771,1.2771,1.2771,0.0
2012-04-26,1.2736,1.2736,1.2736,1.2736,0.0
2012-04-27,1.2679,1.2679,1.2679,1.2679,0.0
2012-04-30,1.2684,1.2684,1.2684,1.2684,0.0
2012-05-02,1.2718,1.2718,1.2718,1.2718,0.0
2012-05-03,1.2762,1.2762,1.2762,1.2762,0.0
2012-05-04,1.283,1.283,1.283,1.283,0.0
2012-05-07,1.2792,1.2792,1.2792,1.2792,0.0
2012-05-08,1.283,1.283,1.283,1.283,0.0
2012-05-09,1.2886,1.2886,1.2886,1.2886,0.0
2012-05-10,1.2801,1.2801,1.2801,1.2801,0.0
2012-05-11,1.2877,1.2877,1.2877,1.2877,0.0
2012-05-14,1.2881,1.2881,1.2881,1.2881,0.0
2012-05-15,1.2836,1.2836,1.2836,1.2836,0.0
2012-05-16,1.2813,1.2813,1.2813,1.2813,0.0
2012-05-17,1.2795,1.2795,1.2795,1.2795,0.0
2012-05-18,1.2879,1.2879,1.2879,1.2879,0.0
2012-05-21,1.2969,1.2969,1.2969,1.2969,0.0
2012-05-22,1.291,1.291,1.291,1.291,0.0
2012-05-23,1.2977,1.2977,1.2977,1.2977,0.0
2012-05-24,1.2842,1.2842,1.2842,1.2842,0.0
2012-05-25,1.2815,1.2815,1.2815,1.2815,0.0
2012-05-28,1.274,1.274,1.274,1.274,0.0
2012-05-29,1.2737,1.2737,1.2737,1.2737,0.0
2012-05-30,1.2729,1.2729,1.2729,1.2729,0.0
2012-05-31,1.2736,1.2736,1.2736,1.2736,0.0
2012-06-01,1.2772,1.2772,1.2772,1.2772,0.0
2012-06-04,1.2796,1.2796,1.2796,1.2796,0.0
2012-06-05,1.2762,1.2762,1.2762,1.2762,0.0
2012-06-06,1.2661,1.2661,1.2661,1.2661,0.0
2012-06-07,1.2613,1.2613,1.2613,1.2613,0.0
2012-06-08,1.2665,1.2665,1.2665,1.2665,0.0
2012-06-11,1.2602,1.2602,1.2602,1.2602,0.0
2012-06-12,1.2601,1.2601,1.2601,1.2601,0.0
2012-06-13,1.2565,1.2565,1.2565,1.2565,0.0
2012-06-14,1.2626,1.2626,1.2626,1.2626,0.0
2012-06-15,1.2564,1.2564,1.2564,1.2564,0.0
2012-06-18,1.2519,1.2519,1.2519,1.2519,0.0
2012-06-19,1.2416,1.2416,1.2416,1.2416,0.0
2012-06-20,1.2456,1.2456,1.2456,1.2456,0.0
2012-06-21,1.2444,1.2444,1.2444,1.2444,0.0
2012-06-22,1.249,1.249,1.249,1.249,0.0
2012-06-25,1.248,1.248,1.248,1.248,0.0
2012-06-26,1.2432,1.2432,1.2432,1.2432,0.0
2012-06-27,1.2384,1.2384,1.2384,1.2384,0.0
2012-06-28,1.2357,1.2357,1.2357,1.2357,0.0
2012-06-29,1.2339,1.2339,1.2339,1.2339,0.0
2012-07-02,1.2283,1.2283,1.2283,1.2283,0.0
2012-07-03,1.2264,1.2264,1.2264,1.2264,0.0
2012-07-04,1.2221,1.2221,1.2221,1.2221,0.0
2012-07-05,1.2071,1.2071,1.2071,1.2071,0.0
2012-07-06,1.2058,1.2058,1.2058,1.2058,0.0
2012-07-09,1.2082,1.2082,1.2082,1.2082,0.0
2012-07-10,1.2015,1.2015,1.2015,1.2015,0.0
2012-07-11,1.1953,1.1953,1.1953,1.1953,0.0
2012-07-12,1.2029,1.2029,1.2029,1.2029,0.0
2012-07-13,1.1984,1.1984,1.1984,1.1984,0.0
2012-07-16,1.1934,1.1934,1.1934,1.1934,0.0
2012-07-17,1.1941,1.1941,1.1941,1.1941,0.0
2012-07-18,1.1867,1.1867,1.1867,1.1867,0.0
2012-07-19,1.1775,1.1775,1.1775,1.1775,0.0
2012-07-20,1.1739,1.1739,1.1739,1.1739,0.0
2012-07-23,1.1784,1.1784,1.1784,1.1784,0.0
2012-07-24,1.1754,1.1754,1.1754,1.1754,0.0
2012-07-25,1.1792,1.1792,1.1792,1.1792,0.0
2012-07-26,1.179,1.179,1.179,1.179,0.0
2012-07-27,1.1807,1.1807,1.1807,1.1807,0.0
2012-07-30,1.1668,1.1668,1.1668,1.1668,0.0
2012-07-31,1.1675,1.1675,1.1675,1.1675,0.0
2012-08-01,1.1691,1.1691,1.1691,1.1691,0.0
2012-08-02,1.1717,1.1717,1.1717,1.1717,0.0
2012-08-03,1.1649,1.1649,1.1649,1.1649,0.0
2012-08-06,1.1727,1.1727,1.1727,1.1727,0.0
2012-08-07,1.1741,1.1741,1.1741,1.1741,0.0
2012-08-08,1.1704,1.1704,1.1704,1.1704,0.0
2012-08-09,1.1639,1.1639,1.1639,1.1639,0.0
2012-08-10,1.1661,1.1661,1.1661,1.1661,0.0
2012-08-13,1.1689,1.1689,1.1689,1.1689,0.0
2012-08-14,1.1728,1.1728,1.1728,1.1728,0.0
2012-08-15,1.1725,1.1725,1.1725,1.1725,0.0
2012-08-16,1.171,1.171,1.171,1.171,0.0
2012-08-17,1.1829,1.1829,1.1829,1.1829,0.0
2012-08-20,1.1784,1.1784,1.1784,1.1784,0.0
2012-08-21,1.1839,1.1839,1.1839,1.1839,0.0
2012-08-22,1.1926,1.1926,1.1926,1.1926,0.0
2012-08-23,1.1981,1.1981,1.1981,1.1981,0.0
2012-08-24,1.2031,1.2031,1.2031,1.2031,0.0
2012-08-27,1.2056,1.2056,1.2056,1.2056,0.0
2012-08-28,1.2094,1.2094,1.2094,1.2094,0.0
2012-08-29,1.2088,1.2088,1.2088,1.2088,0.0
2012-08-30,1.2142,1.2142,1.2142,1.2142,0.0
2012-08-31,1.2201,1.2201,1.2201,1.2201,0.0
2012-09-03,1.2278,1.2278,1.2278,1.2278,0.0
2012-09-04,1.2267,1.2267,1.2267,1.2267,0.0
2012-09-05,1.2337,1.2337,1.2337,1.2337,0.0
2012-09-06,1.2341,1.2341,1.2341,1.2341,0.0
2012-09-07,1.2279,1.2279,1.2279,1.2279,0.0
2012-09-10,1.2349,1.2349,1.2349,1.2349,0.0
2012-09-11,1.2301,1.2301,1.2301,1.2301,0.0
2012-09-12,1.2322,1.2322,1.2322,1.2322,0.0
2012-09-13,1.2357,1.2357,1.2357,1.2357,0.0
2012-09-14,1.2366,1.2366,1.2366,1.2366,0.0
2012-09-17,1.2452,1.2452,1.2452,1.2452,0.0
2012-09-18,1.2527,1.2527,1.2527,1.2527,0.0
2012-09-19,1.2455,1.2455,1.2455,1.2455,0.0
2012-09-20,1.2461,1.2461,1.2461,1.2461,0.0
2012-09-21,1.2365,1.2365,1.2365,1.2365,0.0
2012-09-24,1.2415,1.2415,1.2415,1.2415,0.0
2012-09-25,1.2393,1.2393,1.2393,1.2393,0.0
2012-09-26,1.2421,1.2421,1.2421,1.2421,0.0
2012-09-27,1.2354,1.2354,1.2354,1.2354,0.0
2012-09-28,1.2396,1.2396,1.2396,1.2396,0.0
2012-10-01,1.2431,1.2431,1.2431,1.2431,0.0
2012-10-02,1.2531,1.2531,1.2531,1.2531,0.0
2012-10-03,1.2625,1.2625,1.2625,1.2625,0.0
2012-10-04,1.2673,1.2673,1.2673,1.2673,0.0
2012-10-05,1.2682,1.2682,1.2682,1.2682,0.0
2012-10-08,1.2721,1.2721,1.2721,1.2721,0.0
2012-10-09,1.2663,1.2663,1.2663,1.2663,0.0
2012-10-10,1.2574,1.2574,1.2574,1.2574,0.0
2012-10-11,1.2573,1.2573,1.2573,1.2573,0.0
2012-10-12,1.2654,1.2654,1.2654,1.2654,0.0
2012-10-15,1.2661,1.2661,1.2661,1.2661,0.0
2012-10-16,1.2693,1.2693,1.2693,1.2693,0.0
2012-10-17,1.269,1.269,1.269,1.269,0.0
2012-10-18,1.2632,1.2632,1.2632,1.2632,0.0
2012-10-19,1.2586,1.2586,1.2586,1.2586,0.0
2012-10-22,1.2657,1.2657,1.2657,1.2657,0.0
2012-10-23,1.2662,1.2662,1.2662,1.2662,0.0
2012-10-24,1.2526,1.2526,1.2526,1.2526,0.0
2012-10-25,1.251,1.251,1.251,1.251,0.0
2012-10-26,1.2486,1.2486,1.2486,1.2486,0.0
2012-10-29,1.2455,1.2455,1.2455,1.2455,0.0
2012-10-30,1.2489,1.2489,1.2489,1.2489,0.0
2012-10-31,1.2528,1.2528,1.2528,1.2528,0.0
2012-11-01,1.2491,1.2491,1.2491,1.2491,0.0
2012-11-02,1.2374,1.2374,1.2374,1.2374,0.0
2012-11-05,1.2338,1.2338,1.2338,1.2338,0.0
2012-11-06,1.2263,1.2263,1.2263,1.2263,0.0
2012-11-07,1.2228,1.2228,1.2228,1.2228,0.0
2012-11-08,1.223,1.223,1.223,1.223,0.0
2012-11-09,1.2251,1.2251,1.2251,1.2251,0.0
2012-11-12,1.22,1.22,1.22,1.22,0.0
2012-11-13,1.2187,1.2187,1.2187,1.2187,0.0
2012-11-14,1.2217,1.2217,1.2217,1.2217,0.0
2012-11-15,1.235,1.235,1.235,1.235,0.0
2012-11-16,1.2337,1.2337,1.2337,1.2337,0.0
2012-11-19,1.2283,1.2283,1.2283,1.2283,0.0
2012-11-20,1.2331,1.2331,1.2331,1.2331,0.0
2012-11-21,1.2358,1.2358,1.2358,1.2358,0.0
2012-11-22,1.242,1.242,1.242,1.242,0.0
2012-11-23,1.2393,1.2393,1.2393,1.2393,0.0
2012-11-26,1.2416,1.2416,1.2416,1.2416,0.0
2012-11-27,1.2372,1.2372,1.2372,1.2372,0.0
2012-11-28,1.2339,1.2339,1.2339,1.2339,0.0
2012-11-29,1.2432,1.2432,1.2432,1.2432,0.0
2012-11-30,1.2474,1.2474,1.2474,1.2474,0.0
2012-12-03,1.2517,1.2517,1.2517,1.2517,0.0
2012-12-04,1.2497,1.2497,1.2497,1.2497,0.0
2012-12-05,1.2483,1.2483,1.2483,1.2483,0.0
2012-12-06,1.2456,1.2456,1.2456,1.2456,0.0
2012-12-07,1.2318,1.2318,1.2318,1.2318,0.0
2012-12-10,1.2318,1.2318,1.2318,1.2318,0.0
2012-12-11,1.2381,1.2381,1.2381,1.2381,0.0
2012-12-12,1.2358,1.2358,1.2358,1.2358,0.0
2012-12-13,1.2391,1.2391,1.2391,1.2391,0.0
2012-12-14,1.2429,1.2429,1.2429,1.2429,0.0
2012-12-17,1.2494,1.2494,1.2494,1.2494,0.0
2012-12-18,1.2512,1.2512,1.2512,1.2512,0.0
2012-12-19,1.2667,1.2667,1.2667,1.2667,0.0
2012-12-20,1.2632,1.2632,1.2632,1.2632,0.0
2012-12-21,1.2662,1.2662,1.2662,1.2662,0.0
2012-12-24,1.2715,1.2715,1.2715,1.2715,0.0
2012-12-27,1.2782,1.2782,1.2782,1.2782,0.0
2012-12-28,1.2692,1.2692,1.2692,1.2692,0.0
2012-12-31,1.2712,1.2712,1.2712,1.2712,0.0
2013-01-02,1.2637,1.2637,1.2637,1.2637,0.0
2013-01-03,1.2471,1.2471,1.2471,1.2471,0.0
2013-01-04,1.2494,1.2494,1.2494,1.2494,0.0
2013-01-07,1.2421,1.2421,1.2421,1.2421,0.0
2013-01-08,1.2466,1.2466,1.2466,1.2466,0.0
2013-01-09,1.2419,1.2419,1.2419,1.2419,0.0
2013-01-10,1.2403,1.2403,1.2403,1.2403,0.0
2013-01-11,1.2561,1.2561,1.2561,1.2561,0.0
2013-01-14,1.2632,1.2632,1.2632,1.2632,0.0
2013-01-15,1.2653,1.2653,1.2653,1.2653,0.0
2013-01-16,1.2593,1.2593,1.2593,1.2593,0.0
2013-01-17,1.2694,1.2694,1.2694,1.2694,0.0
2013-01-18,1.2674,1.2674,1.2674,1.2674,0.0
2013-01-21,1.2665,1.2665,1.2665,1.2665,0.0
2013-01-22,1.2613,1.2613,1.2613,1.2613,0.0
2013-01-23,1.2635,1.2635,1.2635,1.2635,0.0
2013-01-24,1.2737,1.2737,1.2737,1.2737,0.0
2013-01-25,1.2917,1.2917,1.2917,1.2917,0.0
2013-01-28,1.293,1.293,1.293,1.293,0.0
2013-01-29,1.286,1.286,1.286,1.286,0.0
2013-01-30,1.2996,1.2996,1.2996,1.2996,0.0
2013-01-31,1.3009,1.3009,1.3009,1.3009,0.0
2013-02-01,1.3132,1.3132,1.3132,1.3132,0.0
2013-02-04,1.299,1.299,1.299,1.299,0.0
2013-02-05,1.303,1.303,1.303,1.303,0.0
2013-02-06,1.3109,1.3109,1.3109,1.3109,0.0
2013-02-07,1.3135,1.3135,1.3135,1.3135,0.0
2013-02-08,1.2942,1.2942,1.2942,1.2942,0.0
2013-02-11,1.3029,1.3029,1.3029,1.3029,0.0
2013-02-12,1.3107,1.3107,1.3107,1.3107,0.0
2013-02-13,1.3036,1.3036,1.3036,1.3036,0.0
2013-02-14,1.2879,1.2879,1.2879,1.2879,0.0
2013-02-15,1.2895,1.2895,1.2895,1.2895,0.0
2013-02-18,1.2946,1.2946,1.2946,1.2946,0.0
2013-02-19,1.2905,1.2905,1.2905,1.2905,0.0
2013-02-20,1.2961,1.2961,1.2961,1.2961,0.0
2013-02-21,1.2859,1.2859,1.2859,1.2859,0.0
2013-02-22,1.2763,1.2763,1.2763,1.2763,0.0
2013-02-25,1.2897,1.2897,1.2897,1.2897,0.0
2013-02-26,1.2763,1.2763,1.2763,1.2763,0.0
2013-02-27,1.2842,1.2842,1.2842,1.2842,0.0
2013-02-28,1.2809,1.2809,1.2809,1.2809,0.0
2013-03-01,1.2741,1.2741,1.2741,1.2741,0.0
2013-03-04,1.2821,1.2821,1.2821,1.2821,0.0
2013-03-05,1.2735,1.2735,1.2735,1.2735,0.0
2013-03-06,1.267,1.267,1.267,1.267,0.0
2013-03-07,1.2685,1.2685,1.2685,1.2685,0.0
2013-03-08,1.2738,1.2738,1.2738,1.2738,0.0
2013-03-11,1.2702,1.2702,1.2702,1.2702,0.0
2013-03-12,1.2633,1.2633,1.2633,1.2633,0.0
2013-03-13,1.2573,1.2573,1.2573,1.2573,0.0
2013-03-14,1.2495,1.2495,1.2495,1.2495,0.0
2013-03-15,1.2609,1.2609,1.2609,1.2609,0.0
2013-03-18,1.2446,1.2446,1.2446,1.2446,0.0
2013-03-19,1.2475,1.2475,1.2475,1.2475,0.0
2013-03-20,1.2469,1.2469,1.2469,1.2469,0.0
2013-03-21,1.2375,1.2375,1.2375,1.2375,0.0
2013-03-22,1.2412,1.2412,1.2412,1.2412,0.0
2013-03-25,1.2356,1.2356,1.2356,1.2356,0.0
2013-03-26,1.2263,1.2263,1.2263,1.2263,0.0
2013-03-27,1.2234,1.2234,1.2234,1.2234,0.0
2013-03-28,1.2308,1.2308,1.2308,1.2308,0.0
2013-04-02,1.2267,1.2267,1.2267,1.2267,0.0
2013-04-03,1.2237,1.2237,1.2237,1.2237,0.0
2013-04-04,1.229,1.229,1.229,1.229,0.0
2013-04-05,1.2425,1.2425,1.2425,1.2425,0.0
2013-04-08,1.2503,1.2503,1.2503,1.2503,0.0
2013-04-09,1.2449,1.2449,1.2449,1.2449,0.0
2013-04-10,1.2429,1.2429,1.2429,1.2429,0.0
2013-04-11,1.2411,1.2411,1.2411,1.2411,0.0
2013-04-12,1.2396,1.2396,1.2396,1.2396,0.0
2013-04-15,1.2573,1.2573,1.2573,1.2573,0.0
2013-04-16,1.2654,1.2654,1.2654,1.2654,0.0
2013-04-17,1.2691,1.2691,1.2691,1.2691,0.0
2013-04-18,1.2633,1.2633,1.2633,1.2633,0.0
2013-04-19,1.2692,1.2692,1.2692,1.2692,0.0
2013-04-22,1.2696,1.2696,1.2696,1.2696,0.0
2013-04-23,1.2676,1.2676,1.2676,1.2676,0.0
2013-04-24,1.2659,1.2659,1.2659,1.2659,0.0
2013-04-25,1.2669,1.2669,1.2669,1.2669,0.0
2013-04-26,1.2651,1.2651,1.2651,1.2651,0.0
2013-04-29,1.2671,1.2671,1.2671,1.2671,0.0
2013-04-30,1.2649,1.2649,1.2649,1.2649,0.0
2013-05-02,1.2871,1.2871,1.2871,1.2871,0.0
2013-05-03,1.278,1.278,1.278,1.278,0.0
2013-05-06,1.2801,1.2801,1.2801,1.2801,0.0
2013-05-07,1.2908,1.2908,1.2908,1.2908,0.0
2013-05-08,1.2873,1.2873,1.2873,1.2873,0.0
2013-05-09,1.2858,1.2858,1.2858,1.2858,0.0
2013-05-10,1.2978,1.2978,1.2978,1.2978,0.0
2013-05-13,1.3003,1.3003,1.3003,1.3003,0.0
2013-05-14,1.308,1.308,1.308,1.308,0.0
2013-05-15,1.3015,1.3015,1.3015,1.3015,0.0
2013-05-16,1.312,1.312,1.312,1.312,0.0
2013-05-17,1.3216,1.3216,1.3216,1.3216,0.0
2013-05-20,1.314,1.314,1.314,1.314,0.0
2013-05-21,1.3147,1.3147,1.3147,1.3147,0.0
2013-05-22,1.3253,1.3253,1.3253,1.3253,0.0
2013-05-23,1.3302,1.3302,1.3302,1.3302,0.0
2013-05-24,1.3348,1.3348,1.3348,1.3348,0.0
2013-05-27,1.3405,1.3405,1.3405,1.3405,0.0
2013-05-28,1.3355,1.3355,1.3355,1.3355,0.0
2013-05-29,1.3447,1.3447,1.3447,1.3447,0.0
2013-05-30,1.3493,1.3493,1.3493,1.3493,0.0
2013-05-31,1.354,1.354,1.354,1.354,0.0
2013-06-03,1.3457,1.3457,1.3457,1.3457,0.0
2013-06-04,1.3538,1.3538,1.3538,1.3538,0.0
2013-06-05,1.3647,1.3647,1.3647,1.3647,0.0
2013-06-06,1.3789,1.3789,1.3789,1.3789,0.0
2013-06-07,1.3926,1.3926,1.3926,1.3926,0.0
2013-06-10,1.3983,1.3983,1.3983,1.3983,0.0
2013-06-11,1.4206,1.4206,1.4206,1.4206,0.0
2013-06-12,1.3927,1.3927,1.3927,1.3927,0.0
2013-06-13,1.3919,1.3919,1.3919,1.3919,0.0
2013-06-14,1.3841,1.3841,1.3841,1.3841,0.0
2013-06-17,1.3876,1.3876,1.3876,1.3876,0.0
2013-06-18,1.4131,1.4131,1.4131,1.4131,0.0
2013-06-19,1.4105,1.4105,1.4105,1.4105,0.0
2013-06-20,1.4323,1.4323,1.4323,1.4323,0.0
2013-06-21,1.4296,1.4296,1.4296,1.4296,0.0
2013-06-24,1.4246,1.4246,1.4246,1.4246,0.0
2013-06-25,1.4156,1.4156,1.4156,1.4156,0.0
2013-06-26,1.4033,1.4033,1.4033,1.4033,0.0
2013-06-27,1.3995,1.3995,1.3995,1.3995,0.0
2013-06-28,1.4171,1.4171,1.4171,1.4171,0.0
2013-07-01,1.419,1.419,1.419,1.419,0.0
2013-07-02,1.4222,1.4222,1.4222,1.4222,0.0
2013-07-03,1.4278,1.4278,1.4278,1.4278,0.0
2013-07-04,1.4239,1.4239,1.4239,1.4239,0.0
2013-07-05,1.4049,1.4049,1.4049,1.4049,0.0
2013-07-08,1.4145,1.4145,1.4145,1.4145,0.0
2013-07-09,1.4024,1.4024,1.4024,1.4024,0.0
2013-07-10,1.3935,1.3935,1.3935,1.3935,0.0
2013-07-11,1.4162,1.4162,1.4162,1.4162,0.0
2013-07-12,1.4436,1.4436,1.4436,1.4436,0.0
2013-07-15,1.438,1.438,1.438,1.438,0.0
2013-07-16,1.4225,1.4225,1.4225,1.4225,0.0
2013-07-17,1.4273,1.4273,1.4273,1.4273,0.0
2013-07-18,1.429,1.429,1.429,1.429,0.0
2013-07-19,1.424,1.424,1.424,1.424,0.0
2013-07-22,1.4272,1.4272,1.4272,1.4272,0.0
2013-07-23,1.4268,1.4268,1.4268,1.4268,0.0
2013-07-24,1.4361,1.4361,1.4361,1.4361,0.0
2013-07-25,1.4388,1.4388,1.4388,1.4388,0.0
2013-07-26,1.434,1.434,1.434,1.434,0.0
2013-07-29,1.4364,1.4364,1.4364,1.4364,0.0
2013-07-30,1.4618,1.4618,1.4618,1.4618,0.0
2013-07-31,1.4725,1.4725,1.4725,1.4725,0.0
2013-08-01,1.4733,1.4733,1.4733,1.4733,0.0
2013-08-02,1.4837,1.4837,1.4837,1.4837,0.0
2013-08-05,1.491,1.491,1.491,1.491,0.0
2013-08-06,1.4817,1.4817,1.4817,1.4817,0.0
2013-08-07,1.4878,1.4878,1.4878,1.4878,0.0
2013-08-08,1.4726,1.4726,1.4726,1.4726,0.0
2013-08-09,1.4587,1.4587,1.4587,1.4587,0.0
2013-08-12,1.4496,1.4496,1.4496,1.4496,0.0
2013-08-13,1.4549,1.4549,1.4549,1.4549,0.0
2013-08-14,1.4524,1.4524,1.4524,1.4524,0.0
2013-08-15,1.4525,1.4525,1.4525,1.4525,0.0
2013-08-16,1.454,1.454,1.454,1.454,0.0
2013-08-19,1.4592,1.4592,1.4592,1.4592,0.0
2013-08-20,1.4761,1.4761,1.4761,1.4761,0.0
2013-08-21,1.4811,1.4811,1.4811,1.4811,0.0
2013-08-22,1.4813,1.4813,1.4813,1.4813,0.0
2013-08-23,1.4879,1.4879,1.4879,1.4879,0.0
2013-08-26,1.4831,1.4831,1.4831,1.4831,0.0
2013-08-27,1.4877,1.4877,1.4877,1.4877,0.0
2013-08-28,1.4975,1.4975,1.4975,1.4975,0.0
2013-08-29,1.4839,1.4839,1.4839,1.4839,0.0
2013-08-30,1.482,1.482,1.482,1.482,0.0
2013-09-02,1.468,1.468,1.468,1.468,0.0
2013-09-03,1.4583,1.4583,1.4583,1.4583,0.0
2013-09-04,1.4373,1.4373,1.4373,1.4373,0.0
2013-09-05,1.4451,1.4451,1.4451,1.4451,0.0
2013-09-06,1.4309,1.4309,1.4309,1.4309,0.0
2013-09-09,1.4338,1.4338,1.4338,1.4338,0.0
2013-09-10,1.4255,1.4255,1.4255,1.4255,0.0
2013-09-11,1.4288,1.4288,1.4288,1.4288,0.0
2013-09-12,1.4367,1.4367,1.4367,1.4367,0.0
2013-09-13,1.438,1.438,1.438,1.438,0.0
2013-09-16,1.4248,1.4248,1.4248,1.4248,0.0
2013-09-17,1.4279,1.4279,1.4279,1.4279,0.0
2013-09-18,1.4281,1.4281,1.4281,1.4281,0.0
2013-09-19,1.4261,1.4261,1.4261,1.4261,0.0
2013-09-20,1.4354,1.4354,1.4354,1.4354,0.0
2013-09-23,1.4313,1.4313,1.4313,1.4313,0.0
2013-09-24,1.4347,1.4347,1.4347,1.4347,0.0
2013-09-25,1.443,1.443,1.443,1.443,0.0
2013-09-26,1.439,1.439,1.439,1.439,0.0
2013-09-27,1.4542,1.4542,1.4542,1.4542,0.0
2013-09-30,1.4486,1.4486,1.4486,1.4486,0.0
2013-10-01,1.4388,1.4388,1.4388,1.4388,0.0
2013-10-02,1.4458,1.4458,1.4458,1.4458,0.0
2013-10-03,1.45,1.45,1.45,1.45,0.0
2013-10-04,1.4409,1.4409,1.4409,1.4409,0.0
2013-10-07,1.4421,1.4421,1.4421,1.4421,0.0
2013-10-08,1.4316,1.4316,1.4316,1.4316,0.0
2013-10-09,1.4299,1.4299,1.4299,1.4299,0.0
2013-10-10,1.4346,1.4346,1.4346,1.4346,0.0
2013-10-11,1.4318,1.4318,1.4318,1.4318,0.0
2013-10-14,1.4313,1.4313,1.4313,1.4313,0.0
2013-10-15,1.4167,1.4167,1.4167,1.4167,0.0
2013-10-16,1.4227,1.4227,1.4227,1.4227,0.0
2013-10-17,1.4197,1.4197,1.4197,1.4197,0.0
2013-10-18,1.4173,1.4173,1.4173,1.4173,0.0
2013-10-21,1.4139,1.4139,1.4139,1.4139,0.0
2013-10-22,1.4143,1.4143,1.4143,1.4143,0.0
2013-10-23,1.4298,1.4298,1.4298,1.4298,0.0
2013-10-24,1.4354,1.4354,1.4354,1.4354,0.0
2013-10-25,1.4369,1.4369,1.4369,1.4369,0.0
2013-10-28,1.4387,1.4387,1.4387,1.4387,0.0
2013-10-29,1.4505,1.4505,1.4505,1.4505,0.0
2013-10-30,1.4471,1.4471,1.4471,1.4471,0.0
2013-10-31,1.4353,1.4353,1.4353,1.4353,0.0
2013-11-01,1.4265,1.4265,1.4265,1.4265,0.0
2013-11-04,1.4215,1.4215,1.4215,1.4215,0.0
2013-11-05,1.4157,1.4157,1.4157,1.4157,0.0
2013-11-06,1.4186,1.4186,1.4186,1.4186,0.0
2013-11-07,1.4088,1.4088,1.4088,1.4088,0.0
2013-11-08,1.4193,1.4193,1.4193,1.4193,0.0
2013-11-11,1.4314,1.4314,1.4314,1.4314,0.0
2013-11-12,1.4401,1.4401,1.4401,1.4401,0.0
2013-11-13,1.4409,1.4409,1.4409,1.4409,0.0
2013-11-14,1.4454,1.4454,1.4454,1.4454,0.0
2013-11-15,1.4422,1.4422,1.4422,1.4422,0.0
2013-11-18,1.4378,1.4378,1.4378,1.4378,0.0
2013-11-19,1.4341,1.4341,1.4341,1.4341,0.0
2013-11-20,1.4418,1.4418,1.4418,1.4418,0.0
2013-11-21,1.4536,1.4536,1.4536,1.4536,0.0
2013-11-22,1.4746,1.4746,1.4746,1.4746,0.0
2013-11-25,1.4754,1.4754,1.4754,1.4754,0.0
2013-11-26,1.4861,1.4861,1.4861,1.4861,0.0
2013-11-27,1.4952,1.4952,1.4952,1.4952,0.0
2013-11-28,1.4915,1.4915,1.4915,1.4915,0.0
2013-11-29,1.4934,1.4934,1.4934,1.4934,0.0
2013-12-02,1.4812,1.4812,1.4812,1.4812,0.0
2013-12-03,1.4873,1.4873,1.4873,1.4873,0.0
2013-12-04,1.5046,1.5046,1.5046,1.5046,0.0
2013-12-05,1.5038,1.5038,1.5038,1.5038,0.0
2013-12-06,1.5065,1.5065,1.5065,1.5065,0.0
2013-12-09,1.5101,1.5101,1.5101,1.5101,0.0
2013-12-10,1.5039,1.5039,1.5039,1.5039,0.0
2013-12-11,1.5123,1.5123,1.5123,1.5123,0.0
2013-12-12,1.521,1.521,1.521,1.521,0.0
2013-12-13,1.5355,1.5355,1.5355,1.5355,0.0
2013-12-16,1.54,1.54,1.54,1.54,0.0
2013-12-17,1.5421,1.5421,1.5421,1.5421,0.0
2013-12-18,1.5434,1.5434,1.5434,1.5434,0.0
2013-12-19,1.5445,1.5445,1.5445,1.5445,0.0
2013-12-20,1.5405,1.5405,1.5405,1.5405,0.0
2013-12-23,1.532,1.532,1.532,1.532,0.0
2013-12-24,1.533,1.533,1.533,1.533,0.0
2013-12-27,1.5506,1.5506,1.5506,1.5506,0.0
2013-12-30,1.552,1.552,1.552,1.552,0.0
2013-12-31,1.5423,1.5423,1.5423,1.5423,0.0
2014-01-02,1.5424,1.5424,1.5424,1.5424,0.0
2014-01-03,1.5156,1.5156,1.5156,1.5156,0.0
2014-01-06,1.5207,1.5207,1.5207,1.5207,0.0
2014-01-07,1.528,1.528,1.528,1.528,0.0
2014-01-08,1.5212,1.5212,1.5212,1.5212,0.0
2014-01-09,1.5343,1.5343,1.5343,1.5343,0.0
2014-01-10,1.5265,1.5265,1.5265,1.5265,0.0
2014-01-13,1.5066,1.5066,1.5066,1.5066,0.0
2014-01-14,1.5189,1.5189,1.5189,1.5189,0.0
2014-01-15,1.5263,1.5263,1.5263,1.5263,0.0
2014-01-16,1.5457,1.5457,1.5457,1.5457,0.0
2014-01-17,1.5455,1.5455,1.5455,1.5455,0.0
2014-01-20,1.5388,1.5388,1.5388,1.5388,0.0
2014-01-21,1.5403,1.5403,1.5403,1.5403,0.0
2014-01-22,1.5291,1.5291,1.5291,1.5291,0.0
2014-01-23,1.554,1.554,1.554,1.554,0.0
2014-01-24,1.5715,1.5715,1.5715,1.5715,0.0
2014-01-27,1.5618,1.5618,1.5618,1.5618,0.0
2014-01-28,1.5515,1.5515,1.5515,1.5515,0.0
2014-01-29,1.5535,1.5535,1.5535,1.5535,0.0
2014-01-30,1.5459,1.5459,1.5459,1.5459,0.0
2014-01-31,1.5516,1.5516,1.5516,1.5516,0.0
2014-02-03,1.5346,1.5346,1.5346,1.5346,0.0
2014-02-04,1.5195,1.5195,1.5195,1.5195,0.0
2014-02-05,1.5174,1.5174,1.5174,1.5174,0.0
2014-02-06,1.5051,1.5051,1.5051,1.5051,0.0
2014-02-07,1.5178,1.5178,1.5178,1.5178,0.0
2014-02-10,1.5259,1.5259,1.5259,1.5259,0.0
2014-02-11,1.5148,1.5148,1.5148,1.5148,0.0
2014-02-12,1.5016,1.5016,1.5016,1.5016,0.0
2014-02-13,1.5257,1.5257,1.5257,1.5257,0.0
2014-02-14,1.5176,1.5176,1.5176,1.5176,0.0
2014-02-17,1.5159,1.5159,1.5159,1.5159,0.0
2014-02-18,1.5212,1.5212,1.5212,1.5212,0.0
2014-02-19,1.5217,1.5217,1.5217,1.5217,0.0
2014-02-20,1.5269,1.5269,1.5269,1.5269,0.0
2014-02-21,1.5283,1.5283,1.5283,1.5283,0.0
2014-02-24,1.5271,1.5271,1.5271,1.5271,0.0
2014-02-25,1.5239,1.5239,1.5239,1.5239,0.0
2014-02-26,1.5288,1.5288,1.5288,1.5288,0.0
2014-02-27,1.5286,1.5286,1.5286,1.5286,0.0
2014-02-28,1.5414,1.5414,1.5414,1.5414,0.0
2014-03-03,1.5432,1.5432,1.5432,1.5432,0.0
2014-03-04,1.5392,1.5392,1.5392,1.5392,0.0
2014-03-05,1.5295,1.5295,1.5295,1.5295,0.0
2014-03-06,1.5168,1.5168,1.5168,1.5168,0.0
2014-03-07,1.5216,1.5216,1.5216,1.5216,0.0
2014-03-10,1.5359,1.5359,1.5359,1.5359,0.0
2014-03-11,1.533,1.533,1.533,1.533,0.0
2014-03-12,1.5507,1.5507,1.5507,1.5507,0.0
2014-03-13,1.5372,1.5372,1.5372,1.5372,0.0
2014-03-14,1.5382,1.5382,1.5382,1.5382,0.0
2014-03-17,1.5311,1.5311,1.5311,1.5311,0.0
2014-03-18,1.5255,1.5255,1.5255,1.5255,0.0
2014-03-19,1.5269,1.5269,1.5269,1.5269,0.0
2014-03-20,1.5257,1.5257,1.5257,1.5257,0.0
2014-03-21,1.5199,1.5199,1.5199,1.5199,0.0
2014-03-24,1.5091,1.5091,1.5091,1.5091,0.0
2014-03-25,1.5069,1.5069,1.5069,1.5069,0.0
2014-03-26,1.4934,1.4934,1.4934,1.4934,0.0
2014-03-27,1.4899,1.4899,1.4899,1.4899,0.0
2014-03-28,1.4886,1.4886,1.4886,1.4886,0.0
2014-03-31,1.4941,1.4941,1.4941,1.4941,0.0
2014-04-01,1.4929,1.4929,1.4929,1.4929,0.0
2014-04-02,1.4905,1.4905,1.4905,1.4905,0.0
2014-04-03,1.4912,1.4912,1.4912,1.4912,0.0
2014-04-04,1.481,1.481,1.481,1.481,0.0
2014-04-07,1.4818,1.4818,1.4818,1.4818,0.0
2014-04-08,1.476,1.476,1.476,1.476,0.0
2014-04-09,1.4727,1.4727,1.4727,1.4727,0.0
2014-04-10,1.4732,1.4732,1.4732,1.4732,0.0
2014-04-11,1.4772,1.4772,1.4772,1.4772,0.0
2014-04-14,1.4692,1.4692,1.4692,1.4692,0.0
2014-04-15,1.4697,1.4697,1.4697,1.4697,0.0
2014-04-16,1.4788,1.4788,1.4788,1.4788,0.0
2014-04-17,1.4822,1.4822,1.4822,1.4822,0.0
2014-04-22,1.4753,1.4753,1.4753,1.4753,0.0
2014-04-23,1.4905,1.4905,1.4905,1.4905,0.0
2014-04-24,1.4916,1.4916,1.4916,1.4916,0.0
2014-04-25,1.4883,1.4883,1.4883,1.4883,0.0
2014-04-28,1.4934,1.4934,1.4934,1.4934,0.0
2014-04-29,1.4916,1.4916,1.4916,1.4916,0.0
2014-04-30,1.4947,1.4947,1.4947,1.4947,0.0
2014-05-02,1.4971,1.4971,1.4971,1.4971,0.0
2014-05-05,1.4975,1.4975,1.4975,1.4975,0.0
2014-05-06,1.4932,1.4932,1.4932,1.4932,0.0
2014-05-07,1.4909,1.4909,1.4909,1.4909,0.0
2014-05-08,1.4857,1.4857,1.4857,1.4857,0.0
2014-05-09,1.4714,1.4714,1.4714,1.4714,0.0
2014-05-12,1.4684,1.4684,1.4684,1.4684,0.0
2014-05-13,1.4625,1.4625,1.4625,1.4625,0.0
2014-05-14,1.4597,1.4597,1.4597,1.4597,0.0
2014-05-15,1.4589,1.4589,1.4589,1.4589,0.0
2014-05-16,1.4633,1.4633,1.4633,1.4633,0.0
2014-05-19,1.4654,1.4654,1.4654,1.4654,0.0
2014-05-20,1.4797,1.4797,1.4797,1.4797,0.0
2014-05-21,1.4819,1.4819,1.4819,1.4819,0.0
2014-05-22,1.4799,1.4799,1.4799,1.4799,0.0
2014-05-23,1.4782,1.4782,1.4782,1.4782,0.0
2014-05-26,1.4761,1.4761,1.4761,1.4761,0.0
2014-05-27,1.4737,1.4737,1.4737,1.4737,0.0
2014-05-28,1.4745,1.4745,1.4745,1.4745,0.0
2014-05-29,1.4648,1.4648,1.4648,1.4648,0.0
2014-05-30,1.4635,1.4635,1.4635,1.4635,0.0
2014-06-02,1.4714,1.4714,1.4714,1.4714,0.0
2014-06-03,1.4731,1.4731,1.4731,1.4731,0.0
2014-06-04,1.4695,1.4695,1.4695,1.4695,0.0
2014-06-05,1.4608,1.4608,1.4608,1.4608,0.0
2014-06-06,1.4613,1.4613,1.4613,1.4613,0.0
2014-06-09,1.4545,1.4545,1.4545,1.4545,0.0
2014-06-10,1.4458,1.4458,1.4458,1.4458,0.0
2014-06-11,1.4419,1.4419,1.4419,1.4419,0.0
2014-06-12,1.4383,1.4383,1.4383,1.4383,0.0
2014-06-13,1.4414,1.4414,1.4414,1.4414,0.0
2014-06-16,1.4426,1.4426,1.4426,1.4426,0.0
2014-06-17,1.4492,1.4492,1.4492,1.4492,0.0
2014-06-18,1.4525,1.4525,1.4525,1.4525,0.0
2014-06-19,1.4478,1.4478,1.4478,1.4478,0.0
2014-06-20,1.4456,1.4456,1.4456,1.4456,0.0
2014-06-23,1.4405,1.4405,1.4405,1.4405,0.0
2014-06-24,1.449,1.449,1.449,1.449,0.0
2014-06-25,1.4539,1.4539,1.4539,1.4539,0.0
2014-06-26,1.446,1.446,1.446,1.446,0.0
2014-06-27,1.446,1.446,1.446,1.446,0.0
2014-06-30,1.4537,1.4537,1.4537,1.4537,0.0
2014-07-01,1.4479,1.4479,1.4479,1.4479,0.0
2014-07-02,1.4447,1.4447,1.4447,1.4447,0.0
2014-07-03,1.4552,1.4552,1.4552,1.4552,0.0
2014-07-04,1.4529,1.4529,1.4529,1.4529,0.0
2014-07-07,1.4522,1.4522,1.4522,1.4522,0.0
2014-07-08,1.4459,1.4459,1.4459,1.4459,0.0
2014-07-09,1.4486,1.4486,1.4486,1.4486,0.0
2014-07-10,1.452,1.452,1.452,1.452,0.0
2014-07-11,1.4463,1.4463,1.4463,1.4463,0.0
2014-07-14,1.45,1.45,1.45,1.45,0.0
2014-07-15,1.4522,1.4522,1.4522,1.4522,0.0
2014-07-16,1.448,1.448,1.448,1.448,0.0
2014-07-17,1.4426,1.4426,1.4426,1.4426,0.0
2014-07-18,1.4407,1.4407,1.4407,1.4407,0.0
2014-07-21,1.4407,1.4407,1.4407,1.4407,0.0
2014-07-22,1.4368,1.4368,1.4368,1.4368,0.0
2014-07-23,1.4248,1.4248,1.4248,1.4248,0.0
2014-07-24,1.4272,1.4272,1.4272,1.4272,0.0
2014-07-25,1.4289,1.4289,1.4289,1.4289,0.0
2014-07-28,1.4275,1.4275,1.4275,1.4275,0.0
2014-07-29,1.4303,1.4303,1.4303,1.4303,0.0
2014-07-30,1.431,1.431,1.431,1.431,0.0
2014-07-31,1.4396,1.4396,1.4396,1.4396,0.0
2014-08-01,1.4431,1.4431,1.4431,1.4431,0.0
2014-08-04,1.4408,1.4408,1.4408,1.4408,0.0
2014-08-05,1.4365,1.4365,1.4365,1.4365,0.0
2014-08-06,1.4329,1.4329,1.4329,1.4329,0.0
2014-08-07,1.4414,1.4414,1.4414,1.4414,0.0
2014-08-08,1.4419,1.4419,1.4419,1.4419,0.0
2014-08-11,1.4443,1.4443,1.4443,1.4443,0.0
2014-08-12,1.4406,1.4406,1.4406,1.4406,0.0
2014-08-13,1.4375,1.4375,1.4375,1.4375,0.0
2014-08-14,1.4354,1.4354,1.4354,1.4354,0.0
2014-08-15,1.4362,1.4362,1.4362,1.4362,0.0
2014-08-18,1.436,1.436,1.436,1.436,0.0
2014-08-19,1.4298,1.4298,1.4298,1.4298,0.0
2014-08-20,1.4295,1.4295,1.4295,1.4295,0.0
2014-08-21,1.4283,1.4283,1.4283,1.4283,0.0
2014-08-22,1.4248,1.4248,1.4248,1.4248,0.0
2014-08-25,1.4175,1.4175,1.4175,1.4175,0.0
2014-08-26,1.4157,1.4157,1.4157,1.4157,0.0
2014-08-27,1.4102,1.4102,1.4102,1.4102,0.0
2014-08-28,1.4079,1.4079,1.4079,1.4079,0.0
2014-08-29,1.4123,1.4123,1.4123,1.4123,0.0
2014-09-01,1.4059,1.4059,1.4059,1.4059,0.0
2014-09-02,1.4129,1.4129,1.4129,1.4129,0.0
2014-09-03,1.4094,1.4094,1.4094,1.4094,0.0
2014-09-04,1.3927,1.3927,1.3927,1.3927,0.0
2014-09-05,1.3826,1.3826,1.3826,1.3826,0.0
2014-09-08,1.387,1.387,1.387,1.387,0.0
2014-09-09,1.3903,1.3903,1.3903,1.3903,0.0
2014-09-10,1.4146,1.4146,1.4146,1.4146,0.0
2014-09-11,1.4182,1.4182,1.4182,1.4182,0.0
2014-09-12,1.4283,1.4283,1.4283,1.4283,0.0
2014-09-15,1.4311,1.4311,1.4311,1.4311,0.0
2014-09-16,1.434,1.434,1.434,1.434,0.0
2014-09-17,1.4302,1.4302,1.4302,1.4302,0.0
2014-09-18,1.439,1.439,1.439,1.439,0.0
2014-09-19,1.4321,1.4321,1.4321,1.4321,0.0
2014-09-22,1.4481,1.4481,1.4481,1.4481,0.0
2014-09-23,1.4481,1.4481,1.4481,1.4481,0.0
2014-09-24,1.446,1.446,1.446,1.446,0.0
2014-09-25,1.4432,1.4432,1.4432,1.4432,0.0
2014-09-26,1.4483,1.4483,1.4483,1.4483,0.0
2014-09-29,1.4555,1.4555,1.4555,1.4555,0.0
2014-09-30,1.4442,1.4442,1.4442,1.4442,0.0
2014-10-01,1.4496,1.4496,1.4496,1.4496,0.0
2014-10-02,1.4393,1.4393,1.4393,1.4393,0.0
2014-10-03,1.4415,1.4415,1.4415,1.4415,0.0
2014-10-06,1.4381,1.4381,1.4381,1.4381,0.0
2014-10-07,1.4329,1.4329,1.4329,1.4329,0.0
2014-10-08,1.4416,1.4416,1.4416,1.4416,0.0
2014-10-09,1.4408,1.4408,1.4408,1.4408,0.0
2014-10-10,1.4511,1.4511,1.4511,1.4511,0.0
2014-10-13,1.448,1.448,1.448,1.448,0.0
2014-10-14,1.4475,1.4475,1.4475,1.4475,0.0
2014-10-15,1.4527,1.4527,1.4527,1.4527,0.0
2014-10-16,1.4645,1.4645,1.4645,1.4645,0.0
2014-10-17,1.4597,1.4597,1.4597,1.4597,0.0
2014-10-20,1.456,1.456,1.456,1.456,0.0
2014-10-21,1.4475,1.4475,1.4475,1.4475,0.0
2014-10-22,1.443,1.443,1.443,1.443,0.0
2014-10-23,1.4404,1.4404,1.4404,1.4404,0.0
2014-10-24,1.4396,1.4396,1.4396,1.4396,0.0
2014-10-27,1.4422,1.4422,1.4422,1.4422,0.0
2014-10-28,1.437,1.437,1.437,1.437,0.0
2014-10-29,1.4334,1.4334,1.4334,1.4334,0.0
2014-10-30,1.4311,1.4311,1.4311,1.4311,0.0
2014-10-31,1.4249,1.4249,1.4249,1.4249,0.0
2014-11-03,1.4347,1.4347,1.4347,1.4347,0.0
2014-11-04,1.4342,1.4342,1.4342,1.4342,0.0
2014-11-05,1.4494,1.4494,1.4494,1.4494,0.0
2014-11-06,1.453,1.453,1.453,1.453,0.0
2014-11-07,1.4418,1.4418,1.4418,1.4418,0.0
2014-11-10,1.4406,1.4406,1.4406,1.4406,0.0
2014-11-11,1.4386,1.4386,1.4386,1.4386,0.0
2014-11-12,1.4318,1.4318,1.4318,1.4318,0.0
2014-11-13,1.4254,1.4254,1.4254,1.4254,0.0
2014-11-14,1.4336,1.4336,1.4336,1.4336,0.0
2014-11-17,1.4312,1.4312,1.4312,1.4312,0.0
2014-11-18,1.4342,1.4342,1.4342,1.4342,0.0
2014-11-19,1.4512,1.4512,1.4512,1.4512,0.0
2014-11-20,1.4565,1.4565,1.4565,1.4565,0.0
2014-11-21,1.4257,1.4257,1.4257,1.4257,0.0
2014-11-24,1.4387,1.4387,1.4387,1.4387,0.0
2014-11-25,1.4563,1.4563,1.4563,1.4563,0.0
2014-11-26,1.4667,1.4667,1.4667,1.4667,0.0
2014-11-27,1.456,1.456,1.456,1.456,0.0
2014-11-28,1.4647,1.4647,1.4647,1.4647,0.0
2014-12-01,1.4681,1.4681,1.4681,1.4681,0.0
2014-12-02,1.472,1.472,1.472,1.472,0.0
2014-12-03,1.462,1.462,1.462,1.462,0.0
2014-12-04,1.4692,1.4692,1.4692,1.4692,0.0
2014-12-05,1.4765,1.4765,1.4765,1.4765,0.0
2014-12-08,1.4789,1.4789,1.4789,1.4789,0.0
2014-12-09,1.4903,1.4903,1.4903,1.4903,0.0
2014-12-10,1.4846,1.4846,1.4846,1.4846,0.0
2014-12-11,1.5056,1.5056,1.5056,1.5056,0.0
2014-12-12,1.5056,1.5056,1.5056,1.5056,0.0
2014-12-15,1.5128,1.5128,1.5128,1.5128,0.0
2014-12-16,1.5206,1.5206,1.5206,1.5206,0.0
2014-12-17,1.5203,1.5203,1.5203,1.5203,0.0
2014-12-18,1.5005,1.5005,1.5005,1.5005,0.0
2014-12-19,1.5012,1.5012,1.5012,1.5012,0.0
2014-12-22,1.5057,1.5057,1.5057,1.5057,0.0
2014-12-23,1.5027,1.5027,1.5027,1.5027,0.0
2014-12-24,1.5053,1.5053,1.5053,1.5053,0.0
2014-12-29,1.4964,1.4964,1.4964,1.4964,0.0
2014-12-30,1.4878,1.4878,1.4878,1.4878,0.0
2014-12-31,1.4829,1.4829,1.4829,1.4829,0.0
2015-01-02,1.4841,1.4841,1.4841,1.4841,0.0
2015-01-05,1.4755,1.4755,1.4755,1.4755,0.0
2015-01-06,1.464,1.464,1.464,1.464,0.0
2015-01-07,1.466,1.466,1.466,1.466,0.0
2015-01-08,1.4518,1.4518,1.4518,1.4518,0.0
2015-01-09,1.4506,1.4506,1.4506,1.4506,0.0
2015-01-12,1.4498,1.4498,1.4498,1.4498,0.0
2015-01-13,1.4441,1.4441,1.4441,1.4441,0.0
2015-01-14,1.4473,1.4473,1.4473,1.4473,0.0
2015-01-15,1.4143,1.4143,1.4143,1.4143,0.0
2015-01-16,1.4113,1.4113,1.4113,1.4113,0.0
2015-01-19,1.4134,1.4134,1.4134,1.4134,0.0
2015-01-20,1.4123,1.4123,1.4123,1.4123,0.0
2015-01-21,1.4113,1.4113,1.4113,1.4113,0.0
2015-01-22,1.4299,1.4299,1.4299,1.4299,0.0
2015-01-23,1.4169,1.4169,1.4169,1.4169,0.0
2015-01-26,1.4227,1.4227,1.4227,1.4227,0.0
2015-01-27,1.4233,1.4233,1.4233,1.4233,0.0
2015-01-28,1.4234,1.4234,1.4234,1.4234,0.0
2015-01-29,1.4535,1.4535,1.4535,1.4535,0.0
2015-01-30,1.4535,1.4535,1.4535,1.4535,0.0
2015-02-02,1.4523,1.4523,1.4523,1.4523,0.0
2015-02-03,1.4799,1.4799,1.4799,1.4799,0.0
2015-02-04,1.4722,1.4722,1.4722,1.4722,0.0
2015-02-05,1.4616,1.4616,1.4616,1.4616,0.0
2015-02-06,1.4572,1.4572,1.4572,1.4572,0.0
2015-02-09,1.443,1.443,1.443,1.443,0.0
2015-02-10,1.4522,1.4522,1.4522,1.4522,0.0
2015-02-11,1.4606,1.4606,1.4606,1.4606,0.0
2015-02-12,1.4761,1.4761,1.4761,1.4761,0.0
2015-02-13,1.4689,1.4689,1.4689,1.4689,0.0
2015-02-16,1.4669,1.4669,1.4669,1.4669,0.0
2015-02-17,1.4593,1.4593,1.4593,1.4593,0.0
2015-02-18,1.4598,1.4598,1.4598,1.4598,0.0
2015-02-19,1.4632,1.4632,1.4632,1.4632,0.0
2015-02-20,1.4399,1.4399,1.4399,1.4399,0.0
2015-02-23,1.451,1.451,1.451,1.451,0.0
2015-02-24,1.4609,1.4609,1.4609,1.4609,0.0
2015-02-25,1.4388,1.4388,1.4388,1.4388,0.0
2015-02-26,1.4357,1.4357,1.4357,1.4357,0.0
2015-02-27,1.4358,1.4358,1.4358,1.4358,0.0
2015-03-02,1.4433,1.4433,1.4433,1.4433,0.0
2015-03-03,1.4288,1.4288,1.4288,1.4288,0.0
2015-03-04,1.4191,1.4191,1.4191,1.4191,0.0
2015-03-05,1.4205,1.4205,1.4205,1.4205,0.0
2015-03-06,1.399,1.399,1.399,1.399,0.0
2015-03-09,1.4043,1.4043,1.4043,1.4043,0.0
2015-03-10,1.4034,1.4034,1.4034,1.4034,0.0
2015-03-11,1.3899,1.3899,1.3899,1.3899,0.0
2015-03-12,1.3771,1.3771,1.3771,1.3771,0.0
2015-03-13,1.38,1.38,1.38,1.38,0.0
2015-03-16,1.3797,1.3797,1.3797,1.3797,0.0
2015-03-17,1.3914,1.3914,1.3914,1.3914,0.0
2015-03-18,1.3901,1.3901,1.3901,1.3901,0.0
2015-03-19,1.3966,1.3966,1.3966,1.3966,0.0
2015-03-20,1.3988,1.3988,1.3988,1.3988,0.0
2015-03-23,1.3938,1.3938,1.3938,1.3938,0.0
2015-03-24,1.3843,1.3843,1.3843,1.3843,0.0
2015-03-25,1.3925,1.3925,1.3925,1.3925,0.0
2015-03-26,1.399,1.399,1.399,1.399,0.0
2015-03-27,1.394,1.394,1.394,1.394,0.0
2015-03-30,1.4158,1.4158,1.4158,1.4158,0.0
2015-03-31,1.4154,1.4154,1.4154,1.4154,0.0
2015-04-01,1.4153,1.4153,1.4153,1.4153,0.0
2015-04-02,1.4343,1.4343,1.4343,1.4343,0.0
2015-04-07,1.4192,1.4192,1.4192,1.4192,0.0
2015-04-08,1.4078,1.4078,1.4078,1.4078,0.0
2015-04-09,1.3951,1.3951,1.3951,1.3951,0.0
2015-04-10,1.3824,1.3824,1.3824,1.3824,0.0
2015-04-13,1.3925,1.3925,1.3925,1.3925,0.0
2015-04-14,1.3936,1.3936,1.3936,1.3936,0.0
2015-04-15,1.3945,1.3945,1.3945,1.3945,0.0
2015-04-16,1.379,1.379,1.379,1.379,0.0
2015-04-17,1.3842,1.3842,1.3842,1.3842,0.0
2015-04-20,1.3823,1.3823,1.3823,1.3823,0.0
2015-04-21,1.3821,1.3821,1.3821,1.3821,0.0
2015-04-22,1.3796,1.3796,1.3796,1.3796,0.0
2015-04-23,1.3937,1.3937,1.3937,1.3937,0.0
2015-04-24,1.3884,1.3884,1.3884,1.3884,0.0
2015-04-27,1.3867,1.3867,1.3867,1.3867,0.0
2015-04-28,1.3752,1.3752,1.3752,1.3752,0.0
2015-04-29,1.3762,1.3762,1.3762,1.3762,0.0
2015-04-30,1.4161,1.4161,1.4161,1.4161,0.0
2015-05-04,1.4225,1.4225,1.4225,1.4225,0.0
2015-05-05,1.4119,1.4119,1.4119,1.4119,0.0
2015-05-06,1.403,1.403,1.403,1.403,0.0
2015-05-07,1.4186,1.4186,1.4186,1.4186,0.0
2015-05-08,1.4181,1.4181,1.4181,1.4181,0.0
2015-05-11,1.4117,1.4117,1.4117,1.4117,0.0
2015-05-12,1.407,1.407,1.407,1.407,0.0
2015-05-13,1.3945,1.3945,1.3945,1.3945,0.0
2015-05-14,1.4087,1.4087,1.4087,1.4087,0.0
2015-05-15,1.4159,1.4159,1.4159,1.4159,0.0
2015-05-18,1.4228,1.4228,1.4228,1.4228,0.0
2015-05-19,1.4027,1.4027,1.4027,1.4027,0.0
2015-05-20,1.407,1.407,1.407,1.407,0.0
2015-05-21,1.4112,1.4112,1.4112,1.4112,0.0
2015-05-22,1.4163,1.4163,1.4163,1.4163,0.0
2015-05-25,1.4023,1.4023,1.4023,1.4023,0.0
2015-05-26,1.402,1.402,1.402,1.402,0.0
2015-05-27,1.4089,1.4089,1.4089,1.4089,0.0
2015-05-28,1.4267,1.4267,1.4267,1.4267,0.0
2015-05-29,1.4338,1.4338,1.4338,1.4338,0.0
2015-06-01,1.4341,1.4341,1.4341,1.4341,0.0
2015-06-02,1.4342,1.4342,1.4342,1.4342,0.0
2015-06-03,1.4321,1.4321,1.4321,1.4321,0.0
2015-06-04,1.4618,1.4618,1.4618,1.4618,0.0
2015-06-05,1.4534,1.4534,1.4534,1.4534,0.0
2015-06-08,1.4615,1.4615,1.4615,1.4615,0.0
2015-06-09,1.4606,1.4606,1.4606,1.4606,0.0
2015-06-10,1.4571,1.4571,1.4571,1.4571,0.0
2015-06-11,1.4533,1.4533,1.4533,1.4533,0.0
2015-06-12,1.456,1.456,1.456,1.456,0.0
2015-06-15,1.4466,1.4466,1.4466,1.4466,0.0
2015-06-16,1.4482,1.4482,1.4482,1.4482,0.0
2015-06-17,1.4694,1.4694,1.4694,1.4694,0.0
2015-06-18,1.457,1.457,1.457,1.457,0.0
2015-06-19,1.4591,1.4591,1.4591,1.4591,0.0
2015-06-22,1.4616,1.4616,1.4616,1.4616,0.0
2015-06-23,1.4538,1.4538,1.4538,1.4538,0.0
2015-06-24,1.4473,1.4473,1.4473,1.4473,0.0
2015-06-25,1.4477,1.4477,1.4477,1.4477,0.0
2015-06-26,1.4631,1.4631,1.4631,1.4631,0.0
2015-06-29,1.4526,1.4526,1.4526,1.4526,0.0
2015-06-30,1.455,1.455,1.455,1.455,0.0
2015-07-01,1.4458,1.4458,1.4458,1.4458,0.0
2015-07-02,1.4573,1.4573,1.4573,1.4573,0.0
2015-07-03,1.4747,1.4747,1.4747,1.4747,0.0
2015-07-06,1.4688,1.4688,1.4688,1.4688,0.0
2015-07-07,1.4722,1.4722,1.4722,1.4722,0.0
2015-07-08,1.4866,1.4866,1.4866,1.4866,0.0
2015-07-09,1.4816,1.4816,1.4816,1.4816,0.0
2015-07-10,1.4975,1.4975,1.4975,1.4975,0.0
2015-07-13,1.4874,1.4874,1.4874,1.4874,0.0
2015-07-14,1.4828,1.4828,1.4828,1.4828,0.0
2015-07-15,1.4753,1.4753,1.4753,1.4753,0.0
2015-07-16,1.4713,1.4713,1.4713,1.4713,0.0
2015-07-17,1.4712,1.4712,1.4712,1.4712,0.0
2015-07-20,1.4703,1.4703,1.4703,1.4703,0.0
2015-07-21,1.4746,1.4746,1.4746,1.4746,0.0
2015-07-22,1.4765,1.4765,1.4765,1.4765,0.0
2015-07-23,1.4844,1.4844,1.4844,1.4844,0.0
2015-07-24,1.5058,1.5058,1.5058,1.5058,0.0
2015-07-27,1.5184,1.5184,1.5184,1.5184,0.0
2015-07-28,1.5089,1.5089,1.5089,1.5089,0.0
2015-07-29,1.5101,1.5101,1.5101,1.5101,0.0
2015-07-30,1.5065,1.5065,1.5065,1.5065,0.0
2015-07-31,1.514,1.514,1.514,1.514,0.0
2015-08-03,1.5071,1.5071,1.5071,1.5071,0.0
2015-08-04,1.4831,1.4831,1.4831,1.4831,0.0
2015-08-05,1.4755,1.4755,1.4755,1.4755,0.0
2015-08-06,1.4849,1.4849,1.4849,1.4849,0.0
2015-08-07,1.4809,1.4809,1.4809,1.4809,0.0
2015-08-10,1.4884,1.4884,1.4884,1.4884,0.0
2015-08-11,1.5092,1.5092,1.5092,1.5092,0.0
2015-08-12,1.5128,1.5128,1.5128,1.5128,0.0
2015-08-13,1.5121,1.5121,1.5121,1.5121,0.0
2015-08-14,1.5122,1.5122,1.5122,1.5122,0.0
2015-08-17,1.5096,1.5096,1.5096,1.5096,0.0
2015-08-18,1.5065,1.5065,1.5065,1.5065,0.0
2015-08-19,1.5026,1.5026,1.5026,1.5026,0.0
2015-08-20,1.5287,1.5287,1.5287,1.5287,0.0
2015-08-21,1.5384,1.5384,1.5384,1.5384,0.0
2015-08-24,1.5903,1.5903,1.5903,1.5903,0.0
2015-08-25,1.5937,1.5937,1.5937,1.5937,0.0
2015-08-26,1.5963,1.5963,1.5963,1.5963,0.0
2015-08-27,1.579,1.579,1.579,1.579,0.0
2015-08-28,1.5789,1.5789,1.5789,1.5789,0.0
2015-08-31,1.5753,1.5753,1.5753,1.5753,0.0
2015-09-01,1.5956,1.5956,1.5956,1.5956,0.0
2015-09-02,1.6061,1.6061,1.6061,1.6061,0.0
2015-09-03,1.6035,1.6035,1.6035,1.6035,0.0
2015-09-04,1.5948,1.5948,1.5948,1.5948,0.0
2015-09-07,1.6062,1.6062,1.6062,1.6062,0.0
2015-09-08,1.5976,1.5976,1.5976,1.5976,0.0
2015-09-09,1.586,1.586,1.586,1.586,0.0
2015-09-10,1.5831,1.5831,1.5831,1.5831,0.0
2015-09-11,1.5955,1.5955,1.5955,1.5955,0.0
2015-09-14,1.5874,1.5874,1.5874,1.5874,0.0
2015-09-15,1.5885,1.5885,1.5885,1.5885,0.0
2015-09-16,1.5677,1.5677,1.5677,1.5677,0.0
2015-09-17,1.5776,1.5776,1.5776,1.5776,0.0
2015-09-18,1.5709,1.5709,1.5709,1.5709,0.0
2015-09-21,1.5693,1.5693,1.5693,1.5693,0.0
2015-09-22,1.5732,1.5732,1.5732,1.5732,0.0
2015-09-23,1.5813,1.5813,1.5813,1.5813,0.0
2015-09-24,1.6147,1.6147,1.6147,1.6147,0.0
2015-09-25,1.5895,1.5895,1.5895,1.5895,0.0
2015-09-28,1.5967,1.5967,1.5967,1.5967,0.0
2015-09-29,1.6009,1.6009,1.6009,1.6009,0.0
2015-09-30,1.5939,1.5939,1.5939,1.5939,0.0
2015-10-01,1.5777,1.5777,1.5777,1.5777,0.0
2015-10-02,1.587,1.587,1.587,1.587,0.0
2015-10-05,1.5853,1.5853,1.5853,1.5853,0.0
2015-10-06,1.5781,1.5781,1.5781,1.5781,0.0
2015-10-07,1.5586,1.5586,1.5586,1.5586,0.0
2015-10-08,1.5664,1.5664,1.5664,1.5664,0.0
2015-10-09,1.5502,1.5502,1.5502,1.5502,0.0
2015-10-12,1.5429,1.5429,1.5429,1.5429,0.0
2015-10-13,1.5585,1.5585,1.5585,1.5585,0.0
2015-10-14,1.5722,1.5722,1.5722,1.5722,0.0
2015-10-15,1.5612,1.5612,1.5612,1.5612,0.0
2015-10-16,1.5654,1.5654,1.5654,1.5654,0.0
2015-10-19,1.5581,1.5581,1.5581,1.5581,0.0
2015-10-20,1.5612,1.5612,1.5612,1.5612,0.0
2015-10-21,1.5707,1.5707,1.5707,1.5707,0.0
2015-10-22,1.5692,1.5692,1.5692,1.5692,0.0
2015-10-23,1.525,1.525,1.525,1.525,0.0
2015-10-26,1.5182,1.5182,1.5182,1.5182,0.0
2015-10-27,1.5299,1.5299,1.5299,1.5299,0.0
2015-10-28,1.5539,1.5539,1.5539,1.5539,0.0
2015-10-29,1.5446,1.5446,1.5446,1.5446,0.0
2015-10-30,1.5544,1.5544,1.5544,1.5544,0.0
2015-11-02,1.5457,1.5457,1.5457,1.5457,0.0
2015-11-03,1.5301,1.5301,1.5301,1.5301,0.0
2015-11-04,1.521,1.521,1.521,1.521,0.0
2015-11-05,1.5233,1.5233,1.5233,1.5233,0.0
2015-11-06,1.5204,1.5204,1.5204,1.5204,0.0
2015-11-09,1.5263,1.5263,1.5263,1.5263,0.0
2015-11-10,1.5189,1.5189,1.5189,1.5189,0.0
2015-11-11,1.5183,1.5183,1.5183,1.5183,0.0
2015-11-12,1.5073,1.5073,1.5073,1.5073,0.0
2015-11-13,1.5077,1.5077,1.5077,1.5077,0.0
2015-11-16,1.511,1.511,1.511,1.511,0.0
2015-11-17,1.496,1.496,1.496,1.496,0.0
2015-11-18,1.5028,1.5028,1.5028,1.5028,0.0
2015-11-19,1.4925,1.4925,1.4925,1.4925,0.0
2015-11-20,1.4825,1.4825,1.4825,1.4825,0.0
2015-11-23,1.4793,1.4793,1.4793,1.4793,0.0
2015-11-24,1.4763,1.4763,1.4763,1.4763,0.0
2015-11-25,1.4601,1.4601,1.4601,1.4601,0.0
2015-11-26,1.4685,1.4685,1.4685,1.4685,0.0
2015-11-27,1.4689,1.4689,1.4689,1.4689,0.0
2015-11-30,1.4671,1.4671,1.4671,1.4671,0.0
2015-12-01,1.454,1.454,1.454,1.454,0.0
2015-12-02,1.4489,1.4489,1.4489,1.4489,0.0
2015-12-03,1.455,1.455,1.455,1.455,0.0
2015-12-04,1.4899,1.4899,1.4899,1.4899,0.0
2015-12-07,1.4849,1.4849,1.4849,1.4849,0.0
2015-12-08,1.5099,1.5099,1.5099,1.5099,0.0
2015-12-09,1.5182,1.5182,1.5182,1.5182,0.0
2015-12-10,1.5,1.5,1.5,1.5,0.0
2015-12-11,1.518,1.518,1.518,1.518,0.0
2015-12-14,1.5231,1.5231,1.5231,1.5231,0.0
2015-12-15,1.52,1.52,1.52,1.52,0.0
2015-12-16,1.5186,1.5186,1.5186,1.5186,0.0
2015-12-17,1.5097,1.5097,1.5097,1.5097,0.0
2015-12-18,1.5206,1.5206,1.5206,1.5206,0.0
2015-12-21,1.5168,1.5168,1.5168,1.5168,0.0
2015-12-22,1.5109,1.5109,1.5109,1.5109,0.0
2015-12-23,1.5115,1.5115,1.5115,1.5115,0.0
2015-12-24,1.5074,1.5074,1.5074,1.5074,0.0
2015-12-28,1.5089,1.5089,1.5089,1.5089,0.0
2015-12-29,1.5056,1.5056,1.5056,1.5056,0.0
2015-12-30,1.499,1.499,1.499,1.499,0.0
2015-12-31,1.4897,1.4897,1.4897,1.4897,0.0
2016-01-04,1.5153,1.5153,1.5153,1.5153,0.0
2016-01-05,1.4982,1.4982,1.4982,1.4982,0.0
2016-01-06,1.5187,1.5187,1.5187,1.5187,0.0
2016-01-07,1.555,1.555,1.555,1.555,0.0
2016-01-08,1.5495,1.5495,1.5495,1.5495,0.0
2016-01-11,1.5516,1.5516,1.5516,1.5516,0.0
2016-01-12,1.546,1.546,1.546,1.546,0.0
2016-01-13,1.5413,1.5413,1.5413,1.5413,0.0
2016-01-14,1.5695,1.5695,1.5695,1.5695,0.0
2016-01-15,1.5895,1.5895,1.5895,1.5895,0.0
2016-01-18,1.581,1.581,1.581,1.581,0.0
2016-01-19,1.5673,1.5673,1.5673,1.5673,0.0
2016-01-20,1.5916,1.5916,1.5916,1.5916,0.0
2016-01-21,1.5755,1.5755,1.5755,1.5755,0.0
2016-01-22,1.538,1.538,1.538,1.538,0.0
2016-01-25,1.5496,1.5496,1.5496,1.5496,0.0
2016-01-26,1.555,1.555,1.555,1.555,0.0
2016-01-27,1.5461,1.5461,1.5461,1.5461,0.0
2016-01-28,1.5419,1.5419,1.5419,1.5419,0.0
2016-01-29,1.5388,1.5388,1.5388,1.5388,0.0
2016-02-01,1.5377,1.5377,1.5377,1.5377,0.0
2016-02-02,1.5475,1.5475,1.5475,1.5475,0.0
2016-02-03,1.5484,1.5484,1.5484,1.5484,0.0
2016-02-04,1.5546,1.5546,1.5546,1.5546,0.0
2016-02-05,1.5583,1.5583,1.5583,1.5583,0.0
2016-02-08,1.5726,1.5726,1.5726,1.5726,0.0
2016-02-09,1.6083,1.6083,1.6083,1.6083,0.0
2016-02-10,1.5848,1.5848,1.5848,1.5848,0.0
2016-02-11,1.6018,1.6018,1.6018,1.6018,0.0
2016-02-12,1.5901,1.5901,1.5901,1.5901,0.0
2016-02-15,1.5624,1.5624,1.5624,1.5624,0.0
2016-02-16,1.5605,1.5605,1.5605,1.5605,0.0
2016-02-17,1.5629,1.5629,1.5629,1.5629,0.0
2016-02-18,1.5496,1.5496,1.5496,1.5496,0.0
2016-02-19,1.5605,1.5605,1.5605,1.5605,0.0
2016-02-22,1.5322,1.5322,1.5322,1.5322,0.0
2016-02-23,1.5202,1.5202,1.5202,1.5202,0.0
2016-02-24,1.5319,1.5319,1.5319,1.5319,0.0
2016-02-25,1.5292,1.5292,1.5292,1.5292,0.0
2016-02-26,1.5275,1.5275,1.5275,1.5275,0.0
2016-02-29,1.526,1.526,1.526,1.526,0.0
2016-03-01,1.5196,1.5196,1.5196,1.5196,0.0
2016-03-02,1.501,1.501,1.501,1.501,0.0
2016-03-03,1.4852,1.4852,1.4852,1.4852,0.0
2016-03-04,1.4859,1.4859,1.4859,1.4859,0.0
2016-03-07,1.4776,1.4776,1.4776,1.4776,0.0
2016-03-08,1.4794,1.4794,1.4794,1.4794,0.0
2016-03-09,1.465,1.465,1.465,1.465,0.0
2016-03-10,1.4522,1.4522,1.4522,1.4522,0.0
2016-03-11,1.4766,1.4766,1.4766,1.4766,0.0
2016-03-14,1.4755,1.4755,1.4755,1.4755,0.0
2016-03-15,1.4877,1.4877,1.4877,1.4877,0.0
2016-03-16,1.4911,1.4911,1.4911,1.4911,0.0
2016-03-17,1.4828,1.4828,1.4828,1.4828,0.0
2016-03-18,1.4804,1.4804,1.4804,1.4804,0.0
2016-03-21,1.4819,1.4819,1.4819,1.4819,0.0
2016-03-22,1.4751,1.4751,1.4751,1.4751,0.0
2016-03-23,1.478,1.478,1.478,1.478,0.0
2016-03-24,1.4858,1.4858,1.4858,1.4858,0.0
2016-03-29,1.4901,1.4901,1.4901,1.4901,0.0
2016-03-30,1.4766,1.4766,1.4766,1.4766,0.0
2016-03-31,1.4807,1.4807,1.4807,1.4807,0.0
2016-04-01,1.4884,1.4884,1.4884,1.4884,0.0
2016-04-04,1.4917,1.4917,1.4917,1.4917,0.0
2016-04-05,1.5085,1.5085,1.5085,1.5085,0.0
2016-04-06,1.5029,1.5029,1.5029,1.5029,0.0
2016-04-07,1.5092,1.5092,1.5092,1.5092,0.0
2016-04-08,1.5091,1.5091,1.5091,1.5091,0.0
2016-04-11,1.506,1.506,1.506,1.506,0.0
2016-04-12,1.4882,1.4882,1.4882,1.4882,0.0
2016-04-13,1.4768,1.4768,1.4768,1.4768,0.0
2016-04-14,1.461,1.461,1.461,1.461,0.0
2016-04-15,1.4648,1.4648,1.4648,1.4648,0.0
2016-04-18,1.4685,1.4685,1.4685,1.4685,0.0
2016-04-19,1.4547,1.4547,1.4547,1.4547,0.0
2016-04-20,1.4556,1.4556,1.4556,1.4556,0.0
2016-04-21,1.4496,1.4496,1.4496,1.4496,0.0
2016-04-22,1.457,1.457,1.457,1.457,0.0
2016-04-25,1.4587,1.4587,1.4587,1.4587,0.0
2016-04-26,1.46,1.46,1.46,1.46,0.0
2016-04-27,1.4885,1.4885,1.4885,1.4885,0.0
2016-04-28,1.4906,1.4906,1.4906,1.4906,0.0
2016-04-29,1.4948,1.4948,1.4948,1.4948,0.0
2016-05-02,1.5025,1.5025,1.5025,1.5025,0.0
2016-05-03,1.5303,1.5303,1.5303,1.5303,0.0
2016-05-04,1.5379,1.5379,1.5379,1.5379,0.0
2016-05-05,1.5266,1.5266,1.5266,1.5266,0.0
2016-05-06,1.5501,1.5501,1.5501,1.5501,0.0
2016-05-09,1.5544,1.5544,1.5544,1.5544,0.0
2016-05-10,1.5486,1.5486,1.5486,1.5486,0.0
2016-05-11,1.5474,1.5474,1.5474,1.5474,0.0
2016-05-12,1.5541,1.5541,1.5541,1.5541,0.0
2016-05-13,1.5579,1.5579,1.5579,1.5579,0.0
2016-05-16,1.5526,1.5526,1.5526,1.5526,0.0
2016-05-17,1.5457,1.5457,1.5457,1.5457,0.0
2016-05-18,1.5521,1.5521,1.5521,1.5521,0.0
2016-05-19,1.5563,1.5563,1.5563,1.5563,0.0
2016-05-20,1.5519,1.5519,1.5519,1.5519,0.0
2016-05-23,1.5542,1.5542,1.5542,1.5542,0.0
2016-05-24,1.5597,1.5597,1.5597,1.5597,0.0
2016-05-25,1.5475,1.5475,1.5475,1.5475,0.0
2016-05-26,1.5481,1.5481,1.5481,1.5481,0.0
2016-05-27,1.5483,1.5483,1.5483,1.5483,0.0
2016-05-30,1.5504,1.5504,1.5504,1.5504,0.0
2016-05-31,1.5366,1.5366,1.5366,1.5366,0.0
2016-06-01,1.537,1.537,1.537,1.537,0.0
2016-06-02,1.5516,1.5516,1.5516,1.5516,0.0
2016-06-03,1.5397,1.5397,1.5397,1.5397,0.0
2016-06-06,1.5417,1.5417,1.5417,1.5417,0.0
2016-06-07,1.526,1.526,1.526,1.526,0.0
2016-06-08,1.5228,1.5228,1.5228,1.5228,0.0
2016-06-09,1.525,1.525,1.525,1.525,0.0
2016-06-10,1.5274,1.5274,1.5274,1.5274,0.0
2016-06-13,1.5228,1.5228,1.5228,1.5228,0.0
2016-06-14,1.5277,1.5277,1.5277,1.5277,0.0
2016-06-15,1.5188,1.5188,1.5188,1.5188,0.0
2016-06-16,1.5212,1.5212,1.5212,1.5212,0.0
2016-06-17,1.5234,1.5234,1.5234,1.5234,0.0
2016-06-20,1.5188,1.5188,1.5188,1.5188,0.0
2016-06-21,1.5073,1.5073,1.5073,1.5073,0.0
2016-06-22,1.5033,1.5033,1.5033,1.5033,0.0
2016-06-23,1.506,1.506,1.506,1.506,0.0
2016-06-24,1.491,1.491,1.491,1.491,0.0
2016-06-27,1.4857,1.4857,1.4857,1.4857,0.0
2016-06-28,1.4984,1.4984,1.4984,1.4984,0.0
2016-06-29,1.4911,1.4911,1.4911,1.4911,0.0
2016-06-30,1.4929,1.4929,1.4929,1.4929,0.0
2016-07-01,1.4884,1.4884,1.4884,1.4884,0.0
2016-07-04,1.4792,1.4792,1.4792,1.4792,0.0
2016-07-05,1.4902,1.4902,1.4902,1.4902,0.0
2016-07-06,1.4812,1.4812,1.4812,1.4812,0.0
2016-07-07,1.4737,1.4737,1.4737,1.4737,0.0
2016-07-08,1.4731,1.4731,1.4731,1.4731,0.0
2016-07-11,1.4617,1.4617,1.4617,1.4617,0.0
2016-07-12,1.4532,1.4532,1.4532,1.4532,0.0
2016-07-13,1.4517,1.4517,1.4517,1.4517,0.0
2016-07-14,1.4588,1.4588,1.4588,1.4588,0.0
2016-07-15,1.4538,1.4538,1.4538,1.4538,0.0
2016-07-18,1.4557,1.4557,1.4557,1.4557,0.0
2016-07-19,1.4727,1.4727,1.4727,1.4727,0.0
2016-07-20,1.4712,1.4712,1.4712,1.4712,0.0
2016-07-21,1.471,1.471,1.471,1.471,0.0
2016-07-22,1.4717,1.4717,1.4717,1.4717,0.0
2016-07-25,1.4666,1.4666,1.4666,1.4666,0.0
2016-07-26,1.4599,1.4599,1.4599,1.4599,0.0
2016-07-27,1.4715,1.4715,1.4715,1.4715,0.0
2016-07-28,1.4735,1.4735,1.4735,1.4735,0.0
2016-07-29,1.4782,1.4782,1.4782,1.4782,0.0
2016-08-01,1.4751,1.4751,1.4751,1.4751,0.0
2016-08-02,1.4717,1.4717,1.4717,1.4717,0.0
2016-08-03,1.475,1.475,1.475,1.475,0.0
2016-08-04,1.4604,1.4604,1.4604,1.4604,0.0
2016-08-05,1.4567,1.4567,1.4567,1.4567,0.0
2016-08-08,1.452,1.452,1.452,1.452,0.0
2016-08-09,1.4463,1.4463,1.4463,1.4463,0.0
2016-08-10,1.445,1.445,1.445,1.445,0.0
2016-08-11,1.446,1.446,1.446,1.446,0.0
2016-08-12,1.4535,1.4535,1.4535,1.4535,0.0
2016-08-15,1.4577,1.4577,1.4577,1.4577,0.0
2016-08-16,1.4602,1.4602,1.4602,1.4602,0.0
2016-08-17,1.478,1.478,1.478,1.478,0.0
2016-08-18,1.4766,1.4766,1.4766,1.4766,0.0
2016-08-19,1.4877,1.4877,1.4877,1.4877,0.0
2016-08-22,1.4856,1.4856,1.4856,1.4856,0.0
2016-08-23,1.4823,1.4823,1.4823,1.4823,0.0
2016-08-24,1.4782,1.4782,1.4782,1.4782,0.0
2016-08-25,1.484,1.484,1.484,1.484,0.0
2016-08-26,1.4771,1.4771,1.4771,1.4771,0.0
2016-08-29,1.479,1.479,1.479,1.479,0.0
2016-08-30,1.4787,1.4787,1.4787,1.4787,0.0
2016-08-31,1.4806,1.4806,1.4806,1.4806,0.0
2016-09-01,1.4801,1.4801,1.4801,1.4801,0.0
2016-09-02,1.481,1.481,1.481,1.481,0.0
2016-09-05,1.4696,1.4696,1.4696,1.4696,0.0
2016-09-06,1.4625,1.4625,1.4625,1.4625,0.0
2016-09-07,1.4637,1.4637,1.4637,1.4637,0.0
2016-09-08,1.4632,1.4632,1.4632,1.4632,0.0
2016-09-09,1.4836,1.4836,1.4836,1.4836,0.0
2016-09-12,1.493,1.493,1.493,1.493,0.0
2016-09-13,1.4938,1.4938,1.4938,1.4938,0.0
2016-09-14,1.5022,1.5022,1.5022,1.5022,0.0
2016-09-15,1.5037,1.5037,1.5037,1.5037,0.0
2016-09-16,1.4949,1.4949,1.4949,1.4949,0.0
2016-09-19,1.4792,1.4792,1.4792,1.4792,0.0
2016-09-20,1.4812,1.4812,1.4812,1.4812,0.0
2016-09-21,1.4665,1.4665,1.4665,1.4665,0.0
2016-09-22,1.4674,1.4674,1.4674,1.4674,0.0
2016-09-23,1.4685,1.4685,1.4685,1.4685,0.0
2016-09-26,1.4751,1.4751,1.4751,1.4751,0.0
2016-09-27,1.4661,1.4661,1.4661,1.4661,0.0
2016-09-28,1.4637,1.4637,1.4637,1.4637,0.0
2016-09-29,1.4642,1.4642,1.4642,1.4642,0.0
2016-09-30,1.4657,1.4657,1.4657,1.4657,0.0
2016-10-03,1.4638,1.4638,1.4638,1.4638,0.0
2016-10-04,1.4564,1.4564,1.4564,1.4564,0.0
2016-10-05,1.4722,1.4722,1.4722,1.4722,0.0
2016-10-06,1.4762,1.4762,1.4762,1.4762,0.0
2016-10-07,1.4696,1.4696,1.4696,1.4696,0.0
2016-10-10,1.469,1.469,1.469,1.469,0.0
2016-10-11,1.4679,1.4679,1.4679,1.4679,0.0
2016-10-12,1.4553,1.4553,1.4553,1.4553,0.0
2016-10-13,1.4604,1.4604,1.4604,1.4604,0.0
2016-10-14,1.4421,1.4421,1.4421,1.4421,0.0
2016-10-17,1.4436,1.4436,1.4436,1.4436,0.0
2016-10-18,1.4332,1.4332,1.4332,1.4332,0.0
2016-10-19,1.4298,1.4298,1.4298,1.4298,0.0
2016-10-20,1.4314,1.4314,1.4314,1.4314,0.0
2016-10-21,1.4268,1.4268,1.4268,1.4268,0.0
2016-10-24,1.4282,1.4282,1.4282,1.4282,0.0
2016-10-25,1.4229,1.4229,1.4229,1.4229,0.0
2016-10-26,1.422,1.422,1.422,1.422,0.0
2016-10-27,1.4339,1.4339,1.4339,1.4339,0.0
2016-10-28,1.4424,1.4424,1.4424,1.4424,0.0
2016-10-31,1.4397,1.4397,1.4397,1.4397,0.0
2016-11-01,1.4341,1.4341,1.4341,1.4341,0.0
2016-11-02,1.4479,1.4479,1.4479,1.4479,0.0
2016-11-03,1.4434,1.4434,1.4434,1.4434,0.0
2016-11-04,1.4438,1.4438,1.4438,1.4438,0.0
2016-11-07,1.4397,1.4397,1.4397,1.4397,0.0
2016-11-08,1.4332,1.4332,1.4332,1.4332,0.0
2016-11-09,1.4336,1.4336,1.4336,1.4336,0.0
2016-11-10,1.4336,1.4336,1.4336,1.4336,0.0
2016-11-11,1.4338,1.4338,1.4338,1.4338,0.0
2016-11-14,1.4276,1.4276,1.4276,1.4276,0.0
2016-11-15,1.424,1.424,1.424,1.424,0.0
2016-11-16,1.4333,1.4333,1.4333,1.4333,0.0
2016-11-17,1.4359,1.4359,1.4359,1.4359,0.0
2016-11-18,1.4376,1.4376,1.4376,1.4376,0.0
2016-11-21,1.4424,1.4424,1.4424,1.4424,0.0
2016-11-22,1.4352,1.4352,1.4352,1.4352,0.0
2016-11-23,1.4294,1.4294,1.4294,1.4294,0.0
2016-11-24,1.4274,1.4274,1.4274,1.4274,0.0
2016-11-25,1.423,1.423,1.423,1.423,0.0
2016-11-28,1.4194,1.4194,1.4194,1.4194,0.0
2016-11-29,1.421,1.421,1.421,1.421,0.0
2016-11-30,1.4291,1.4291,1.4291,1.4291,0.0
2016-12-01,1.4378,1.4378,1.4378,1.4378,0.0
2016-12-02,1.4333,1.4333,1.4333,1.4333,0.0
2016-12-05,1.4391,1.4391,1.4391,1.4391,0.0
2016-12-06,1.4395,1.4395,1.4395,1.4395,0.0
2016-12-07,1.4408,1.4408,1.4408,1.4408,0.0
2016-12-08,1.4406,1.4406,1.4406,1.4406,0.0
2016-12-09,1.4141,1.4141,1.4141,1.4141,0.0
2016-12-12,1.4174,1.4174,1.4174,1.4174,0.0
2016-12-13,1.4155,1.4155,1.4155,1.4155,0.0
2016-12-14,1.4177,1.4177,1.4177,1.4177,0.0
2016-12-15,1.4109,1.4109,1.4109,1.4109,0.0
2016-12-16,1.4239,1.4239,1.4239,1.4239,0.0
2016-12-19,1.4351,1.4351,1.4351,1.4351,0.0
2016-12-20,1.432,1.432,1.432,1.432,0.0
2016-12-21,1.4342,1.4342,1.4342,1.4342,0.0
2016-12-22,1.447,1.447,1.447,1.447,0.0
2016-12-23,1.4566,1.4566,1.4566,1.4566,0.0
2016-12-27,1.4532,1.4532,1.4532,1.4532,0.0
2016-12-28,1.4492,1.4492,1.4492,1.4492,0.0
2016-12-29,1.4505,1.4505,1.4505,1.4505,0.0
2016-12-30,1.4596,1.4596,1.4596,1.4596,0.0
2017-01-02,1.4574,1.4574,1.4574,1.4574,0.0
2017-01-03,1.4387,1.4387,1.4387,1.4387,0.0
2017-01-04,1.4373,1.4373,1.4373,1.4373,0.0
2017-01-05,1.4401,1.4401,1.4401,1.4401,0.0
2017-01-06,1.4433,1.4433,1.4433,1.4433,0.0
2017-01-09,1.4357,1.4357,1.4357,1.4357,0.0
2017-01-10,1.44,1.44,1.44,1.44,0.0
2017-01-11,1.4241,1.4241,1.4241,1.4241,0.0
2017-01-12,1.4205,1.4205,1.4205,1.4205,0.0
2017-01-13,1.4225,1.4225,1.4225,1.4225,0.0
2017-01-16,1.4172,1.4172,1.4172,1.4172,0.0
2017-01-17,1.4162,1.4162,1.4162,1.4162,0.0
2017-01-18,1.4128,1.4128,1.4128,1.4128,0.0
2017-01-19,1.4113,1.4113,1.4113,1.4113,0.0
2017-01-20,1.4115,1.4115,1.4115,1.4115,0.0
2017-01-23,1.4157,1.4157,1.4157,1.4157,0.0
2017-01-24,1.4198,1.4198,1.4198,1.4198,0.0
2017-01-25,1.4213,1.4213,1.4213,1.4213,0.0
2017-01-26,1.4205,1.4205,1.4205,1.4205,0.0
2017-01-27,1.4169,1.4169,1.4169,1.4169,0.0
2017-01-30,1.4109,1.4109,1.4109,1.4109,0.0
2017-01-31,1.4198,1.4198,1.4198,1.4198,0.0
2017-02-01,1.4225,1.4225,1.4225,1.4225,0.0
2017-02-02,1.406,1.406,1.406,1.406,0.0
2017-02-03,1.4057,1.4057,1.4057,1.4057,0.0
2017-02-06,1.4006,1.4006,1.4006,1.4006,0.0
2017-02-07,1.4014,1.4014,1.4014,1.4014,0.0
2017-02-08,1.396,1.396,1.396,1.396,0.0
2017-02-09,1.3965,1.3965,1.3965,1.3965,0.0
2017-02-10,1.3905,1.3905,1.3905,1.3905,0.0
2017-02-13,1.3867,1.3867,1.3867,1.3867,0.0
2017-02-14,1.3813,1.3813,1.3813,1.3813,0.0
2017-02-15,1.3761,1.3761,1.3761,1.3761,0.0
2017-02-16,1.3808,1.3808,1.3808,1.3808,0.0
2017-02-17,1.3892,1.3892,1.3892,1.3892,0.0
2017-02-20,1.3835,1.3835,1.3835,1.3835,0.0
2017-02-21,1.3762,1.3762,1.3762,1.3762,0.0
2017-02-22,1.3689,1.3689,1.3689,1.3689,0.0
2017-02-23,1.3691,1.3691,1.3691,1.3691,0.0
2017-02-24,1.3816,1.3816,1.3816,1.3816,0.0
2017-02-27,1.3796,1.3796,1.3796,1.3796,0.0
2017-02-28,1.3807,1.3807,1.3807,1.3807,0.0
2017-03-01,1.3752,1.3752,1.3752,1.3752,0.0
2017-03-02,1.384,1.384,1.384,1.384,0.0
2017-03-03,1.3956,1.3956,1.3956,1.3956,0.0
2017-03-06,1.3937,1.3937,1.3937,1.3937,0.0
2017-03-07,1.392,1.392,1.392,1.392,0.0
2017-03-08,1.3968,1.3968,1.3968,1.3968,0.0
2017-03-09,1.4044,1.4044,1.4044,1.4044,0.0
2017-03-10,1.4095,1.4095,1.4095,1.4095,0.0
2017-03-13,1.4078,1.4078,1.4078,1.4078,0.0
2017-03-14,1.4073,1.4073,1.4073,1.4073,0.0
2017-03-15,1.3992,1.3992,1.3992,1.3992,0.0
2017-03-16,1.3945,1.3945,1.3945,1.3945,0.0
2017-03-17,1.394,1.394,1.394,1.394,0.0
2017-03-20,1.3922,1.3922,1.3922,1.3922,0.0
2017-03-21,1.3969,1.3969,1.3969,1.3969,0.0
2017-03-22,1.4086,1.4086,1.4086,1.4086,0.0
2017-03-23,1.4132,1.4132,1.4132,1.4132,0.0
2017-03-24,1.4182,1.4182,1.4182,1.4182,0.0
2017-03-27,1.4261,1.4261,1.4261,1.4261,0.0
2017-03-28,1.4281,1.4281,1.4281,1.4281,0.0
2017-03-29,1.406,1.406,1.406,1.406,0.0
2017-03-30,1.3988,1.3988,1.3988,1.3988,0.0
2017-03-31,1.3982,1.3982,1.3982,1.3982,0.0
2017-04-03,1.4012,1.4012,1.4012,1.4012,0.0
2017-04-04,1.4109,1.4109,1.4109,1.4109,0.0
2017-04-05,1.4085,1.4085,1.4085,1.4085,0.0
2017-04-06,1.4103,1.4103,1.4103,1.4103,0.0
2017-04-07,1.4123,1.4123,1.4123,1.4123,0.0
2017-04-10,1.412,1.412,1.412,1.412,0.0
2017-04-11,1.4137,1.4137,1.4137,1.4137,0.0
2017-04-12,1.4163,1.4163,1.4163,1.4163,0.0
2017-04-13,1.4027,1.4027,1.4027,1.4027,0.0
2017-04-18,1.4155,1.4155,1.4155,1.4155,0.0
2017-04-19,1.4255,1.4255,1.4255,1.4255,0.0
2017-04-20,1.4278,1.4278,1.4278,1.4278,0.0
2017-04-21,1.4219,1.4219,1.4219,1.4219,0.0
2017-04-24,1.433,1.433,1.433,1.433,0.0
2017-04-25,1.4454,1.4454,1.4454,1.4454,0.0
2017-04-26,1.4559,1.4559,1.4559,1.4559,0.0
2017-04-27,1.4576,1.4576,1.4576,1.4576,0.0
2017-04-28,1.4629,1.4629,1.4629,1.4629,0.0
2017-05-02,1.4518,1.4518,1.4518,1.4518,0.0
2017-05-03,1.4615,1.4615,1.4615,1.4615,0.0
2017-05-04,1.4773,1.4773,1.4773,1.4773,0.0
2017-05-05,1.4832,1.4832,1.4832,1.4832,0.0
2017-05-08,1.4791,1.4791,1.4791,1.4791,0.0
2017-05-09,1.4809,1.4809,1.4809,1.4809,0.0
2017-05-10,1.474,1.474,1.474,1.474,0.0
2017-05-11,1.4737,1.4737,1.4737,1.4737,0.0
2017-05-12,1.4731,1.4731,1.4731,1.4731,0.0
2017-05-15,1.4741,1.4741,1.4741,1.4741,0.0
2017-05-16,1.492,1.492,1.492,1.492,0.0
2017-05-17,1.5014,1.5014,1.5014,1.5014,0.0
2017-05-18,1.4957,1.4957,1.4957,1.4957,0.0
2017-05-19,1.5031,1.5031,1.5031,1.5031,0.0
2017-05-22,1.5049,1.5049,1.5049,1.5049,0.0
2017-05-23,1.4939,1.4939,1.4939,1.4939,0.0
2017-05-24,1.497,1.497,1.497,1.497,0.0
2017-05-25,1.5022,1.5022,1.5022,1.5022,0.0
2017-05-26,1.5038,1.5038,1.5038,1.5038,0.0
2017-05-29,1.5045,1.5045,1.5045,1.5045,0.0
2017-05-30,1.4992,1.4992,1.4992,1.4992,0.0
2017-05-31,1.5054,1.5054,1.5054,1.5054,0.0
2017-06-01,1.5182,1.5182,1.5182,1.5182,0.0
2017-06-02,1.5173,1.5173,1.5173,1.5173,0.0
2017-06-05,1.504,1.504,1.504,1.504,0.0
2017-06-06,1.504,1.504,1.504,1.504,0.0
2017-06-07,1.4845,1.4845,1.4845,1.4845,0.0
2017-06-08,1.4894,1.4894,1.4894,1.4894,0.0
2017-06-09,1.4837,1.4837,1.4837,1.4837,0.0
2017-06-12,1.4875,1.4875,1.4875,1.4875,0.0
2017-06-13,1.488,1.488,1.488,1.488,0.0
2017-06-14,1.4778,1.4778,1.4778,1.4778,0.0
2017-06-15,1.4722,1.4722,1.4722,1.4722,0.0
2017-06-16,1.4683,1.4683,1.4683,1.4683,0.0
2017-06-19,1.4705,1.4705,1.4705,1.4705,0.0
2017-06-20,1.4674,1.4674,1.4674,1.4674,0.0
2017-06-21,1.4738,1.4738,1.4738,1.4738,0.0
2017-06-22,1.4812,1.4812,1.4812,1.4812,0.0
2017-06-23,1.4764,1.4764,1.4764,1.4764,0.0
2017-06-26,1.4771,1.4771,1.4771,1.4771,0.0
2017-06-27,1.4819,1.4819,1.4819,1.4819,0.0
2017-06-28,1.4986,1.4986,1.4986,1.4986,0.0
2017-06-29,1.4868,1.4868,1.4868,1.4868,0.0
2017-06-30,1.4851,1.4851,1.4851,1.4851,0.0
2017-07-03,1.4848,1.4848,1.4848,1.4848,0.0
2017-07-04,1.4922,1.4922,1.4922,1.4922,0.0
2017-07-05,1.4916,1.4916,1.4916,1.4916,0.0
2017-07-06,1.5008,1.5008,1.5008,1.5008,0.0
2017-07-07,1.5006,1.5006,1.5006,1.5006,0.0
2017-07-10,1.4999,1.4999,1.4999,1.4999,0.0
2017-07-11,1.4988,1.4988,1.4988,1.4988,0.0
2017-07-12,1.4966,1.4966,1.4966,1.4966,0.0
2017-07-13,1.477,1.477,1.477,1.477,0.0
2017-07-14,1.471,1.471,1.471,1.471,0.0
2017-07-17,1.4637,1.4637,1.4637,1.4637,0.0
2017-07-18,1.4565,1.4565,1.4565,1.4565,0.0
2017-07-19,1.4532,1.4532,1.4532,1.4532,0.0
2017-07-20,1.451,1.451,1.451,1.451,0.0
2017-07-21,1.4699,1.4699,1.4699,1.4699,0.0
2017-07-24,1.4661,1.4661,1.4661,1.4661,0.0
2017-07-25,1.4693,1.4693,1.4693,1.4693,0.0
2017-07-26,1.4717,1.4717,1.4717,1.4717,0.0
2017-07-27,1.4617,1.4617,1.4617,1.4617,0.0
2017-07-28,1.4732,1.4732,1.4732,1.4732,0.0
2017-07-31,1.4713,1.4713,1.4713,1.4713,0.0
2017-08-01,1.4813,1.4813,1.4813,1.4813,0.0
2017-08-02,1.4847,1.4847,1.4847,1.4847,0.0
2017-08-03,1.4943,1.4943,1.4943,1.4943,0.0
2017-08-04,1.4888,1.4888,1.4888,1.4888,0.0
2017-08-07,1.4909,1.4909,1.4909,1.4909,0.0
2017-08-08,1.4882,1.4882,1.4882,1.4882,0.0
2017-08-09,1.4879,1.4879,1.4879,1.4879,0.0
2017-08-10,1.4888,1.4888,1.4888,1.4888,0.0
2017-08-11,1.4962,1.4962,1.4962,1.4962,0.0
2017-08-14,1.4986,1.4986,1.4986,1.4986,0.0
2017-08-15,1.498,1.498,1.498,1.498,0.0
2017-08-16,1.4903,1.4903,1.4903,1.4903,0.0
2017-08-17,1.4756,1.4756,1.4756,1.4756,0.0
2017-08-18,1.483,1.483,1.483,1.483,0.0
2017-08-21,1.4831,1.4831,1.4831,1.4831,0.0
2017-08-22,1.4887,1.4887,1.4887,1.4887,0.0
2017-08-23,1.4936,1.4936,1.4936,1.4936,0.0
2017-08-24,1.4951,1.4951,1.4951,1.4951,0.0
2017-08-25,1.4919,1.4919,1.4919,1.4919,0.0
2017-08-28,1.5008,1.5008,1.5008,1.5008,0.0
2017-08-29,1.5111,1.5111,1.5111,1.5111,0.0
2017-08-30,1.5016,1.5016,1.5016,1.5016,0.0
2017-08-31,1.5016,1.5016,1.5016,1.5016,0.0
2017-09-01,1.5021,1.5021,1.5021,1.5021,0.0
2017-09-04,1.496,1.496,1.496,1.496,0.0
2017-09-05,1.4902,1.4902,1.4902,1.4902,0.0
2017-09-06,1.4961,1.4961,1.4961,1.4961,0.0
2017-09-07,1.4926,1.4926,1.4926,1.4926,0.0
2017-09-08,1.4881,1.4881,1.4881,1.4881,0.0
2017-09-11,1.4915,1.4915,1.4915,1.4915,0.0
2017-09-12,1.4847,1.4847,1.4847,1.4847,0.0
2017-09-13,1.4909,1.4909,1.4909,1.4909,0.0
2017-09-14,1.4877,1.4877,1.4877,1.4877,0.0
2017-09-15,1.4911,1.4911,1.4911,1.4911,0.0
2017-09-18,1.4947,1.4947,1.4947,1.4947,0.0
2017-09-19,1.4969,1.4969,1.4969,1.4969,0.0
2017-09-20,1.4891,1.4891,1.4891,1.4891,0.0
2017-09-21,1.5002,1.5002,1.5002,1.5002,0.0
2017-09-22,1.5011,1.5011,1.5011,1.5011,0.0
2017-09-25,1.4917,1.4917,1.4917,1.4917,0.0
2017-09-26,1.4944,1.4944,1.4944,1.4944,0.0
2017-09-27,1.4954,1.4954,1.4954,1.4954,0.0
2017-09-28,1.5054,1.5054,1.5054,1.5054,0.0
2017-09-29,1.5075,1.5075,1.5075,1.5075,0.0
2017-10-02,1.5036,1.5036,1.5036,1.5036,0.0
2017-10-03,1.5039,1.5039,1.5039,1.5039,0.0
2017-10-04,1.4986,1.4986,1.4986,1.4986,0.0
2017-10-05,1.5015,1.5015,1.5015,1.5015,0.0
2017-10-06,1.506,1.506,1.506,1.506,0.0
2017-10-09,1.5142,1.5142,1.5142,1.5142,0.0
2017-10-10,1.5155,1.5155,1.5155,1.5155,0.0
2017-10-11,1.5186,1.5186,1.5186,1.5186,0.0
2017-10-12,1.5175,1.5175,1.5175,1.5175,0.0
2017-10-13,1.508,1.508,1.508,1.508,0.0
2017-10-16,1.4996,1.4996,1.4996,1.4996,0.0
2017-10-17,1.4994,1.4994,1.4994,1.4994,0.0
2017-10-18,1.5009,1.5009,1.5009,1.5009,0.0
2017-10-19,1.5033,1.5033,1.5033,1.5033,0.0
2017-10-20,1.5055,1.5055,1.5055,1.5055,0.0
2017-10-23,1.5018,1.5018,1.5018,1.5018,0.0
2017-10-24,1.5117,1.5117,1.5117,1.5117,0.0
2017-10-25,1.5282,1.5282,1.5282,1.5282,0.0
2017-10-26,1.5248,1.5248,1.5248,1.5248,0.0
2017-10-27,1.5196,1.5196,1.5196,1.5196,0.0
2017-10-30,1.5148,1.5148,1.5148,1.5148,0.0
2017-10-31,1.521,1.521,1.521,1.521,0.0
2017-11-01,1.5136,1.5136,1.5136,1.5136,0.0
2017-11-02,1.5117,1.5117,1.5117,1.5117,0.0
2017-11-03,1.5184,1.5184,1.5184,1.5184,0.0
2017-11-06,1.512,1.512,1.512,1.512,0.0
2017-11-07,1.5112,1.5112,1.5112,1.5112,0.0
2017-11-08,1.5094,1.5094,1.5094,1.5094,0.0
2017-11-09,1.5144,1.5144,1.5144,1.5144,0.0
2017-11-10,1.5197,1.5197,1.5197,1.5197,0.0
2017-11-13,1.5256,1.5256,1.5256,1.5256,0.0
2017-11-14,1.5361,1.5361,1.5361,1.5361,0.0
2017-11-15,1.5582,1.5582,1.5582,1.5582,0.0
2017-11-16,1.5507,1.5507,1.5507,1.5507,0.0
2017-11-17,1.5632,1.5632,1.5632,1.5632,0.0
2017-11-20,1.5592,1.5592,1.5592,1.5592,0.0
2017-11-21,1.5466,1.5466,1.5466,1.5466,0.0
2017-11-22,1.5503,1.5503,1.5503,1.5503,0.0
2017-11-23,1.5532,1.5532,1.5532,1.5532,0.0
2017-11-24,1.5585,1.5585,1.5585,1.5585,0.0
2017-11-27,1.5656,1.5656,1.5656,1.5656,0.0
2017-11-28,1.5619,1.5619,1.5619,1.5619,0.0
2017-11-29,1.5627,1.5627,1.5627,1.5627,0.0
2017-11-30,1.5659,1.5659,1.5659,1.5659,0.0
2017-12-01,1.5693,1.5693,1.5693,1.5693,0.0
2017-12-04,1.5585,1.5585,1.5585,1.5585,0.0
2017-12-05,1.5512,1.5512,1.5512,1.5512,0.0
2017-12-06,1.5565,1.5565,1.5565,1.5565,0.0
2017-12-07,1.5682,1.5682,1.5682,1.5682,0.0
2017-12-08,1.562,1.562,1.562,1.562,0.0
2017-12-11,1.5674,1.5674,1.5674,1.5674,0.0
2017-12-12,1.5541,1.5541,1.5541,1.5541,0.0
2017-12-13,1.5503,1.5503,1.5503,1.5503,0.0
2017-12-14,1.5452,1.5452,1.5452,1.5452,0.0
2017-12-15,1.5382,1.5382,1.5382,1.5382,0.0
2017-12-18,1.5392,1.5392,1.5392,1.5392,0.0
2017-12-19,1.5406,1.5406,1.5406,1.5406,0.0
2017-12-20,1.5427,1.5427,1.5427,1.5427,0.0
2017-12-21,1.5451,1.5451,1.5451,1.5451,0.0
2017-12-22,1.5358,1.5358,1.5358,1.5358,0.0
2017-12-27,1.5316,1.5316,1.5316,1.5316,0.0
2017-12-28,1.533,1.533,1.533,1.533,0.0
2017-12-29,1.5346,1.5346,1.5346,1.5346,0.0
2018-01-02,1.5413,1.5413,1.5413,1.5413,0.0
2018-01-03,1.5339,1.5339,1.5339,1.5339,0.0
2018-01-04,1.5398,1.5398,1.5398,1.5398,0.0
2018-01-05,1.5361,1.5361,1.5361,1.5361,0.0
2018-01-08,1.5289,1.5289,1.5289,1.5289,0.0
2018-01-09,1.5242,1.5242,1.5242,1.5242,0.0
2018-01-10,1.5289,1.5289,1.5289,1.5289,0.0
2018-01-11,1.5281,1.5281,1.5281,1.5281,0.0
2018-01-12,1.5417,1.5417,1.5417,1.5417,0.0
2018-01-15,1.5434,1.5434,1.5434,1.5434,0.0
2018-01-16,1.5379,1.5379,1.5379,1.5379,0.0
2018-01-17,1.5314,1.5314,1.5314,1.5314,0.0
2018-01-18,1.5311,1.5311,1.5311,1.5311,0.0
2018-01-19,1.5302,1.5302,1.5302,1.5302,0.0
2018-01-22,1.5287,1.5287,1.5287,1.5287,0.0
2018-01-23,1.5365,1.5365,1.5365,1.5365,0.0
2018-01-24,1.531,1.531,1.531,1.531,0.0
2018-01-25,1.5358,1.5358,1.5358,1.5358,0.0
2018-01-26,1.538,1.538,1.538,1.538,0.0
2018-01-29,1.5302,1.5302,1.5302,1.5302,0.0
2018-01-30,1.5345,1.5345,1.5345,1.5345,0.0
2018-01-31,1.5357,1.5357,1.5357,1.5357,0.0
2018-02-01,1.5567,1.5567,1.5567,1.5567,0.0
2018-02-02,1.563,1.563,1.563,1.563,0.0
2018-02-05,1.5664,1.5664,1.5664,1.5664,0.0
2018-02-06,1.5728,1.5728,1.5728,1.5728,0.0
2018-02-07,1.5684,1.5684,1.5684,1.5684,0.0
2018-02-08,1.5694,1.5694,1.5694,1.5694,0.0
2018-02-09,1.5721,1.5721,1.5721,1.5721,0.0
2018-02-12,1.5645,1.5645,1.5645,1.5645,0.0
2018-02-13,1.5715,1.5715,1.5715,1.5715,0.0
2018-02-14,1.5707,1.5707,1.5707,1.5707,0.0
2018-02-15,1.5757,1.5757,1.5757,1.5757,0.0
2018-02-16,1.5695,1.5695,1.5695,1.5695,0.0
2018-02-19,1.5676,1.5676,1.5676,1.5676,0.0
2018-02-20,1.5648,1.5648,1.5648,1.5648,0.0
2018-02-21,1.5684,1.5684,1.5684,1.5684,0.0
2018-02-22,1.5699,1.5699,1.5699,1.5699,0.0
2018-02-23,1.572,1.572,1.572,1.572,0.0
2018-02-26,1.571,1.571,1.571,1.571,0.0
2018-02-27,1.5698,1.5698,1.5698,1.5698,0.0
2018-02-28,1.5637,1.5637,1.5637,1.5637,0.0
2018-03-01,1.5746,1.5746,1.5746,1.5746,0.0
2018-03-02,1.5885,1.5885,1.5885,1.5885,0.0
2018-03-05,1.5887,1.5887,1.5887,1.5887,0.0
2018-03-06,1.584,1.584,1.584,1.584,0.0
2018-03-07,1.5909,1.5909,1.5909,1.5909,0.0
2018-03-08,1.5912,1.5912,1.5912,1.5912,0.0
2018-03-09,1.5772,1.5772,1.5772,1.5772,0.0
2018-03-12,1.5641,1.5641,1.5641,1.5641,0.0
2018-03-13,1.5683,1.5683,1.5683,1.5683,0.0
2018-03-14,1.5644,1.5644,1.5644,1.5644,0.0
2018-03-15,1.5735,1.5735,1.5735,1.5735,0.0
2018-03-16,1.586,1.586,1.586,1.586,0.0
2018-03-19,1.5994,1.5994,1.5994,1.5994,0.0
2018-03-20,1.5934,1.5934,1.5934,1.5934,0.0
2018-03-21,1.5994,1.5994,1.5994,1.5994,0.0
2018-03-22,1.5974,1.5974,1.5974,1.5974,0.0
2018-03-23,1.5978,1.5978,1.5978,1.5978,0.0
2018-03-26,1.6048,1.6048,1.6048,1.6048,0.0
2018-03-27,1.607,1.607,1.607,1.607,0.0
2018-03-28,1.6132,1.6132,1.6132,1.6132,0.0
2018-03-29,1.6036,1.6036,1.6036,1.6036,0.0
2018-04-03,1.5994,1.5994,1.5994,1.5994,0.0
2018-04-04,1.5978,1.5978,1.5978,1.5978,0.0
2018-04-05,1.594,1.594,1.594,1.594,0.0
2018-04-06,1.5934,1.5934,1.5934,1.5934,0.0
2018-04-09,1.605,1.605,1.605,1.605,0.0
2018-04-10,1.5976,1.5976,1.5976,1.5976,0.0
2018-04-11,1.598,1.598,1.598,1.598,0.0
2018-04-12,1.5893,1.5893,1.5893,1.5893,0.0
2018-04-13,1.5801,1.5801,1.5801,1.5801,0.0
2018-04-16,1.5928,1.5928,1.5928,1.5928,0.0
2018-04-17,1.591,1.591,1.591,1.591,0.0
2018-04-18,1.5953,1.5953,1.5953,1.5953,0.0
2018-04-19,1.5892,1.5892,1.5892,1.5892,0.0
2018-04-20,1.5983,1.5983,1.5983,1.5983,0.0
2018-04-23,1.601,1.601,1.601,1.601,0.0
2018-04-24,1.6038,1.6038,1.6038,1.6038,0.0
2018-04-25,1.6118,1.6118,1.6118,1.6118,0.0
2018-04-26,1.607,1.607,1.607,1.607,0.0
2018-04-27,1.5975,1.5975,1.5975,1.5975,0.0
2018-04-30,1.6013,1.6013,1.6013,1.6013,0.0
2018-05-02,1.5987,1.5987,1.5987,1.5987,0.0
2018-05-03,1.5926,1.5926,1.5926,1.5926,0.0
2018-05-04,1.5915,1.5915,1.5915,1.5915,0.0
2018-05-07,1.5882,1.5882,1.5882,1.5882,0.0
2018-05-08,1.5929,1.5929,1.5929,1.5929,0.0
2018-05-09,1.5923,1.5923,1.5923,1.5923,0.0
2018-05-10,1.5865,1.5865,1.5865,1.5865,0.0
2018-05-11,1.5801,1.5801,1.5801,1.5801,0.0
2018-05-14,1.5861,1.5861,1.5861,1.5861,0.0
2018-05-15,1.5857,1.5857,1.5857,1.5857,0.0
2018-05-16,1.5741,1.5741,1.5741,1.5741,0.0
2018-05-17,1.5681,1.5681,1.5681,1.5681,0.0
2018-05-18,1.5673,1.5673,1.5673,1.5673,0.0
2018-05-21,1.5619,1.5619,1.5619,1.5619,0.0
2018-05-22,1.5543,1.5543,1.5543,1.5543,0.0
2018-05-23,1.5544,1.5544,1.5544,1.5544,0.0
2018-05-24,1.5519,1.5519,1.5519,1.5519,0.0
2018-05-25,1.5424,1.5424,1.5424,1.5424,0.0
2018-05-28,1.541,1.541,1.541,1.541,0.0
2018-05-29,1.5366,1.5366,1.5366,1.5366,0.0
2018-05-30,1.5409,1.5409,1.5409,1.5409,0.0
2018-05-31,1.5414,1.5414,1.5414,1.5414,0.0
2018-06-01,1.5494,1.5494,1.5494,1.5494,0.0
2018-06-04,1.5311,1.5311,1.5311,1.5311,0.0
2018-06-05,1.5335,1.5335,1.5335,1.5335,0.0
2018-06-06,1.5365,1.5365,1.5365,1.5365,0.0
2018-06-07,1.5457,1.5457,1.5457,1.5457,0.0
2018-06-08,1.5496,1.5496,1.5496,1.5496,0.0
2018-06-11,1.5501,1.5501,1.5501,1.5501,0.0
2018-06-12,1.5506,1.5506,1.5506,1.5506,0.0
2018-06-13,1.5506,1.5506,1.5506,1.5506,0.0
2018-06-14,1.5514,1.5514,1.5514,1.5514,0.0
2018-06-15,1.5518,1.5518,1.5518,1.5518,0.0
2018-06-18,1.561,1.561,1.561,1.561,0.0
2018-06-19,1.5695,1.5695,1.5695,1.5695,0.0
2018-06-20,1.5688,1.5688,1.5688,1.5688,0.0
2018-06-21,1.5664,1.5664,1.5664,1.5664,0.0
2018-06-22,1.5681,1.5681,1.5681,1.5681,0.0
2018-06-25,1.5742,1.5742,1.5742,1.5742,0.0
2018-06-26,1.5778,1.5778,1.5778,1.5778,0.0
2018-06-27,1.5725,1.5725,1.5725,1.5725,0.0
2018-06-28,1.5778,1.5778,1.5778,1.5778,0.0
2018-06-29,1.5787,1.5787,1.5787,1.5787,0.0
2018-07-02,1.5825,1.5825,1.5825,1.5825,0.0
2018-07-03,1.5761,1.5761,1.5761,1.5761,0.0
2018-07-04,1.5763,1.5763,1.5763,1.5763,0.0
2018-07-05,1.5821,1.5821,1.5821,1.5821,0.0
2018-07-06,1.5809,1.5809,1.5809,1.5809,0.0
2018-07-09,1.5755,1.5755,1.5755,1.5755,0.0
2018-07-10,1.5739,1.5739,1.5739,1.5739,0.0
2018-07-11,1.5869,1.5869,1.5869,1.5869,0.0
2018-07-12,1.5778,1.5778,1.5778,1.5778,0.0
2018-07-13,1.5764,1.5764,1.5764,1.5764,0.0
2018-07-16,1.5773,1.5773,1.5773,1.5773,0.0
2018-07-17,1.581,1.581,1.581,1.581,0.0
2018-07-18,1.5794,1.5794,1.5794,1.5794,0.0
2018-07-19,1.5804,1.5804,1.5804,1.5804,0.0
2018-07-20,1.5818,1.5818,1.5818,1.5818,0.0
2018-07-23,1.5821,1.5821,1.5821,1.5821,0.0
2018-07-24,1.5797,1.5797,1.5797,1.5797,0.0
2018-07-25,1.5766,1.5766,1.5766,1.5766,0.0
2018-07-26,1.5792,1.5792,1.5792,1.5792,0.0
2018-07-27,1.5765,1.5765,1.5765,1.5765,0.0
2018-07-30,1.5795,1.5795,1.5795,1.5795,0.0
2018-07-31,1.5804,1.5804,1.5804,1.5804,0.0
2018-08-01,1.5767,1.5767,1.5767,1.5767,0.0
2018-08-02,1.5781,1.5781,1.5781,1.5781,0.0
2018-08-03,1.5689,1.5689,1.5689,1.5689,0.0
2018-08-06,1.5629,1.5629,1.5629,1.5629,0.0
2018-08-07,1.5599,1.5599,1.5599,1.5599,0.0
2018-08-08,1.5647,1.5647,1.5647,1.5647,0.0
2018-08-09,1.5626,1.5626,1.5626,1.5626,0.0
2018-08-10,1.5675,1.5675,1.5675,1.5675,0.0
2018-08-13,1.567,1.567,1.567,1.567,0.0
2018-08-14,1.5696,1.5696,1.5696,1.5696,0.0
2018-08-15,1.5669,1.5669,1.5669,1.5669,0.0
2018-08-16,1.5647,1.5647,1.5647,1.5647,0.0
2018-08-17,1.567,1.567,1.567,1.567,0.0
2018-08-20,1.5631,1.5631,1.5631,1.5631,0.0
2018-08-21,1.5657,1.5657,1.5657,1.5657,0.0
2018-08-22,1.5785,1.5785,1.5785,1.5785,0.0
2018-08-23,1.5888,1.5888,1.5888,1.5888,0.0
2018-08-24,1.5868,1.5868,1.5868,1.5868,0.0
2018-08-27,1.5886,1.5886,1.5886,1.5886,0.0
2018-08-28,1.5924,1.5924,1.5924,1.5924,0.0
2018-08-29,1.5989,1.5989,1.5989,1.5989,0.0
2018-08-30,1.6015,1.6015,1.6015,1.6015,0.0
2018-08-31,1.6129,1.6129,1.6129,1.6129,0.0
2018-09-03,1.6109,1.6109,1.6109,1.6109,0.0
2018-09-04,1.6091,1.6091,1.6091,1.6091,0.0
2018-09-05,1.6144,1.6144,1.6144,1.6144,0.0
2018-09-06,1.6164,1.6164,1.6164,1.6164,0.0
2018-09-07,1.6219,1.6219,1.6219,1.6219,0.0
2018-09-10,1.6257,1.6257,1.6257,1.6257,0.0
2018-09-11,1.631,1.631,1.631,1.631,0.0
2018-09-12,1.6268,1.6268,1.6268,1.6268,0.0
2018-09-13,1.6167,1.6167,1.6167,1.6167,0.0
2018-09-14,1.626,1.626,1.626,1.626,0.0
2018-09-17,1.6258,1.6258,1.6258,1.6258,0.0
2018-09-18,1.6244,1.6244,1.6244,1.6244,0.0
2018-09-19,1.6109,1.6109,1.6109,1.6109,0.0
2018-09-20,1.6158,1.6158,1.6158,1.6158,0.0
2018-09-21,1.6154,1.6154,1.6154,1.6154,0.0
2018-09-24,1.6187,1.6187,1.6187,1.6187,0.0
2018-09-25,1.6234,1.6234,1.6234,1.6234,0.0
2018-09-26,1.6202,1.6202,1.6202,1.6202,0.0
2018-09-27,1.62,1.62,1.62,1.62,0.0
2018-09-28,1.6048,1.6048,1.6048,1.6048,0.0
2018-10-01,1.607,1.607,1.607,1.607,0.0
2018-10-02,1.6081,1.6081,1.6081,1.6081,0.0
2018-10-03,1.6146,1.6146,1.6146,1.6146,0.0
2018-10-04,1.6234,1.6234,1.6234,1.6234,0.0
2018-10-05,1.627,1.627,1.627,1.627,0.0
2018-10-08,1.6242,1.6242,1.6242,1.6242,0.0
2018-10-09,1.6203,1.6203,1.6203,1.6203,0.0
2018-10-10,1.6206,1.6206,1.6206,1.6206,0.0
2018-10-11,1.6314,1.6314,1.6314,1.6314,0.0
2018-10-12,1.6236,1.6236,1.6236,1.6236,0.0
2018-10-15,1.6231,1.6231,1.6231,1.6231,0.0
2018-10-16,1.6243,1.6243,1.6243,1.6243,0.0
2018-10-17,1.619,1.619,1.619,1.619,0.0
2018-10-18,1.6119,1.6119,1.6119,1.6119,0.0
2018-10-19,1.6065,1.6065,1.6065,1.6065,0.0
2018-10-22,1.6185,1.6185,1.6185,1.6185,0.0
2018-10-23,1.6243,1.6243,1.6243,1.6243,0.0
2018-10-24,1.6067,1.6067,1.6067,1.6067,0.0
2018-10-25,1.6095,1.6095,1.6095,1.6095,0.0
2018-10-26,1.6142,1.6142,1.6142,1.6142,0.0
2018-10-29,1.6061,1.6061,1.6061,1.6061,0.0
2018-10-30,1.6025,1.6025,1.6025,1.6025,0.0
2018-10-31,1.5972,1.5972,1.5972,1.5972,0.0
2018-11-01,1.5857,1.5857,1.5857,1.5857,0.0
2018-11-02,1.584,1.584,1.584,1.584,0.0
2018-11-05,1.5803,1.5803,1.5803,1.5803,0.0
2018-11-06,1.5789,1.5789,1.5789,1.5789,0.0
2018-11-07,1.575,1.575,1.575,1.575,0.0
2018-11-08,1.5668,1.5668,1.5668,1.5668,0.0
2018-11-09,1.5663,1.5663,1.5663,1.5663,0.0
2018-11-12,1.5623,1.5623,1.5623,1.5623,0.0
2018-11-13,1.5628,1.5628,1.5628,1.5628,0.0
2018-11-14,1.5657,1.5657,1.5657,1.5657,0.0
2018-11-15,1.5564,1.5564,1.5564,1.5564,0.0
2018-11-16,1.5623,1.5623,1.5623,1.5623,0.0
2018-11-19,1.566,1.566,1.566,1.566,0.0
2018-11-20,1.5712,1.5712,1.5712,1.5712,0.0
2018-11-21,1.5725,1.5725,1.5725,1.5725,0.0
2018-11-22,1.5721,1.5721,1.5721,1.5721,0.0
2018-11-23,1.5708,1.5708,1.5708,1.5708,0.0
2018-11-26,1.5664,1.5664,1.5664,1.5664,0.0
2018-11-27,1.5631,1.5631,1.5631,1.5631,0.0
2018-11-28,1.5595,1.5595,1.5595,1.5595,0.0
2018-11-29,1.5525,1.5525,1.5525,1.5525,0.0
2018-11-30,1.5565,1.5565,1.5565,1.5565,0.0
2018-12-03,1.5354,1.5354,1.5354,1.5354,0.0
2018-12-04,1.5451,1.5451,1.5451,1.5451,0.0
2018-12-05,1.5569,1.5569,1.5569,1.5569,0.0
2018-12-06,1.5745,1.5745,1.5745,1.5745,0.0
2018-12-07,1.5766,1.5766,1.5766,1.5766,0.0
2018-12-10,1.5842,1.5842,1.5842,1.5842,0.0
2018-12-11,1.5778,1.5778,1.5778,1.5778,0.0
2018-12-12,1.5732,1.5732,1.5732,1.5732,0.0
2018-12-13,1.5729,1.5729,1.5729,1.5729,0.0
2018-12-14,1.5753,1.5753,1.5753,1.5753,0.0
2018-12-17,1.5801,1.5801,1.5801,1.5801,0.0
2018-12-18,1.581,1.581,1.581,1.581,0.0
2018-12-19,1.5879,1.5879,1.5879,1.5879,0.0
2018-12-20,1.605,1.605,1.605,1.605,0.0
2018-12-21,1.6081,1.6081,1.6081,1.6081,0.0
2018-12-24,1.6186,1.6186,1.6186,1.6186,0.0
2018-12-27,1.6161,1.6161,1.6161,1.6161,0.0
2018-12-28,1.6215,1.6215,1.6215,1.6215,0.0
2018-12-31,1.622,1.622,1.622,1.622,0.0
2019-01-02,1.6273,1.6273,1.6273,1.6273,0.0
2019-01-03,1.6287,1.6287,1.6287,1.6287,0.0
2019-01-04,1.6189,1.6189,1.6189,1.6189,0.0
2019-01-07,1.604,1.604,1.604,1.604,0.0
2019-01-08,1.6042,1.6042,1.6042,1.6042,0.0
2019-01-09,1.5982,1.5982,1.5982,1.5982,0.0
2019-01-10,1.6031,1.6031,1.6031,1.6031,0.0
2019-01-11,1.597,1.597,1.597,1.597,0.0
2019-01-14,1.5945,1.5945,1.5945,1.5945,0.0
2019-01-15,1.5884,1.5884,1.5884,1.5884,0.0
2019-01-16,1.5874,1.5874,1.5874,1.5874,0.0
2019-01-17,1.5895,1.5895,1.5895,1.5895,0.0
2019-01-18,1.585,1.585,1.585,1.585,0.0
2019-01-21,1.5889,1.5889,1.5889,1.5889,0.0
2019-01-22,1.5923,1.5923,1.5923,1.5923,0.0
2019-01-23,1.5934,1.5934,1.5934,1.5934,0.0
2019-01-24,1.5967,1.5967,1.5967,1.5967,0.0
2019-01-25,1.5939,1.5939,1.5939,1.5939,0.0
2019-01-28,1.5913,1.5913,1.5913,1.5913,0.0
2019-01-29,1.5954,1.5954,1.5954,1.5954,0.0
2019-01-30,1.5885,1.5885,1.5885,1.5885,0.0
2019-01-31,1.5787,1.5787,1.5787,1.5787,0.0
2019-02-01,1.5789,1.5789,1.5789,1.5789,0.0
2019-02-04,1.5852,1.5852,1.5852,1.5852,0.0
2019-02-05,1.5771,1.5771,1.5771,1.5771,0.0
2019-02-06,1.5968,1.5968,1.5968,1.5968,0.0
2019-02-07,1.5954,1.5954,1.5954,1.5954,0.0
2019-02-08,1.6006,1.6006,1.6006,1.6006,0.0
2019-02-11,1.5983,1.5983,1.5983,1.5983,0.0
2019-02-12,1.5926,1.5926,1.5926,1.5926,0.0
2019-02-13,1.59,1.59,1.59,1.59,0.0
2019-02-14,1.5848,1.5848,1.5848,1.5848,0.0
2019-02-15,1.5836,1.5836,1.5836,1.5836,0.0
2019-02-18,1.5825,1.5825,1.5825,1.5825,0.0
2019-02-19,1.5881,1.5881,1.5881,1.5881,0.0
2019-02-20,1.5844,1.5844,1.5844,1.5844,0.0
2019-02-21,1.5969,1.5969,1.5969,1.5969,0.0
2019-02-22,1.5923,1.5923,1.5923,1.5923,0.0
2019-02-25,1.5831,1.5831,1.5831,1.5831,0.0
2019-02-26,1.5897,1.5897,1.5897,1.5897,0.0
2019-02-27,1.5909,1.5909,1.5909,1.5909,0.0
2019-02-28,1.5988,1.5988,1.5988,1.5988,0.0
2019-03-01,1.6,1.6,1.6,1.6,0.0
2019-03-04,1.599,1.599,1.599,1.599,0.0
2019-03-05,1.6017,1.6017,1.6017,1.6017,0.0
2019-03-06,1.6072,1.6072,1.6072,1.6072,0.0
2019-03-07,1.6014,1.6014,1.6014,1.6014,0.0
2019-03-08,1.5964,1.5964,1.5964,1.5964,0.0
2019-03-11,1.5935,1.5935,1.5935,1.5935,0.0
2019-03-12,1.5926,1.5926,1.5926,1.5926,0.0
2019-03-13,1.6005,1.6005,1.6005,1.6005,0.0
2019-03-14,1.603,1.603,1.603,1.603,0.0
2019-03-15,1.5988,1.5988,1.5988,1.5988,0.0
2019-03-18,1.5981,1.5981,1.5981,1.5981,0.0
2019-03-19,1.5986,1.5986,1.5986,1.5986,0.0
2019-03-20,1.5999,1.5999,1.5999,1.5999,0.0
2019-03-21,1.5985,1.5985,1.5985,1.5985,0.0
2019-03-22,1.5923,1.5923,1.5923,1.5923,0.0
2019-03-25,1.5931,1.5931,1.5931,1.5931,0.0
2019-03-26,1.5832,1.5832,1.5832,1.5832,0.0
2019-03-27,1.5888,1.5888,1.5888,1.5888,0.0
2019-03-28,1.585,1.585,1.585,1.585,0.0
2019-03-29,1.5821,1.5821,1.5821,1.5821,0.0
2019-04-01,1.5775,1.5775,1.5775,1.5775,0.0
2019-04-02,1.5817,1.5817,1.5817,1.5817,0.0
2019-04-03,1.5794,1.5794,1.5794,1.5794,0.0
2019-04-04,1.5781,1.5781,1.5781,1.5781,0.0
2019-04-05,1.5787,1.5787,1.5787,1.5787,0.0
2019-04-08,1.5823,1.5823,1.5823,1.5823,0.0
2019-04-09,1.5781,1.5781,1.5781,1.5781,0.0
2019-04-10,1.5785,1.5785,1.5785,1.5785,0.0
2019-04-11,1.576,1.576,1.576,1.576,0.0
2019-04-12,1.5771,1.5771,1.5771,1.5771,0.0
2019-04-15,1.5761,1.5761,1.5761,1.5761,0.0
2019-04-16,1.5767,1.5767,1.5767,1.5767,0.0
2019-04-17,1.5712,1.5712,1.5712,1.5712,0.0
2019-04-18,1.5719,1.5719,1.5719,1.5719,0.0
2019-04-23,1.5814,1.5814,1.5814,1.5814,0.0
2019-04-24,1.5922,1.5922,1.5922,1.5922,0.0
2019-04-25,1.5906,1.5906,1.5906,1.5906,0.0
2019-04-26,1.5824,1.5824,1.5824,1.5824,0.0
2019-04-29,1.5825,1.5825,1.5825,1.5825,0.0
2019-04-30,1.5911,1.5911,1.5911,1.5911,0.0
2019-05-02,1.597,1.597,1.597,1.597,0.0
2019-05-03,1.5943,1.5943,1.5943,1.5943,0.0
2019-05-06,1.6021,1.6021,1.6021,1.6021,0.0
2019-05-07,1.5944,1.5944,1.5944,1.5944,0.0
2019-05-08,1.5987,1.5987,1.5987,1.5987,0.0
2019-05-09,1.6046,1.6046,1.6046,1.6046,0.0
2019-05-10,1.6059,1.6059,1.6059,1.6059,0.0
2019-05-13,1.6142,1.6142,1.6142,1.6142,0.0
2019-05-14,1.6162,1.6162,1.6162,1.6162,0.0
2019-05-15,1.6166,1.6166,1.6166,1.6166,0.0
2019-05-16,1.6213,1.6213,1.6213,1.6213,0.0
2019-05-17,1.6239,1.6239,1.6239,1.6239,0.0
2019-05-20,1.6141,1.6141,1.6141,1.6141,0.0
2019-05-21,1.6223,1.6223,1.6223,1.6223,0.0
2019-05-22,1.6221,1.6221,1.6221,1.6221,0.0
2019-05-23,1.6199,1.6199,1.6199,1.6199,0.0
2019-05-24,1.6205,1.6205,1.6205,1.6205,0.0
2019-05-27,1.6168,1.6168,1.6168,1.6168,0.0
2019-05-28,1.6162,1.6162,1.6162,1.6162,0.0
2019-05-29,1.6116,1.6116,1.6116,1.6116,0.0
2019-05-30,1.6098,1.6098,1.6098,1.6098,0.0
2019-05-31,1.6136,1.6136,1.6136,1.6136,0.0
2019-06-03,1.6077,1.6077,1.6077,1.6077,0.0
2019-06-04,1.6116,1.6116,1.6116,1.6116,0.0
2019-06-05,1.6114,1.6114,1.6114,1.6114,0.0
2019-06-06,1.6132,1.6132,1.6132,1.6132,0.0
2019-06-07,1.6173,1.6173,1.6173,1.6173,0.0
2019-06-10,1.6235,1.6235,1.6235,1.6235,0.0
2019-06-11,1.6273,1.6273,1.6273,1.6273,0.0
2019-06-12,1.6292,1.6292,1.6292,1.6292,0.0
2019-06-13,1.6336,1.6336,1.6336,1.6336,0.0
2019-06-14,1.6324,1.6324,1.6324,1.6324,0.0
2019-06-17,1.6355,1.6355,1.6355,1.6355,0.0
2019-06-18,1.6349,1.6349,1.6349,1.6349,0.0
2019-06-19,1.6303,1.6303,1.6303,1.6303,0.0
2019-06-20,1.6323,1.6323,1.6323,1.6323,0.0
2019-06-21,1.6386,1.6386,1.6386,1.6386,0.0
2019-06-24,1.6385,1.6385,1.6385,1.6385,0.0
2019-06-25,1.6341,1.6341,1.6341,1.6341,0.0
2019-06-26,1.6277,1.6277,1.6277,1.6277,0.0
2019-06-27,1.6251,1.6251,1.6251,1.6251,0.0
2019-06-28,1.6244,1.6244,1.6244,1.6244,0.0
2019-07-01,1.6226,1.6226,1.6226,1.6226,0.0
2019-07-02,1.6155,1.6155,1.6155,1.6155,0.0
2019-07-03,1.6093,1.6093,1.6093,1.6093,0.0
2019-07-04,1.6076,1.6076,1.6076,1.6076,0.0
2019-07-05,1.6057,1.6057,1.6057,1.6057,0.0
2019-07-08,1.6058,1.6058,1.6058,1.6058,0.0
2019-07-09,1.6164,1.6164,1.6164,1.6164,0.0
2019-07-10,1.621,1.621,1.621,1.621,0.0
2019-07-11,1.6154,1.6154,1.6154,1.6154,0.0
2019-07-12,1.6102,1.6102,1.6102,1.6102,0.0
2019-07-15,1.6023,1.6023,1.6023,1.6023,0.0
2019-07-16,1.5955,1.5955,1.5955,1.5955,0.0
2019-07-17,1.6009,1.6009,1.6009,1.6009,0.0
2019-07-18,1.5944,1.5944,1.5944,1.5944,0.0
2019-07-19,1.5913,1.5913,1.5913,1.5913,0.0
2019-07-22,1.5912,1.5912,1.5912,1.5912,0.0
2019-07-23,1.5898,1.5898,1.5898,1.5898,0.0
2019-07-24,1.596,1.596,1.596,1.596,0.0
2019-07-25,1.5943,1.5943,1.5943,1.5943,0.0
2019-07-26,1.6082,1.6082,1.6082,1.6082,0.0
2019-07-29,1.611,1.611,1.611,1.611,0.0
2019-07-30,1.6189,1.6189,1.6189,1.6189,0.0
2019-07-31,1.6175,1.6175,1.6175,1.6175,0.0
2019-08-01,1.6135,1.6135,1.6135,1.6135,0.0
2019-08-02,1.6365,1.6365,1.6365,1.6365,0.0
2019-08-05,1.652,1.652,1.652,1.652,0.0
2019-08-06,1.6467,1.6467,1.6467,1.6467,0.0
2019-08-07,1.6628,1.6628,1.6628,1.6628,0.0
2019-08-08,1.6483,1.6483,1.6483,1.6483,0.0
2019-08-09,1.6452,1.6452,1.6452,1.6452,0.0
2019-08-12,1.6589,1.6589,1.6589,1.6589,0.0
2019-08-13,1.6589,1.6589,1.6589,1.6589,0.0
2019-08-14,1.6579,1.6579,1.6579,1.6579,0.0
2019-08-15,1.6442,1.6442,1.6442,1.6442,0.0
2019-08-16,1.632,1.632,1.632,1.632,0.0
2019-08-19,1.6376,1.6376,1.6376,1.6376,0.0
2019-08-20,1.6347,1.6347,1.6347,1.6347,0.0
2019-08-21,1.6337,1.6337,1.6337,1.6337,0.0
2019-08-22,1.638,1.638,1.638,1.638,0.0
2019-08-23,1.6396,1.6396,1.6396,1.6396,0.0
2019-08-26,1.643,1.643,1.643,1.643,0.0
2019-08-27,1.6412,1.6412,1.6412,1.6412,0.0
2019-08-28,1.6431,1.6431,1.6431,1.6431,0.0
2019-08-29,1.6402,1.6402,1.6402,1.6402,0.0
2019-08-30,1.6398,1.6398,1.6398,1.6398,0.0
2019-09-02,1.6338,1.6338,1.6338,1.6338,0.0
2019-09-03,1.6247,1.6247,1.6247,1.6247,0.0
2019-09-04,1.6225,1.6225,1.6225,1.6225,0.0
2019-09-05,1.621,1.621,1.621,1.621,0.0
2019-09-06,1.6135,1.6135,1.6135,1.6135,0.0
2019-09-09,1.6066,1.6066,1.6066,1.6066,0.0
2019-09-10,1.6103,1.6103,1.6103,1.6103,0.0
2019-09-11,1.6021,1.6021,1.6021,1.6021,0.0
2019-09-12,1.5943,1.5943,1.5943,1.5943,0.0
2019-09-13,1.6126,1.6126,1.6126,1.6126,0.0
2019-09-16,1.6054,1.6054,1.6054,1.6054,0.0
2019-09-17,1.6122,1.6122,1.6122,1.6122,0.0
2019-09-18,1.6149,1.6149,1.6149,1.6149,0.0
2019-09-19,1.6291,1.6291,1.6291,1.6291,0.0
2019-09-20,1.6243,1.6243,1.6243,1.6243,0.0
2019-09-23,1.6224,1.6224,1.6224,1.6224,0.0
2019-09-24,1.6189,1.6189,1.6189,1.6189,0.0
2019-09-25,1.6236,1.6236,1.6236,1.6236,0.0
2019-09-26,1.6162,1.6162,1.6162,1.6162,0.0
2019-09-27,1.6187,1.6187,1.6187,1.6187,0.0
2019-09-30,1.6126,1.6126,1.6126,1.6126,0.0
2019-10-01,1.6274,1.6274,1.6274,1.6274,0.0
2019-10-02,1.6351,1.6351,1.6351,1.6351,0.0
2019-10-03,1.6294,1.6294,1.6294,1.6294,0.0
2019-10-04,1.6247,1.6247,1.6247,1.6247,0.0
2019-10-07,1.6316,1.6316,1.6316,1.6316,0.0
2019-10-08,1.6286,1.6286,1.6286,1.6286,0.0
2019-10-09,1.6282,1.6282,1.6282,1.6282,0.0
2019-10-10,1.6307,1.6307,1.6307,1.6307,0.0
2019-10-11,1.6246,1.6246,1.6246,1.6246,0.0
2019-10-14,1.6325,1.6325,1.6325,1.6325,0.0
2019-10-15,1.6293,1.6293,1.6293,1.6293,0.0
2019-10-16,1.6394,1.6394,1.6394,1.6394,0.0
2019-10-17,1.6294,1.6294,1.6294,1.6294,0.0
2019-10-18,1.6278,1.6278,1.6278,1.6278,0.0
2019-10-21,1.624,1.624,1.624,1.624,0.0
2019-10-22,1.6237,1.6237,1.6237,1.6237,0.0
2019-10-23,1.6252,1.6252,1.6252,1.6252,0.0
2019-10-24,1.6273,1.6273,1.6273,1.6273,0.0
2019-10-25,1.627,1.627,1.627,1.627,0.0
2019-10-28,1.6245,1.6245,1.6245,1.6245,0.0
2019-10-29,1.6186,1.6186,1.6186,1.6186,0.0
2019-10-30,1.6199,1.6199,1.6199,1.6199,0.0
2019-10-31,1.6137,1.6137,1.6137,1.6137,0.0
2019-11-01,1.6151,1.6151,1.6151,1.6151,0.0
2019-11-04,1.6158,1.6158,1.6158,1.6158,0.0
2019-11-05,1.6079,1.6079,1.6079,1.6079,0.0
2019-11-06,1.607,1.607,1.607,1.607,0.0
2019-11-07,1.6059,1.6059,1.6059,1.6059,0.0
2019-11-08,1.6065,1.6065,1.6065,1.6065,0.0
2019-11-11,1.6105,1.6105,1.6105,1.6105,0.0
2019-11-12,1.6087,1.6087,1.6087,1.6087,0.0
2019-11-13,1.6127,1.6127,1.6127,1.6127,0.0
2019-11-14,1.6213,1.6213,1.6213,1.6213,0.0
2019-11-15,1.6221,1.6221,1.6221,1.6221,0.0
2019-11-18,1.6242,1.6242,1.6242,1.6242,0.0
2019-11-19,1.6234,1.6234,1.6234,1.6234,0.0
2019-11-20,1.6227,1.6227,1.6227,1.6227,0.0
2019-11-21,1.6282,1.6282,1.6282,1.6282,0.0
2019-11-22,1.6287,1.6287,1.6287,1.6287,0.0
2019-11-25,1.6232,1.6232,1.6232,1.6232,0.0
2019-11-26,1.6251,1.6251,1.6251,1.6251,0.0
2019-11-27,1.622,1.622,1.622,1.622,0.0
2019-11-28,1.6253,1.6253,1.6253,1.6253,0.0
2019-11-29,1.6228,1.6228,1.6228,1.6228,0.0
2019-12-02,1.624,1.624,1.624,1.624,0.0
2019-12-03,1.6186,1.6186,1.6186,1.6186,0.0
2019-12-04,1.6203,1.6203,1.6203,1.6203,0.0
2019-12-05,1.6251,1.6251,1.6251,1.6251,0.0
2019-12-06,1.619,1.619,1.619,1.619,0.0
2019-12-09,1.6228,1.6228,1.6228,1.6228,0.0
2019-12-10,1.6275,1.6275,1.6275,1.6275,0.0
2019-12-11,1.6194,1.6194,1.6194,1.6194,0.0
2019-12-12,1.6165,1.6165,1.6165,1.6165,0.0
2019-12-13,1.6159,1.6159,1.6159,1.6159,0.0
2019-12-16,1.6177,1.6177,1.6177,1.6177,0.0
2019-12-17,1.6294,1.6294,1.6294,1.6294,0.0
2019-12-18,1.6227,1.6227,1.6227,1.6227,0.0
2019-12-19,1.6188,1.6188,1.6188,1.6188,0.0
2019-12-20,1.6088,1.6088,1.6088,1.6088,0.0
2019-12-23,1.6008,1.6008,1.6008,1.6008,0.0
2019-12-24,1.6019,1.6019,1.6019,1.6019,0.0
2019-12-27,1.5996,1.5996,1.5996,1.5996,0.0
2019-12-30,1.5992,1.5992,1.5992,1.5992,0.0
2019-12-31,1.5995,1.5995,1.5995,1.5995,0.0
2020-01-02,1.6006,1.6006,1.6006,1.6006,0.0
2020-01-03,1.6031,1.6031,1.6031,1.6031,0.0
2020-01-06,1.6119,1.6119,1.6119,1.6119,0.0
2020-01-07,1.6251,1.6251,1.6251,1.6251,0.0
2020-01-08,1.6195,1.6195,1.6195,1.6195,0.0
2020-01-09,1.6193,1.6193,1.6193,1.6193,0.0
2020-01-10,1.6132,1.6132,1.6132,1.6132,0.0
2020-01-13,1.6117,1.6117,1.6117,1.6117,0.0
2020-01-14,1.611,1.611,1.611,1.611,0.0
2020-01-15,1.6188,1.6188,1.6188,1.6188,0.0
2020-01-16,1.6115,1.6115,1.6115,1.6115,0.0
2020-01-17,1.6122,1.6122,1.6122,1.6122,0.0
2020-01-20,1.6154,1.6154,1.6154,1.6154,0.0
2020-01-21,1.6177,1.6177,1.6177,1.6177,0.0
2020-01-22,1.6184,1.6184,1.6184,1.6184,0.0
2020-01-23,1.6149,1.6149,1.6149,1.6149,0.0
2020-01-24,1.6127,1.6127,1.6127,1.6127,0.0
2020-01-27,1.6291,1.6291,1.6291,1.6291,0.0
2020-01-28,1.629,1.629,1.629,1.629,0.0
2020-01-29,1.6299,1.6299,1.6299,1.6299,0.0
2020-01-30,1.6412,1.6412,1.6412,1.6412,0.0
2020-01-31,1.6494,1.6494,1.6494,1.6494,0.0
2020-02-03,1.6521,1.6521,1.6521,1.6521,0.0
2020-02-04,1.6439,1.6439,1.6439,1.6439,0.0
2020-02-05,1.6299,1.6299,1.6299,1.6299,0.0
2020-02-06,1.6282,1.6282,1.6282,1.6282,0.0
2020-02-07,1.6417,1.6417,1.6417,1.6417,0.0
2020-02-10,1.6373,1.6373,1.6373,1.6373,0.0
2020-02-11,1.626,1.626,1.626,1.626,0.0
2020-02-12,1.6175,1.6175,1.6175,1.6175,0.0
2020-02-13,1.6138,1.6138,1.6138,1.6138,0.0
2020-02-14,1.6151,1.6151,1.6151,1.6151,0.0
2020-02-17,1.6129,1.6129,1.6129,1.6129,0.0
2020-02-18,1.6195,1.6195,1.6195,1.6195,0.0
2020-02-19,1.6142,1.6142,1.6142,1.6142,0.0
2020-02-20,1.6294,1.6294,1.6294,1.6294,0.0
2020-02-21,1.6363,1.6363,1.6363,1.6363,0.0
2020-02-24,1.6384,1.6384,1.6384,1.6384,0.0
2020-02-25,1.6442,1.6442,1.6442,1.6442,0.0
2020-02-26,1.6565,1.6565,1.6565,1.6565,0.0
2020-02-27,1.6672,1.6672,1.6672,1.6672,0.0
2020-02-28,1.6875,1.6875,1.6875,1.6875,0.0
2020-03-02,1.6998,1.6998,1.6998,1.6998,0.0
2020-03-03,1.6911,1.6911,1.6911,1.6911,0.0
2020-03-04,1.6794,1.6794,1.6794,1.6794,0.0
2020-03-05,1.6917,1.6917,1.6917,1.6917,0.0
2020-03-06,1.7103,1.7103,1.7103,1.7103,0.0
2020-03-09,1.733,1.733,1.733,1.733,0.0
2020-03-10,1.7377,1.7377,1.7377,1.7377,0.0
2020-03-11,1.7389,1.7389,1.7389,1.7389,0.0
2020-03-12,1.7674,1.7674,1.7674,1.7674,0.0
2020-03-13,1.7684,1.7684,1.7684,1.7684,0.0
2020-03-16,1.8198,1.8198,1.8198,1.8198,0.0
2020-03-17,1.8287,1.8287,1.8287,1.8287,0.0
2020-03-18,1.8568,1.8568,1.8568,1.8568,0.0
2020-03-19,1.8635,1.8635,1.8635,1.8635,0.0
2020-03-20,1.8226,1.8226,1.8226,1.8226,0.0
2020-03-23,1.8586,1.8586,1.8586,1.8586,0.0
2020-03-24,1.8315,1.8315,1.8315,1.8315,0.0
2020-03-25,1.7993,1.7993,1.7993,1.7993,0.0
2020-03-26,1.8162,1.8162,1.8162,1.8162,0.0
2020-03-27,1.8209,1.8209,1.8209,1.8209,0.0
2020-03-30,1.8021,1.8021,1.8021,1.8021,0.0
2020-03-31,1.7967,1.7967,1.7967,1.7967,0.0
2020-04-01,1.8053,1.8053,1.8053,1.8053,0.0
2020-04-02,1.797,1.797,1.797,1.797,0.0
2020-04-03,1.8004,1.8004,1.8004,1.8004,0.0
2020-04-06,1.779,1.779,1.779,1.779,0.0
2020-04-07,1.7578,1.7578,1.7578,1.7578,0.0
2020-04-08,1.7596,1.7596,1.7596,1.7596,0.0
2020-04-09,1.7444,1.7444,1.7444,1.7444,0.0
2020-04-14,1.7139,1.7139,1.7139,1.7139,0.0
2020-04-15,1.7299,1.7299,1.7299,1.7299,0.0
2020-04-16,1.7266,1.7266,1.7266,1.7266,0.0
2020-04-17,1.7088,1.7088,1.7088,1.7088,0.0
2020-04-20,1.7085,1.7085,1.7085,1.7085,0.0
2020-04-21,1.7266,1.7266,1.7266,1.7266,0.0
2020-04-22,1.7199,1.7199,1.7199,1.7199,0.0
2020-04-23,1.6918,1.6918,1.6918,1.6918,0.0
2020-04-24,1.6943,1.6943,1.6943,1.6943,0.0
2020-04-27,1.6795,1.6795,1.6795,1.6795,0.0
2020-04-28,1.6734,1.6734,1.6734,1.6734,0.0
2020-04-29,1.6655,1.6655,1.6655,1.6655,0.0
2020-04-30,1.6598,1.6598,1.6598,1.6598,0.0
2020-05-04,1.7022,1.7022,1.7022,1.7022,0.0
2020-05-05,1.6825,1.6825,1.6825,1.6825,0.0
2020-05-06,1.7046,1.7046,1.7046,1.7046,0.0
2020-05-07,1.6704,1.6704,1.6704,1.6704,0.0
2020-05-08,1.6613,1.6613,1.6613,1.6613,0.0
2020-05-11,1.6709,1.6709,1.6709,1.6709,0.0
2020-05-12,1.6625,1.6625,1.6625,1.6625,0.0
2020-05-13,1.6687,1.6687,1.6687,1.6687,0.0
2020-05-14,1.6805,1.6805,1.6805,1.6805,0.0
2020-05-15,1.6805,1.6805,1.6805,1.6805,0.0
2020-05-18,1.6736,1.6736,1.6736,1.6736,0.0
2020-05-19,1.6751,1.6751,1.6751,1.6751,0.0
2020-05-20,1.6653,1.6653,1.6653,1.6653,0.0
2020-05-21,1.671,1.671,1.671,1.671,0.0
2020-05-22,1.6694,1.6694,1.6694,1.6694,0.0
2020-05-25,1.6678,1.6678,1.6678,1.6678,0.0
2020-05-26,1.6539,1.6539,1.6539,1.6539,0.0
2020-05-27,1.6565,1.6565,1.6565,1.6565,0.0
2020-05-28,1.6624,1.6624,1.6624,1.6624,0.0
2020-05-29,1.6681,1.6681,1.6681,1.6681,0.0
2020-06-01,1.6488,1.6488,1.6488,1.6488,0.0
2020-06-02,1.631,1.631,1.631,1.631,0.0
2020-06-03,1.628,1.628,1.628,1.628,0.0
2020-06-04,1.6276,1.6276,1.6276,1.6276,0.0
2020-06-05,1.6227,1.6227,1.6227,1.6227,0.0
2020-06-08,1.6156,1.6156,1.6156,1.6156,0.0
2020-06-09,1.6267,1.6267,1.6267,1.6267,0.0
2020-06-10,1.622,1.622,1.622,1.622,0.0
2020-06-11,1.6421,1.6421,1.6421,1.6421,0.0
2020-06-12,1.6447,1.6447,1.6447,1.6447,0.0
2020-06-15,1.6476,1.6476,1.6476,1.6476,0.0
2020-06-16,1.6324,1.6324,1.6324,1.6324,0.0
2020-06-17,1.6292,1.6292,1.6292,1.6292,0.0
2020-06-18,1.6356,1.6356,1.6356,1.6356,0.0
2020-06-19,1.6261,1.6261,1.6261,1.6261,0.0
2020-06-22,1.6292,1.6292,1.6292,1.6292,0.0
2020-06-23,1.6272,1.6272,1.6272,1.6272,0.0
2020-06-24,1.6342,1.6342,1.6342,1.6342,0.0
2020-06-25,1.6321,1.6321,1.6321,1.6321,0.0
2020-06-26,1.6313,1.6313,1.6313,1.6313,0.0
2020-06-29,1.6406,1.6406,1.6406,1.6406,0.0
2020-06-30,1.6344,1.6344,1.6344,1.6344,0.0
2020-07-01,1.6268,1.6268,1.6268,1.6268,0.0
2020-07-02,1.6296,1.6296,1.6296,1.6296,0.0
2020-07-03,1.6175,1.6175,1.6175,1.6175,0.0
2020-07-06,1.623,1.623,1.623,1.623,0.0
2020-07-07,1.6261,1.6261,1.6261,1.6261,0.0
2020-07-08,1.6242,1.6242,1.6242,1.6242,0.0
2020-07-09,1.6239,1.6239,1.6239,1.6239,0.0
2020-07-10,1.6247,1.6247,1.6247,1.6247,0.0
2020-07-13,1.6248,1.6248,1.6248,1.6248,0.0
2020-07-14,1.6348,1.6348,1.6348,1.6348,0.0
2020-07-15,1.6293,1.6293,1.6293,1.6293,0.0
2020-07-16,1.6338,1.6338,1.6338,1.6338,0.0
2020-07-17,1.636,1.636,1.636,1.636,0.0
2020-07-20,1.6359,1.6359,1.6359,1.6359,0.0
2020-07-21,1.6154,1.6154,1.6154,1.6154,0.0
2020-07-22,1.6139,1.6139,1.6139,1.6139,0.0
2020-07-23,1.6246,1.6246,1.6246,1.6246,0.0
2020-07-24,1.6376,1.6376,1.6376,1.6376,0.0
2020-07-27,1.6472,1.6472,1.6472,1.6472,0.0
2020-07-28,1.6412,1.6412,1.6412,1.6412,0.0
2020-07-29,1.6348,1.6348,1.6348,1.6348,0.0
2020-07-30,1.6446,1.6446,1.6446,1.6446,0.0
2020-07-31,1.6488,1.6488,1.6488,1.6488,0.0
2020-08-03,1.6508,1.6508,1.6508,1.6508,0.0
2020-08-04,1.6495,1.6495,1.6495,1.6495,0.0
2020-08-05,1.6415,1.6415,1.6415,1.6415,0.0
2020-08-06,1.6492,1.6492,1.6492,1.6492,0.0
2020-08-07,1.6403,1.6403,1.6403,1.6403,0.0
2020-08-10,1.6445,1.6445,1.6445,1.6445,0.0
2020-08-11,1.6406,1.6406,1.6406,1.6406,0.0
2020-08-12,1.6514,1.6514,1.6514,1.6514,0.0
2020-08-13,1.6522,1.6522,1.6522,1.6522,0.0
2020-08-14,1.6525,1.6525,1.6525,1.6525,0.0
2020-08-17,1.6485,1.6485,1.6485,1.6485,0.0
2020-08-18,1.6447,1.6447,1.6447,1.6447,0.0
2020-08-19,1.6428,1.6428,1.6428,1.6428,0.0
2020-08-20,1.6544,1.6544,1.6544,1.6544,0.0
2020-08-21,1.6442,1.6442,1.6442,1.6442,0.0
2020-08-24,1.6454,1.6454,1.6454,1.6454,0.0
2020-08-25,1.6472,1.6472,1.6472,1.6472,0.0
2020-08-26,1.6371,1.6371,1.6371,1.6371,0.0
2020-08-27,1.6291,1.6291,1.6291,1.6291,0.0
2020-08-28,1.6216,1.6216,1.6216,1.6216,0.0
2020-08-31,1.6214,1.6214,1.6214,1.6214,0.0
2020-09-01,1.6242,1.6242,1.6242,1.6242,0.0
2020-09-02,1.6171,1.6171,1.6171,1.6171,0.0
2020-09-03,1.6219,1.6219,1.6219,1.6219,0.0
2020-09-04,1.6291,1.6291,1.6291,1.6291,0.0
2020-09-07,1.6232,1.6232,1.6232,1.6232,0.0
2020-09-08,1.6286,1.6286,1.6286,1.6286,0.0
2020-09-09,1.6264,1.6264,1.6264,1.6264,0.0
2020-09-10,1.6282,1.6282,1.6282,1.6282,0.0
2020-09-11,1.6244,1.6244,1.6244,1.6244,0.0
2020-09-14,1.6327,1.6327,1.6327,1.6327,0.0
2020-09-15,1.6219,1.6219,1.6219,1.6219,0.0
2020-09-16,1.6174,1.6174,1.6174,1.6174,0.0
2020-09-17,1.6152,1.6152,1.6152,1.6152,0.0
2020-09-18,1.6242,1.6242,1.6242,1.6242,0.0
2020-09-21,1.624,1.624,1.624,1.624,0.0
2020-09-22,1.6288,1.6288,1.6288,1.6288,0.0
2020-09-23,1.6439,1.6439,1.6439,1.6439,0.0
2020-09-24,1.6539,1.6539,1.6539,1.6539,0.0
2020-09-25,1.6548,1.6548,1.6548,1.6548,0.0
2020-09-28,1.6513,1.6513,1.6513,1.6513,0.0
2020-09-29,1.6412,1.6412,1.6412,1.6412,0.0
2020-09-30,1.6438,1.6438,1.6438,1.6438,0.0
2020-10-01,1.6319,1.6319,1.6319,1.6319,0.0
2020-10-02,1.6372,1.6372,1.6372,1.6372,0.0
2020-10-05,1.6379,1.6379,1.6379,1.6379,0.0
2020-10-06,1.6472,1.6472,1.6472,1.6472,0.0
2020-10-07,1.65,1.65,1.65,1.65,0.0
2020-10-08,1.6421,1.6421,1.6421,1.6421,0.0
2020-10-09,1.6405,1.6405,1.6405,1.6405,0.0
2020-10-12,1.6357,1.6357,1.6357,1.6357,0.0
2020-10-13,1.6403,1.6403,1.6403,1.6403,0.0
2020-10-14,1.6378,1.6378,1.6378,1.6378,0.0
2020-10-15,1.6554,1.6554,1.6554,1.6554,0.0
2020-10-16,1.6555,1.6555,1.6555,1.6555,0.0
2020-10-19,1.6575,1.6575,1.6575,1.6575,0.0
2020-10-20,1.6801,1.6801,1.6801,1.6801,0.0
2020-10-21,1.6733,1.6733,1.6733,1.6733,0.0
2020-10-22,1.6644,1.6644,1.6644,1.6644,0.0
2020-10-23,1.6578,1.6578,1.6578,1.6578,0.0
2020-10-26,1.6592,1.6592,1.6592,1.6592,0.0
2020-10-27,1.6585,1.6585,1.6585,1.6585,0.0
2020-10-28,1.6603,1.6603,1.6603,1.6603,0.0
2020-10-29,1.6673,1.6673,1.6673,1.6673,0.0
2020-10-30,1.6563,1.6563,1.6563,1.6563,0.0
2020-11-02,1.6533,1.6533,1.6533,1.6533,0.0
2020-11-03,1.6406,1.6406,1.6406,1.6406,0.0
2020-11-04,1.6346,1.6346,1.6346,1.6346,0.0
2020-11-05,1.6356,1.6356,1.6356,1.6356,0.0
2020-11-06,1.6359,1.6359,1.6359,1.6359,0.0
2020-11-09,1.6234,1.6234,1.6234,1.6234,0.0
2020-11-10,1.6237,1.6237,1.6237,1.6237,0.0
2020-11-11,1.6172,1.6172,1.6172,1.6172,0.0
2020-11-12,1.6263,1.6263,1.6263,1.6263,0.0
2020-11-13,1.63,1.63,1.63,1.63,0.0
2020-11-16,1.6226,1.6226,1.6226,1.6226,0.0
2020-11-17,1.6236,1.6236,1.6236,1.6236,0.0
2020-11-18,1.6226,1.6226,1.6226,1.6226,0.0
2020-11-19,1.6272,1.6272,1.6272,1.6272,0.0
2020-11-20,1.6227,1.6227,1.6227,1.6227,0.0
2020-11-23,1.6233,1.6233,1.6233,1.6233,0.0
2020-11-24,1.6175,1.6175,1.6175,1.6175,0.0
2020-11-25,1.619,1.619,1.619,1.619,0.0
2020-11-26,1.6163,1.6163,1.6163,1.6163,0.0
2020-11-27,1.6182,1.6182,1.6182,1.6182,0.0
2020-11-30,1.6246,1.6246,1.6246,1.6246,0.0
2020-12-01,1.6274,1.6274,1.6274,1.6274,0.0
2020-12-02,1.6384,1.6384,1.6384,1.6384,0.0
2020-12-03,1.6361,1.6361,1.6361,1.6361,0.0
2020-12-04,1.6387,1.6387,1.6387,1.6387,0.0
2020-12-07,1.6374,1.6374,1.6374,1.6374,0.0
2020-12-08,1.6334,1.6334,1.6334,1.6334,0.0
2020-12-09,1.6185,1.6185,1.6185,1.6185,0.0
2020-12-10,1.6161,1.6161,1.6161,1.6161,0.0
2020-12-11,1.609,1.609,1.609,1.609,0.0
2020-12-14,1.6064,1.6064,1.6064,1.6064,0.0
2020-12-15,1.6113,1.6113,1.6113,1.6113,0.0
2020-12-16,1.6103,1.6103,1.6103,1.6103,0.0
2020-12-17,1.6052,1.6052,1.6052,1.6052,0.0
2020-12-18,1.6107,1.6107,1.6107,1.6107,0.0
2020-12-21,1.62,1.62,1.62,1.62,0.0
2020-12-22,1.6191,1.6191,1.6191,1.6191,0.0
2020-12-23,1.6118,1.6118,1.6118,1.6118,0.0
2020-12-24,1.6039,1.6039,1.6039,1.6039,0.0
2020-12-28,1.6083,1.6083,1.6083,1.6083,0.0
2020-12-29,1.6121,1.6121,1.6121,1.6121,0.0
2020-12-30,1.6025,1.6025,1.6025,1.6025,0.0
2020-12-31,1.5896,1.5896,1.5896,1.5896,0.0
2021-01-04,1.5928,1.5928,1.5928,1.5928,0.0
2021-01-05,1.5927,1.5927,1.5927,1.5927,0.0
2021-01-06,1.5824,1.5824,1.5824,1.5824,0.0
2021-01-07,1.5836,1.5836,1.5836,1.5836,0.0
2021-01-08,1.5758,1.5758,1.5758,1.5758,0.0
2021-01-11,1.5783,1.5783,1.5783,1.5783,0.0
2021-01-12,1.5742,1.5742,1.5742,1.5742,0.0
2021-01-13,1.5734,1.5734,1.5734,1.5734,0.0
2021-01-14,1.5642,1.5642,1.5642,1.5642,0.0
2021-01-15,1.568,1.568,1.568,1.568,0.0
2021-01-18,1.5721,1.5721,1.5721,1.5721,0.0
2021-01-19,1.5723,1.5723,1.5723,1.5723,0.0
2021-01-20,1.5666,1.5666,1.5666,1.5666,0.0
2021-01-21,1.5635,1.5635,1.5635,1.5635,0.0
2021-01-22,1.577,1.577,1.577,1.577,0.0
2021-01-25,1.5728,1.5728,1.5728,1.5728,0.0
2021-01-26,1.5709,1.5709,1.5709,1.5709,0.0
2021-01-27,1.5744,1.5744,1.5744,1.5744,0.0
2021-01-28,1.5914,1.5914,1.5914,1.5914,0.0
2021-01-29,1.5819,1.5819,1.5819,1.5819,0.0
2021-02-01,1.5831,1.5831,1.5831,1.5831,0.0
2021-02-02,1.5847,1.5847,1.5847,1.5847,0.0
2021-02-03,1.5781,1.5781,1.5781,1.5781,0.0
2021-02-04,1.5727,1.5727,1.5727,1.5727,0.0
2021-02-05,1.5761,1.5761,1.5761,1.5761,0.0
2021-02-08,1.5693,1.5693,1.5693,1.5693,0.0
2021-02-09,1.5681,1.5681,1.5681,1.5681,0.0
2021-02-10,1.5682,1.5682,1.5682,1.5682,0.0
2021-02-11,1.5638,1.5638,1.5638,1.5638,0.0
2021-02-12,1.5666,1.5666,1.5666,1.5666,0.0
2021-02-15,1.5602,1.5602,1.5602,1.5602,0.0
2021-02-16,1.5613,1.5613,1.5613,1.5613,0.0
2021-02-17,1.5573,1.5573,1.5573,1.5573,0.0
2021-02-18,1.5518,1.5518,1.5518,1.5518,0.0
2021-02-19,1.5445,1.5445,1.5445,1.5445,0.0
2021-02-22,1.5392,1.5392,1.5392,1.5392,0.0
2021-02-23,1.5378,1.5378,1.5378,1.5378,0.0
2021-02-24,1.5347,1.5347,1.5347,1.5347,0.0
2021-02-25,1.5317,1.5317,1.5317,1.5317,0.0
2021-02-26,1.5605,1.5605,1.5605,1.5605,0.0
2021-03-01,1.557,1.557,1.557,1.557,0.0
2021-03-02,1.5422,1.5422,1.5422,1.5422,0.0
2021-03-03,1.5455,1.5455,1.5455,1.5455,0.0
2021-03-04,1.5449,1.5449,1.5449,1.5449,0.0
2021-03-05,1.5565,1.5565,1.5565,1.5565,0.0
2021-03-08,1.5499,1.5499,1.5499,1.5499,0.0
2021-03-09,1.544,1.544,1.544,1.544,0.0
2021-03-10,1.543,1.543,1.543,1.543,0.0
2021-03-11,1.5384,1.5384,1.5384,1.5384,0.0
2021-03-12,1.5394,1.5394,1.5394,1.5394,0.0
2021-03-15,1.5419,1.5419,1.5419,1.5419,0.0
2021-03-16,1.539,1.539,1.539,1.539,0.0
2021-03-17,1.5427,1.5427,1.5427,1.5427,0.0
2021-03-18,1.5347,1.5347,1.5347,1.5347,0.0
2021-03-19,1.5365,1.5365,1.5365,1.5365,0.0
2021-03-22,1.54,1.54,1.54,1.54,0.0
2021-03-23,1.5491,1.5491,1.5491,1.5491,0.0
2021-03-24,1.5532,1.5532,1.5532,1.5532,0.0
2021-03-25,1.5548,1.5548,1.5548,1.5548,0.0
2021-03-26,1.5459,1.5459,1.5459,1.5459,0.0
2021-03-29,1.5398,1.5398,1.5398,1.5398,0.0
2021-03-30,1.5419,1.5419,1.5419,1.5419,0.0
2021-03-31,1.5412,1.5412,1.5412,1.5412,0.0
2021-04-01,1.55,1.55,1.55,1.55,0.0
2021-04-06,1.5482,1.5482,1.5482,1.5482,0.0
2021-04-07,1.5581,1.5581,1.5581,1.5581,0.0
2021-04-08,1.5539,1.5539,1.5539,1.5539,0.0
2021-04-09,1.5579,1.5579,1.5579,1.5579,0.0
2021-04-12,1.5613,1.5613,1.5613,1.5613,0.0
2021-04-13,1.5652,1.5652,1.5652,1.5652,0.0
2021-04-14,1.5561,1.5561,1.5561,1.5561,0.0
2021-04-15,1.5448,1.5448,1.5448,1.5448,0.0
2021-04-16,1.5459,1.5459,1.5459,1.5459,0.0
2021-04-19,1.5491,1.5491,1.5491,1.5491,0.0
2021-04-20,1.5492,1.5492,1.5492,1.5492,0.0
2021-04-21,1.5554,1.5554,1.5554,1.5554,0.0
2021-04-22,1.5581,1.5581,1.5581,1.5581,0.0
2021-04-23,1.559,1.559,1.559,1.559,0.0
2021-04-26,1.5518,1.5518,1.5518,1.5518,0.0
2021-04-27,1.5533,1.5533,1.5533,1.5533,0.0
2021-04-28,1.5576,1.5576,1.5576,1.5576,0.0
2021-04-29,1.5554,1.5554,1.5554,1.5554,0.0
2021-04-30,1.5581,1.5581,1.5581,1.5581,0.0
2021-05-03,1.5573,1.5573,1.5573,1.5573,0.0
2021-05-04,1.5608,1.5608,1.5608,1.5608,0.0
2021-05-05,1.551,1.551,1.551,1.551,0.0
2021-05-06,1.5547,1.5547,1.5547,1.5547,0.0
2021-05-07,1.5523,1.5523,1.5523,1.5523,0.0
2021-05-10,1.5433,1.5433,1.5433,1.5433,0.0
2021-05-11,1.5509,1.5509,1.5509,1.5509,0.0
2021-05-12,1.5526,1.5526,1.5526,1.5526,0.0
2021-05-13,1.5673,1.5673,1.5673,1.5673,0.0
2021-05-14,1.5634,1.5634,1.5634,1.5634,0.0
2021-05-17,1.5683,1.5683,1.5683,1.5683,0.0
2021-05-18,1.5652,1.5652,1.5652,1.5652,0.0
2021-05-19,1.5765,1.5765,1.5765,1.5765,0.0
2021-05-20,1.5736,1.5736,1.5736,1.5736,0.0
2021-05-21,1.5698,1.5698,1.5698,1.5698,0.0
2021-05-24,1.5804,1.5804,1.5804,1.5804,0.0
2021-05-25,1.5785,1.5785,1.5785,1.5785,0.0
2021-05-26,1.5732,1.5732,1.5732,1.5732,0.0
2021-05-27,1.5753,1.5753,1.5753,1.5753,0.0
2021-05-28,1.5796,1.5796,1.5796,1.5796,0.0
2021-05-31,1.5775,1.5775,1.5775,1.5775,0.0
2021-06-01,1.5793,1.5793,1.5793,1.5793,0.0
2021-06-02,1.5756,1.5756,1.5756,1.5756,0.0
2021-06-03,1.5792,1.5792,1.5792,1.5792,0.0
2021-06-04,1.5804,1.5804,1.5804,1.5804,0.0
2021-06-07,1.5678,1.5678,1.5678,1.5678,0.0
2021-06-08,1.5718,1.5718,1.5718,1.5718,0.0
2021-06-09,1.5731,1.5731,1.5731,1.5731,0.0
2021-06-10,1.5731,1.5731,1.5731,1.5731,0.0
2021-06-11,1.5687,1.5687,1.5687,1.5687,0.0
2021-06-14,1.5696,1.5696,1.5696,1.5696,0.0
2021-06-15,1.5742,1.5742,1.5742,1.5742,0.0
2021-06-16,1.5719,1.5719,1.5719,1.5719,0.0
2021-06-17,1.5763,1.5763,1.5763,1.5763,0.0
2021-06-18,1.5832,1.5832,1.5832,1.5832,0.0
2021-06-21,1.5821,1.5821,1.5821,1.5821,0.0
2021-06-22,1.5818,1.5818,1.5818,1.5818,0.0
2021-06-23,1.5762,1.5762,1.5762,1.5762,0.0
2021-06-24,1.5756,1.5756,1.5756,1.5756,0.0
2021-06-25,1.5726,1.5726,1.5726,1.5726,0.0
2021-06-28,1.5753,1.5753,1.5753,1.5753,0.0
2021-06-29,1.5811,1.5811,1.5811,1.5811,0.0
2021-06-30,1.5853,1.5853,1.5853,1.5853,0.0
2021-07-01,1.5836,1.5836,1.5836,1.5836,0.0
2021-07-02,1.5836,1.5836,1.5836,1.5836,0.0
2021-07-05,1.576,1.576,1.576,1.576,0.0
2021-07-06,1.5633,1.5633,1.5633,1.5633,0.0
2021-07-07,1.5711,1.5711,1.5711,1.5711,0.0
2021-07-08,1.5957,1.5957,1.5957,1.5957,0.0
2021-07-09,1.5868,1.5868,1.5868,1.5868,0.0
2021-07-12,1.5888,1.5888,1.5888,1.5888,0.0
2021-07-13,1.584,1.584,1.584,1.584,0.0
2021-07-14,1.5817,1.5817,1.5817,1.5817,0.0
2021-07-15,1.5876,1.5876,1.5876,1.5876,0.0
2021-07-16,1.5907,1.5907,1.5907,1.5907,0.0
2021-07-19,1.6043,1.6043,1.6043,1.6043,0.0
2021-07-20,1.6082,1.6082,1.6082,1.6082,0.0
2021-07-21,1.6089,1.6089,1.6089,1.6089,0.0
2021-07-22,1.5959,1.5959,1.5959,1.5959,0.0
2021-07-23,1.5944,1.5944,1.5944,1.5944,0.0
2021-07-26,1.601,1.601,1.601,1.601,0.0
2021-07-27,1.6029,1.6029,1.6029,1.6029,0.0
2021-07-28,1.6081,1.6081,1.6081,1.6081,0.0
2021-07-29,1.6062,1.6062,1.6062,1.6062,0.0
2021-07-30,1.6133,1.6133,1.6133,1.6133,0.0
2021-08-02,1.6141,1.6141,1.6141,1.6141,0.0
2021-08-03,1.6086,1.6086,1.6086,1.6086,0.0
2021-08-04,1.6002,1.6002,1.6002,1.6002,0.0
2021-08-05,1.599,1.599,1.599,1.599,0.0
2021-08-06,1.5968,1.5968,1.5968,1.5968,0.0
2021-08-09,1.6002,1.6002,1.6002,1.6002,0.0
2021-08-10,1.5965,1.5965,1.5965,1.5965,0.0
2021-08-11,1.5958,1.5958,1.5958,1.5958,0.0
2021-08-12,1.5963,1.5963,1.5963,1.5963,0.0
2021-08-13,1.6006,1.6006,1.6006,1.6006,0.0
2021-08-16,1.6059,1.6059,1.6059,1.6059,0.0
2021-08-17,1.6138,1.6138,1.6138,1.6138,0.0
2021-08-18,1.617,1.617,1.617,1.617,0.0
2021-08-19,1.6319,1.6319,1.6319,1.6319,0.0
2021-08-20,1.6373,1.6373,1.6373,1.6373,0.0
2021-08-23,1.6311,1.6311,1.6311,1.6311,0.0
2021-08-24,1.6203,1.6203,1.6203,1.6203,0.0
2021-08-25,1.6191,1.6191,1.6191,1.6191,0.0
2021-08-26,1.6206,1.6206,1.6206,1.6206,0.0
2021-08-27,1.622,1.622,1.622,1.622,0.0
2021-08-30,1.6167,1.6167,1.6167,1.6167,0.0
2021-08-31,1.6156,1.6156,1.6156,1.6156,0.0
2021-09-01,1.6088,1.6088,1.6088,1.6088,0.0
2021-09-02,1.6038,1.6038,1.6038,1.6038,0.0
2021-09-03,1.5961,1.5961,1.5961,1.5961,0.0
2021-09-06,1.5952,1.5952,1.5952,1.5952,0.0
2021-09-07,1.6044,1.6044,1.6044,1.6044,0.0
2021-09-08,1.6027,1.6027,1.6027,1.6027,0.0
2021-09-09,1.6035,1.6035,1.6035,1.6035,0.0
2021-09-10,1.5986,1.5986,1.5986,1.5986,0.0
2021-09-13,1.6015,1.6015,1.6015,1.6015,0.0
2021-09-14,1.6114,1.6114,1.6114,1.6114,0.0
2021-09-15,1.6153,1.6153,1.6153,1.6153,0.0
2021-09-16,1.6077,1.6077,1.6077,1.6077,0.0
2021-09-17,1.6111,1.6111,1.6111,1.6111,0.0
2021-09-20,1.6201,1.6201,1.6201,1.6201,0.0
2021-09-21,1.62,1.62,1.62,1.62,0.0
2021-09-22,1.6178,1.6178,1.6178,1.6178,0.0
2021-09-23,1.611,1.611,1.611,1.611,0.0
2021-09-24,1.6165,1.6165,1.6165,1.6165,0.0
2021-09-27,1.6129,1.6129,1.6129,1.6129,0.0
2021-09-28,1.6115,1.6115,1.6115,1.6115,0.0
2021-09-29,1.6112,1.6112,1.6112,1.6112,0.0
2021-09-30,1.6095,1.6095,1.6095,1.6095,0.0
2021-10-01,1.5985,1.5985,1.5985,1.5985,0.0
2021-10-04,1.5957,1.5957,1.5957,1.5957,0.0
2021-10-05,1.5937,1.5937,1.5937,1.5937,0.0
2021-10-06,1.5913,1.5913,1.5913,1.5913,0.0
2021-10-07,1.5839,1.5839,1.5839,1.5839,0.0
2021-10-08,1.5837,1.5837,1.5837,1.5837,0.0
2021-10-11,1.5751,1.5751,1.5751,1.5751,0.0
2021-10-12,1.566,1.566,1.566,1.566,0.0
2021-10-13,1.5722,1.5722,1.5722,1.5722,0.0
2021-10-14,1.5644,1.5644,1.5644,1.5644,0.0
2021-10-15,1.564,1.564,1.564,1.564,0.0
2021-10-18,1.5707,1.5707,1.5707,1.5707,0.0
2021-10-19,1.5601,1.5601,1.5601,1.5601,0.0
2021-10-20,1.5528,1.5528,1.5528,1.5528,0.0
2021-10-21,1.5528,1.5528,1.5528,1.5528,0.0
2021-10-22,1.551,1.551,1.551,1.551,0.0
2021-10-25,1.5505,1.5505,1.5505,1.5505,0.0
2021-10-26,1.5465,1.5465,1.5465,1.5465,0.0
2021-10-27,1.5458,1.5458,1.5458,1.5458,0.0
2021-10-28,1.5411,1.5411,1.5411,1.5411,0.0
2021-10-29,1.5455,1.5455,1.5455,1.5455,0.0
2021-11-01,1.54,1.54,1.54,1.54,0.0
2021-11-02,1.5544,1.5544,1.5544,1.5544,0.0
2021-11-03,1.5574,1.5574,1.5574,1.5574,0.0
2021-11-04,1.5602,1.5602,1.5602,1.5602,0.0
2021-11-05,1.5594,1.5594,1.5594,1.5594,0.0
2021-11-08,1.5621,1.5621,1.5621,1.5621,0.0
2021-11-09,1.5642,1.5642,1.5642,1.5642,0.0
2021-11-10,1.5697,1.5697,1.5697,1.5697,0.0
2021-11-11,1.5699,1.5699,1.5699,1.5699,0.0
2021-11-12,1.569,1.569,1.569,1.569,0.0
2021-11-15,1.5537,1.5537,1.5537,1.5537,0.0
2021-11-16,1.549,1.549,1.549,1.549,0.0
2021-11-17,1.5521,1.5521,1.5521,1.5521,0.0
2021-11-18,1.558,1.558,1.558,1.558,0.0
2021-11-19,1.5581,1.5581,1.5581,1.5581,0.0
2021-11-22,1.5532,1.5532,1.5532,1.5532,0.0
2021-11-23,1.5581,1.5581,1.5581,1.5581,0.0
2021-11-24,1.5549,1.5549,1.5549,1.5549,0.0
2021-11-25,1.5627,1.5627,1.5627,1.5627,0.0
2021-11-26,1.5795,1.5795,1.5795,1.5795,0.0
2021-11-29,1.5782,1.5782,1.5782,1.5782,0.0
2021-11-30,1.5898,1.5898,1.5898,1.5898,0.0
2021-12-01,1.5849,1.5849,1.5849,1.5849,0.0
2021-12-02,1.5975,1.5975,1.5975,1.5975,0.0
2021-12-03,1.5999,1.5999,1.5999,1.5999,0.0
2021-12-06,1.6034,1.6034,1.6034,1.6034,0.0
2021-12-07,1.5836,1.5836,1.5836,1.5836,0.0
2021-12-08,1.5841,1.5841,1.5841,1.5841,0.0
2021-12-09,1.584,1.584,1.584,1.584,0.0
2021-12-10,1.5765,1.5765,1.5765,1.5765,0.0
2021-12-13,1.5795,1.5795,1.5795,1.5795,0.0
2021-12-14,1.5866,1.5866,1.5866,1.5866,0.0
2021-12-15,1.5763,1.5763,1.5763,1.5763,0.0
2021-12-16,1.5714,1.5714,1.5714,1.5714,0.0
2021-12-17,1.5815,1.5815,1.5815,1.5815,0.0
2021-12-20,1.5855,1.5855,1.5855,1.5855,0.0
2021-12-21,1.584,1.584,1.584,1.584,0.0
2021-12-22,1.5758,1.5758,1.5758,1.5758,0.0
2021-12-23,1.5639,1.5639,1.5639,1.5639,0.0
2021-12-24,1.5645,1.5645,1.5645,1.5645,0.0
2021-12-27,1.5685,1.5685,1.5685,1.5685,0.0
2021-12-28,1.5603,1.5603,1.5603,1.5603,0.0
2021-12-29,1.5638,1.5638,1.5638,1.5638,0.0
2021-12-30,1.5594,1.5594,1.5594,1.5594,0.0
2021-12-31,1.5615,1.5615,1.5615,1.5615,0.0
2022-01-03,1.5691,1.5691,1.5691,1.5691,0.0
2022-01-04,1.5682,1.5682,1.5682,1.5682,0.0
2022-01-05,1.56,1.56,1.56,1.56,0.0
2022-01-06,1.5778,1.5778,1.5778,1.5778,0.0
2022-01-07,1.5804,1.5804,1.5804,1.5804,0.0
2022-01-10,1.5774,1.5774,1.5774,1.5774,0.0
2022-01-11,1.5804,1.5804,1.5804,1.5804,0.0
2022-01-12,1.5762,1.5762,1.5762,1.5762,0.0
2022-01-13,1.5709,1.5709,1.5709,1.5709,0.0
2022-01-14,1.5803,1.5803,1.5803,1.5803,0.0
2022-01-17,1.5811,1.5811,1.5811,1.5811,0.0
2022-01-18,1.5833,1.5833,1.5833,1.5833,0.0
2022-01-19,1.5709,1.5709,1.5709,1.5709,0.0
2022-01-20,1.5662,1.5662,1.5662,1.5662,0.0
2022-01-21,1.5774,1.5774,1.5774,1.5774,0.0
2022-01-24,1.5866,1.5866,1.5866,1.5866,0.0
2022-01-25,1.5814,1.5814,1.5814,1.5814,0.0
2022-01-26,1.5727,1.5727,1.5727,1.5727,0.0
2022-01-27,1.5771,1.5771,1.5771,1.5771,0.0
2022-01-28,1.5971,1.5971,1.5971,1.5971,0.0
2022-01-31,1.582,1.582,1.582,1.582,0.0
2022-02-01,1.5868,1.5868,1.5868,1.5868,0.0
2022-02-02,1.5828,1.5828,1.5828,1.5828,0.0
2022-02-03,1.5849,1.5849,1.5849,1.5849,0.0
2022-02-04,1.6165,1.6165,1.6165,1.6165,0.0
2022-02-07,1.6097,1.6097,1.6097,1.6097,0.0
2022-02-08,1.6025,1.6025,1.6025,1.6025,0.0
2022-02-09,1.5933,1.5933,1.5933,1.5933,0.0
2022-02-10,1.5894,1.5894,1.5894,1.5894,0.0
2022-02-11,1.5927,1.5927,1.5927,1.5927,0.0
2022-02-14,1.5902,1.5902,1.5902,1.5902,0.0
2022-02-15,1.5888,1.5888,1.5888,1.5888,0.0
2022-02-16,1.5859,1.5859,1.5859,1.5859,0.0
2022-02-17,1.5786,1.5786,1.5786,1.5786,0.0
2022-02-18,1.5754,1.5754,1.5754,1.5754,0.0
2022-02-21,1.5751,1.5751,1.5751,1.5751,0.0
2022-02-22,1.5739,1.5739,1.5739,1.5739,0.0
2022-02-23,1.5592,1.5592,1.5592,1.5592,0.0
2022-02-24,1.5593,1.5593,1.5593,1.5593,0.0
2022-02-25,1.5541,1.5541,1.5541,1.5541,0.0
2022-02-28,1.5508,1.5508,1.5508,1.5508,0.0
2022-03-01,1.5365,1.5365,1.5365,1.5365,0.0
2022-03-02,1.5272,1.5272,1.5272,1.5272,0.0
2022-03-03,1.5139,1.5139,1.5139,1.5139,0.0
2022-03-04,1.4872,1.4872,1.4872,1.4872,0.0
2022-03-07,1.4751,1.4751,1.4751,1.4751,0.0
2022-03-08,1.4971,1.4971,1.4971,1.4971,0.0
2022-03-09,1.4991,1.4991,1.4991,1.4991,0.0
2022-03-10,1.5109,1.5109,1.5109,1.5109,0.0
2022-03-11,1.5017,1.5017,1.5017,1.5017,0.0
2022-03-14,1.5137,1.5137,1.5137,1.5137,0.0
2022-03-15,1.5234,1.5234,1.5234,1.5234,0.0
2022-03-16,1.5165,1.5165,1.5165,1.5165,0.0
2022-03-17,1.5055,1.5055,1.5055,1.5055,0.0
2022-03-18,1.4945,1.4945,1.4945,1.4945,0.0
2022-03-21,1.4897,1.4897,1.4897,1.4897,0.0
2022-03-22,1.4802,1.4802,1.4802,1.4802,0.0
2022-03-23,1.4728,1.4728,1.4728,1.4728,0.0
2022-03-24,1.4668,1.4668,1.4668,1.4668,0.0
2022-03-25,1.4624,1.4624,1.4624,1.4624,0.0
2022-03-28,1.459,1.459,1.459,1.459,0.0
2022-03-29,1.4795,1.4795,1.4795,1.4795,0.0
2022-03-30,1.4809,1.4809,1.4809,1.4809,0.0
2022-03-31,1.4829,1.4829,1.4829,1.4829,0.0
2022-04-01,1.4696,1.4696,1.4696,1.4696,0.0
2022-04-04,1.4651,1.4651,1.4651,1.4651,0.0
2022-04-05,1.4374,1.4374,1.4374,1.4374,0.0
2022-04-06,1.4431,1.4431,1.4431,1.4431,0.0
2022-04-07,1.4578,1.4578,1.4578,1.4578,0.0
2022-04-08,1.4552,1.4552,1.4552,1.4552,0.0
2022-04-11,1.4654,1.4654,1.4654,1.4654,0.0
2022-04-12,1.4599,1.4599,1.4599,1.4599,0.0
2022-04-13,1.4603,1.4603,1.4603,1.4603,0.0
2022-04-14,1.4612,1.4612,1.4612,1.4612,0.0
2022-04-19,1.4663,1.4663,1.4663,1.4663,0.0
2022-04-20,1.4581,1.4581,1.4581,1.4581,0.0
2022-04-21,1.4653,1.4653,1.4653,1.4653,0.0
2022-04-22,1.4816,1.4816,1.4816,1.4816,0.0
2022-04-25,1.4972,1.4972,1.4972,1.4972,0.0
2022-04-26,1.4828,1.4828,1.4828,1.4828,0.0
2022-04-27,1.4828,1.4828,1.4828,1.4828,0.0
2022-04-28,1.4814,1.4814,1.4814,1.4814,0.0
2022-04-29,1.4699,1.4699,1.4699,1.4699,0.0
2022-05-02,1.4913,1.4913,1.4913,1.4913,0.0
2022-05-03,1.4825,1.4825,1.4825,1.4825,0.0
2022-05-04,1.478,1.478,1.478,1.478,0.0
2022-05-05,1.4669,1.4669,1.4669,1.4669,0.0
2022-05-06,1.4888,1.4888,1.4888,1.4888,0.0
2022-05-09,1.5048,1.5048,1.5048,1.5048,0.0
2022-05-10,1.5162,1.5162,1.5162,1.5162,0.0
2022-05-11,1.5055,1.5055,1.5055,1.5055,0.0
2022-05-12,1.5163,1.5163,1.5163,1.5163,0.0
2022-05-13,1.5067,1.5067,1.5067,1.5067,0.0
2022-05-16,1.5057,1.5057,1.5057,1.5057,0.0
2022-05-17,1.4993,1.4993,1.4993,1.4993,0.0
2022-05-18,1.498,1.498,1.498,1.498,0.0
2022-05-19,1.5036,1.5036,1.5036,1.5036,0.0
2022-05-20,1.498,1.498,1.498,1.498,0.0
2022-05-23,1.4982,1.4982,1.4982,1.4982,0.0
2022-05-24,1.5152,1.5152,1.5152,1.5152,0.0
2022-05-25,1.5126,1.5126,1.5126,1.5126,0.0
2022-05-26,1.511,1.511,1.511,1.511,0.0
2022-05-27,1.4995,1.4995,1.4995,1.4995,0.0
2022-05-30,1.4982,1.4982,1.4982,1.4982,0.0
2022-05-31,1.4933,1.4933,1.4933,1.4933,0.0
2022-06-01,1.4861,1.4861,1.4861,1.4861,0.0
2022-06-02,1.4829,1.4829,1.4829,1.4829,0.0
2022-06-03,1.4805,1.4805,1.4805,1.4805,0.0
2022-06-06,1.4842,1.4842,1.4842,1.4842,0.0
2022-06-07,1.4884,1.4884,1.4884,1.4884,0.0
2022-06-08,1.4917,1.4917,1.4917,1.4917,0.0
2022-06-09,1.4985,1.4985,1.4985,1.4985,0.0
2022-06-10,1.4845,1.4845,1.4845,1.4845,0.0
2022-06-13,1.4998,1.4998,1.4998,1.4998,0.0
2022-06-14,1.5174,1.5174,1.5174,1.5174,0.0
2022-06-15,1.5051,1.5051,1.5051,1.5051,0.0
2022-06-16,1.4939,1.4939,1.4939,1.4939,0.0
2022-06-17,1.5039,1.5039,1.5039,1.5039,0.0
2022-06-20,1.5061,1.5061,1.5061,1.5061,0.0
2022-06-21,1.5177,1.5177,1.5177,1.5177,0.0
2022-06-22,1.5254,1.5254,1.5254,1.5254,0.0
2022-06-23,1.5212,1.5212,1.5212,1.5212,0.0
2022-06-24,1.5248,1.5248,1.5248,1.5248,0.0
2022-06-27,1.5278,1.5278,1.5278,1.5278,0.0
2022-06-28,1.521,1.521,1.521,1.521,0.0
2022-06-29,1.5256,1.5256,1.5256,1.5256,0.0
2022-06-30,1.5099,1.5099,1.5099,1.5099,0.0
2022-07-01,1.5382,1.5382,1.5382,1.5382,0.0
2022-07-04,1.5205,1.5205,1.5205,1.5205,0.0
2022-07-05,1.518,1.518,1.518,1.518,0.0
2022-07-06,1.4961,1.4961,1.4961,1.4961,0.0
2022-07-07,1.4883,1.4883,1.4883,1.4883,0.0
2022-07-08,1.4871,1.4871,1.4871,1.4871,0.0
2022-07-11,1.491,1.491,1.491,1.491,0.0
2022-07-12,1.49,1.49,1.49,1.49,0.0
2022-07-13,1.4802,1.4802,1.4802,1.4802,0.0
2022-07-14,1.4893,1.4893,1.4893,1.4893,0.0
2022-07-15,1.4886,1.4886,1.4886,1.4886,0.0
2022-07-18,1.4839,1.4839,1.4839,1.4839,0.0
2022-07-19,1.4869,1.4869,1.4869,1.4869,0.0
2022-07-20,1.4767,1.4767,1.4767,1.4767,0.0
2022-07-21,1.4848,1.4848,1.4848,1.4848,0.0
2022-07-22,1.4677,1.4677,1.4677,1.4677,0.0
2022-07-25,1.4707,1.4707,1.4707,1.4707,0.0
2022-07-26,1.4605,1.4605,1.4605,1.4605,0.0
2022-07-27,1.462,1.462,1.462,1.462,0.0
2022-07-28,1.4535,1.4535,1.4535,1.4535,0.0
2022-07-29,1.4646,1.4646,1.4646,1.4646,0.0
2022-08-01,1.4535,1.4535,1.4535,1.4535,0.0
2022-08-02,1.4745,1.4745,1.4745,1.4745,0.0
2022-08-03,1.4681,1.4681,1.4681,1.4681,0.0
2022-08-04,1.4607,1.4607,1.4607,1.4607,0.0
2022-08-05,1.4713,1.4713,1.4713,1.4713,0.0
2022-08-08,1.4607,1.4607,1.4607,1.4607,0.0
2022-08-09,1.4687,1.4687,1.4687,1.4687,0.0
2022-08-10,1.4682,1.4682,1.4682,1.4682,0.0
2022-08-11,1.4532,1.4532,1.4532,1.4532,0.0
2022-08-12,1.4496,1.4496,1.4496,1.4496,0.0
2022-08-15,1.4508,1.4508,1.4508,1.4508,0.0
2022-08-16,1.4463,1.4463,1.4463,1.4463,0.0
2022-08-17,1.4655,1.4655,1.4655,1.4655,0.0
2022-08-18,1.4617,1.4617,1.4617,1.4617,0.0
2022-08-19,1.4584,1.4584,1.4584,1.4584,0.0
2022-08-22,1.4478,1.4478,1.4478,1.4478,0.0
2022-08-23,1.4437,1.4437,1.4437,1.4437,0.0
2022-08-24,1.4389,1.4389,1.4389,1.4389,0.0
2022-08-25,1.4306,1.4306,1.4306,1.4306,0.0
2022-08-26,1.4333,1.4333,1.4333,1.4333,0.0
2022-08-29,1.4529,1.4529,1.4529,1.4529,0.0
2022-08-30,1.4472,1.4472,1.4472,1.4472,0.0
2022-08-31,1.4591,1.4591,1.4591,1.4591,0.0
2022-09-01,1.4651,1.4651,1.4651,1.4651,0.0
2022-09-02,1.4671,1.4671,1.4671,1.4671,0.0
2022-09-05,1.4616,1.4616,1.4616,1.4616,0.0
2022-09-06,1.4651,1.4651,1.4651,1.4651,0.0
2022-09-07,1.4748,1.4748,1.4748,1.4748,0.0
2022-09-08,1.4824,1.4824,1.4824,1.4824,0.0
2022-09-09,1.4704,1.4704,1.4704,1.4704,0.0
2022-09-12,1.4749,1.4749,1.4749,1.4749,0.0
2022-09-13,1.4736,1.4736,1.4736,1.4736,0.0
2022-09-14,1.4873,1.4873,1.4873,1.4873,0.0
2022-09-15,1.4853,1.4853,1.4853,1.4853,0.0
2022-09-16,1.4894,1.4894,1.4894,1.4894,0.0
2022-09-19,1.495,1.495,1.495,1.495,0.0
2022-09-20,1.4893,1.4893,1.4893,1.4893,0.0
2022-09-21,1.4851,1.4851,1.4851,1.4851,0.0
2022-09-22,1.484,1.484,1.484,1.484,0.0
2022-09-23,1.4828,1.4828,1.4828,1.4828,0.0
2022-09-26,1.4858,1.4858,1.4858,1.4858,0.0
2022-09-27,1.4859,1.4859,1.4859,1.4859,0.0
2022-09-28,1.4924,1.4924,1.4924,1.4924,0.0
2022-09-29,1.4982,1.4982,1.4982,1.4982,0.0
2022-09-30,1.5076,1.5076,1.5076,1.5076,0.0
2022-10-03,1.5128,1.5128,1.5128,1.5128,0.0
2022-10-04,1.5318,1.5318,1.5318,1.5318,0.0
2022-10-05,1.538,1.538,1.538,1.538,0.0
2022-10-06,1.5263,1.5263,1.5263,1.5263,0.0
2022-10-07,1.5266,1.5266,1.5266,1.5266,0.0
2022-10-10,1.536,1.536,1.536,1.536,0.0
2022-10-11,1.545,1.545,1.545,1.545,0.0
2022-10-12,1.5525,1.5525,1.5525,1.5525,0.0
2022-10-13,1.5495,1.5495,1.5495,1.5495,0.0
2022-10-14,1.5493,1.5493,1.5493,1.5493,0.0
2022-10-17,1.5599,1.5599,1.5599,1.5599,0.0
2022-10-18,1.5557,1.5557,1.5557,1.5557,0.0
2022-10-19,1.5568,1.5568,1.5568,1.5568,0.0
2022-10-20,1.5554,1.5554,1.5554,1.5554,0.0
2022-10-21,1.5646,1.5646,1.5646,1.5646,0.0
2022-10-24,1.5631,1.5631,1.5631,1.5631,0.0
2022-10-25,1.5599,1.5599,1.5599,1.5599,0.0
2022-10-26,1.5466,1.5466,1.5466,1.5466,0.0
2022-10-27,1.561,1.561,1.561,1.561,0.0
2022-10-28,1.5511,1.5511,1.5511,1.5511,0.0
2022-10-31,1.5529,1.5529,1.5529,1.5529,0.0
2022-11-01,1.5409,1.5409,1.5409,1.5409,0.0
2022-11-02,1.5426,1.5426,1.5426,1.5426,0.0
2022-11-03,1.5517,1.5517,1.5517,1.5517,0.0
2022-11-04,1.5311,1.5311,1.5311,1.5311,0.0
2022-11-07,1.5428,1.5428,1.5428,1.5428,0.0
2022-11-08,1.5435,1.5435,1.5435,1.5435,0.0
2022-11-09,1.5538,1.5538,1.5538,1.5538,0.0
2022-11-10,1.5525,1.5525,1.5525,1.5525,0.0
2022-11-11,1.5459,1.5459,1.5459,1.5459,0.0
2022-11-14,1.5427,1.5427,1.5427,1.5427,0.0
2022-11-15,1.5415,1.5415,1.5415,1.5415,0.0
2022-11-16,1.54,1.54,1.54,1.54,0.0
2022-11-17,1.5526,1.5526,1.5526,1.5526,0.0
2022-11-18,1.5433,1.5433,1.5433,1.5433,0.0
2022-11-21,1.5471,1.5471,1.5471,1.5471,0.0
2022-11-22,1.5473,1.5473,1.5473,1.5473,0.0
2022-11-23,1.5522,1.5522,1.5522,1.5522,0.0
2022-11-24,1.5414,1.5414,1.5414,1.5414,0.0
2022-11-25,1.5404,1.5404,1.5404,1.5404,0.0
2022-11-28,1.5632,1.5632,1.5632,1.5632,0.0
2022-11-29,1.5414,1.5414,1.5414,1.5414,0.0
2022-11-30,1.5425,1.5425,1.5425,1.5425,0.0
2022-12-01,1.5377,1.5377,1.5377,1.5377,0.0
2022-12-02,1.5457,1.5457,1.5457,1.5457,0.0
2022-12-05,1.5542,1.5542,1.5542,1.5542,0.0
2022-12-06,1.5625,1.5625,1.5625,1.5625,0.0
2022-12-07,1.5728,1.5728,1.5728,1.5728,0.0
2022-12-08,1.559,1.559,1.559,1.559,0.0
2022-12-09,1.5553,1.5553,1.5553,1.5553,0.0
2022-12-12,1.5625,1.5625,1.5625,1.5625,0.0
2022-12-13,1.5553,1.5553,1.5553,1.5553,0.0
2022-12-14,1.551,1.551,1.551,1.551,0.0
2022-12-15,1.5695,1.5695,1.5695,1.5695,0.0
2022-12-16,1.5866,1.5866,1.5866,1.5866,0.0
2022-12-19,1.5794,1.5794,1.5794,1.5794,0.0
2022-12-20,1.5972,1.5972,1.5972,1.5972,0.0
2022-12-21,1.5859,1.5859,1.5859,1.5859,0.0
2022-12-22,1.5804,1.5804,1.5804,1.5804,0.0
2022-12-23,1.5857,1.5857,1.5857,1.5857,0.0
2022-12-27,1.577,1.577,1.577,1.577,0.0
2022-12-28,1.566,1.566,1.566,1.566,0.0
2022-12-29,1.5859,1.5859,1.5859,1.5859,0.0
2022-12-30,1.5693,1.5693,1.5693,1.5693,0.0
2023-01-02,1.5699,1.5699,1.5699,1.5699,0.0
2023-01-03,1.5708,1.5708,1.5708,1.5708,0.0
2023-01-04,1.5452,1.5452,1.5452,1.5452,0.0
2023-01-05,1.5515,1.5515,1.5515,1.5515,0.0
2023-01-06,1.559,1.559,1.559,1.559,0.0
2023-01-09,1.5446,1.5446,1.5446,1.5446,0.0
2023-01-10,1.5616,1.5616,1.5616,1.5616,0.0
2023-01-11,1.5588,1.5588,1.5588,1.5588,0.0
2023-01-12,1.557,1.557,1.557,1.557,0.0
2023-01-13,1.5586,1.5586,1.5586,1.5586,0.0
2023-01-16,1.5537,1.5537,1.5537,1.5537,0.0
2023-01-17,1.5611,1.5611,1.5611,1.5611,0.0
2023-01-18,1.5413,1.5413,1.5413,1.5413,0.0
2023-01-19,1.5726,1.5726,1.5726,1.5726,0.0
2023-01-20,1.5619,1.5619,1.5619,1.5619,0.0
2023-01-23,1.5529,1.5529,1.5529,1.5529,0.0
2023-01-24,1.547,1.547,1.547,1.547,0.0
2023-01-25,1.536,1.536,1.536,1.536,0.0
2023-01-26,1.5308,1.5308,1.5308,1.5308,0.0
2023-01-27,1.5289,1.5289,1.5289,1.5289,0.0
2023-01-30,1.539,1.539,1.539,1.539,0.0
2023-01-31,1.5476,1.5476,1.5476,1.5476,0.0
2023-02-01,1.5392,1.5392,1.5392,1.5392,0.0
2023-02-02,1.5407,1.5407,1.5407,1.5407,0.0
2023-02-03,1.5499,1.5499,1.5499,1.5499,0.0
2023-02-06,1.5596,1.5596,1.5596,1.5596,0.0
2023-02-07,1.547,1.547,1.547,1.547,0.0
2023-02-08,1.5416,1.5416,1.5416,1.5416,0.0
2023-02-09,1.5409,1.5409,1.5409,1.5409,0.0
2023-02-10,1.5432,1.5432,1.5432,1.5432,0.0
2023-02-13,1.5388,1.5388,1.5388,1.5388,0.0
2023-02-14,1.5411,1.5411,1.5411,1.5411,0.0
2023-02-15,1.5529,1.5529,1.5529,1.5529,0.0
2023-02-16,1.55,1.55,1.55,1.55,0.0
2023-02-17,1.556,1.556,1.556,1.556,0.0
2023-02-20,1.5456,1.5456,1.5456,1.5456,0.0
2023-02-21,1.5517,1.5517,1.5517,1.5517,0.0
2023-02-22,1.5576,1.5576,1.5576,1.5576,0.0
2023-02-23,1.5551,1.5551,1.5551,1.5551,0.0
2023-02-24,1.5668,1.5668,1.5668,1.5668,0.0
2023-02-27,1.5739,1.5739,1.5739,1.5739,0.0
2023-02-28,1.576,1.576,1.576,1.576,0.0
2023-03-01,1.5776,1.5776,1.5776,1.5776,0.0
2023-03-02,1.5773,1.5773,1.5773,1.5773,0.0
2023-03-03,1.5728,1.5728,1.5728,1.5728,0.0
2023-03-06,1.5807,1.5807,1.5807,1.5807,0.0
2023-03-07,1.6002,1.6002,1.6002,1.6002,0.0
2023-03-08,1.5978,1.5978,1.5978,1.5978,0.0
2023-03-09,1.5965,1.5965,1.5965,1.5965,0.0
2023-03-10,1.6064,1.6064,1.6064,1.6064,0.0
2023-03-13,1.6066,1.6066,1.6066,1.6066,0.0
2023-03-14,1.6052,1.6052,1.6052,1.6052,0.0
2023-03-15,1.5888,1.5888,1.5888,1.5888,0.0
2023-03-16,1.5932,1.5932,1.5932,1.5932,0.0
2023-03-17,1.5874,1.5874,1.5874,1.5874,0.0
2023-03-20,1.5978,1.5978,1.5978,1.5978,0.0
2023-03-21,1.6136,1.6136,1.6136,1.6136,0.0
2023-03-22,1.6132,1.6132,1.6132,1.6132,0.0
2023-03-23,1.6242,1.6242,1.6242,1.6242,0.0
2023-03-24,1.6189,1.6189,1.6189,1.6189,0.0
2023-03-27,1.6204,1.6204,1.6204,1.6204,0.0
2023-03-28,1.6219,1.6219,1.6219,1.6219,0.0
2023-03-29,1.6252,1.6252,1.6252,1.6252,0.0
2023-03-30,1.6263,1.6263,1.6263,1.6263,0.0
2023-03-31,1.6268,1.6268,1.6268,1.6268,0.0
2023-04-03,1.608,1.608,1.608,1.608,0.0
2023-04-04,1.6154,1.6154,1.6154,1.6154,0.0
2023-04-05,1.6325,1.6325,1.6325,1.6325,0.0
2023-04-06,1.6312,1.6312,1.6312,1.6312,0.0
2023-04-11,1.6387,1.6387,1.6387,1.6387,0.0
2023-04-12,1.6377,1.6377,1.6377,1.6377,0.0
2023-04-13,1.6343,1.6343,1.6343,1.6343,0.0
2023-04-14,1.6309,1.6309,1.6309,1.6309,0.0
2023-04-17,1.6356,1.6356,1.6356,1.6356,0.0
2023-04-18,1.6276,1.6276,1.6276,1.6276,0.0
2023-04-19,1.6301,1.6301,1.6301,1.6301,0.0
2023-04-20,1.629,1.629,1.629,1.629,0.0
2023-04-21,1.6394,1.6394,1.6394,1.6394,0.0
2023-04-24,1.6468,1.6468,1.6468,1.6468,0.0
2023-04-25,1.6564,1.6564,1.6564,1.6564,0.0
2023-04-26,1.6725,1.6725,1.6725,1.6725,0.0
2023-04-27,1.6672,1.6672,1.6672,1.6672,0.0
2023-04-28,1.6664,1.6664,1.6664,1.6664,0.0
2023-05-02,1.6371,1.6371,1.6371,1.6371,0.0
2023-05-03,1.6564,1.6564,1.6564,1.6564,0.0
2023-05-04,1.6585,1.6585,1.6585,1.6585,0.0
2023-05-05,1.6379,1.6379,1.6379,1.6379,0.0
2023-05-08,1.6244,1.6244,1.6244,1.6244,0.0
2023-05-09,1.6217,1.6217,1.6217,1.6217,0.0
2023-05-10,1.6222,1.6222,1.6222,1.6222,0.0
2023-05-11,1.6226,1.6226,1.6226,1.6226,0.0
2023-05-12,1.631,1.631,1.631,1.631,0.0
2023-05-15,1.6261,1.6261,1.6261,1.6261,0.0
2023-05-16,1.6307,1.6307,1.6307,1.6307,0.0
2023-05-17,1.6273,1.6273,1.6273,1.6273,0.0
2023-05-18,1.6285,1.6285,1.6285,1.6285,0.0
2023-05-19,1.6231,1.6231,1.6231,1.6231,0.0
2023-05-22,1.6294,1.6294,1.6294,1.6294,0.0
2023-05-23,1.6282,1.6282,1.6282,1.6282,0.0
2023-05-24,1.6402,1.6402,1.6402,1.6402,0.0
2023-05-25,1.6443,1.6443,1.6443,1.6443,0.0
2023-05-26,1.6439,1.6439,1.6439,1.6439,0.0
2023-05-29,1.6384,1.6384,1.6384,1.6384,0.0
2023-05-30,1.6397,1.6397,1.6397,1.6397,0.0
2023-05-31,1.6497,1.6497,1.6497,1.6497,0.0
2023-06-01,1.6407,1.6407,1.6407,1.6407,0.0
2023-06-02,1.6248,1.6248,1.6248,1.6248,0.0
2023-06-05,1.6219,1.6219,1.6219,1.6219,0.0
2023-06-06,1.6038,1.6038,1.6038,1.6038,0.0
2023-06-07,1.6004,1.6004,1.6004,1.6004,0.0
2023-06-08,1.6061,1.6061,1.6061,1.6061,0.0
2023-06-09,1.6023,1.6023,1.6023,1.6023,0.0
2023-06-12,1.592,1.592,1.592,1.592,0.0
2023-06-13,1.5922,1.5922,1.5922,1.5922,0.0
2023-06-14,1.5915,1.5915,1.5915,1.5915,0.0
2023-06-15,1.5924,1.5924,1.5924,1.5924,0.0
2023-06-16,1.5941,1.5941,1.5941,1.5941,0.0
2023-06-19,1.5964,1.5964,1.5964,1.5964,0.0
2023-06-20,1.612,1.612,1.612,1.612,0.0
2023-06-21,1.6154,1.6154,1.6154,1.6154,0.0
2023-06-22,1.6194,1.6194,1.6194,1.6194,0.0
2023-06-23,1.6285,1.6285,1.6285,1.6285,0.0
2023-06-26,1.6346,1.6346,1.6346,1.6346,0.0
2023-06-27,1.6369,1.6369,1.6369,1.6369,0.0
2023-06-28,1.6525,1.6525,1.6525,1.6525,0.0
2023-06-29,1.648,1.648,1.648,1.648,0.0
2023-06-30,1.6398,1.6398,1.6398,1.6398,0.0
2023-07-03,1.6383,1.6383,1.6383,1.6383,0.0
2023-07-04,1.6286,1.6286,1.6286,1.6286,0.0
2023-07-05,1.6329,1.6329,1.6329,1.6329,0.0
2023-07-06,1.6308,1.6308,1.6308,1.6308,0.0
2023-07-07,1.6416,1.6416,1.6416,1.6416,0.0
2023-07-10,1.6488,1.6488,1.6488,1.6488,0.0
2023-07-11,1.6493,1.6493,1.6493,1.6493,0.0
2023-07-12,1.6479,1.6479,1.6479,1.6479,0.0
2023-07-13,1.6299,1.6299,1.6299,1.6299,0.0
2023-07-14,1.635,1.635,1.635,1.635,0.0
2023-07-17,1.6487,1.6487,1.6487,1.6487,0.0
2023-07-18,1.6523,1.6523,1.6523,1.6523,0.0
2023-07-19,1.6582,1.6582,1.6582,1.6582,0.0
2023-07-20,1.6416,1.6416,1.6416,1.6416,0.0
2023-07-21,1.651,1.651,1.651,1.651,0.0
2023-07-24,1.6469,1.6469,1.6469,1.6469,0.0
2023-07-25,1.6328,1.6328,1.6328,1.6328,0.0
2023-07-26,1.6401,1.6401,1.6401,1.6401,0.0
2023-07-27,1.6383,1.6383,1.6383,1.6383,0.0
2023-07-28,1.6508,1.6508,1.6508,1.6508,0.0
2023-07-31,1.6436,1.6436,1.6436,1.6436,0.0
2023-08-01,1.6557,1.6557,1.6557,1.6557,0.0
2023-08-02,1.6691,1.6691,1.6691,1.6691,0.0
2023-08-03,1.6748,1.6748,1.6748,1.6748,0.0
2023-08-04,1.6694,1.6694,1.6694,1.6694,0.0
2023-08-07,1.6715,1.6715,1.6715,1.6715,0.0
2023-08-08,1.6827,1.6827,1.6827,1.6827,0.0
2023-08-09,1.6779,1.6779,1.6779,1.6779,0.0
2023-08-10,1.6767,1.6767,1.6767,1.6767,0.0
2023-08-11,1.685,1.685,1.685,1.685,0.0
2023-08-14,1.6853,1.6853,1.6853,1.6853,0.0
2023-08-15,1.6888,1.6888,1.6888,1.6888,0.0
2023-08-16,1.6895,1.6895,1.6895,1.6895,0.0
2023-08-17,1.6931,1.6931,1.6931,1.6931,0.0
2023-08-18,1.6999,1.6999,1.6999,1.6999,0.0
2023-08-21,1.6995,1.6995,1.6995,1.6995,0.0
2023-08-22,1.6878,1.6878,1.6878,1.6878,0.0
2023-08-23,1.684,1.684,1.684,1.684,0.0
2023-08-24,1.6838,1.6838,1.6838,1.6838,0.0
2023-08-25,1.6809,1.6809,1.6809,1.6809,0.0
2023-08-28,1.6839,1.6839,1.6839,1.6839,0.0
2023-08-29,1.6832,1.6832,1.6832,1.6832,0.0
2023-08-30,1.6814,1.6814,1.6814,1.6814,0.0
2023-08-31,1.6785,1.6785,1.6785,1.6785,0.0
2023-09-01,1.6737,1.6737,1.6737,1.6737,0.0
2023-09-04,1.6708,1.6708,1.6708,1.6708,0.0
2023-09-05,1.6859,1.6859,1.6859,1.6859,0.0
2023-09-06,1.6801,1.6801,1.6801,1.6801,0.0
2023-09-07,1.6767,1.6767,1.6767,1.6767,0.0
2023-09-08,1.6743,1.6743,1.6743,1.6743,0.0
2023-09-11,1.6655,1.6655,1.6655,1.6655,0.0
2023-09-12,1.6682,1.6682,1.6682,1.6682,0.0
2023-09-13,1.6762,1.6762,1.6762,1.6762,0.0
2023-09-14,1.6648,1.6648,1.6648,1.6648,0.0
2023-09-15,1.6498,1.6498,1.6498,1.6498,0.0
2023-09-18,1.6575,1.6575,1.6575,1.6575,0.0
2023-09-19,1.6566,1.6566,1.6566,1.6566,0.0
2023-09-20,1.6498,1.6498,1.6498,1.6498,0.0
2023-09-21,1.6617,1.6617,1.6617,1.6617,0.0
2023-09-22,1.6496,1.6496,1.6496,1.6496,0.0
2023-09-25,1.6544,1.6544,1.6544,1.6544,0.0
2023-09-26,1.6539,1.6539,1.6539,1.6539,0.0
2023-09-27,1.6541,1.6541,1.6541,1.6541,0.0
2023-09-28,1.6483,1.6483,1.6483,1.6483,0.0
2023-09-29,1.6339,1.6339,1.6339,1.6339,0.0
2023-10-02,1.6472,1.6472,1.6472,1.6472,0.0
2023-10-03,1.6612,1.6612,1.6612,1.6612,0.0
2023-10-04,1.6615,1.6615,1.6615,1.6615,0.0
2023-10-05,1.658,1.658,1.658,1.658,0.0
2023-10-06,1.6612,1.6612,1.6612,1.6612,0.0
2023-10-09,1.6546,1.6546,1.6546,1.6546,0.0
2023-10-10,1.6538,1.6538,1.6538,1.6538,0.0
2023-10-11,1.6529,1.6529,1.6529,1.6529,0.0
2023-10-12,1.6584,1.6584,1.6584,1.6584,0.0
2023-10-13,1.6662,1.6662,1.6662,1.6662,0.0
2023-10-16,1.666,1.666,1.666,1.666,0.0
2023-10-17,1.6622,1.6622,1.6622,1.6622,0.0
2023-10-18,1.6586,1.6586,1.6586,1.6586,0.0
2023-10-19,1.6718,1.6718,1.6718,1.6718,0.0
2023-10-20,1.6772,1.6772,1.6772,1.6772,0.0
2023-10-23,1.6805,1.6805,1.6805,1.6805,0.0
2023-10-24,1.6708,1.6708,1.6708,1.6708,0.0
2023-10-25,1.6678,1.6678,1.6678,1.6678,0.0
2023-10-26,1.6719,1.6719,1.6719,1.6719,0.0
2023-10-27,1.6616,1.6616,1.6616,1.6616,0.0
2023-10-30,1.6637,1.6637,1.6637,1.6637,0.0
2023-10-31,1.6739,1.6739,1.6739,1.6739,0.0
2023-11-01,1.6561,1.6561,1.6561,1.6561,0.0
2023-11-02,1.6543,1.6543,1.6543,1.6543,0.0
2023-11-03,1.6478,1.6478,1.6478,1.6478,0.0
2023-11-06,1.6524,1.6524,1.6524,1.6524,0.0
2023-11-07,1.6636,1.6636,1.6636,1.6636,0.0
2023-11-08,1.6592,1.6592,1.6592,1.6592,0.0
2023-11-09,1.6699,1.6699,1.6699,1.6699,0.0
2023-11-10,1.6795,1.6795,1.6795,1.6795,0.0
2023-11-13,1.6742,1.6742,1.6742,1.6742,0.0
2023-11-14,1.6819,1.6819,1.6819,1.6819,0.0
2023-11-15,1.6648,1.6648,1.6648,1.6648,0.0
2023-11-16,1.6736,1.6736,1.6736,1.6736,0.0
2023-11-17,1.6709,1.6709,1.6709,1.6709,0.0
2023-11-20,1.6669,1.6669,1.6669,1.6669,0.0
2023-11-21,1.6653,1.6653,1.6653,1.6653,0.0
2023-11-22,1.6618,1.6618,1.6618,1.6618,0.0
2023-11-23,1.6633,1.6633,1.6633,1.6633,0.0
2023-11-24,1.6621,1.6621,1.6621,1.6621,0.0
2023-11-27,1.6575,1.6575,1.6575,1.6575,0.0
2023-11-28,1.6567,1.6567,1.6567,1.6567,0.0
2023-11-29,1.6586,1.6586,1.6586,1.6586,0.0
2023-11-30,1.6542,1.6542,1.6542,1.6542,0.0
2023-12-01,1.6448,1.6448,1.6448,1.6448,0.0
2023-12-04,1.6351,1.6351,1.6351,1.6351,0.0
2023-12-05,1.6492,1.6492,1.6492,1.6492,0.0
2023-12-06,1.6391,1.6391,1.6391,1.6391,0.0
2023-12-07,1.6407,1.6407,1.6407,1.6407,0.0
2023-12-08,1.6327,1.6327,1.6327,1.6327,0.0
2023-12-11,1.642,1.642,1.642,1.642,0.0
2023-12-12,1.6398,1.6398,1.6398,1.6398,0.0
2023-12-13,1.6452,1.6452,1.6452,1.6452,0.0
2023-12-14,1.6288,1.6288,1.6288,1.6288,0.0
2023-12-15,1.6324,1.6324,1.6324,1.6324,0.0
2023-12-18,1.6225,1.6225,1.6225,1.6225,0.0
2023-12-19,1.6273,1.6273,1.6273,1.6273,0.0
2023-12-20,1.6186,1.6186,1.6186,1.6186,0.0
2023-12-21,1.6243,1.6243,1.6243,1.6243,0.0
2023-12-22,1.6197,1.6197,1.6197,1.6197,0.0
2023-12-27,1.617,1.617,1.617,1.617,0.0
2023-12-28,1.6246,1.6246,1.6246,1.6246,0.0
2023-12-29,1.6263,1.6263,1.6263,1.6263,0.0
2024-01-02,1.6147,1.6147,1.6147,1.6147,0.0
2024-01-03,1.6236,1.6236,1.6236,1.6236,0.0
2024-01-04,1.628,1.628,1.628,1.628,0.0
2024-01-05,1.6337,1.6337,1.6337,1.6337,0.0
2024-01-08,1.6378,1.6378,1.6378,1.6378,0.0
2024-01-09,1.6339,1.6339,1.6339,1.6339,0.0
2024-01-10,1.6334,1.6334,1.6334,1.6334,0.0
2024-01-11,1.6369,1.6369,1.6369,1.6369,0.0
2024-01-12,1.6375,1.6375,1.6375,1.6375,0.0
2024-01-15,1.6449,1.6449,1.6449,1.6449,0.0
2024-01-16,1.6484,1.6484,1.6484,1.6484,0.0
2024-01-17,1.6592,1.6592,1.6592,1.6592,0.0
2024-01-18,1.6579,1.6579,1.6579,1.6579,0.0
2024-01-19,1.65,1.65,1.65,1.65,0.0
2024-01-22,1.652,1.652,1.652,1.652,0.0
2024-01-23,1.6493,1.6493,1.6493,1.6493,0.0
2024-01-24,1.652,1.652,1.652,1.652,0.0
2024-01-25,1.6537,1.6537,1.6537,1.6537,0.0
2024-01-26,1.6483,1.6483,1.6483,1.6483,0.0
2024-01-29,1.6398,1.6398,1.6398,1.6398,0.0
2024-01-30,1.6462,1.6462,1.6462,1.6462,0.0
2024-01-31,1.6468,1.6468,1.6468,1.6468,0.0
2024-02-01,1.6594,1.6594,1.6594,1.6594,0.0
2024-02-02,1.6468,1.6468,1.6468,1.6468,0.0
2024-02-05,1.6562,1.6562,1.6562,1.6562,0.0
2024-02-06,1.6515,1.6515,1.6515,1.6515,0.0
2024-02-07,1.6504,1.6504,1.6504,1.6504,0.0
2024-02-08,1.6569,1.6569,1.6569,1.6569,0.0
2024-02-09,1.6543,1.6543,1.6543,1.6543,0.0
2024-02-12,1.6505,1.6505,1.6505,1.6505,0.0
2024-02-13,1.6526,1.6526,1.6526,1.6526,0.0
2024-02-14,1.6521,1.6521,1.6521,1.6521,0.0
2024-02-15,1.6525,1.6525,1.6525,1.6525,0.0
2024-02-16,1.6517,1.6517,1.6517,1.6517,0.0
2024-02-19,1.6479,1.6479,1.6479,1.6479,0.0
2024-02-20,1.6457,1.6457,1.6457,1.6457,0.0
2024-02-21,1.6486,1.6486,1.6486,1.6486,0.0
2024-02-22,1.6515,1.6515,1.6515,1.6515,0.0
2024-02-23,1.6467,1.6467,1.6467,1.6467,0.0
2024-02-26,1.656,1.656,1.656,1.656,0.0
2024-02-27,1.6565,1.6565,1.6565,1.6565,0.0
2024-02-28,1.6639,1.6639,1.6639,1.6639,0.0
2024-02-29,1.6684,1.6684,1.6684,1.6684,0.0
2024-03-01,1.6637,1.6637,1.6637,1.6637,0.0
2024-03-04,1.664,1.664,1.664,1.664,0.0
2024-03-05,1.6709,1.6709,1.6709,1.6709,0.0
2024-03-06,1.6667,1.6667,1.6667,1.6667,0.0
2024-03-07,1.6501,1.6501,1.6501,1.6501,0.0
2024-03-08,1.6469,1.6469,1.6469,1.6469,0.0
2024-03-11,1.6546,1.6546,1.6546,1.6546,0.0
2024-03-12,1.6533,1.6533,1.6533,1.6533,0.0
2024-03-13,1.6542,1.6542,1.6542,1.6542,0.0
2024-03-14,1.6529,1.6529,1.6529,1.6529,0.0
2024-03-15,1.6579,1.6579,1.6579,1.6579,0.0
2024-03-18,1.6583,1.6583,1.6583,1.6583,0.0
2024-03-19,1.6651,1.6651,1.6651,1.6651,0.0
2024-03-20,1.6633,1.6633,1.6633,1.6633,0.0
2024-03-21,1.6535,1.6535,1.6535,1.6535,0.0
2024-03-22,1.6601,1.6601,1.6601,1.6601,0.0
2024-03-25,1.658,1.658,1.658,1.658,0.0
2024-03-26,1.6574,1.6574,1.6574,1.6574,0.0
2024-03-27,1.66,1.66,1.66,1.66,0.0
2024-03-28,1.6607,1.6607,1.6607,1.6607,0.0
2024-04-02,1.6522,1.6522,1.6522,1.6522,0.0
2024-04-03,1.6539,1.6539,1.6539,1.6539,0.0
2024-04-04,1.6446,1.6446,1.6446,1.6446,0.0
2024-04-05,1.6461,1.6461,1.6461,1.6461,0.0
2024-04-08,1.6433,1.6433,1.6433,1.6433,0.0
2024-04-09,1.6407,1.6407,1.6407,1.6407,0.0
2024-04-10,1.6399,1.6399,1.6399,1.6399,0.0
2024-04-11,1.6448,1.6448,1.6448,1.6448,0.0
2024-04-12,1.6413,1.6413,1.6413,1.6413,0.0
2024-04-15,1.6441,1.6441,1.6441,1.6441,0.0
2024-04-16,1.6578,1.6578,1.6578,1.6578,0.0
2024-04-17,1.6556,1.6556,1.6556,1.6556,0.0
2024-04-18,1.6567,1.6567,1.6567,1.6567,0.0
2024-04-19,1.6622,1.6622,1.6622,1.6622,0.0
2024-04-22,1.6517,1.6517,1.6517,1.6517,0.0
2024-04-23,1.6536,1.6536,1.6536,1.6536,0.0
2024-04-24,1.6421,1.6421,1.6421,1.6421,0.0
2024-04-25,1.6415,1.6415,1.6415,1.6415,0.0
2024-04-26,1.6392,1.6392,1.6392,1.6392,0.0
2024-04-29,1.6322,1.6322,1.6322,1.6322,0.0
2024-04-30,1.6423,1.6423,1.6423,1.6423,0.0
2024-05-02,1.6386,1.6386,1.6386,1.6386,0.0
2024-05-03,1.633,1.633,1.633,1.633,0.0
2024-05-06,1.6248,1.6248,1.6248,1.6248,0.0
2024-05-07,1.6297,1.6297,1.6297,1.6297,0.0
2024-05-08,1.6374,1.6374,1.6374,1.6374,0.0
2024-05-09,1.6299,1.6299,1.6299,1.6299,0.0
2024-05-10,1.632,1.632,1.632,1.632,0.0
2024-05-13,1.6305,1.6305,1.6305,1.6305,0.0
2024-05-14,1.6329,1.6329,1.6329,1.6329,0.0
2024-05-15,1.6308,1.6308,1.6308,1.6308,0.0
2024-05-16,1.629,1.629,1.629,1.629,0.0
2024-05-17,1.6281,1.6281,1.6281,1.6281,0.0
2024-05-20,1.6259,1.6259,1.6259,1.6259,0.0
2024-05-21,1.6278,1.6278,1.6278,1.6278,0.0
2024-05-22,1.6288,1.6288,1.6288,1.6288,0.0
2024-05-23,1.6333,1.6333,1.6333,1.6333,0.0
2024-05-24,1.6394,1.6394,1.6394,1.6394,0.0
2024-05-27,1.632,1.632,1.632,1.632,0.0
2024-05-28,1.6314,1.6314,1.6314,1.6314,0.0
2024-05-29,1.637,1.637,1.637,1.637,0.0
2024-05-30,1.6341,1.6341,1.6341,1.6341,0.0
2024-05-31,1.6315,1.6315,1.6315,1.6315,0.0
2024-06-03,1.629,1.629,1.629,1.629,0.0
2024-06-04,1.6364,1.6364,1.6364,1.6364,0.0
2024-06-05,1.6353,1.6353,1.6353,1.6353,0.0
2024-06-06,1.6368,1.6368,1.6368,1.6368,0.0
2024-06-07,1.6345,1.6345,1.6345,1.6345,0.0
2024-06-10,1.6304,1.6304,1.6304,1.6304,0.0
2024-06-11,1.626,1.626,1.626,1.626,0.0
2024-06-12,1.628,1.628,1.628,1.628,0.0
2024-06-13,1.6232,1.6232,1.6232,1.6232,0.0
2024-06-14,1.6156,1.6156,1.6156,1.6156,0.0
2024-06-17,1.6246,1.6246,1.6246,1.6246,0.0
2024-06-18,1.6207,1.6207,1.6207,1.6207,0.0
2024-06-19,1.6125,1.6125,1.6125,1.6125,0.0
2024-06-20,1.6076,1.6076,1.6076,1.6076,0.0
2024-06-21,1.6031,1.6031,1.6031,1.6031,0.0
2024-06-24,1.6157,1.6157,1.6157,1.6157,0.0
2024-06-25,1.6109,1.6109,1.6109,1.6109,0.0
2024-06-26,1.6053,1.6053,1.6053,1.6053,0.0
2024-06-27,1.6078,1.6078,1.6078,1.6078,0.0
2024-06-28,1.6079,1.6079,1.6079,1.6079,0.0
2024-07-01,1.6109,1.6109,1.6109,1.6109,0.0
2024-07-02,1.612,1.612,1.612,1.612,0.0
2024-07-03,1.6123,1.6123,1.6123,1.6123,0.0
2024-07-04,1.6046,1.6046,1.6046,1.6046,0.0
2024-07-05,1.6073,1.6073,1.6073,1.6073,0.0
2024-07-08,1.6067,1.6067,1.6067,1.6067,0.0
2024-07-09,1.6062,1.6062,1.6062,1.6062,0.0
2024-07-10,1.6056,1.6056,1.6056,1.6056,0.0
2024-07-11,1.6075,1.6075,1.6075,1.6075,0.0
2024-07-12,1.6076,1.6076,1.6076,1.6076,0.0
2024-07-15,1.6088,1.6088,1.6088,1.6088,0.0
2024-07-16,1.6169,1.6169,1.6169,1.6169,0.0
2024-07-17,1.6222,1.6222,1.6222,1.6222,0.0
2024-07-18,1.6237,1.6237,1.6237,1.6237,0.0
2024-07-19,1.6276,1.6276,1.6276,1.6276,0.0
2024-07-22,1.637,1.637,1.637,1.637,0.0
2024-07-23,1.6396,1.6396,1.6396,1.6396,0.0
2024-07-24,1.6428,1.6428,1.6428,1.6428,0.0
2024-07-25,1.6638,1.6638,1.6638,1.6638,0.0
2024-07-26,1.6559,1.6559,1.6559,1.6559,0.0
2024-07-29,1.6534,1.6534,1.6534,1.6534,0.0
2024-07-30,1.656,1.656,1.656,1.656,0.0
2024-07-31,1.6635,1.6635,1.6635,1.6635,0.0
2024-08-01,1.6501,1.6501,1.6501,1.6501,0.0
2024-08-02,1.6629,1.6629,1.6629,1.6629,0.0
2024-08-05,1.7008,1.7008,1.7008,1.7008,0.0
2024-08-06,1.6837,1.6837,1.6837,1.6837,0.0
2024-08-07,1.6643,1.6643,1.6643,1.6643,0.0
2024-08-08,1.6677,1.6677,1.6677,1.6677,0.0
2024-08-09,1.6609,1.6609,1.6609,1.6609,0.0
2024-08-12,1.656,1.656,1.656,1.656,0.0
2024-08-13,1.6572,1.6572,1.6572,1.6572,0.0
2024-08-14,1.6643,1.6643,1.6643,1.6643,0.0
2024-08-15,1.6609,1.6609,1.6609,1.6609,0.0
2024-08-16,1.6577,1.6577,1.6577,1.6577,0.0
2024-08-19,1.6486,1.6486,1.6486,1.6486,0.0
2024-08-20,1.6454,1.6454,1.6454,1.6454,0.0
2024-08-21,1.6495,1.6495,1.6495,1.6495,0.0
2024-08-22,1.655,1.655,1.655,1.655,0.0
2024-08-23,1.6518,1.6518,1.6518,1.6518,0.0
2024-08-26,1.6496,1.6496,1.6496,1.6496,0.0
2024-08-27,1.6461,1.6461,1.6461,1.6461,0.0
2024-08-28,1.6407,1.6407,1.6407,1.6407,0.0
2024-08-29,1.6274,1.6274,1.6274,1.6274,0.0
2024-08-30,1.6301,1.6301,1.6301,1.6301,0.0
2024-09-02,1.6322,1.6322,1.6322,1.6322,0.0
2024-09-03,1.6394,1.6394,1.6394,1.6394,0.0
2024-09-04,1.645,1.645,1.645,1.645,0.0
2024-09-05,1.6498,1.6498,1.6498,1.6498,0.0
2024-09-06,1.6503,1.6503,1.6503,1.6503,0.0
2024-09-09,1.6596,1.6596,1.6596,1.6596,0.0
2024-09-10,1.6551,1.6551,1.6551,1.6551,0.0
2024-09-11,1.656,1.656,1.656,1.656,0.0
2024-09-12,1.6497,1.6497,1.6497,1.6497,0.0
2024-09-13,1.6542,1.6542,1.6542,1.6542,0.0
2024-09-16,1.6492,1.6492,1.6492,1.6492,0.0
2024-09-17,1.6472,1.6472,1.6472,1.6472,0.0
2024-09-18,1.64,1.64,1.64,1.64,0.0
2024-09-19,1.6352,1.6352,1.6352,1.6352,0.0
2024-09-20,1.6388,1.6388,1.6388,1.6388,0.0
2024-09-23,1.6274,1.6274,1.6274,1.6274,0.0
2024-09-24,1.6237,1.6237,1.6237,1.6237,0.0
2024-09-25,1.6276,1.6276,1.6276,1.6276,0.0
2024-09-26,1.6217,1.6217,1.6217,1.6217,0.0
2024-09-27,1.618,1.618,1.618,1.618,0.0
2024-09-30,1.6166,1.6166,1.6166,1.6166,0.0
2024-10-01,1.604,1.604,1.604,1.604,0.0
2024-10-02,1.6048,1.6048,1.6048,1.6048,0.0
2024-10-03,1.6124,1.6124,1.6124,1.6124,0.0
2024-10-04,1.6121,1.6121,1.6121,1.6121,0.0
2024-10-07,1.6155,1.6155,1.6155,1.6155,0.0
2024-10-08,1.6293,1.6293,1.6293,1.6293,0.0
2024-10-09,1.6283,1.6283,1.6283,1.6283,0.0
2024-10-10,1.6276,1.6276,1.6276,1.6276,0.0
2024-10-11,1.6233,1.6233,1.6233,1.6233,0.0
2024-10-14,1.6248,1.6248,1.6248,1.6248,0.0
2024-10-15,1.6236,1.6236,1.6236,1.6236,0.0
2024-10-16,1.6291,1.6291,1.6291,1.6291,0.0
2024-10-17,1.6228,1.6228,1.6228,1.6228,0.0
2024-10-18,1.6165,1.6165,1.6165,1.6165,0.0
2024-10-21,1.623,1.623,1.623,1.623,0.0
2024-10-22,1.6177,1.6177,1.6177,1.6177,0.0
2024-10-23,1.6233,1.6233,1.6233,1.6233,0.0
2024-10-24,1.6234,1.6234,1.6234,1.6234,0.0
2024-10-25,1.6311,1.6311,1.6311,1.6311,0.0
2024-10-28,1.6372,1.6372,1.6372,1.6372,0.0
2024-10-29,1.6423,1.6423,1.6423,1.6423,0.0
2024-10-30,1.646,1.646,1.646,1.646,0.0
2024-10-31,1.6559,1.6559,1.6559,1.6559,0.0
2024-11-01,1.653,1.653,1.653,1.653,0.0
2024-11-04,1.6516,1.6516,1.6516,1.6516,0.0
2024-11-05,1.6452,1.6452,1.6452,1.6452,0.0
2024-11-06,1.6301,1.6301,1.6301,1.6301,0.0
2024-11-07,1.6196,1.6196,1.6196,1.6196,0.0
2024-11-08,1.6259,1.6259,1.6259,1.6259,0.0
2024-11-11,1.6186,1.6186,1.6186,1.6186,0.0
2024-11-12,1.6206,1.6206,1.6206,1.6206,0.0
2024-11-13,1.6299,1.6299,1.6299,1.6299,0.0
2024-11-14,1.6285,1.6285,1.6285,1.6285,0.0
2024-11-15,1.6345,1.6345,1.6345,1.6345,0.0
2024-11-18,1.6352,1.6352,1.6352,1.6352,0.0
2024-11-19,1.6264,1.6264,1.6264,1.6264,0.0
2024-11-20,1.6225,1.6225,1.6225,1.6225,0.0
2024-11-21,1.6141,1.6141,1.6141,1.6141,0.0
2024-11-22,1.6018,1.6018,1.6018,1.6018,0.0
2024-11-25,1.6111,1.6111,1.6111,1.6111,0.0
2024-11-26,1.6191,1.6191,1.6191,1.6191,0.0
2024-11-27,1.6247,1.6247,1.6247,1.6247,0.0
2024-11-28,1.6228,1.6228,1.6228,1.6228,0.0
2024-11-29,1.6245,1.6245,1.6245,1.6245,0.0
2024-12-02,1.6211,1.6211,1.6211,1.6211,0.0
2024-12-03,1.622,1.622,1.622,1.622,0.0
2024-12-04,1.6384,1.6384,1.6384,1.6384,0.0
2024-12-05,1.6377,1.6377,1.6377,1.6377,0.0
2024-12-06,1.6506,1.6506,1.6506,1.6506,0.0
2024-12-09,1.638,1.638,1.638,1.638,0.0
2024-12-10,1.6452,1.6452,1.6452,1.6452,0.0
2024-12-11,1.6525,1.6525,1.6525,1.6525,0.0
2024-12-12,1.6413,1.6413,1.6413,1.6413,0.0
2024-12-13,1.6488,1.6488,1.6488,1.6488,0.0
2024-12-16,1.651,1.651,1.651,1.651,0.0
2024-12-17,1.6547,1.6547,1.6547,1.6547,0.0
2024-12-18,1.6602,1.6602,1.6602,1.6602,0.0
2024-12-19,1.6631,1.6631,1.6631,1.6631,0.0
2024-12-20,1.6674,1.6674,1.6674,1.6674,0.0
2024-12-23,1.6667,1.6667,1.6667,1.6667,0.0
2024-12-24,1.6681,1.6681,1.6681,1.6681,0.0
2024-12-27,1.6777,1.6777,1.6777,1.6777,0.0
2024-12-30,1.6756,1.6756,1.6756,1.6756,0.0
2024-12-31,1.6772,1.6772,1.6772,1.6772,0.0
2025-01-02,1.6618,1.6618,1.6618,1.6618,0.0
2025-01-03,1.6556,1.6556,1.6556,1.6556,0.0
2025-01-06,1.6555,1.6555,1.6555,1.6555,0.0
2025-01-07,1.6557,1.6557,1.6557,1.6557,0.0
2025-01-08,1.66,1.66,1.66,1.66,0.0
2025-01-09,1.663,1.663,1.663,1.663,0.0
2025-01-10,1.6655,1.6655,1.6655,1.6655,0.0
2025-01-13,1.6578,1.6578,1.6578,1.6578,0.0
2025-01-14,1.6601,1.6601,1.6601,1.6601,0.0
2025-01-15,1.6616,1.6616,1.6616,1.6616,0.0
2025-01-16,1.6574,1.6574,1.6574,1.6574,0.0
2025-01-17,1.6646,1.6646,1.6646,1.6646,0.0
2025-01-20,1.6627,1.6627,1.6627,1.6627,0.0
2025-01-21,1.6639,1.6639,1.6639,1.6639,0.0
2025-01-22,1.6603,1.6603,1.6603,1.6603,0.0
2025-01-23,1.6594,1.6594,1.6594,1.6594,0.0
2025-01-24,1.66,1.66,1.66,1.66,0.0
2025-01-27,1.67,1.67,1.67,1.67,0.0
2025-01-28,1.6698,1.6698,1.6698,1.6698,0.0
2025-01-29,1.671,1.671,1.671,1.671,0.0
2025-01-30,1.6705,1.6705,1.6705,1.6705,0.0
2025-01-31,1.6702,1.6702,1.6702,1.6702,0.0
2025-02-03,1.6671,1.6671,1.6671,1.6671,0.0
2025-02-04,1.6629,1.6629,1.6629,1.6629,0.0
2025-02-05,1.658,1.658,1.658,1.658,0.0
2025-02-06,1.6547,1.6547,1.6547,1.6547,0.0
2025-02-07,1.6525,1.6525,1.6525,1.6525,0.0
2025-02-10,1.6448,1.6448,1.6448,1.6448,0.0
2025-02-11,1.6442,1.6442,1.6442,1.6442,0.0
2025-02-12,1.6525,1.6525,1.6525,1.6525,0.0
2025-02-13,1.6591,1.6591,1.6591,1.6591,0.0
2025-02-14,1.6514,1.6514,1.6514,1.6514,0.0
2025-02-17,1.6456,1.6456,1.6456,1.6456,0.0
2025-02-18,1.6466,1.6466,1.6466,1.6466,0.0
2025-02-19,1.6419,1.6419,1.6419,1.6419,0.0
2025-02-20,1.6382,1.6382,1.6382,1.6382,0.0
2025-02-21,1.6394,1.6394,1.6394,1.6394,0.0
2025-02-24,1.6434,1.6434,1.6434,1.6434,0.0
2025-02-25,1.6538,1.6538,1.6538,1.6538,0.0
2025-02-26,1.6622,1.6622,1.6622,1.6622,0.0
2025-02-27,1.6638,1.6638,1.6638,1.6638,0.0
2025-02-28,1.6741,1.6741,1.6741,1.6741,0.0
2025-03-03,1.6811,1.6811,1.6811,1.6811,0.0
2025-03-04,1.6919,1.6919,1.6919,1.6919,0.0
2025-03-05,1.703,1.703,1.703,1.703,0.0
2025-03-06,1.7037,1.7037,1.7037,1.7037,0.0
2025-03-07,1.7258,1.7258,1.7258,1.7258,0.0
2025-03-10,1.7158,1.7158,1.7158,1.7158,0.0
2025-03-11,1.7357,1.7357,1.7357,1.7357,0.0
2025-03-12,1.7297,1.7297,1.7297,1.7297,0.0
2025-03-13,1.7264,1.7264,1.7264,1.7264,0.0
2025-03-14,1.7237,1.7237,1.7237,1.7237,0.0
2025-03-17,1.716,1.716,1.716,1.716,0.0
2025-03-18,1.7147,1.7147,1.7147,1.7147,0.0
2025-03-19,1.7208,1.7208,1.7208,1.7208,0.0
2025-03-20,1.7242,1.7242,1.7242,1.7242,0.0
2025-03-21,1.724,1.724,1.724,1.724,0.0
2025-03-24,1.7223,1.7223,1.7223,1.7223,0.0
2025-03-25,1.7123,1.7123,1.7123,1.7123,0.0
2025-03-26,1.7077,1.7077,1.7077,1.7077,0.0
2025-03-27,1.7101,1.7101,1.7101,1.7101,0.0
2025-03-28,1.712,1.712,1.712,1.712,0.0
2025-03-31,1.7318,1.7318,1.7318,1.7318,0.0
2025-04-01,1.7255,1.7255,1.7255,1.7255,0.0
2025-04-02,1.7146,1.7146,1.7146,1.7146,0.0
2025-04-03,1.7448,1.7448,1.7448,1.7448,0.0
2025-04-04,1.8098,1.8098,1.8098,1.8098,0.0
2025-04-07,1.8174,1.8174,1.8174,1.8174,0.0
2025-04-08,1.8073,1.8073,1.8073,1.8073,0.0
2025-04-09,1.8391,1.8391,1.8391,1.8391,0.0
2025-04-10,1.7905,1.7905,1.7905,1.7905,0.0
2025-04-11,1.8201,1.8201,1.8201,1.8201,0.0
2025-04-14,1.8034,1.8034,1.8034,1.8034,0.0
2025-04-15,1.7794,1.7794,1.7794,1.7794,0.0
2025-04-16,1.7816,1.7816,1.7816,1.7816,0.0
2025-04-17,1.7845,1.7845,1.7845,1.7845,0.0
2025-04-22,1.7945,1.7945,1.7945,1.7945,0.0
2025-04-23,1.7814,1.7814,1.7814,1.7814,0.0
2025-04-24,1.7823,1.7823,1.7823,1.7823,0.0
2025-04-25,1.7797,1.7797,1.7797,1.7797,0.0
2025-04-28,1.7759,1.7759,1.7759,1.7759,0.0
2025-04-29,1.7754,1.7754,1.7754,1.7754,0.0
2025-04-30,1.7798,1.7798,1.7798,1.7798,0.0
2025-05-02,1.762,1.762,1.762,1.762,0.0
2025-05-05,1.7492,1.7492,1.7492,1.7492,0.0
2025-05-06,1.7522,1.7522,1.7522,1.7522,0.0
2025-05-07,1.7553,1.7553,1.7553,1.7553,0.0
2025-05-08,1.7605,1.7605,1.7605,1.7605,0.0
2025-05-09,1.7572,1.7572,1.7572,1.7572,0.0
2025-05-12,1.7384,1.7384,1.7384,1.7384,0.0
2025-05-13,1.7341,1.7341,1.7341,1.7341,0.0
2025-05-14,1.734,1.734,1.734,1.734,0.0
2025-05-15,1.7457,1.7457,1.7457,1.7457,0.0
2025-05-16,1.7458,1.7458,1.7458,1.7458,0.0
2025-05-19,1.7471,1.7471,1.7471,1.7471,0.0
2025-05-20,1.7538,1.7538,1.7538,1.7538,0.0
2025-05-21,1.7569,1.7569,1.7569,1.7569,0.0
2025-05-22,1.7608,1.7608,1.7608,1.7608,0.0
2025-05-23,1.7569,1.7569,1.7569,1.7569,0.0
2025-05-26,1.7488,1.7488,1.7488,1.7488,0.0
2025-05-27,1.7624,1.7624,1.7624,1.7624,0.0
2025-05-28,1.758,1.758,1.758,1.758,0.0
2025-05-29,1.7513,1.7513,1.7513,1.7513,0.0
2025-05-30,1.7647,1.7647,1.7647,1.7647,0.0
2025-06-02,1.7606,1.7606,1.7606,1.7606,0.0
2025-06-03,1.764,1.764,1.764,1.764,0.0
2025-06-04,1.7552,1.7552,1.7552,1.7552,0.0
2025-06-05,1.755,1.755,1.755,1.755,0.0
2025-06-06,1.7592,1.7592,1.7592,1.7592,0.0
2025-06-09,1.7514,1.7514,1.7514,1.7514,0.0
2025-06-10,1.7529,1.7529,1.7529,1.7529,0.0
2025-06-11,1.7578,1.7578,1.7578,1.7578,0.0
2025-06-12,1.7799,1.7799,1.7799,1.7799,0.0
2025-06-13,1.7777,1.7777,1.7777,1.7777,0.0
2025-06-16,1.7732,1.7732,1.7732,1.7732,0.0
2025-06-17,1.7693,1.7693,1.7693,1.7693,0.0
2025-06-18,1.7703,1.7703,1.7703,1.7703,0.0
2025-06-19,1.7744,1.7744,1.7744,1.7744,0.0
2025-06-20,1.7754,1.7754,1.7754,1.7754,0.0
2025-06-23,1.7963,1.7963,1.7963,1.7963,0.0
2025-06-24,1.7834,1.7834,1.7834,1.7834,0.0
2025-06-25,1.7854,1.7854,1.7854,1.7854,0.0
2025-06-26,1.7906,1.7906,1.7906,1.7906,0.0
2025-06-27,1.7912,1.7912,1.7912,1.7912,0.0
2025-06-30,1.7948,1.7948,1.7948,1.7948,0.0
2025-07-01,1.7935,1.7935,1.7935,1.7935,0.0
2025-07-02,1.7934,1.7934,1.7934,1.7934,0.0
2025-07-03,1.7928,1.7928,1.7928,1.7928,0.0
2025-07-04,1.7948,1.7948,1.7948,1.7948,0.0
2025-07-07,1.8043,1.8043,1.8043,1.8043,0.0
2025-07-08,1.7925,1.7925,1.7925,1.7925,0.0
2025-07-09,1.7938,1.7938,1.7938,1.7938,0.0
2025-07-10,1.7873,1.7873,1.7873,1.7873,0.0
2025-07-11,1.7777,1.7777,1.7777,1.7777,0.0
2025-07-14,1.7806,1.7806,1.7806,1.7806,0.0
2025-07-15,1.7785,1.7785,1.7785,1.7785,0.0
2025-07-16,1.7794,1.7794,1.7794,1.7794,0.0
2025-07-17,1.7923,1.7923,1.7923,1.7923,0.0
2025-07-18,1.7852,1.7852,1.7852,1.7852,0.0
2025-07-21,1.7883,1.7883,1.7883,1.7883,0.0
2025-07-22,1.7944,1.7944,1.7944,1.7944,0.0
2025-07-23,1.7776,1.7776,1.7776,1.7776,0.0
2025-07-24,1.7771,1.7771,1.7771,1.7771,0.0
2025-07-25,1.7852,1.7852,1.7852,1.7852,0.0
2025-07-28,1.7853,1.7853,1.7853,1.7853,0.0
2025-07-29,1.7753,1.7753,1.7753,1.7753,0.0
2025-07-30,1.7775,1.7775,1.7775,1.7775,0.0
2025-07-31,1.7762,1.7762,1.7762,1.7762,0.0
2025-08-01,1.7756,1.7756,1.7756,1.7756,0.0
2025-08-04,1.7846,1.7846,1.7846,1.7846,0.0
2025-08-05,1.786,1.786,1.786,1.786,0.0
2025-08-06,1.7844,1.7844,1.7844,1.7844,0.0
2025-08-07,1.7852,1.7852,1.7852,1.7852,0.0
2025-08-08,1.7857,1.7857,1.7857,1.7857,0.0
2025-08-11,1.7858,1.7858,1.7858,1.7858,0.0
2025-08-12,1.7887,1.7887,1.7887,1.7887,0.0
2025-08-13,1.7872,1.7872,1.7872,1.7872,0.0
2025-08-14,1.7918,1.7918,1.7918,1.7918,0.0
2025-08-15,1.7947,1.7947,1.7947,1.7947,0.0
2025-08-18,1.7931,1.7931,1.7931,1.7931,0.0
2025-08-19,1.7994,1.7994,1.7994,1.7994,0.0
2025-08-20,1.8094,1.8094,1.8094,1.8094,0.0
2025-08-21,1.8118,1.8118,1.8118,1.8118,0.0
2025-08-22,1.8068,1.8068,1.8068,1.8068,0.0
2025-08-25,1.8005,1.8005,1.8005,1.8005,0.0
2025-08-26,1.7956,1.7956,1.7956,1.7956,0.0
2025-08-27,1.7916,1.7916,1.7916,1.7916,0.0
2025-08-28,1.788,1.788,1.788,1.788,0.0
2025-08-29,1.7865,1.7865,1.7865,1.7865,0.0
2025-09-01,1.7885,1.7885,1.7885,1.7885,0.0
2025-09-02,1.7897,1.7897,1.7897,1.7897,0.0
2025-09-03,1.7823,1.7823,1.7823,1.7823,0.0
2025-09-04,1.787,1.787,1.787,1.787,0.0
2025-09-05,1.787,1.787,1.787,1.787,0.0
2025-09-08,1.7799,1.7799,1.7799,1.7799,0.0
2025-09-09,1.7771,1.7771,1.7771,1.7771,0.0
2025-09-10,1.772,1.772,1.772,1.772,0.0
2025-09-11,1.7697,1.7697,1.7697,1.7697,0.0
2025-09-12,1.7646,1.7646,1.7646,1.7646,0.0
2025-09-15,1.7659,1.7659,1.7659,1.7659,0.0
2025-09-16,1.7698,1.7698,1.7698,1.7698,0.0
2025-09-17,1.7728,1.7728,1.7728,1.7728,0.0
2025-09-18,1.7781,1.7781,1.7781,1.7781,0.0
2025-09-19,1.7802,1.7802,1.7802,1.7802,0.0
2025-09-22,1.7865,1.7865,1.7865,1.7865,0.0
2025-09-23,1.7854,1.7854,1.7854,1.7854,0.0
2025-09-24,1.7791,1.7791,1.7791,1.7791,0.0
2025-09-25,1.7832,1.7832,1.7832,1.7832,0.0
2025-09-26,1.7881,1.7881,1.7881,1.7881,0.0
2025-09-29,1.7859,1.7859,1.7859,1.7859,0.0
2025-09-30,1.776,1.776,1.776,1.776,0.0
2025-10-01,1.7741,1.7741,1.7741,1.7741,0.0
2025-10-02,1.7786,1.7786,1.7786,1.7786,0.0
2025-10-03,1.7771,1.7771,1.7771,1.7771,0.0
2025-10-06,1.7698,1.7698,1.7698,1.7698,0.0
2025-10-07,1.7708,1.7708,1.7708,1.7708,0.0
2025-10-08,1.7689,1.7689,1.7689,1.7689,0.0
2025-10-09,1.76,1.76,1.76,1.76,0.0
2025-10-10,1.765,1.765,1.765,1.765,0.0
2025-10-13,1.7775,1.7775,1.7775,1.7775,0.0
2025-10-14,1.7906,1.7906,1.7906,1.7906,0.0
2025-10-15,1.7839,1.7839,1.7839,1.7839,0.0
2025-10-16,1.7926,1.7926,1.7926,1.7926,0.0
2025-10-17,1.7995,1.7995,1.7995,1.7995,0.0
2025-10-20,1.7965,1.7965,1.7965,1.7965,0.0
2025-10-21,1.7885,1.7885,1.7885,1.7885,0.0
2025-10-22,1.7864,1.7864,1.7864,1.7864,0.0
2025-10-23,1.7825,1.7825,1.7825,1.7825,0.0
2025-10-24,1.7862,1.7862,1.7862,1.7862,0.0
2025-10-27,1.7747,1.7747,1.7747,1.7747,0.0
2025-10-28,1.7745,1.7745,1.7745,1.7745,0.0
2025-10-29,1.7631,1.7631,1.7631,1.7631,0.0
2025-10-30,1.7672,1.7672,1.7672,1.7672,0.0
2025-10-31,1.7672,1.7672,1.7672,1.7672,0.0
2025-11-03,1.7597,1.7597,1.7597,1.7597,0.0
2025-11-04,1.7691,1.7691,1.7691,1.7691,0.0
2025-11-05,1.7724,1.7724,1.7724,1.7724,0.0
2025-11-06,1.7697,1.7697,1.7697,1.7697,0.0
2025-11-07,1.7838,1.7838,1.7838,1.7838,0.0
2025-11-10,1.771,1.771,1.771,1.771,0.0
2025-11-11,1.7738,1.7738,1.7738,1.7738,0.0
2025-11-12,1.7696,1.7696,1.7696,1.7696,0.0
2025-11-13,1.7722,1.7722,1.7722,1.7722,0.0
2025-11-14,1.7847,1.7847,1.7847,1.7847,0.0
2025-11-17,1.7798,1.7798,1.7798,1.7798,0.0
2025-11-18,1.783,1.783,1.783,1.783,0.0
2025-11-19,1.7853,1.7853,1.7853,1.7853,0.0
2025-11-20,1.7773,1.7773,1.7773,1.7773,0.0
2025-11-21,1.7873,1.7873,1.7873,1.7873,0.0
2025-11-24,1.7878,1.7878,1.7878,1.7878,0.0
2025-11-25,1.7877,1.7877,1.7877,1.7877,0.0
2025-11-26,1.7818,1.7818,1.7818,1.7818,0.0
2025-11-27,1.7753,1.7753,1.7753,1.7753,0.0
2025-11-28,1.7721,1.7721,1.7721,1.7721,0.0
2025-12-01,1.774,1.774,1.774,1.774,0.0
2025-12-02,1.7723,1.7723,1.7723,1.7723,0.0
2025-12-03,1.77,1.77,1.77,1.77,0.0
2025-12-04,1.7657,1.7657,1.7657,1.7657,0.0
2025-12-05,1.7546,1.7546,1.7546,1.7546,0.0
2025-12-08,1.7549,1.7549,1.7549,1.7549,0.0
2025-12-09,1.7532,1.7532,1.7532,1.7532,0.0
2025-12-10,1.7513,1.7513,1.7513,1.7513,0.0
2025-12-11,1.7601,1.7601,1.7601,1.7601,0.0
2025-12-12,1.7594,1.7594,1.7594,1.7594,0.0
2025-12-15,1.7669,1.7669,1.7669,1.7669,0.0
2025-12-16,1.7737,1.7737,1.7737,1.7737,0.0
2025-12-17,1.7704,1.7704,1.7704,1.7704,0.0
2025-12-18,1.7734,1.7734,1.7734,1.7734,0.0
2025-12-19,1.7739,1.7739,1.7739,1.7739,0.0
2025-12-22,1.7667,1.7667,1.7667,1.7667,0.0
2025-12-23,1.7607,1.7607,1.7607,1.7607,0.0
2025-12-24,1.7587,1.7587,1.7587,1.7587,0.0
2025-12-29,1.7583,1.7583,1.7583,1.7583,0.0
2025-12-30,1.7543,1.7543,1.7543,1.7543,0.0
2025-12-31,1.7581,1.7581,1.7581,1.7581,0.0
2026-01-02,1.7508,1.7508,1.7508,1.7508,0.0
2026-01-05,1.7492,1.7492,1.7492,1.7492,0.0
2026-01-06,1.7422,1.7422,1.7422,1.7422,0.0
2026-01-07,1.7367,1.7367,1.7367,1.7367,0.0
2026-01-08,1.7433,1.7433,1.7433,1.7433,0.0
2026-01-09,1.7441,1.7441,1.7441,1.7441,0.0
2026-01-12,1.7409,1.7409,1.7409,1.7409,0.0
2026-01-13,1.7394,1.7394,1.7394,1.7394,0.0
2026-01-14,1.745,1.745,1.745,1.745,0.0
2026-01-15,1.7382,1.7382,1.7382,1.7382,0.0
2026-01-16,1.7344,1.7344,1.7344,1.7344,0.0
2026-01-19,1.7342,1.7342,1.7342,1.7342,0.0
2026-01-20,1.742,1.742,1.742,1.742,0.0
2026-01-21,1.734,1.734,1.734,1.734,0.0
2026-01-22,1.7197,1.7197,1.7197,1.7197,0.0
2026-01-23,1.7104,1.7104,1.7104,1.7104,0.0
2026-01-26,1.7133,1.7133,1.7133,1.7133,0.0
2026-01-27,1.7167,1.7167,1.7167,1.7167,0.0
2026-01-28,1.7107,1.7107,1.7107,1.7107,0.0
2026-01-29,1.6935,1.6935,1.6935,1.6935,0.0
2026-01-30,1.7001,1.7001,1.7001,1.7001,0.0
2026-02-02,1.7042,1.7042,1.7042,1.7042,0.0
2026-02-03,1.683,1.683,1.683,1.683,0.0
2026-02-04,1.6814,1.6814,1.6814,1.6814,0.0
2026-02-05,1.6922,1.6922,1.6922,1.6922,0.0
2026-02-06,1.688,1.688,1.688,1.688,0.0
2026-02-09,1.6843,1.6843,1.6843,1.6843,0.0
2026-02-10,1.683,1.683,1.683,1.683,0.0
2026-02-11,1.6737,1.6737,1.6737,1.6737,0.0
2026-02-12,1.6678,1.6678,1.6678,1.6678,0.0
2026-02-13,1.6824,1.6824,1.6824,1.6824,0.0
2026-02-16,1.6731,1.6731,1.6731,1.6731,0.0
2026-02-17,1.6776,1.6776,1.6776,1.6776,0.0
2026-02-18,1.6748,1.6748,1.6748,1.6748,0.0
2026-02-19,1.6698,1.6698,1.6698,1.6698,0.0
2026-02-20,1.6697,1.6697,1.6697,1.6697,0.0
2026-02-23,1.6669,1.6669,1.6669,1.6669,0.0
2026-02-24,1.6718,1.6718,1.6718,1.6718,0.0
2026-02-25,1.6617,1.6617,1.6617,1.6617,0.0
2026-02-26,1.6592,1.6592,1.6592,1.6592,0.0
2026-02-27,1.6612,1.6612,1.6612,1.6612,0.0
2026-03-02,1.6579,1.6579,1.6579,1.6579,0.0
2026-03-03,1.6534,1.6534,1.6534,1.6534,0.0
2026-03-04,1.6503,1.6503,1.6503,1.6503,0.0
2026-03-05,1.649,1.649,1.649,1.649,0.0
2026-03-06,1.6501,1.6501,1.6501,1.6501,0.0
2026-03-09,1.6465,1.6465,1.6465,1.6465,0.0
2026-03-10,1.6355,1.6355,1.6355,1.6355,0.0
2026-03-11,1.6195,1.6195,1.6195,1.6195,0.0
2026-03-12,1.619,1.619,1.619,1.619,0.0
2026-03-13,1.6293,1.6293,1.6293,1.6293,0.0
2026-03-16,1.6272,1.6272,1.6272,1.6272,0.0
2026-03-17,1.6227,1.6227,1.6227,1.6227,0.0
2026-03-18,1.6305,1.6305,1.6305,1.6305,0.0
2026-03-19,1.6403,1.6403,1.6403,1.6403,0.0
2026-03-20,1.6351,1.6351,1.6351,1.6351,0.0
2026-03-23,1.6519,1.6519,1.6519,1.6519,0.0
2026-03-24,1.6652,1.6652,1.6652,1.6652,0.0
2026-03-25,1.6647,1.6647,1.6647,1.6647,0.0
2026-03-26,1.6693,1.6693,1.6693,1.6693,0.0
2026-03-27,1.6731,1.6731,1.6731,1.6731,0.0
2026-03-30,1.674,1.674,1.674,1.674,0.0
2026-03-31,1.6693,1.6693,1.6693,1.6693,0.0
2026-04-01,1.6689,1.6689,1.6689,1.6689,0.0
2026-04-02,1.6771,1.6771,1.6771,1.6771,0.0
2026-04-07,1.6665,1.6665,1.6665,1.6665,0.0
2026-04-08,1.6589,1.6589,1.6589,1.6589,0.0
2026-04-09,1.6593,1.6593,1.6593,1.6593,0.0
2026-04-10,1.6561,1.6561,1.6561,1.6561,0.0
2026-04-13,1.661,1.661,1.661,1.661,0.0
2026-04-14,1.6558,1.6558,1.6558,1.6558,0.0
2026-04-15,1.6507,1.6507,1.6507,1.6507,0.0
2026-04-16,1.6425,1.6425,1.6425,1.6425,0.0
2026-04-17,1.6438,1.6438,1.6438,1.6438,0.0
2026-04-20,1.6432,1.6432,1.6432,1.6432,0.0
2026-04-21,1.6423,1.6423,1.6423,1.6423,0.0
2026-04-22,1.6404,1.6404,1.6404,1.6404,0.0
2026-04-23,1.6347,1.6347,1.6347,1.6347,0.0
2026-04-24,1.6393,1.6393,1.6393,1.6393,0.0
2026-04-27,1.6337,1.6337,1.6337,1.6337,0.0
2026-04-28,1.6327,1.6327,1.6327,1.6327,0.0
2026-04-29,1.6344,1.6344,1.6344,1.6344,0.0
2026-04-30,1.6371,1.6371,1.6371,1.6371,0.0
2026-05-04,1.6289,1.6289,1.6289,1.6289,0.0
2026-05-05,1.6299,1.6299,1.6299,1.6299,0.0
2026-05-06,1.6238,1.6238,1.6238,1.6238,0.0
2026-05-07,1.6219,1.6219,1.6219,1.6219,0.0
2026-05-08,1.6259,1.6259,1.6259,1.6259,0.0
2026-05-11,1.6249,1.6249,1.6249,1.6249,0.0
2026-05-12,1.6252,1.6252,1.6252,1.6252,0.0
2026-05-13,1.6158,1.6158,1.6158,1.6158,0.0
2026-05-14,1.6162,1.6162,1.6162,1.6162,0.0
2026-05-15,1.6265,1.6265,1.6265,1.6265,0.0
2026-05-18,1.6256,1.6256,1.6256,1.6256,0.0
2026-05-19,1.6327,1.6327,1.6327,1.6327,0.0
2026-05-20,1.6271,1.6271,1.6271,1.6271,0.0
2026-05-21,1.6273,1.6273,1.6273,1.6273,0.0
2026-05-22,1.6283,1.6283,1.6283,1.6283,0.0
2026-05-25,1.624,1.624,1.624,1.624,0.0
2026-05-26,1.6236,1.6236,1.6236,1.6236,0.0
2026-05-27,1.6321,1.6321,1.6321,1.6321,0.0
2026-05-28,1.6318,1.6318,1.6318,1.6318,0.0
2026-05-29,1.6238,1.6238,1.6238,1.6238,0.0
2026-06-01,1.6234,1.6234,1.6234,1.6234,0.0
2026-06-02,1.6221,1.6221,1.6221,1.6221,0.0
2026-06-03,1.6218,1.6218,1.6218,1.6218,0.0
2026-06-04,1.6297,1.6297,1.6297,1.6297,0.0
2026-06-05,1.6301,1.6301,1.6301,1.6301,0.0
2026-06-08,1.6311,1.6311,1.6311,1.6311,0.0
2026-06-09,1.6391,1.6391,1.6391,1.6391,0.0
2026-06-10,1.6475,1.6475,1.6475,1.6475,0.0
2026-06-11,1.6487,1.6487,1.6487,1.6487,0.0
2026-06-12,1.6442,1.6442,1.6442,1.6442,0.0
2026-06-15,1.6424,1.6424,1.6424,1.6424,0.0
2026-06-16,1.6411,1.6411,1.6411,1.6411,0.0
2026-06-17,1.6418,1.6418,1.6418,1.6418,0.0
2026-06-18,1.6362,1.6362,1.6362,1.6362,0.0
2026-06-19,1.6348,1.6348,1.6348,1.6348,0.0
2026-06-22,1.6346,1.6346,1.6346,1.6346,0.0
2026-06-23,1.6423,1.6423,1.6423,1.6423,0.0
2026-06-24,1.6436,1.6436,1.6436,1.6436,0.0
2026-06-25,1.6454,1.6454,1.6454,1.6454,0.0
2026-06-26,1.6518,1.6518,1.6518,1.6518,0.0
2026-06-29,1.6531,1.6531,1.6531,1.6531,0.0
2026-06-30,1.6544,1.6544,1.6544,1.6544,0.0
2026-07-01,1.6518,1.6518,1.6518,1.6518,0.0
2026-07-02,1.6546,1.6546,1.6546,1.6546,0.0
2026-07-03,1.65,1.65,1.65,1.65,0.0
2026-07-06,1.6462,1.6462,1.6462,1.6462,0.0
2026-07-07,1.6455,1.6455,1.6455,1.6455,0.0
2026-07-08,1.6471,1.6471,1.6471,1.6471,0.0
2026-07-09,1.6478,1.6478,1.6478,1.6478,0.0
2026-07-10,1.6447,1.6447,1.6447,1.6447,0.0
2026-07-13,1.6454,1.6454,1.6454,1.6454,0.0
2026-07-14,1.6428,1.6428,1.6428,1.6428,0.0
2026-07-15,1.6335,1.6335,1.6335,1.6335,0.0
2026-07-16,1.6362,1.6362,1.6362,1.6362,0.0
2026-07-17,1.6394,1.6394,1.6394,1.6394,0.0
2026-07-20,1.6307,1.6307,1.6307,1.6307,0.0
2026-07-21,1.6276,1.6276,1.6276,1.6276,0.0
2026-07-22,1.6312,1.6312,1.6312,1.6312,0.0
2026-07-23,1.6291,1.6291,1.6291,1.6291,0.0
2026-07-24,1.6281,1.6281,1.6281,1.6281,0.0
2026-07-27,1.6271,1.6271,1.6271,1.6271,0.0
2026-07-28,1.6312,1.6312,1.6312,1.6312,0.0
2026-07-29,1.6397,1.6397,1.6397,1.6397,0.0
2026-07-30,1.6439,1.6439,1.6439,1.6439,0.0
2026-07-31,1.6365,1.6365,1.6365,1.6365,0.0
2026-08-03,1.6463,1.6463,1.6463,1.6463,0.0
2026-08-04,1.6377,1.6377,1.6377,1.6377,0.0
2026-08-05,1.6385,1.6385,1.6385,1.6385,0.0
2026-08-06,1.639,1.639,1.639,1.639,0.0
2026-08-07,1.6384,1.6384,1.6384,1.6384,0.0
2026-08-10,1.6359,1.6359,1.6359,1.6359,0.0
2026-08-11,1.6336,1.6336,1.6336,1.6336,0.0
