timestamp,open,high,low,close,volume
2006-12-29,1.6069,1.6069,1.6069,1.6069,0.0
2007-01-02,1.6104,1.6104,1.6104,1.6104,0.0
2007-01-03,1.6132,1.6132,1.6132,1.6132,0.0
2007-01-04,1.6132,1.6132,1.6132,1.6132,0.0
2007-01-05,1.6097,1.6097,1.6097,1.6097,0.0
2007-01-08,1.6097,1.6097,1.6097,1.6097,0.0
2007-01-09,1.6127,1.6127,1.6127,1.6127,0.0
2007-01-10,1.6138,1.6138,1.6138,1.6138,0.0
2007-01-11,1.6129,1.6129,1.6129,1.6129,0.0
2007-01-12,1.6125,1.6125,1.6125,1.6125,0.0
2007-01-15,1.6127,1.6127,1.6127,1.6127,0.0
2007-01-16,1.6138,1.6138,1.6138,1.6138,0.0
2007-01-17,1.6143,1.6143,1.6143,1.6143,0.0
2007-01-18,1.6182,1.6182,1.6182,1.6182,0.0
2007-01-19,1.6178,1.6178,1.6178,1.6178,0.0
2007-01-22,1.6185,1.6185,1.6185,1.6185,0.0
2007-01-23,1.6167,1.6167,1.6167,1.6167,0.0
2007-01-24,1.6195,1.6195,1.6195,1.6195,0.0
2007-01-25,1.6154,1.6154,1.6154,1.6154,0.0
2007-01-26,1.6184,1.6184,1.6184,1.6184,0.0
2007-01-29,1.6216,1.6216,1.6216,1.6216,0.0
2007-01-30,1.6236,1.6236,1.6236,1.6236,0.0
2007-01-31,1.6214,1.6214,1.6214,1.6214,0.0
2007-02-01,1.6175,1.6175,1.6175,1.6175,0.0
2007-02-02,1.6175,1.6175,1.6175,1.6175,0.0
2007-02-05,1.617,1.617,1.617,1.617,0.0
2007-02-06,1.61,1.61,1.61,1.61,0.0
2007-02-07,1.6111,1.6111,1.6111,1.6111,0.0
2007-02-08,1.6232,1.6232,1.6232,1.6232,0.0
2007-02-09,1.6249,1.6249,1.6249,1.6249,0.0
2007-02-12,1.6238,1.6238,1.6238,1.6238,0.0
2007-02-13,1.6233,1.6233,1.6233,1.6233,0.0
2007-02-14,1.6268,1.6268,1.6268,1.6268,0.0
2007-02-15,1.6267,1.6267,1.6267,1.6267,0.0
2007-02-16,1.6212,1.6212,1.6212,1.6212,0.0
2007-02-19,1.6215,1.6215,1.6215,1.6215,0.0
2007-02-20,1.6256,1.6256,1.6256,1.6256,0.0
2007-02-21,1.6267,1.6267,1.6267,1.6267,0.0
2007-02-22,1.6281,1.6281,1.6281,1.6281,0.0
2007-02-23,1.6262,1.6262,1.6262,1.6262,0.0
2007-02-26,1.6203,1.6203,1.6203,1.6203,0.0
2007-02-27,1.6183,1.6183,1.6183,1.6183,0.0
2007-02-28,1.6136,1.6136,1.6136,1.6136,0.0
2007-03-01,1.61,1.61,1.61,1.61,0.0
2007-03-02,1.6107,1.6107,1.6107,1.6107,0.0
2007-03-05,1.6,1.6,1.6,1.6,0.0
2007-03-06,1.604,1.604,1.604,1.604,0.0
2007-03-07,1.605,1.605,1.605,1.605,0.0
2007-03-08,1.6066,1.6066,1.6066,1.6066,0.0
2007-03-09,1.6137,1.6137,1.6137,1.6137,0.0
2007-03-12,1.6137,1.6137,1.6137,1.6137,0.0
2007-03-13,1.6095,1.6095,1.6095,1.6095,0.0
2007-03-14,1.607,1.607,1.607,1.607,0.0
2007-03-15,1.6088,1.6088,1.6088,1.6088,0.0
2007-03-16,1.6059,1.6059,1.6059,1.6059,0.0
2007-03-19,1.6107,1.6107,1.6107,1.6107,0.0
2007-03-20,1.6123,1.6123,1.6123,1.6123,0.0
2007-03-21,1.6153,1.6153,1.6153,1.6153,0.0
2007-03-22,1.619,1.619,1.619,1.619,0.0
2007-03-23,1.6164,1.6164,1.6164,1.6164,0.0
2007-03-26,1.6208,1.6208,1.6208,1.6208,0.0
2007-03-27,1.6211,1.6211,1.6211,1.6211,0.0
2007-03-28,1.6164,1.6164,1.6164,1.6164,0.0
2007-03-29,1.6215,1.6215,1.6215,1.6215,0.0
2007-03-30,1.6247,1.6247,1.6247,1.6247,0.0
2007-04-02,1.6226,1.6226,1.6226,1.6226,0.0
2007-04-03,1.6275,1.6275,1.6275,1.6275,0.0
2007-04-04,1.6292,1.6292,1.6292,1.6292,0.0
2007-04-05,1.6309,1.6309,1.6309,1.6309,0.0
2007-04-10,1.6361,1.6361,1.6361,1.6361,0.0
2007-04-11,1.6382,1.6382,1.6382,1.6382,0.0
2007-04-12,1.6404,1.6404,1.6404,1.6404,0.0
2007-04-13,1.6361,1.6361,1.6361,1.6361,0.0
2007-04-16,1.6431,1.6431,1.6431,1.6431,0.0
2007-04-17,1.6406,1.6406,1.6406,1.6406,0.0
2007-04-18,1.6367,1.6367,1.6367,1.6367,0.0
2007-04-19,1.6343,1.6343,1.6343,1.6343,0.0
2007-04-20,1.6414,1.6414,1.6414,1.6414,0.0
2007-04-23,1.6423,1.6423,1.6423,1.6423,0.0
2007-04-24,1.6387,1.6387,1.6387,1.6387,0.0
2007-04-25,1.6416,1.6416,1.6416,1.6416,0.0
2007-04-26,1.6432,1.6432,1.6432,1.6432,0.0
2007-04-27,1.6431,1.6431,1.6431,1.6431,0.0
2007-04-30,1.6458,1.6458,1.6458,1.6458,0.0
2007-05-02,1.6518,1.6518,1.6518,1.6518,0.0
2007-05-03,1.6479,1.6479,1.6479,1.6479,0.0
2007-05-04,1.6479,1.6479,1.6479,1.6479,0.0
2007-05-07,1.6471,1.6471,1.6471,1.6471,0.0
2007-05-08,1.6489,1.6489,1.6489,1.6489,0.0
2007-05-09,1.6486,1.6486,1.6486,1.6486,0.0
2007-05-10,1.6473,1.6473,1.6473,1.6473,0.0
2007-05-11,1.6439,1.6439,1.6439,1.6439,0.0
2007-05-14,1.6515,1.6515,1.6515,1.6515,0.0
2007-05-15,1.6505,1.6505,1.6505,1.6505,0.0
2007-05-16,1.6545,1.6545,1.6545,1.6545,0.0
2007-05-17,1.6555,1.6555,1.6555,1.6555,0.0
2007-05-18,1.6536,1.6536,1.6536,1.6536,0.0
2007-05-21,1.6562,1.6562,1.6562,1.6562,0.0
2007-05-22,1.6561,1.6561,1.6561,1.6561,0.0
2007-05-23,1.6537,1.6537,1.6537,1.6537,0.0
2007-05-24,1.6508,1.6508,1.6508,1.6508,0.0
2007-05-25,1.6499,1.6499,1.6499,1.6499,0.0
2007-05-28,1.6525,1.6525,1.6525,1.6525,0.0
2007-05-29,1.6504,1.6504,1.6504,1.6504,0.0
2007-05-30,1.6467,1.6467,1.6467,1.6467,0.0
2007-05-31,1.6477,1.6477,1.6477,1.6477,0.0
2007-06-01,1.6514,1.6514,1.6514,1.6514,0.0
2007-06-04,1.6504,1.6504,1.6504,1.6504,0.0
2007-06-05,1.6483,1.6483,1.6483,1.6483,0.0
2007-06-06,1.6452,1.6452,1.6452,1.6452,0.0
2007-06-07,1.6477,1.6477,1.6477,1.6477,0.0
2007-06-08,1.6475,1.6475,1.6475,1.6475,0.0
2007-06-11,1.6534,1.6534,1.6534,1.6534,0.0
2007-06-12,1.6556,1.6556,1.6556,1.6556,0.0
2007-06-13,1.6532,1.6532,1.6532,1.6532,0.0
2007-06-14,1.6549,1.6549,1.6549,1.6549,0.0
2007-06-15,1.6576,1.6576,1.6576,1.6576,0.0
2007-06-18,1.662,1.662,1.662,1.662,0.0
2007-06-19,1.6627,1.6627,1.6627,1.6627,0.0
2007-06-20,1.6605,1.6605,1.6605,1.6605,0.0
2007-06-21,1.6613,1.6613,1.6613,1.6613,0.0
2007-06-22,1.6576,1.6576,1.6576,1.6576,0.0
2007-06-25,1.6538,1.6538,1.6538,1.6538,0.0
2007-06-26,1.6547,1.6547,1.6547,1.6547,0.0
2007-06-27,1.652,1.652,1.652,1.652,0.0
2007-06-28,1.6544,1.6544,1.6544,1.6544,0.0
2007-06-29,1.6553,1.6553,1.6553,1.6553,0.0
2007-07-02,1.649,1.649,1.649,1.649,0.0
2007-07-03,1.655,1.655,1.655,1.655,0.0
2007-07-04,1.6558,1.6558,1.6558,1.6558,0.0
2007-07-05,1.6553,1.6553,1.6553,1.6553,0.0
2007-07-06,1.6589,1.6589,1.6589,1.6589,0.0
2007-07-09,1.6582,1.6582,1.6582,1.6582,0.0
2007-07-10,1.6553,1.6553,1.6553,1.6553,0.0
2007-07-11,1.6535,1.6535,1.6535,1.6535,0.0
2007-07-12,1.6574,1.6574,1.6574,1.6574,0.0
2007-07-13,1.6579,1.6579,1.6579,1.6579,0.0
2007-07-16,1.6556,1.6556,1.6556,1.6556,0.0
2007-07-17,1.6554,1.6554,1.6554,1.6554,0.0
2007-07-18,1.6572,1.6572,1.6572,1.6572,0.0
2007-07-19,1.6585,1.6585,1.6585,1.6585,0.0
2007-07-20,1.662,1.662,1.662,1.662,0.0
2007-07-23,1.6633,1.6633,1.6633,1.6633,0.0
2007-07-24,1.6645,1.6645,1.6645,1.6645,0.0
2007-07-25,1.666,1.666,1.666,1.666,0.0
2007-07-26,1.6607,1.6607,1.6607,1.6607,0.0
2007-07-27,1.6525,1.6525,1.6525,1.6525,0.0
2007-07-30,1.6437,1.6437,1.6437,1.6437,0.0
2007-07-31,1.6519,1.6519,1.6519,1.6519,0.0
2007-08-01,1.6436,1.6436,1.6436,1.6436,0.0
2007-08-02,1.6492,1.6492,1.6492,1.6492,0.0
2007-08-03,1.6501,1.6501,1.6501,1.6501,0.0
2007-08-06,1.6385,1.6385,1.6385,1.6385,0.0
2007-08-07,1.6447,1.6447,1.6447,1.6447,0.0
2007-08-08,1.6468,1.6468,1.6468,1.6468,0.0
2007-08-09,1.6401,1.6401,1.6401,1.6401,0.0
2007-08-10,1.6314,1.6314,1.6314,1.6314,0.0
2007-08-13,1.6394,1.6394,1.6394,1.6394,0.0
2007-08-14,1.6421,1.6421,1.6421,1.6421,0.0
2007-08-15,1.6383,1.6383,1.6383,1.6383,0.0
2007-08-16,1.6302,1.6302,1.6302,1.6302,0.0
2007-08-17,1.6245,1.6245,1.6245,1.6245,0.0
2007-08-20,1.6284,1.6284,1.6284,1.6284,0.0
2007-08-21,1.6248,1.6248,1.6248,1.6248,0.0
2007-08-22,1.6306,1.6306,1.6306,1.6306,0.0
2007-08-23,1.6387,1.6387,1.6387,1.6387,0.0
2007-08-24,1.6362,1.6362,1.6362,1.6362,0.0
2007-08-27,1.6436,1.6436,1.6436,1.6436,0.0
2007-08-28,1.6366,1.6366,1.6366,1.6366,0.0
2007-08-29,1.637,1.637,1.637,1.637,0.0
2007-08-30,1.6402,1.6402,1.6402,1.6402,0.0
2007-08-31,1.6451,1.6451,1.6451,1.6451,0.0
2007-09-03,1.6479,1.6479,1.6479,1.6479,0.0
2007-09-04,1.6466,1.6466,1.6466,1.6466,0.0
2007-09-05,1.6462,1.6462,1.6462,1.6462,0.0
2007-09-06,1.6427,1.6427,1.6427,1.6427,0.0
2007-09-07,1.6437,1.6437,1.6437,1.6437,0.0
2007-09-10,1.6377,1.6377,1.6377,1.6377,0.0
2007-09-11,1.6401,1.6401,1.6401,1.6401,0.0
2007-09-12,1.6422,1.6422,1.6422,1.6422,0.0
2007-09-13,1.6415,1.6415,1.6415,1.6415,0.0
2007-09-14,1.6463,1.6463,1.6463,1.6463,0.0
2007-09-17,1.6458,1.6458,1.6458,1.6458,0.0
2007-09-18,1.6479,1.6479,1.6479,1.6479,0.0
2007-09-19,1.6493,1.6493,1.6493,1.6493,0.0
2007-09-20,1.6461,1.6461,1.6461,1.6461,0.0
2007-09-21,1.6517,1.6517,1.6517,1.6517,0.0
2007-09-24,1.654,1.654,1.654,1.654,0.0
2007-09-25,1.6488,1.6488,1.6488,1.6488,0.0
2007-09-26,1.6527,1.6527,1.6527,1.6527,0.0
2007-09-27,1.6577,1.6577,1.6577,1.6577,0.0
2007-09-28,1.6601,1.6601,1.6601,1.6601,0.0
2007-10-01,1.6603,1.6603,1.6603,1.6603,0.0
2007-10-02,1.6646,1.6646,1.6646,1.6646,0.0
2007-10-03,1.6633,1.6633,1.6633,1.6633,0.0
2007-10-04,1.6626,1.6626,1.6626,1.6626,0.0
2007-10-05,1.6623,1.6623,1.6623,1.6623,0.0
2007-10-08,1.6679,1.6679,1.6679,1.6679,0.0
2007-10-09,1.6669,1.6669,1.6669,1.6669,0.0
2007-10-10,1.672,1.672,1.672,1.672,0.0
2007-10-11,1.6733,1.6733,1.6733,1.6733,0.0
2007-10-12,1.6803,1.6803,1.6803,1.6803,0.0
2007-10-15,1.6792,1.6792,1.6792,1.6792,0.0
2007-10-16,1.6753,1.6753,1.6753,1.6753,0.0
2007-10-17,1.6767,1.6767,1.6767,1.6767,0.0
2007-10-18,1.6697,1.6697,1.6697,1.6697,0.0
2007-10-19,1.6714,1.6714,1.6714,1.6714,0.0
2007-10-22,1.665,1.665,1.665,1.665,0.0
2007-10-23,1.6707,1.6707,1.6707,1.6707,0.0
2007-10-24,1.6706,1.6706,1.6706,1.6706,0.0
2007-10-25,1.6701,1.6701,1.6701,1.6701,0.0
2007-10-26,1.6732,1.6732,1.6732,1.6732,0.0
2007-10-29,1.6776,1.6776,1.6776,1.6776,0.0
2007-10-30,1.6751,1.6751,1.6751,1.6751,0.0
2007-10-31,1.6762,1.6762,1.6762,1.6762,0.0
2007-11-01,1.6735,1.6735,1.6735,1.6735,0.0
2007-11-02,1.673,1.673,1.673,1.673,0.0
2007-11-05,1.6687,1.6687,1.6687,1.6687,0.0
2007-11-06,1.6658,1.6658,1.6658,1.6658,0.0
2007-11-07,1.6589,1.6589,1.6589,1.6589,0.0
2007-11-08,1.6601,1.6601,1.6601,1.6601,0.0
2007-11-09,1.6483,1.6483,1.6483,1.6483,0.0
2007-11-12,1.6403,1.6403,1.6403,1.6403,0.0
2007-11-13,1.6436,1.6436,1.6436,1.6436,0.0
2007-11-14,1.645,1.645,1.645,1.645,0.0
2007-11-15,1.6454,1.6454,1.6454,1.6454,0.0
2007-11-16,1.6406,1.6406,1.6406,1.6406,0.0
2007-11-19,1.6379,1.6379,1.6379,1.6379,0.0
2007-11-20,1.6408,1.6408,1.6408,1.6408,0.0
2007-11-21,1.6379,1.6379,1.6379,1.6379,0.0
2007-11-22,1.6352,1.6352,1.6352,1.6352,0.0
2007-11-23,1.6322,1.6322,1.6322,1.6322,0.0
2007-11-26,1.6372,1.6372,1.6372,1.6372,0.0
2007-11-27,1.6326,1.6326,1.6326,1.6326,0.0
2007-11-28,1.6463,1.6463,1.6463,1.6463,0.0
2007-11-29,1.6505,1.6505,1.6505,1.6505,0.0
2007-11-30,1.6541,1.6541,1.6541,1.6541,0.0
2007-12-03,1.6568,1.6568,1.6568,1.6568,0.0
2007-12-04,1.648,1.648,1.648,1.648,0.0
2007-12-05,1.6458,1.6458,1.6458,1.6458,0.0
2007-12-06,1.6503,1.6503,1.6503,1.6503,0.0
2007-12-07,1.655,1.655,1.655,1.655,0.0
2007-12-10,1.6557,1.6557,1.6557,1.6557,0.0
2007-12-11,1.665,1.665,1.665,1.665,0.0
2007-12-12,1.6631,1.6631,1.6631,1.6631,0.0
2007-12-13,1.6683,1.6683,1.6683,1.6683,0.0
2007-12-14,1.6668,1.6668,1.6668,1.6668,0.0
2007-12-17,1.6612,1.6612,1.6612,1.6612,0.0
2007-12-18,1.6602,1.6602,1.6602,1.6602,0.0
2007-12-19,1.66,1.66,1.66,1.66,0.0
2007-12-20,1.6603,1.6603,1.6603,1.6603,0.0
2007-12-21,1.6612,1.6612,1.6612,1.6612,0.0
2007-12-24,1.6629,1.6629,1.6629,1.6629,0.0
2007-12-27,1.6682,1.6682,1.6682,1.6682,0.0
2007-12-28,1.6604,1.6604,1.6604,1.6604,0.0
2007-12-31,1.6547,1.6547,1.6547,1.6547,0.0
2008-01-02,1.6529,1.6529,1.6529,1.6529,0.0
2008-01-03,1.6422,1.6422,1.6422,1.6422,0.0
2008-01-04,1.6406,1.6406,1.6406,1.6406,0.0
2008-01-07,1.6396,1.6396,1.6396,1.6396,0.0
2008-01-08,1.6428,1.6428,1.6428,1.6428,0.0
2008-01-09,1.6362,1.6362,1.6362,1.6362,0.0
2008-01-10,1.6294,1.6294,1.6294,1.6294,0.0
2008-01-11,1.6312,1.6312,1.6312,1.6312,0.0
2008-01-14,1.6265,1.6265,1.6265,1.6265,0.0
2008-01-15,1.6218,1.6218,1.6218,1.6218,0.0
2008-01-16,1.6142,1.6142,1.6142,1.6142,0.0
2008-01-17,1.6144,1.6144,1.6144,1.6144,0.0
2008-01-18,1.6144,1.6144,1.6144,1.6144,0.0
2008-01-21,1.5991,1.5991,1.5991,1.5991,0.0
2008-01-22,1.599,1.599,1.599,1.599,0.0
2008-01-23,1.5879,1.5879,1.5879,1.5879,0.0
2008-01-24,1.598,1.598,1.598,1.598,0.0
2008-01-25,1.6136,1.6136,1.6136,1.6136,0.0
2008-01-28,1.6093,1.6093,1.6093,1.6093,0.0
2008-01-29,1.6154,1.6154,1.6154,1.6154,0.0
2008-01-30,1.6135,1.6135,1.6135,1.6135,0.0
2008-01-31,1.6051,1.6051,1.6051,1.6051,0.0
2008-02-01,1.6065,1.6065,1.6065,1.6065,0.0
2008-02-04,1.6158,1.6158,1.6158,1.6158,0.0
2008-02-05,1.6177,1.6177,1.6177,1.6177,0.0
2008-02-06,1.6061,1.6061,1.6061,1.6061,0.0
2008-02-07,1.5985,1.5985,1.5985,1.5985,0.0
2008-02-08,1.6014,1.6014,1.6014,1.6014,0.0
2008-02-11,1.6005,1.6005,1.6005,1.6005,0.0
2008-02-12,1.6041,1.6041,1.6041,1.6041,0.0
2008-02-13,1.6083,1.6083,1.6083,1.6083,0.0
2008-02-14,1.6112,1.6112,1.6112,1.6112,0.0
2008-02-15,1.6022,1.6022,1.6022,1.6022,0.0
2008-02-18,1.6129,1.6129,1.6129,1.6129,0.0
2008-02-19,1.6123,1.6123,1.6123,1.6123,0.0
2008-02-20,1.6116,1.6116,1.6116,1.6116,0.0
2008-02-21,1.6205,1.6205,1.6205,1.6205,0.0
2008-02-22,1.61,1.61,1.61,1.61,0.0
2008-02-25,1.6133,1.6133,1.6133,1.6133,0.0
2008-02-26,1.6163,1.6163,1.6163,1.6163,0.0
2008-02-27,1.6074,1.6074,1.6074,1.6074,0.0
2008-02-28,1.6037,1.6037,1.6037,1.6037,0.0
2008-02-29,1.5885,1.5885,1.5885,1.5885,0.0
2008-03-03,1.5787,1.5787,1.5787,1.5787,0.0
2008-03-04,1.5773,1.5773,1.5773,1.5773,0.0
2008-03-05,1.5807,1.5807,1.5807,1.5807,0.0
2008-03-06,1.5818,1.5818,1.5818,1.5818,0.0
2008-03-07,1.5735,1.5735,1.5735,1.5735,0.0
2008-03-10,1.5696,1.5696,1.5696,1.5696,0.0
2008-03-11,1.579,1.579,1.579,1.579,0.0
2008-03-12,1.5817,1.5817,1.5817,1.5817,0.0
2008-03-13,1.5727,1.5727,1.5727,1.5727,0.0
2008-03-14,1.5741,1.5741,1.5741,1.5741,0.0
2008-03-17,1.5519,1.5519,1.5519,1.5519,0.0
2008-03-18,1.561,1.561,1.561,1.561,0.0
2008-03-19,1.5662,1.5662,1.5662,1.5662,0.0
2008-03-20,1.5632,1.5632,1.5632,1.5632,0.0
2008-03-25,1.5728,1.5728,1.5728,1.5728,0.0
2008-03-26,1.5684,1.5684,1.5684,1.5684,0.0
2008-03-27,1.5688,1.5688,1.5688,1.5688,0.0
2008-03-28,1.5735,1.5735,1.5735,1.5735,0.0
2008-03-31,1.5738,1.5738,1.5738,1.5738,0.0
2008-04-01,1.5737,1.5737,1.5737,1.5737,0.0
2008-04-02,1.5814,1.5814,1.5814,1.5814,0.0
2008-04-03,1.5845,1.5845,1.5845,1.5845,0.0
2008-04-04,1.5872,1.5872,1.5872,1.5872,0.0
2008-04-07,1.5917,1.5917,1.5917,1.5917,0.0
2008-04-08,1.5914,1.5914,1.5914,1.5914,0.0
2008-04-09,1.5935,1.5935,1.5935,1.5935,0.0
2008-04-10,1.5735,1.5735,1.5735,1.5735,0.0
2008-04-11,1.5808,1.5808,1.5808,1.5808,0.0
2008-04-14,1.5777,1.5777,1.5777,1.5777,0.0
2008-04-15,1.5817,1.5817,1.5817,1.5817,0.0
2008-04-16,1.5896,1.5896,1.5896,1.5896,0.0
2008-04-17,1.5992,1.5992,1.5992,1.5992,0.0
2008-04-18,1.6138,1.6138,1.6138,1.6138,0.0
2008-04-21,1.6059,1.6059,1.6059,1.6059,0.0
2008-04-22,1.6065,1.6065,1.6065,1.6065,0.0
2008-04-23,1.6077,1.6077,1.6077,1.6077,0.0
2008-04-24,1.6156,1.6156,1.6156,1.6156,0.0
2008-04-25,1.617,1.617,1.617,1.617,0.0
2008-04-28,1.6181,1.6181,1.6181,1.6181,0.0
2008-04-29,1.6153,1.6153,1.6153,1.6153,0.0
2008-04-30,1.6147,1.6147,1.6147,1.6147,0.0
2008-05-02,1.6238,1.6238,1.6238,1.6238,0.0
2008-05-05,1.6305,1.6305,1.6305,1.6305,0.0
2008-05-06,1.6274,1.6274,1.6274,1.6274,0.0
2008-05-07,1.63,1.63,1.63,1.63,0.0
2008-05-08,1.621,1.621,1.621,1.621,0.0
2008-05-09,1.6086,1.6086,1.6086,1.6086,0.0
2008-05-12,1.622,1.622,1.622,1.622,0.0
2008-05-13,1.6227,1.6227,1.6227,1.6227,0.0
2008-05-14,1.631,1.631,1.631,1.631,0.0
2008-05-15,1.6341,1.6341,1.6341,1.6341,0.0
2008-05-16,1.6342,1.6342,1.6342,1.6342,0.0
2008-05-19,1.6308,1.6308,1.6308,1.6308,0.0
2008-05-20,1.6294,1.6294,1.6294,1.6294,0.0
2008-05-21,1.6228,1.6228,1.6228,1.6228,0.0
2008-05-22,1.6194,1.6194,1.6194,1.6194,0.0
2008-05-23,1.6175,1.6175,1.6175,1.6175,0.0
2008-05-26,1.6156,1.6156,1.6156,1.6156,0.0
2008-05-27,1.6159,1.6159,1.6159,1.6159,0.0
2008-05-28,1.6255,1.6255,1.6255,1.6255,0.0
2008-05-29,1.6291,1.6291,1.6291,1.6291,0.0
2008-05-30,1.6276,1.6276,1.6276,1.6276,0.0
2008-06-02,1.6182,1.6182,1.6182,1.6182,0.0
2008-06-03,1.611,1.611,1.611,1.611,0.0
2008-06-04,1.6037,1.6037,1.6037,1.6037,0.0
2008-06-05,1.6147,1.6147,1.6147,1.6147,0.0
2008-06-06,1.6184,1.6184,1.6184,1.6184,0.0
2008-06-09,1.6103,1.6103,1.6103,1.6103,0.0
2008-06-10,1.608,1.608,1.608,1.608,0.0
2008-06-11,1.6117,1.6117,1.6117,1.6117,0.0
2008-06-12,1.6112,1.6112,1.6112,1.6112,0.0
2008-06-13,1.6113,1.6113,1.6113,1.6113,0.0
2008-06-16,1.6129,1.6129,1.6129,1.6129,0.0
2008-06-17,1.6169,1.6169,1.6169,1.6169,0.0
2008-06-18,1.616,1.616,1.616,1.616,0.0
2008-06-19,1.6196,1.6196,1.6196,1.6196,0.0
2008-06-20,1.6165,1.6165,1.6165,1.6165,0.0
2008-06-23,1.6223,1.6223,1.6223,1.6223,0.0
2008-06-24,1.6185,1.6185,1.6185,1.6185,0.0
2008-06-25,1.6218,1.6218,1.6218,1.6218,0.0
2008-06-26,1.6184,1.6184,1.6184,1.6184,0.0
2008-06-27,1.6053,1.6053,1.6053,1.6053,0.0
2008-06-30,1.6056,1.6056,1.6056,1.6056,0.0
2008-07-01,1.6055,1.6055,1.6055,1.6055,0.0
2008-07-02,1.6135,1.6135,1.6135,1.6135,0.0
2008-07-03,1.6097,1.6097,1.6097,1.6097,0.0
2008-07-04,1.6085,1.6085,1.6085,1.6085,0.0
2008-07-07,1.6149,1.6149,1.6149,1.6149,0.0
2008-07-08,1.6098,1.6098,1.6098,1.6098,0.0
2008-07-09,1.6225,1.6225,1.6225,1.6225,0.0
2008-07-10,1.6223,1.6223,1.6223,1.6223,0.0
2008-07-11,1.6197,1.6197,1.6197,1.6197,0.0
2008-07-14,1.6232,1.6232,1.6232,1.6232,0.0
2008-07-15,1.6065,1.6065,1.6065,1.6065,0.0
2008-07-16,1.604,1.604,1.604,1.604,0.0
2008-07-17,1.6145,1.6145,1.6145,1.6145,0.0
2008-07-18,1.6207,1.6207,1.6207,1.6207,0.0
2008-07-21,1.622,1.622,1.622,1.622,0.0
2008-07-22,1.6174,1.6174,1.6174,1.6174,0.0
2008-07-23,1.6287,1.6287,1.6287,1.6287,0.0
2008-07-24,1.6273,1.6273,1.6273,1.6273,0.0
2008-07-25,1.6268,1.6268,1.6268,1.6268,0.0
2008-07-28,1.6285,1.6285,1.6285,1.6285,0.0
2008-07-29,1.63,1.63,1.63,1.63,0.0
2008-07-30,1.6315,1.6315,1.6315,1.6315,0.0
2008-07-31,1.6354,1.6354,1.6354,1.6354,0.0
2008-08-01,1.6324,1.6324,1.6324,1.6324,0.0
2008-08-04,1.6346,1.6346,1.6346,1.6346,0.0
2008-08-05,1.6312,1.6312,1.6312,1.6312,0.0
2008-08-06,1.6291,1.6291,1.6291,1.6291,0.0
2008-08-07,1.6322,1.6322,1.6322,1.6322,0.0
2008-08-08,1.6238,1.6238,1.6238,1.6238,0.0
2008-08-11,1.6202,1.6202,1.6202,1.6202,0.0
2008-08-12,1.6215,1.6215,1.6215,1.6215,0.0
2008-08-13,1.6211,1.6211,1.6211,1.6211,0.0
2008-08-14,1.6219,1.6219,1.6219,1.6219,0.0
2008-08-15,1.6158,1.6158,1.6158,1.6158,0.0
2008-08-18,1.617,1.617,1.617,1.617,0.0
2008-08-19,1.6109,1.6109,1.6109,1.6109,0.0
2008-08-20,1.6177,1.6177,1.6177,1.6177,0.0
2008-08-21,1.6172,1.6172,1.6172,1.6172,0.0
2008-08-22,1.6228,1.6228,1.6228,1.6228,0.0
2008-08-25,1.6214,1.6214,1.6214,1.6214,0.0
2008-08-26,1.6138,1.6138,1.6138,1.6138,0.0
2008-08-27,1.6132,1.6132,1.6132,1.6132,0.0
2008-08-28,1.6108,1.6108,1.6108,1.6108,0.0
2008-08-29,1.6164,1.6164,1.6164,1.6164,0.0
2008-09-01,1.6064,1.6064,1.6064,1.6064,0.0
2008-09-02,1.6096,1.6096,1.6096,1.6096,0.0
2008-09-03,1.605,1.605,1.605,1.605,0.0
2008-09-04,1.6035,1.6035,1.6035,1.6035,0.0
2008-09-05,1.5888,1.5888,1.5888,1.5888,0.0
2008-09-08,1.6052,1.6052,1.6052,1.6052,0.0
2008-09-09,1.5995,1.5995,1.5995,1.5995,0.0
2008-09-10,1.5928,1.5928,1.5928,1.5928,0.0
2008-09-11,1.5857,1.5857,1.5857,1.5857,0.0
2008-09-12,1.5998,1.5998,1.5998,1.5998,0.0
2008-09-15,1.5903,1.5903,1.5903,1.5903,0.0
2008-09-16,1.5823,1.5823,1.5823,1.5823,0.0
2008-09-17,1.5921,1.5921,1.5921,1.5921,0.0
2008-09-18,1.5838,1.5838,1.5838,1.5838,0.0
2008-09-19,1.5975,1.5975,1.5975,1.5975,0.0
2008-09-22,1.5988,1.5988,1.5988,1.5988,0.0
2008-09-23,1.5926,1.5926,1.5926,1.5926,0.0
2008-09-24,1.5951,1.5951,1.5951,1.5951,0.0
2008-09-25,1.5944,1.5944,1.5944,1.5944,0.0
2008-09-26,1.5879,1.5879,1.5879,1.5879,0.0
2008-09-29,1.5845,1.5845,1.5845,1.5845,0.0
2008-09-30,1.5774,1.5774,1.5774,1.5774,0.0
2008-10-01,1.5818,1.5818,1.5818,1.5818,0.0
2008-10-02,1.5732,1.5732,1.5732,1.5732,0.0
2008-10-03,1.5654,1.5654,1.5654,1.5654,0.0
2008-10-06,1.5534,1.5534,1.5534,1.5534,0.0
2008-10-07,1.5526,1.5526,1.5526,1.5526,0.0
2008-10-08,1.5541,1.5541,1.5541,1.5541,0.0
2008-10-09,1.5462,1.5462,1.5462,1.5462,0.0
2008-10-10,1.5175,1.5175,1.5175,1.5175,0.0
2008-10-13,1.5416,1.5416,1.5416,1.5416,0.0
2008-10-14,1.5526,1.5526,1.5526,1.5526,0.0
2008-10-15,1.5425,1.5425,1.5425,1.5425,0.0
2008-10-16,1.5294,1.5294,1.5294,1.5294,0.0
2008-10-17,1.5213,1.5213,1.5213,1.5213,0.0
2008-10-20,1.5299,1.5299,1.5299,1.5299,0.0
2008-10-21,1.5224,1.5224,1.5224,1.5224,0.0
2008-10-22,1.4991,1.4991,1.4991,1.4991,0.0
2008-10-23,1.4928,1.4928,1.4928,1.4928,0.0
2008-10-24,1.4566,1.4566,1.4566,1.4566,0.0
2008-10-27,1.4438,1.4438,1.4438,1.4438,0.0
2008-10-28,1.452,1.452,1.452,1.452,0.0
2008-10-29,1.4695,1.4695,1.4695,1.4695,0.0
2008-10-30,1.48,1.48,1.48,1.48,0.0
2008-10-31,1.4686,1.4686,1.4686,1.4686,0.0
2008-11-03,1.4832,1.4832,1.4832,1.4832,0.0
2008-11-04,1.4943,1.4943,1.4943,1.4943,0.0
2008-11-05,1.5051,1.5051,1.5051,1.5051,0.0
2008-11-06,1.4988,1.4988,1.4988,1.4988,0.0
2008-11-07,1.4983,1.4983,1.4983,1.4983,0.0
2008-11-10,1.5133,1.5133,1.5133,1.5133,0.0
2008-11-11,1.4978,1.4978,1.4978,1.4978,0.0
2008-11-12,1.4868,1.4868,1.4868,1.4868,0.0
2008-11-13,1.4917,1.4917,1.4917,1.4917,0.0
2008-11-14,1.51,1.51,1.51,1.51,0.0
2008-11-17,1.515,1.515,1.515,1.515,0.0
2008-11-18,1.5166,1.5166,1.5166,1.5166,0.0
2008-11-19,1.5228,1.5228,1.5228,1.5228,0.0
2008-11-20,1.529,1.529,1.529,1.529,0.0
2008-11-21,1.5369,1.5369,1.5369,1.5369,0.0
2008-11-24,1.5437,1.5437,1.5437,1.5437,0.0
2008-11-25,1.544,1.544,1.544,1.544,0.0
2008-11-26,1.5456,1.5456,1.5456,1.5456,0.0
2008-11-27,1.545,1.545,1.545,1.545,0.0
2008-11-28,1.5455,1.5455,1.5455,1.5455,0.0
2008-12-01,1.5262,1.5262,1.5262,1.5262,0.0
2008-12-02,1.5311,1.5311,1.5311,1.5311,0.0
2008-12-03,1.5332,1.5332,1.5332,1.5332,0.0
2008-12-04,1.5335,1.5335,1.5335,1.5335,0.0
2008-12-05,1.538,1.538,1.538,1.538,0.0
2008-12-08,1.559,1.559,1.559,1.559,0.0
2008-12-09,1.5593,1.5593,1.5593,1.5593,0.0
2008-12-10,1.5587,1.5587,1.5587,1.5587,0.0
2008-12-11,1.5737,1.5737,1.5737,1.5737,0.0
2008-12-12,1.5746,1.5746,1.5746,1.5746,0.0
2008-12-15,1.5789,1.5789,1.5789,1.5789,0.0
2008-12-16,1.5814,1.5814,1.5814,1.5814,0.0
2008-12-17,1.564,1.564,1.564,1.564,0.0
2008-12-18,1.5368,1.5368,1.5368,1.5368,0.0
2008-12-19,1.5448,1.5448,1.5448,1.5448,0.0
2008-12-22,1.5367,1.5367,1.5367,1.5367,0.0
2008-12-23,1.5175,1.5175,1.5175,1.5175,0.0
2008-12-24,1.5043,1.5043,1.5043,1.5043,0.0
2008-12-29,1.4931,1.4931,1.4931,1.4931,0.0
2008-12-30,1.4963,1.4963,1.4963,1.4963,0.0
2008-12-31,1.485,1.485,1.485,1.485,0.0
2009-01-02,1.4874,1.4874,1.4874,1.4874,0.0
2009-01-05,1.506,1.506,1.506,1.506,0.0
2009-01-06,1.5018,1.5018,1.5018,1.5018,0.0
2009-01-07,1.5006,1.5006,1.5006,1.5006,0.0
2009-01-08,1.4941,1.4941,1.4941,1.4941,0.0
2009-01-09,1.4998,1.4998,1.4998,1.4998,0.0
2009-01-12,1.5005,1.5005,1.5005,1.5005,0.0
2009-01-13,1.4858,1.4858,1.4858,1.4858,0.0
2009-01-14,1.4761,1.4761,1.4761,1.4761,0.0
2009-01-15,1.4725,1.4725,1.4725,1.4725,0.0
2009-01-16,1.4863,1.4863,1.4863,1.4863,0.0
2009-01-19,1.4812,1.4812,1.4812,1.4812,0.0
2009-01-20,1.4807,1.4807,1.4807,1.4807,0.0
2009-01-21,1.4764,1.4764,1.4764,1.4764,0.0
2009-01-22,1.5036,1.5036,1.5036,1.5036,0.0
2009-01-23,1.4955,1.4955,1.4955,1.4955,0.0
2009-01-26,1.5031,1.5031,1.5031,1.5031,0.0
2009-01-27,1.5017,1.5017,1.5017,1.5017,0.0
2009-01-28,1.5163,1.5163,1.5163,1.5163,0.0
2009-01-29,1.5063,1.5063,1.5063,1.5063,0.0
2009-01-30,1.4871,1.4871,1.4871,1.4871,0.0
2009-02-02,1.4872,1.4872,1.4872,1.4872,0.0
2009-02-03,1.4898,1.4898,1.4898,1.4898,0.0
2009-02-04,1.4896,1.4896,1.4896,1.4896,0.0
2009-02-05,1.4919,1.4919,1.4919,1.4919,0.0
2009-02-06,1.5012,1.5012,1.5012,1.5012,0.0
2009-02-09,1.506,1.506,1.506,1.506,0.0
2009-02-10,1.5061,1.5061,1.5061,1.5061,0.0
2009-02-11,1.4972,1.4972,1.4972,1.4972,0.0
2009-02-12,1.4885,1.4885,1.4885,1.4885,0.0
2009-02-13,1.4931,1.4931,1.4931,1.4931,0.0
2009-02-16,1.4883,1.4883,1.4883,1.4883,0.0
2009-02-17,1.4813,1.4813,1.4813,1.4813,0.0
2009-02-18,1.4792,1.4792,1.4792,1.4792,0.0
2009-02-19,1.4922,1.4922,1.4922,1.4922,0.0
2009-02-20,1.4921,1.4921,1.4921,1.4921,0.0
2009-02-23,1.4908,1.4908,1.4908,1.4908,0.0
2009-02-24,1.4805,1.4805,1.4805,1.4805,0.0
2009-02-25,1.4848,1.4848,1.4848,1.4848,0.0
2009-02-26,1.4848,1.4848,1.4848,1.4848,0.0
2009-02-27,1.4841,1.4841,1.4841,1.4841,0.0
2009-03-02,1.4809,1.4809,1.4809,1.4809,0.0
2009-03-03,1.4826,1.4826,1.4826,1.4826,0.0
2009-03-04,1.4782,1.4782,1.4782,1.4782,0.0
2009-03-05,1.4765,1.4765,1.4765,1.4765,0.0
2009-03-06,1.4637,1.4637,1.4637,1.4637,0.0
2009-03-09,1.4669,1.4669,1.4669,1.4669,0.0
2009-03-10,1.4667,1.4667,1.4667,1.4667,0.0
2009-03-11,1.4772,1.4772,1.4772,1.4772,0.0
2009-03-12,1.5225,1.5225,1.5225,1.5225,0.0
2009-03-13,1.536,1.536,1.536,1.536,0.0
2009-03-16,1.5421,1.5421,1.5421,1.5421,0.0
2009-03-17,1.5327,1.5327,1.5327,1.5327,0.0
2009-03-18,1.5332,1.5332,1.5332,1.5332,0.0
2009-03-19,1.5385,1.5385,1.5385,1.5385,0.0
2009-03-20,1.5291,1.5291,1.5291,1.5291,0.0
2009-03-23,1.5301,1.5301,1.5301,1.5301,0.0
2009-03-24,1.5267,1.5267,1.5267,1.5267,0.0
2009-03-25,1.523,1.523,1.523,1.523,0.0
2009-03-26,1.5266,1.5266,1.5266,1.5266,0.0
2009-03-27,1.5189,1.5189,1.5189,1.5189,0.0
2009-03-30,1.5159,1.5159,1.5159,1.5159,0.0
2009-03-31,1.5152,1.5152,1.5152,1.5152,0.0
2009-04-01,1.5106,1.5106,1.5106,1.5106,0.0
2009-04-02,1.526,1.526,1.526,1.526,0.0
2009-04-03,1.5236,1.5236,1.5236,1.5236,0.0
2009-04-06,1.5247,1.5247,1.5247,1.5247,0.0
2009-04-07,1.5169,1.5169,1.5169,1.5169,0.0
2009-04-08,1.517,1.517,1.517,1.517,0.0
2009-04-09,1.526,1.526,1.526,1.526,0.0
2009-04-14,1.5151,1.5151,1.5151,1.5151,0.0
2009-04-15,1.51,1.51,1.51,1.51,0.0
2009-04-16,1.5127,1.5127,1.5127,1.5127,0.0
2009-04-17,1.5218,1.5218,1.5218,1.5218,0.0
2009-04-20,1.5174,1.5174,1.5174,1.5174,0.0
2009-04-21,1.5114,1.5114,1.5114,1.5114,0.0
2009-04-22,1.5121,1.5121,1.5121,1.5121,0.0
2009-04-23,1.513,1.513,1.513,1.513,0.0
2009-04-24,1.5102,1.5102,1.5102,1.5102,0.0
2009-04-27,1.5078,1.5078,1.5078,1.5078,0.0
2009-04-28,1.5038,1.5038,1.5038,1.5038,0.0
2009-04-29,1.5064,1.5064,1.5064,1.5064,0.0
2009-04-30,1.5066,1.5066,1.5066,1.5066,0.0
2009-05-04,1.5093,1.5093,1.5093,1.5093,0.0
2009-05-05,1.5113,1.5113,1.5113,1.5113,0.0
2009-05-06,1.5089,1.5089,1.5089,1.5089,0.0
2009-05-07,1.5166,1.5166,1.5166,1.5166,0.0
2009-05-08,1.5142,1.5142,1.5142,1.5142,0.0
2009-05-11,1.5057,1.5057,1.5057,1.5057,0.0
2009-05-12,1.5088,1.5088,1.5088,1.5088,0.0
2009-05-13,1.5054,1.5054,1.5054,1.5054,0.0
2009-05-14,1.5053,1.5053,1.5053,1.5053,0.0
2009-05-15,1.5023,1.5023,1.5023,1.5023,0.0
2009-05-18,1.5115,1.5115,1.5115,1.5115,0.0
2009-05-19,1.5146,1.5146,1.5146,1.5146,0.0
2009-05-20,1.5124,1.5124,1.5124,1.5124,0.0
2009-05-21,1.5174,1.5174,1.5174,1.5174,0.0
2009-05-22,1.5217,1.5217,1.5217,1.5217,0.0
2009-05-25,1.5178,1.5178,1.5178,1.5178,0.0
2009-05-26,1.5144,1.5144,1.5144,1.5144,0.0
2009-05-27,1.5135,1.5135,1.5135,1.5135,0.0
2009-05-28,1.5117,1.5117,1.5117,1.5117,0.0
2009-05-29,1.5128,1.5128,1.5128,1.5128,0.0
2009-06-01,1.514,1.514,1.514,1.514,0.0
2009-06-02,1.5137,1.5137,1.5137,1.5137,0.0
2009-06-03,1.5175,1.5175,1.5175,1.5175,0.0
2009-06-04,1.5126,1.5126,1.5126,1.5126,0.0
2009-06-05,1.5191,1.5191,1.5191,1.5191,0.0
2009-06-08,1.5166,1.5166,1.5166,1.5166,0.0
2009-06-09,1.5158,1.5158,1.5158,1.5158,0.0
2009-06-10,1.5158,1.5158,1.5158,1.5158,0.0
2009-06-11,1.512,1.512,1.512,1.512,0.0
2009-06-12,1.5099,1.5099,1.5099,1.5099,0.0
2009-06-15,1.511,1.511,1.511,1.511,0.0
2009-06-16,1.507,1.507,1.507,1.507,0.0
2009-06-17,1.5096,1.5096,1.5096,1.5096,0.0
2009-06-18,1.5013,1.5013,1.5013,1.5013,0.0
2009-06-19,1.5102,1.5102,1.5102,1.5102,0.0
2009-06-22,1.5074,1.5074,1.5074,1.5074,0.0
2009-06-23,1.5031,1.5031,1.5031,1.5031,0.0
2009-06-24,1.5183,1.5183,1.5183,1.5183,0.0
2009-06-25,1.5311,1.5311,1.5311,1.5311,0.0
2009-06-26,1.5275,1.5275,1.5275,1.5275,0.0
2009-06-29,1.526,1.526,1.526,1.526,0.0
2009-06-30,1.5265,1.5265,1.5265,1.5265,0.0
2009-07-01,1.5241,1.5241,1.5241,1.5241,0.0
2009-07-02,1.5235,1.5235,1.5235,1.5235,0.0
2009-07-03,1.5228,1.5228,1.5228,1.5228,0.0
2009-07-06,1.5198,1.5198,1.5198,1.5198,0.0
2009-07-07,1.5181,1.5181,1.5181,1.5181,0.0
2009-07-08,1.5162,1.5162,1.5162,1.5162,0.0
2009-07-09,1.5119,1.5119,1.5119,1.5119,0.0
2009-07-10,1.514,1.514,1.514,1.514,0.0
2009-07-13,1.5133,1.5133,1.5133,1.5133,0.0
2009-07-14,1.5159,1.5159,1.5159,1.5159,0.0
2009-07-15,1.5179,1.5179,1.5179,1.5179,0.0
2009-07-16,1.5154,1.5154,1.5154,1.5154,0.0
2009-07-17,1.5193,1.5193,1.5193,1.5193,0.0
2009-07-20,1.5198,1.5198,1.5198,1.5198,0.0
2009-07-21,1.5186,1.5186,1.5186,1.5186,0.0
2009-07-22,1.5164,1.5164,1.5164,1.5164,0.0
2009-07-23,1.5203,1.5203,1.5203,1.5203,0.0
2009-07-24,1.5217,1.5217,1.5217,1.5217,0.0
2009-07-27,1.5237,1.5237,1.5237,1.5237,0.0
2009-07-28,1.5224,1.5224,1.5224,1.5224,0.0
2009-07-29,1.5268,1.5268,1.5268,1.5268,0.0
2009-07-30,1.5314,1.5314,1.5314,1.5314,0.0
2009-07-31,1.5317,1.5317,1.5317,1.5317,0.0
2009-08-03,1.5246,1.5246,1.5246,1.5246,0.0
2009-08-04,1.5286,1.5286,1.5286,1.5286,0.0
2009-08-05,1.5316,1.5316,1.5316,1.5316,0.0
2009-08-06,1.529,1.529,1.529,1.529,0.0
2009-08-07,1.5288,1.5288,1.5288,1.5288,0.0
2009-08-10,1.5345,1.5345,1.5345,1.5345,0.0
2009-08-11,1.5301,1.5301,1.5301,1.5301,0.0
2009-08-12,1.5276,1.5276,1.5276,1.5276,0.0
2009-08-13,1.5328,1.5328,1.5328,1.5328,0.0
2009-08-14,1.5267,1.5267,1.5267,1.5267,0.0
2009-08-17,1.5212,1.5212,1.5212,1.5212,0.0
2009-08-18,1.5207,1.5207,1.5207,1.5207,0.0
2009-08-19,1.5152,1.5152,1.5152,1.5152,0.0
2009-08-20,1.5169,1.5169,1.5169,1.5169,0.0
2009-08-21,1.516,1.516,1.516,1.516,0.0
2009-08-24,1.5184,1.5184,1.5184,1.5184,0.0
2009-08-25,1.5171,1.5171,1.5171,1.5171,0.0
2009-08-26,1.5189,1.5189,1.5189,1.5189,0.0
2009-08-27,1.5234,1.5234,1.5234,1.5234,0.0
2009-08-28,1.517,1.517,1.517,1.517,0.0
2009-08-31,1.5168,1.5168,1.5168,1.5168,0.0
2009-09-01,1.5153,1.5153,1.5153,1.5153,0.0
2009-09-02,1.5167,1.5167,1.5167,1.5167,0.0
2009-09-03,1.5143,1.5143,1.5143,1.5143,0.0
2009-09-04,1.5157,1.5157,1.5157,1.5157,0.0
2009-09-07,1.5181,1.5181,1.5181,1.5181,0.0
2009-09-08,1.5159,1.5159,1.5159,1.5159,0.0
2009-09-09,1.5173,1.5173,1.5173,1.5173,0.0
2009-09-10,1.5151,1.5151,1.5151,1.5151,0.0
2009-09-11,1.5137,1.5137,1.5137,1.5137,0.0
2009-09-14,1.5133,1.5133,1.5133,1.5133,0.0
2009-09-15,1.5162,1.5162,1.5162,1.5162,0.0
2009-09-16,1.5196,1.5196,1.5196,1.5196,0.0
2009-09-17,1.5187,1.5187,1.5187,1.5187,0.0
2009-09-18,1.5146,1.5146,1.5146,1.5146,0.0
2009-09-21,1.5182,1.5182,1.5182,1.5182,0.0
2009-09-22,1.5149,1.5149,1.5149,1.5149,0.0
2009-09-23,1.5123,1.5123,1.5123,1.5123,0.0
2009-09-24,1.5117,1.5117,1.5117,1.5117,0.0
2009-09-25,1.5118,1.5118,1.5118,1.5118,0.0
2009-09-28,1.5114,1.5114,1.5114,1.5114,0.0
2009-09-29,1.5124,1.5124,1.5124,1.5124,0.0
2009-09-30,1.5078,1.5078,1.5078,1.5078,0.0
2009-10-01,1.5165,1.5165,1.5165,1.5165,0.0
2009-10-02,1.5107,1.5107,1.5107,1.5107,0.0
2009-10-05,1.5102,1.5102,1.5102,1.5102,0.0
2009-10-06,1.5118,1.5118,1.5118,1.5118,0.0
2009-10-07,1.515,1.515,1.515,1.515,0.0
2009-10-08,1.5166,1.5166,1.5166,1.5166,0.0
2009-10-09,1.5187,1.5187,1.5187,1.5187,0.0
2009-10-12,1.5175,1.5175,1.5175,1.5175,0.0
2009-10-13,1.517,1.517,1.517,1.517,0.0
2009-10-14,1.5166,1.5166,1.5166,1.5166,0.0
2009-10-15,1.5132,1.5132,1.5132,1.5132,0.0
2009-10-16,1.518,1.518,1.518,1.518,0.0
2009-10-19,1.5138,1.5138,1.5138,1.5138,0.0
2009-10-20,1.5121,1.5121,1.5121,1.5121,0.0
2009-10-21,1.5112,1.5112,1.5112,1.5112,0.0
2009-10-22,1.5105,1.5105,1.5105,1.5105,0.0
2009-10-23,1.5132,1.5132,1.5132,1.5132,0.0
2009-10-26,1.5131,1.5131,1.5131,1.5131,0.0
2009-10-27,1.5145,1.5145,1.5145,1.5145,0.0
2009-10-28,1.5109,1.5109,1.5109,1.5109,0.0
2009-10-29,1.5109,1.5109,1.5109,1.5109,0.0
2009-10-30,1.5123,1.5123,1.5123,1.5123,0.0
2009-11-02,1.5093,1.5093,1.5093,1.5093,0.0
2009-11-03,1.5121,1.5121,1.5121,1.5121,0.0
2009-11-04,1.5113,1.5113,1.5113,1.5113,0.0
2009-11-05,1.5114,1.5114,1.5114,1.5114,0.0
2009-11-06,1.5115,1.5115,1.5115,1.5115,0.0
2009-11-09,1.5103,1.5103,1.5103,1.5103,0.0
2009-11-10,1.5115,1.5115,1.5115,1.5115,0.0
2009-11-11,1.5104,1.5104,1.5104,1.5104,0.0
2009-11-12,1.5106,1.5106,1.5106,1.5106,0.0
2009-11-13,1.5098,1.5098,1.5098,1.5098,0.0
2009-11-16,1.5093,1.5093,1.5093,1.5093,0.0
2009-11-17,1.5111,1.5111,1.5111,1.5111,0.0
2009-11-18,1.5112,1.5112,1.5112,1.5112,0.0
2009-11-19,1.5131,1.5131,1.5131,1.5131,0.0
2009-11-20,1.5126,1.5126,1.5126,1.5126,0.0
2009-11-23,1.5108,1.5108,1.5108,1.5108,0.0
2009-11-24,1.511,1.511,1.511,1.511,0.0
2009-11-25,1.5095,1.5095,1.5095,1.5095,0.0
2009-11-26,1.5098,1.5098,1.5098,1.5098,0.0
2009-11-27,1.5064,1.5064,1.5064,1.5064,0.0
2009-11-30,1.5071,1.5071,1.5071,1.5071,0.0
2009-12-01,1.5079,1.5079,1.5079,1.5079,0.0
2009-12-02,1.5072,1.5072,1.5072,1.5072,0.0
2009-12-03,1.5083,1.5083,1.5083,1.5083,0.0
2009-12-04,1.5063,1.5063,1.5063,1.5063,0.0
2009-12-07,1.5123,1.5123,1.5123,1.5123,0.0
2009-12-08,1.5111,1.5111,1.5111,1.5111,0.0
2009-12-09,1.5114,1.5114,1.5114,1.5114,0.0
2009-12-10,1.5113,1.5113,1.5113,1.5113,0.0
2009-12-11,1.5125,1.5125,1.5125,1.5125,0.0
2009-12-14,1.5122,1.5122,1.5122,1.5122,0.0
2009-12-15,1.5123,1.5123,1.5123,1.5123,0.0
2009-12-16,1.5126,1.5126,1.5126,1.5126,0.0
2009-12-17,1.5053,1.5053,1.5053,1.5053,0.0
2009-12-18,1.4958,1.4958,1.4958,1.4958,0.0
2009-12-21,1.4938,1.4938,1.4938,1.4938,0.0
2009-12-22,1.4987,1.4987,1.4987,1.4987,0.0
2009-12-23,1.4895,1.4895,1.4895,1.4895,0.0
2009-12-24,1.4882,1.4882,1.4882,1.4882,0.0
2009-12-28,1.4888,1.4888,1.4888,1.4888,0.0
2009-12-29,1.4882,1.4882,1.4882,1.4882,0.0
2009-12-30,1.4878,1.4878,1.4878,1.4878,0.0
2009-12-31,1.4836,1.4836,1.4836,1.4836,0.0
2010-01-04,1.4873,1.4873,1.4873,1.4873,0.0
2010-01-05,1.4856,1.4856,1.4856,1.4856,0.0
2010-01-06,1.4823,1.4823,1.4823,1.4823,0.0
2010-01-07,1.4832,1.4832,1.4832,1.4832,0.0
2010-01-08,1.4815,1.4815,1.4815,1.4815,0.0
2010-01-11,1.4755,1.4755,1.4755,1.4755,0.0
2010-01-12,1.4743,1.4743,1.4743,1.4743,0.0
2010-01-13,1.4788,1.4788,1.4788,1.4788,0.0
2010-01-14,1.4804,1.4804,1.4804,1.4804,0.0
2010-01-15,1.4756,1.4756,1.4756,1.4756,0.0
2010-01-18,1.4745,1.4745,1.4745,1.4745,0.0
2010-01-19,1.476,1.476,1.476,1.476,0.0
2010-01-20,1.4763,1.4763,1.4763,1.4763,0.0
2010-01-21,1.4723,1.4723,1.4723,1.4723,0.0
2010-01-22,1.4708,1.4708,1.4708,1.4708,0.0
2010-01-25,1.4728,1.4728,1.4728,1.4728,0.0
2010-01-26,1.4723,1.4723,1.4723,1.4723,0.0
2010-01-27,1.4721,1.4721,1.4721,1.4721,0.0
2010-01-28,1.4725,1.4725,1.4725,1.4725,0.0
2010-01-29,1.4662,1.4662,1.4662,1.4662,0.0
2010-02-01,1.4725,1.4725,1.4725,1.4725,0.0
2010-02-02,1.4733,1.4733,1.4733,1.4733,0.0
2010-02-03,1.4738,1.4738,1.4738,1.4738,0.0
2010-02-04,1.469,1.469,1.469,1.469,0.0
2010-02-05,1.4682,1.4682,1.4682,1.4682,0.0
2010-02-08,1.4659,1.4659,1.4659,1.4659,0.0
2010-02-09,1.4672,1.4672,1.4672,1.4672,0.0
2010-02-10,1.4658,1.4658,1.4658,1.4658,0.0
2010-02-11,1.4663,1.4663,1.4663,1.4663,0.0
2010-02-12,1.465,1.465,1.465,1.465,0.0
2010-02-15,1.4661,1.4661,1.4661,1.4661,0.0
2010-02-16,1.4678,1.4678,1.4678,1.4678,0.0
2010-02-17,1.4679,1.4679,1.4679,1.4679,0.0
2010-02-18,1.4651,1.4651,1.4651,1.4651,0.0
2010-02-19,1.4658,1.4658,1.4658,1.4658,0.0
2010-02-22,1.4649,1.4649,1.4649,1.4649,0.0
2010-02-23,1.4667,1.4667,1.4667,1.4667,0.0
2010-02-24,1.4641,1.4641,1.4641,1.4641,0.0
2010-02-25,1.4633,1.4633,1.4633,1.4633,0.0
2010-02-26,1.4638,1.4638,1.4638,1.4638,0.0
2010-03-01,1.4644,1.4644,1.4644,1.4644,0.0
2010-03-02,1.4628,1.4628,1.4628,1.4628,0.0
2010-03-03,1.4629,1.4629,1.4629,1.4629,0.0
2010-03-04,1.4632,1.4632,1.4632,1.4632,0.0
2010-03-05,1.4632,1.4632,1.4632,1.4632,0.0
2010-03-08,1.4628,1.4628,1.4628,1.4628,0.0
2010-03-09,1.4626,1.4626,1.4626,1.4626,0.0
2010-03-10,1.4618,1.4618,1.4618,1.4618,0.0
2010-03-11,1.4622,1.4622,1.4622,1.4622,0.0
2010-03-12,1.4597,1.4597,1.4597,1.4597,0.0
2010-03-15,1.4527,1.4527,1.4527,1.4527,0.0
2010-03-16,1.4516,1.4516,1.4516,1.4516,0.0
2010-03-17,1.4511,1.4511,1.4511,1.4511,0.0
2010-03-18,1.4474,1.4474,1.4474,1.4474,0.0
2010-03-19,1.4374,1.4374,1.4374,1.4374,0.0
2010-03-22,1.4348,1.4348,1.4348,1.4348,0.0
2010-03-23,1.4321,1.4321,1.4321,1.4321,0.0
2010-03-24,1.4282,1.4282,1.4282,1.4282,0.0
2010-03-25,1.428,1.428,1.428,1.428,0.0
2010-03-26,1.4286,1.4286,1.4286,1.4286,0.0
2010-03-29,1.4329,1.4329,1.4329,1.4329,0.0
2010-03-30,1.4316,1.4316,1.4316,1.4316,0.0
2010-03-31,1.4276,1.4276,1.4276,1.4276,0.0
2010-04-01,1.4179,1.4179,1.4179,1.4179,0.0
2010-04-06,1.4325,1.4325,1.4325,1.4325,0.0
2010-04-07,1.4321,1.4321,1.4321,1.4321,0.0
2010-04-08,1.4324,1.4324,1.4324,1.4324,0.0
2010-04-09,1.4364,1.4364,1.4364,1.4364,0.0
2010-04-12,1.4393,1.4393,1.4393,1.4393,0.0
2010-04-13,1.437,1.437,1.437,1.437,0.0
2010-04-14,1.4368,1.4368,1.4368,1.4368,0.0
2010-04-15,1.4343,1.4343,1.4343,1.4343,0.0
2010-04-16,1.4338,1.4338,1.4338,1.4338,0.0
2010-04-19,1.4345,1.4345,1.4345,1.4345,0.0
2010-04-20,1.4334,1.4334,1.4334,1.4334,0.0
2010-04-21,1.4329,1.4329,1.4329,1.4329,0.0
2010-04-22,1.4325,1.4325,1.4325,1.4325,0.0
2010-04-23,1.4355,1.4355,1.4355,1.4355,0.0
2010-04-26,1.4341,1.4341,1.4341,1.4341,0.0
2010-04-27,1.4353,1.4353,1.4353,1.4353,0.0
2010-04-28,1.4341,1.4341,1.4341,1.4341,0.0
2010-04-29,1.4348,1.4348,1.4348,1.4348,0.0
2010-04-30,1.4341,1.4341,1.4341,1.4341,0.0
2010-05-03,1.4328,1.4328,1.4328,1.4328,0.0
2010-05-04,1.4325,1.4325,1.4325,1.4325,0.0
2010-05-05,1.4325,1.4325,1.4325,1.4325,0.0
2010-05-06,1.4132,1.4132,1.4132,1.4132,0.0
2010-05-07,1.4144,1.4144,1.4144,1.4144,0.0
2010-05-10,1.4248,1.4248,1.4248,1.4248,0.0
2010-05-11,1.4095,1.4095,1.4095,1.4095,0.0
2010-05-12,1.4062,1.4062,1.4062,1.4062,0.0
2010-05-13,1.4011,1.4011,1.4011,1.4011,0.0
2010-05-14,1.402,1.402,1.402,1.402,0.0
2010-05-17,1.4014,1.4014,1.4014,1.4014,0.0
2010-05-18,1.4028,1.4028,1.4028,1.4028,0.0
2010-05-19,1.4043,1.4043,1.4043,1.4043,0.0
2010-05-20,1.4179,1.4179,1.4179,1.4179,0.0
2010-05-21,1.4408,1.4408,1.4408,1.4408,0.0
2010-05-24,1.4339,1.4339,1.4339,1.4339,0.0
2010-05-25,1.4244,1.4244,1.4244,1.4244,0.0
2010-05-26,1.4206,1.4206,1.4206,1.4206,0.0
2010-05-27,1.4164,1.4164,1.4164,1.4164,0.0
2010-05-28,1.4258,1.4258,1.4258,1.4258,0.0
2010-05-31,1.423,1.423,1.423,1.423,0.0
2010-06-01,1.4183,1.4183,1.4183,1.4183,0.0
2010-06-02,1.4148,1.4148,1.4148,1.4148,0.0
2010-06-03,1.4149,1.4149,1.4149,1.4149,0.0
2010-06-04,1.3951,1.3951,1.3951,1.3951,0.0
2010-06-07,1.3911,1.3911,1.3911,1.3911,0.0
2010-06-08,1.3793,1.3793,1.3793,1.3793,0.0
2010-06-09,1.3762,1.3762,1.3762,1.3762,0.0
2010-06-10,1.3788,1.3788,1.3788,1.3788,0.0
2010-06-11,1.3893,1.3893,1.3893,1.3893,0.0
2010-06-14,1.391,1.391,1.391,1.391,0.0
2010-06-15,1.3998,1.3998,1.3998,1.3998,0.0
2010-06-16,1.3888,1.3888,1.3888,1.3888,0.0
2010-06-17,1.3778,1.3778,1.3778,1.3778,0.0
2010-06-18,1.3745,1.3745,1.3745,1.3745,0.0
2010-06-21,1.3738,1.3738,1.3738,1.3738,0.0
2010-06-22,1.3622,1.3622,1.3622,1.3622,0.0
2010-06-23,1.3611,1.3611,1.3611,1.3611,0.0
2010-06-24,1.3555,1.3555,1.3555,1.3555,0.0
2010-06-25,1.3533,1.3533,1.3533,1.3533,0.0
2010-06-28,1.3387,1.3387,1.3387,1.3387,0.0
2010-06-29,1.3258,1.3258,1.3258,1.3258,0.0
2010-06-30,1.3283,1.3283,1.3283,1.3283,0.0
2010-07-01,1.3178,1.3178,1.3178,1.3178,0.0
2010-07-02,1.3376,1.3376,1.3376,1.3376,0.0
2010-07-05,1.3325,1.3325,1.3325,1.3325,0.0
2010-07-06,1.3373,1.3373,1.3373,1.3373,0.0
2010-07-07,1.3312,1.3312,1.3312,1.3312,0.0
2010-07-08,1.3321,1.3321,1.3321,1.3321,0.0
2010-07-09,1.3331,1.3331,1.3331,1.3331,0.0
2010-07-12,1.3349,1.3349,1.3349,1.3349,0.0
2010-07-13,1.3337,1.3337,1.3337,1.3337,0.0
2010-07-14,1.3428,1.3428,1.3428,1.3428,0.0
2010-07-15,1.342,1.342,1.342,1.342,0.0
2010-07-16,1.3543,1.3543,1.3543,1.3543,0.0
2010-07-19,1.364,1.364,1.364,1.364,0.0
2010-07-20,1.3537,1.3537,1.3537,1.3537,0.0
2010-07-21,1.344,1.344,1.344,1.344,0.0
2010-07-22,1.3418,1.3418,1.3418,1.3418,0.0
2010-07-23,1.3488,1.3488,1.3488,1.3488,0.0
2010-07-26,1.3574,1.3574,1.3574,1.3574,0.0
2010-07-27,1.3775,1.3775,1.3775,1.3775,0.0
2010-07-28,1.376,1.376,1.376,1.376,0.0
2010-07-29,1.366,1.366,1.366,1.366,0.0
2010-07-30,1.3541,1.3541,1.3541,1.3541,0.0
2010-08-02,1.366,1.366,1.366,1.366,0.0
2010-08-03,1.3712,1.3712,1.3712,1.3712,0.0
2010-08-04,1.373,1.373,1.373,1.373,0.0
2010-08-05,1.382,1.382,1.382,1.382,0.0
2010-08-06,1.383,1.383,1.383,1.383,0.0
2010-08-09,1.3771,1.3771,1.3771,1.3771,0.0
2010-08-10,1.3895,1.3895,1.3895,1.3895,0.0
2010-08-11,1.3695,1.3695,1.3695,1.3695,0.0
2010-08-12,1.3492,1.3492,1.3492,1.3492,0.0
2010-08-13,1.3488,1.3488,1.3488,1.3488,0.0
2010-08-16,1.335,1.335,1.335,1.335,0.0
2010-08-17,1.3411,1.3411,1.3411,1.3411,0.0
2010-08-18,1.3423,1.3423,1.3423,1.3423,0.0
2010-08-19,1.3331,1.3331,1.3331,1.3331,0.0
2010-08-20,1.3151,1.3151,1.3151,1.3151,0.0
2010-08-23,1.316,1.316,1.316,1.316,0.0
2010-08-24,1.3156,1.3156,1.3156,1.3156,0.0
2010-08-25,1.2994,1.2994,1.2994,1.2994,0.0
2010-08-26,1.3027,1.3027,1.3027,1.3027,0.0
2010-08-27,1.3004,1.3004,1.3004,1.3004,0.0
2010-08-30,1.3055,1.3055,1.3055,1.3055,0.0
2010-08-31,1.2935,1.2935,1.2935,1.2935,0.0
2010-09-01,1.2967,1.2967,1.2967,1.2967,0.0
2010-09-02,1.2953,1.2953,1.2953,1.2953,0.0
2010-09-03,1.3043,1.3043,1.3043,1.3043,0.0
2010-09-06,1.307,1.307,1.307,1.307,0.0
2010-09-07,1.2903,1.2903,1.2903,1.2903,0.0
2010-09-08,1.2837,1.2837,1.2837,1.2837,0.0
2010-09-09,1.2859,1.2859,1.2859,1.2859,0.0
2010-09-10,1.302,1.302,1.302,1.302,0.0
2010-09-13,1.2991,1.2991,1.2991,1.2991,0.0
2010-09-14,1.2911,1.2911,1.2911,1.2911,0.0
2010-09-15,1.3019,1.3019,1.3019,1.3019,0.0
2010-09-16,1.3225,1.3225,1.3225,1.3225,0.0
2010-09-17,1.321,1.321,1.321,1.321,0.0
2010-09-20,1.316,1.316,1.316,1.316,0.0
2010-09-21,1.3156,1.3156,1.3156,1.3156,0.0
2010-09-22,1.3217,1.3217,1.3217,1.3217,0.0
2010-09-23,1.3138,1.3138,1.3138,1.3138,0.0
2010-09-24,1.3163,1.3163,1.3163,1.3163,0.0
2010-09-27,1.3257,1.3257,1.3257,1.3257,0.0
2010-09-28,1.3272,1.3272,1.3272,1.3272,0.0
2010-09-29,1.3295,1.3295,1.3295,1.3295,0.0
2010-09-30,1.3287,1.3287,1.3287,1.3287,0.0
2010-10-01,1.3423,1.3423,1.3423,1.3423,0.0
2010-10-04,1.3327,1.3327,1.3327,1.3327,0.0
2010-10-05,1.3348,1.3348,1.3348,1.3348,0.0
2010-10-06,1.3361,1.3361,1.3361,1.3361,0.0
2010-10-07,1.3415,1.3415,1.3415,1.3415,0.0
2010-10-08,1.342,1.342,1.342,1.342,0.0
2010-10-11,1.3412,1.3412,1.3412,1.3412,0.0
2010-10-12,1.3298,1.3298,1.3298,1.3298,0.0
2010-10-13,1.3352,1.3352,1.3352,1.3352,0.0
2010-10-14,1.3386,1.3386,1.3386,1.3386,0.0
2010-10-15,1.3423,1.3423,1.3423,1.3423,0.0
2010-10-18,1.3359,1.3359,1.3359,1.3359,0.0
2010-10-19,1.3405,1.3405,1.3405,1.3405,0.0
2010-10-20,1.3355,1.3355,1.3355,1.3355,0.0
2010-10-21,1.3493,1.3493,1.3493,1.3493,0.0
2010-10-22,1.3533,1.3533,1.3533,1.3533,0.0
2010-10-25,1.3618,1.3618,1.3618,1.3618,0.0
2010-10-26,1.3558,1.3558,1.3558,1.3558,0.0
2010-10-27,1.3639,1.3639,1.3639,1.3639,0.0
2010-10-28,1.3668,1.3668,1.3668,1.3668,0.0
2010-10-29,1.3708,1.3708,1.3708,1.3708,0.0
2010-11-01,1.3756,1.3756,1.3756,1.3756,0.0
2010-11-02,1.3766,1.3766,1.3766,1.3766,0.0
2010-11-03,1.3761,1.3761,1.3761,1.3761,0.0
2010-11-04,1.3782,1.3782,1.3782,1.3782,0.0
2010-11-05,1.3546,1.3546,1.3546,1.3546,0.0
2010-11-08,1.3435,1.3435,1.3435,1.3435,0.0
2010-11-09,1.342,1.342,1.342,1.342,0.0
2010-11-10,1.3402,1.3402,1.3402,1.3402,0.0
2010-11-11,1.3282,1.3282,1.3282,1.3282,0.0
2010-11-12,1.3357,1.3357,1.3357,1.3357,0.0
2010-11-15,1.3428,1.3428,1.3428,1.3428,0.0
2010-11-16,1.3408,1.3408,1.3408,1.3408,0.0
2010-11-17,1.3426,1.3426,1.3426,1.3426,0.0
2010-11-18,1.3475,1.3475,1.3475,1.3475,0.0
2010-11-19,1.3607,1.3607,1.3607,1.3607,0.0
2010-11-22,1.3505,1.3505,1.3505,1.3505,0.0
2010-11-23,1.3338,1.3338,1.3338,1.3338,0.0
2010-11-24,1.3276,1.3276,1.3276,1.3276,0.0
2010-11-25,1.3326,1.3326,1.3326,1.3326,0.0
2010-11-26,1.3252,1.3252,1.3252,1.3252,0.0
2010-11-29,1.3186,1.3186,1.3186,1.3186,0.0
2010-11-30,1.299,1.299,1.299,1.299,0.0
2010-12-01,1.3178,1.3178,1.3178,1.3178,0.0
2010-12-02,1.316,1.316,1.316,1.316,0.0
2010-12-03,1.3143,1.3143,1.3143,1.3143,0.0
2010-12-06,1.3084,1.3084,1.3084,1.3084,0.0
2010-12-07,1.3062,1.3062,1.3062,1.3062,0.0
2010-12-08,1.306,1.306,1.306,1.306,0.0
2010-12-09,1.306,1.306,1.306,1.306,0.0
2010-12-10,1.2998,1.2998,1.2998,1.2998,0.0
2010-12-13,1.2987,1.2987,1.2987,1.2987,0.0
2010-12-14,1.2916,1.2916,1.2916,1.2916,0.0
2010-12-15,1.2826,1.2826,1.2826,1.2826,0.0
2010-12-16,1.2849,1.2849,1.2849,1.2849,0.0
2010-12-17,1.2738,1.2738,1.2738,1.2738,0.0
2010-12-20,1.2698,1.2698,1.2698,1.2698,0.0
2010-12-21,1.2613,1.2613,1.2613,1.2613,0.0
2010-12-22,1.2502,1.2502,1.2502,1.2502,0.0
2010-12-23,1.2553,1.2553,1.2553,1.2553,0.0
2010-12-24,1.2618,1.2618,1.2618,1.2618,0.0
2010-12-27,1.2626,1.2626,1.2626,1.2626,0.0
2010-12-28,1.2513,1.2513,1.2513,1.2513,0.0
2010-12-29,1.2483,1.2483,1.2483,1.2483,0.0
2010-12-30,1.2475,1.2475,1.2475,1.2475,0.0
2010-12-31,1.2504,1.2504,1.2504,1.2504,0.0
2011-01-03,1.2465,1.2465,1.2465,1.2465,0.0
2011-01-04,1.2669,1.2669,1.2669,1.2669,0.0
2011-01-05,1.2617,1.2617,1.2617,1.2617,0.0
2011-01-06,1.2677,1.2677,1.2677,1.2677,0.0
2011-01-07,1.2512,1.2512,1.2512,1.2512,0.0
2011-01-10,1.2459,1.2459,1.2459,1.2459,0.0
2011-01-11,1.2538,1.2538,1.2538,1.2538,0.0
2011-01-12,1.2622,1.2622,1.2622,1.2622,0.0
2011-01-13,1.2823,1.2823,1.2823,1.2823,0.0
2011-01-14,1.2915,1.2915,1.2915,1.2915,0.0
2011-01-17,1.2854,1.2854,1.2854,1.2854,0.0
2011-01-18,1.2812,1.2812,1.2812,1.2812,0.0
2011-01-19,1.2964,1.2964,1.2964,1.2964,0.0
2011-01-20,1.2873,1.2873,1.2873,1.2873,0.0
2011-01-21,1.3013,1.3013,1.3013,1.3013,0.0
2011-01-24,1.2989,1.2989,1.2989,1.2989,0.0
2011-01-25,1.2871,1.2871,1.2871,1.2871,0.0
2011-01-26,1.2922,1.2922,1.2922,1.2922,0.0
2011-01-27,1.294,1.294,1.294,1.294,0.0
2011-01-28,1.2942,1.2942,1.2942,1.2942,0.0
2011-01-31,1.2891,1.2891,1.2891,1.2891,0.0
2011-02-01,1.2954,1.2954,1.2954,1.2954,0.0
2011-02-02,1.2922,1.2922,1.2922,1.2922,0.0
2011-02-03,1.2987,1.2987,1.2987,1.2987,0.0
2011-02-04,1.2954,1.2954,1.2954,1.2954,0.0
2011-02-07,1.2953,1.2953,1.2953,1.2953,0.0
2011-02-08,1.303,1.303,1.303,1.303,0.0
2011-02-09,1.3152,1.3152,1.3152,1.3152,0.0
2011-02-10,1.3105,1.3105,1.3105,1.3105,0.0
2011-02-11,1.3163,1.3163,1.3163,1.3163,0.0
2011-02-14,1.3065,1.3065,1.3065,1.3065,0.0
2011-02-15,1.3124,1.3124,1.3124,1.3124,0.0
2011-02-16,1.3073,1.3073,1.3073,1.3073,0.0
2011-02-17,1.2973,1.2973,1.2973,1.2973,0.0
2011-02-18,1.2973,1.2973,1.2973,1.2973,0.0
2011-02-21,1.296,1.296,1.296,1.296,0.0
2011-02-22,1.2844,1.2844,1.2844,1.2844,0.0
2011-02-23,1.2853,1.2853,1.2853,1.2853,0.0
2011-02-24,1.2748,1.2748,1.2748,1.2748,0.0
2011-02-25,1.2799,1.2799,1.2799,1.2799,0.0
2011-02-28,1.284,1.284,1.284,1.284,0.0
2011-03-01,1.2849,1.2849,1.2849,1.2849,0.0
2011-03-02,1.2799,1.2799,1.2799,1.2799,0.0
2011-03-03,1.2844,1.2844,1.2844,1.2844,0.0
2011-03-04,1.3,1.3,1.3,1.3,0.0
2011-03-07,1.296,1.296,1.296,1.296,0.0
2011-03-08,1.2949,1.2949,1.2949,1.2949,0.0
2011-03-09,1.292,1.292,1.292,1.292,0.0
2011-03-10,1.2914,1.2914,1.2914,1.2914,0.0
2011-03-11,1.2842,1.2842,1.2842,1.2842,0.0
2011-03-14,1.2941,1.2941,1.2941,1.2941,0.0
2011-03-15,1.2756,1.2756,1.2756,1.2756,0.0
2011-03-16,1.2755,1.2755,1.2755,1.2755,0.0
2011-03-17,1.2625,1.2625,1.2625,1.2625,0.0
2011-03-18,1.2758,1.2758,1.2758,1.2758,0.0
2011-03-21,1.2836,1.2836,1.2836,1.2836,0.0
2011-03-22,1.2843,1.2843,1.2843,1.2843,0.0
2011-03-23,1.2746,1.2746,1.2746,1.2746,0.0
2011-03-24,1.2817,1.2817,1.2817,1.2817,0.0
2011-03-25,1.2915,1.2915,1.2915,1.2915,0.0
2011-03-28,1.2908,1.2908,1.2908,1.2908,0.0
2011-03-29,1.2957,1.2957,1.2957,1.2957,0.0
2011-03-30,1.2993,1.2993,1.2993,1.2993,0.0
2011-03-31,1.3005,1.3005,1.3005,1.3005,0.0
2011-04-01,1.3059,1.3059,1.3059,1.3059,0.0
2011-04-04,1.313,1.313,1.313,1.313,0.0
2011-04-05,1.3091,1.3091,1.3091,1.3091,0.0
2011-04-06,1.3097,1.3097,1.3097,1.3097,0.0
2011-04-07,1.3118,1.3118,1.3118,1.3118,0.0
2011-04-08,1.3163,1.3163,1.3163,1.3163,0.0
2011-04-11,1.3129,1.3129,1.3129,1.3129,0.0
2011-04-12,1.3017,1.3017,1.3017,1.3017,0.0
2011-04-13,1.2995,1.2995,1.2995,1.2995,0.0
2011-04-14,1.2879,1.2879,1.2879,1.2879,0.0
2011-04-15,1.2897,1.2897,1.2897,1.2897,0.0
2011-04-18,1.2821,1.2821,1.2821,1.2821,0.0
2011-04-19,1.2842,1.2842,1.2842,1.2842,0.0
2011-04-20,1.2944,1.2944,1.2944,1.2944,0.0
2011-04-21,1.2851,1.2851,1.2851,1.2851,0.0
2011-04-26,1.283,1.283,1.283,1.283,0.0
2011-04-27,1.2886,1.2886,1.2886,1.2886,0.0
2011-04-28,1.2954,1.2954,1.2954,1.2954,0.0
2011-04-29,1.2867,1.2867,1.2867,1.2867,0.0
2011-05-02,1.2856,1.2856,1.2856,1.2856,0.0
2011-05-03,1.278,1.278,1.278,1.278,0.0
2011-05-04,1.2826,1.2826,1.2826,1.2826,0.0
2011-05-05,1.273,1.273,1.273,1.273,0.0
2011-05-06,1.2668,1.2668,1.2668,1.2668,0.0
2011-05-09,1.2617,1.2617,1.2617,1.2617,0.0
2011-05-10,1.2602,1.2602,1.2602,1.2602,0.0
2011-05-11,1.2661,1.2661,1.2661,1.2661,0.0
2011-05-12,1.2584,1.2584,1.2584,1.2584,0.0
2011-05-13,1.2667,1.2667,1.2667,1.2667,0.0
2011-05-16,1.2542,1.2542,1.2542,1.2542,0.0
2011-05-17,1.2553,1.2553,1.2553,1.2553,0.0
2011-05-18,1.2545,1.2545,1.2545,1.2545,0.0
2011-05-19,1.2616,1.2616,1.2616,1.2616,0.0
2011-05-20,1.2477,1.2477,1.2477,1.2477,0.0
2011-05-23,1.238,1.238,1.238,1.238,0.0
2011-05-24,1.2405,1.2405,1.2405,1.2405,0.0
2011-05-25,1.2324,1.2324,1.2324,1.2324,0.0
2011-05-26,1.2343,1.2343,1.2343,1.2343,0.0
2011-05-27,1.2221,1.2221,1.2221,1.2221,0.0
2011-05-30,1.2147,1.2147,1.2147,1.2147,0.0
2011-05-31,1.2275,1.2275,1.2275,1.2275,0.0
2011-06-01,1.2182,1.2182,1.2182,1.2182,0.0
2011-06-02,1.2167,1.2167,1.2167,1.2167,0.0
2011-06-03,1.2197,1.2197,1.2197,1.2197,0.0
2011-06-06,1.2235,1.2235,1.2235,1.2235,0.0
2011-06-07,1.2237,1.2237,1.2237,1.2237,0.0
2011-06-08,1.2224,1.2224,1.2224,1.2224,0.0
2011-06-09,1.2242,1.2242,1.2242,1.2242,0.0
2011-06-10,1.219,1.219,1.219,1.219,0.0
2011-06-13,1.2023,1.2023,1.2023,1.2023,0.0
2011-06-14,1.2116,1.2116,1.2116,1.2116,0.0
2011-06-15,1.2164,1.2164,1.2164,1.2164,0.0
2011-06-16,1.1958,1.1958,1.1958,1.1958,0.0
2011-06-17,1.2103,1.2103,1.2103,1.2103,0.0
2011-06-20,1.2039,1.2039,1.2039,1.2039,0.0
2011-06-21,1.2127,1.2127,1.2127,1.2127,0.0
2011-06-22,1.2109,1.2109,1.2109,1.2109,0.0
2011-06-23,1.1963,1.1963,1.1963,1.1963,0.0
2011-06-24,1.1902,1.1902,1.1902,1.1902,0.0
2011-06-27,1.1849,1.1849,1.1849,1.1849,0.0
2011-06-28,1.1884,1.1884,1.1884,1.1884,0.0
2011-06-29,1.2036,1.2036,1.2036,1.2036,0.0
2011-06-30,1.2071,1.2071,1.2071,1.2071,0.0
2011-07-01,1.2267,1.2267,1.2267,1.2267,0.0
2011-07-04,1.2324,1.2324,1.2324,1.2324,0.0
2011-07-05,1.2213,1.2213,1.2213,1.2213,0.0
2011-07-06,1.2059,1.2059,1.2059,1.2059,0.0
2011-07-07,1.205,1.205,1.205,1.205,0.0
2011-07-08,1.2102,1.2102,1.2102,1.2102,0.0
2011-07-11,1.1715,1.1715,1.1715,1.1715,0.0
2011-07-12,1.165,1.165,1.165,1.165,0.0
2011-07-13,1.1695,1.1695,1.1695,1.1695,0.0
2011-07-14,1.1575,1.1575,1.1575,1.1575,0.0
2011-07-15,1.1577,1.1577,1.1577,1.1577,0.0
2011-07-18,1.1485,1.1485,1.1485,1.1485,0.0
2011-07-19,1.1607,1.1607,1.1607,1.1607,0.0
2011-07-20,1.1652,1.1652,1.1652,1.1652,0.0
2011-07-21,1.169,1.169,1.169,1.169,0.0
2011-07-22,1.1789,1.1789,1.1789,1.1789,0.0
2011-07-25,1.1563,1.1563,1.1563,1.1563,0.0
2011-07-26,1.163,1.163,1.163,1.163,0.0
2011-07-27,1.1586,1.1586,1.1586,1.1586,0.0
2011-07-28,1.1437,1.1437,1.1437,1.1437,0.0
2011-07-29,1.1418,1.1418,1.1418,1.1418,0.0
2011-08-01,1.127,1.127,1.127,1.127,0.0
2011-08-02,1.1049,1.1049,1.1049,1.1049,0.0
2011-08-03,1.1022,1.1022,1.1022,1.1022,0.0
2011-08-04,1.1012,1.1012,1.1012,1.1012,0.0
2011-08-05,1.0847,1.0847,1.0847,1.0847,0.0
2011-08-08,1.0849,1.0849,1.0849,1.0849,0.0
2011-08-09,1.0594,1.0594,1.0594,1.0594,0.0
2011-08-10,1.0451,1.0451,1.0451,1.0451,0.0
2011-08-11,1.0499,1.0499,1.0499,1.0499,0.0
2011-08-12,1.0984,1.0984,1.0984,1.0984,0.0
2011-08-15,1.1334,1.1334,1.1334,1.1334,0.0
2011-08-16,1.1195,1.1195,1.1195,1.1195,0.0
2011-08-17,1.1402,1.1402,1.1402,1.1402,0.0
2011-08-18,1.141,1.141,1.141,1.141,0.0
2011-08-19,1.134,1.134,1.134,1.134,0.0
2011-08-22,1.1341,1.1341,1.1341,1.1341,0.0
2011-08-23,1.141,1.141,1.141,1.141,0.0
2011-08-24,1.1403,1.1403,1.1403,1.1403,0.0
2011-08-25,1.1466,1.1466,1.1466,1.1466,0.0
2011-08-26,1.1458,1.1458,1.1458,1.1458,0.0
2011-08-29,1.1824,1.1824,1.1824,1.1824,0.0
2011-08-30,1.1835,1.1835,1.1835,1.1835,0.0
2011-08-31,1.167,1.167,1.167,1.167,0.0
2011-09-01,1.1417,1.1417,1.1417,1.1417,0.0
2011-09-02,1.1132,1.1132,1.1132,1.1132,0.0
2011-09-05,1.1111,1.1111,1.1111,1.1111,0.0
2011-09-06,1.2036,1.2036,1.2036,1.2036,0.0
2011-09-07,1.2052,1.2052,1.2052,1.2052,0.0
2011-09-08,1.2135,1.2135,1.2135,1.2135,0.0
2011-09-09,1.2165,1.2165,1.2165,1.2165,0.0
2011-09-12,1.2055,1.2055,1.2055,1.2055,0.0
2011-09-13,1.2037,1.2037,1.2037,1.2037,0.0
2011-09-14,1.2033,1.2033,1.2033,1.2033,0.0
2011-09-15,1.2062,1.2062,1.2062,1.2062,0.0
2011-09-16,1.2058,1.2058,1.2058,1.2058,0.0
2011-09-19,1.2061,1.2061,1.2061,1.2061,0.0
2011-09-20,1.2064,1.2064,1.2064,1.2064,0.0
2011-09-21,1.2208,1.2208,1.2208,1.2208,0.0
2011-09-22,1.2275,1.2275,1.2275,1.2275,0.0
2011-09-23,1.2195,1.2195,1.2195,1.2195,0.0
2011-09-26,1.2206,1.2206,1.2206,1.2206,0.0
2011-09-27,1.2232,1.2232,1.2232,1.2232,0.0
2011-09-28,1.2205,1.2205,1.2205,1.2205,0.0
2011-09-29,1.2207,1.2207,1.2207,1.2207,0.0
2011-09-30,1.217,1.217,1.217,1.217,0.0
2011-10-03,1.214,1.214,1.214,1.214,0.0
2011-10-04,1.2169,1.2169,1.2169,1.2169,0.0
2011-10-05,1.2265,1.2265,1.2265,1.2265,0.0
2011-10-06,1.2316,1.2316,1.2316,1.2316,0.0
2011-10-07,1.2365,1.2365,1.2365,1.2365,0.0
2011-10-10,1.2326,1.2326,1.2326,1.2326,0.0
2011-10-11,1.238,1.238,1.238,1.238,0.0
2011-10-12,1.2367,1.2367,1.2367,1.2367,0.0
2011-10-13,1.2335,1.2335,1.2335,1.2335,0.0
2011-10-14,1.2388,1.2388,1.2388,1.2388,0.0
2011-10-17,1.2365,1.2365,1.2365,1.2365,0.0
2011-10-18,1.2348,1.2348,1.2348,1.2348,0.0
2011-10-19,1.2428,1.2428,1.2428,1.2428,0.0
2011-10-20,1.2362,1.2362,1.2362,1.2362,0.0
2011-10-21,1.2307,1.2307,1.2307,1.2307,0.0
2011-10-24,1.228,1.228,1.228,1.228,0.0
2011-10-25,1.2253,1.2253,1.2253,1.2253,0.0
2011-10-26,1.2193,1.2193,1.2193,1.2193,0.0
2011-10-27,1.2213,1.2213,1.2213,1.2213,0.0
2011-10-28,1.2211,1.2211,1.2211,1.2211,0.0
2011-10-31,1.2191,1.2191,1.2191,1.2191,0.0
2011-11-01,1.2174,1.2174,1.2174,1.2174,0.0
2011-11-02,1.2166,1.2166,1.2166,1.2166,0.0
2011-11-03,1.2156,1.2156,1.2156,1.2156,0.0
2011-11-04,1.2217,1.2217,1.2217,1.2217,0.0
2011-11-07,1.2342,1.2342,1.2342,1.2342,0.0
2011-11-08,1.2382,1.2382,1.2382,1.2382,0.0
2011-11-09,1.2322,1.2322,1.2322,1.2322,0.0
2011-11-10,1.2315,1.2315,1.2315,1.2315,0.0
2011-11-11,1.236,1.236,1.236,1.236,0.0
2011-11-14,1.2368,1.2368,1.2368,1.2368,0.0
2011-11-15,1.2405,1.2405,1.2405,1.2405,0.0
2011-11-16,1.2384,1.2384,1.2384,1.2384,0.0
2011-11-17,1.2387,1.2387,1.2387,1.2387,0.0
2011-11-18,1.2378,1.2378,1.2378,1.2378,0.0
2011-11-21,1.2375,1.2375,1.2375,1.2375,0.0
2011-11-22,1.235,1.235,1.235,1.235,0.0
2011-11-23,1.2305,1.2305,1.2305,1.2305,0.0
2011-11-24,1.2268,1.2268,1.2268,1.2268,0.0
2011-11-25,1.2253,1.2253,1.2253,1.2253,0.0
2011-11-28,1.2309,1.2309,1.2309,1.2309,0.0
2011-11-29,1.2282,1.2282,1.2282,1.2282,0.0
2011-11-30,1.2265,1.2265,1.2265,1.2265,0.0
2011-12-01,1.2264,1.2264,1.2264,1.2264,0.0
2011-12-02,1.2343,1.2343,1.2343,1.2343,0.0
2011-12-05,1.2379,1.2379,1.2379,1.2379,0.0
2011-12-06,1.2388,1.2388,1.2388,1.2388,0.0
2011-12-07,1.2413,1.2413,1.2413,1.2413,0.0
2011-12-08,1.2373,1.2373,1.2373,1.2373,0.0
2011-12-09,1.2332,1.2332,1.2332,1.2332,0.0
2011-12-12,1.2349,1.2349,1.2349,1.2349,0.0
2011-12-13,1.2345,1.2345,1.2345,1.2345,0.0
2011-12-14,1.2317,1.2317,1.2317,1.2317,0.0
2011-12-15,1.2261,1.2261,1.2261,1.2261,0.0
2011-12-16,1.2249,1.2249,1.2249,1.2249,0.0
2011-12-19,1.219,1.219,1.219,1.219,0.0
2011-12-20,1.2192,1.2192,1.2192,1.2192,0.0
2011-12-21,1.219,1.219,1.219,1.219,0.0
2011-12-22,1.2232,1.2232,1.2232,1.2232,0.0
2011-12-23,1.2221,1.2221,1.2221,1.2221,0.0
2011-12-27,1.221,1.221,1.221,1.221,0.0
2011-12-28,1.2196,1.2196,1.2196,1.2196,0.0
2011-12-29,1.2186,1.2186,1.2186,1.2186,0.0
2011-12-30,1.2156,1.2156,1.2156,1.2156,0.0
2012-01-02,1.2155,1.2155,1.2155,1.2155,0.0
2012-01-03,1.2183,1.2183,1.2183,1.2183,0.0
2012-01-04,1.2196,1.2196,1.2196,1.2196,0.0
2012-01-05,1.2187,1.2187,1.2187,1.2187,0.0
2012-01-06,1.2177,1.2177,1.2177,1.2177,0.0
2012-01-09,1.2139,1.2139,1.2139,1.2139,0.0
2012-01-10,1.2136,1.2136,1.2136,1.2136,0.0
2012-01-11,1.212,1.212,1.212,1.212,0.0
2012-01-12,1.2112,1.2112,1.2112,1.2112,0.0
2012-01-13,1.21,1.21,1.21,1.21,0.0
2012-01-16,1.2093,1.2093,1.2093,1.2093,0.0
2012-01-17,1.209,1.209,1.209,1.209,0.0
2012-01-18,1.2088,1.2088,1.2088,1.2088,0.0
2012-01-19,1.2076,1.2076,1.2076,1.2076,0.0
2012-01-20,1.2077,1.2077,1.2077,1.2077,0.0
2012-01-23,1.2061,1.2061,1.2061,1.2061,0.0
2012-01-24,1.2065,1.2065,1.2065,1.2065,0.0
2012-01-25,1.2075,1.2075,1.2075,1.2075,0.0
2012-01-26,1.2071,1.2071,1.2071,1.2071,0.0
2012-01-27,1.2078,1.2078,1.2078,1.2078,0.0
2012-01-30,1.2046,1.2046,1.2046,1.2046,0.0
2012-01-31,1.2048,1.2048,1.2048,1.2048,0.0
2012-02-01,1.2048,1.2048,1.2048,1.2048,0.0
2012-02-02,1.2048,1.2048,1.2048,1.2048,0.0
2012-02-03,1.205,1.205,1.205,1.205,0.0
2012-02-06,1.2067,1.2067,1.2067,1.2067,0.0
2012-02-07,1.2087,1.2087,1.2087,1.2087,0.0
2012-02-08,1.2114,1.2114,1.2114,1.2114,0.0
2012-02-09,1.2103,1.2103,1.2103,1.2103,0.0
2012-02-10,1.2098,1.2098,1.2098,1.2098,0.0
2012-02-13,1.209,1.209,1.209,1.209,0.0
2012-02-14,1.2075,1.2075,1.2075,1.2075,0.0
2012-02-15,1.2073,1.2073,1.2073,1.2073,0.0
2012-02-16,1.2072,1.2072,1.2072,1.2072,0.0
2012-02-17,1.2083,1.2083,1.2083,1.2083,0.0
2012-02-20,1.2075,1.2075,1.2075,1.2075,0.0
2012-02-21,1.2073,1.2073,1.2073,1.2073,0.0
2012-02-22,1.2072,1.2072,1.2072,1.2072,0.0
2012-02-23,1.2053,1.2053,1.2053,1.2053,0.0
2012-02-24,1.2048,1.2048,1.2048,1.2048,0.0
2012-02-27,1.2052,1.2052,1.2052,1.2052,0.0
2012-02-28,1.205,1.205,1.205,1.205,0.0
2012-02-29,1.2051,1.2051,1.2051,1.2051,0.0
2012-03-01,1.2052,1.2052,1.2052,1.2052,0.0
2012-03-02,1.2062,1.2062,1.2062,1.2062,0.0
2012-03-05,1.2061,1.2061,1.2061,1.2061,0.0
2012-03-06,1.2055,1.2055,1.2055,1.2055,0.0
2012-03-07,1.2052,1.2052,1.2052,1.2052,0.0
2012-03-08,1.205,1.205,1.205,1.205,0.0
2012-03-09,1.2053,1.2053,1.2053,1.2053,0.0
2012-03-12,1.2056,1.2056,1.2056,1.2056,0.0
2012-03-13,1.206,1.206,1.206,1.206,0.0
2012-03-14,1.211,1.211,1.211,1.211,0.0
2012-03-15,1.2096,1.2096,1.2096,1.2096,0.0
2012-03-16,1.207,1.207,1.207,1.207,0.0
2012-03-19,1.2067,1.2067,1.2067,1.2067,0.0
2012-03-20,1.2059,1.2059,1.2059,1.2059,0.0
2012-03-21,1.2058,1.2058,1.2058,1.2058,0.0
2012-03-22,1.2055,1.2055,1.2055,1.2055,0.0
2012-03-23,1.2054,1.2054,1.2054,1.2054,0.0
2012-03-26,1.2054,1.2054,1.2054,1.2054,0.0
2012-03-27,1.2056,1.2056,1.2056,1.2056,0.0
2012-03-28,1.2063,1.2063,1.2063,1.2063,0.0
2012-03-29,1.2051,1.2051,1.2051,1.2051,0.0
2012-03-30,1.2045,1.2045,1.2045,1.2045,0.0
2012-04-02,1.2044,1.2044,1.2044,1.2044,0.0
2012-04-03,1.2035,1.2035,1.2035,1.2035,0.0
2012-04-04,1.2038,1.2038,1.2038,1.2038,0.0
2012-04-05,1.2025,1.2025,1.2025,1.2025,0.0
2012-04-10,1.2027,1.2027,1.2027,1.2027,0.0
2012-04-11,1.2011,1.2011,1.2011,1.2011,0.0
2012-04-12,1.2027,1.2027,1.2027,1.2027,0.0
2012-04-13,1.2017,1.2017,1.2017,1.2017,0.0
2012-04-16,1.2025,1.2025,1.2025,1.2025,0.0
2012-04-17,1.2018,1.2018,1.2018,1.2018,0.0
2012-04-18,1.2032,1.2032,1.2032,1.2032,0.0
2012-04-19,1.2021,1.2021,1.2021,1.2021,0.0
2012-04-20,1.2017,1.2017,1.2017,1.2017,0.0
2012-04-23,1.2018,1.2018,1.2018,1.2018,0.0
2012-04-24,1.2021,1.2021,1.2021,1.2021,0.0
2012-04-25,1.2018,1.2018,1.2018,1.2018,0.0
2012-04-26,1.2016,1.2016,1.2016,1.2016,0.0
2012-04-27,1.2014,1.2014,1.2014,1.2014,0.0
2012-04-30,1.2018,1.2018,1.2018,1.2018,0.0
2012-05-02,1.2018,1.2018,1.2018,1.2018,0.0
2012-05-03,1.2014,1.2014,1.2014,1.2014,0.0
2012-05-04,1.2014,1.2014,1.2014,1.2014,0.0
2012-05-07,1.2012,1.2012,1.2012,1.2012,0.0
2012-05-08,1.2014,1.2014,1.2014,1.2014,0.0
2012-05-09,1.201,1.201,1.201,1.201,0.0
2012-05-10,1.2013,1.2013,1.2013,1.2013,0.0
2012-05-11,1.2012,1.2012,1.2012,1.2012,0.0
2012-05-14,1.201,1.201,1.201,1.201,0.0
2012-05-15,1.201,1.201,1.201,1.201,0.0
2012-05-16,1.2011,1.2011,1.2011,1.2011,0.0
2012-05-17,1.2011,1.2011,1.2011,1.2011,0.0
2012-05-18,1.2012,1.2012,1.2012,1.2012,0.0
2012-05-21,1.2011,1.2011,1.2011,1.2011,0.0
2012-05-22,1.2011,1.2011,1.2011,1.2011,0.0
2012-05-23,1.2011,1.2011,1.2011,1.2011,0.0
2012-05-24,1.201,1.201,1.201,1.201,0.0
2012-05-25,1.2014,1.2014,1.2014,1.2014,0.0
2012-05-28,1.2019,1.2019,1.2019,1.2019,0.0
2012-05-29,1.2015,1.2015,1.2015,1.2015,0.0
2012-05-30,1.201,1.201,1.201,1.201,0.0
2012-05-31,1.201,1.201,1.201,1.201,0.0
2012-06-01,1.2008,1.2008,1.2008,1.2008,0.0
2012-06-04,1.2009,1.2009,1.2009,1.2009,0.0
2012-06-05,1.201,1.201,1.201,1.201,0.0
2012-06-06,1.2008,1.2008,1.2008,1.2008,0.0
2012-06-07,1.2011,1.2011,1.2011,1.2011,0.0
2012-06-08,1.2012,1.2012,1.2012,1.2012,0.0
2012-06-11,1.201,1.201,1.201,1.201,0.0
2012-06-12,1.2012,1.2012,1.2012,1.2012,0.0
2012-06-13,1.2009,1.2009,1.2009,1.2009,0.0
2012-06-14,1.2008,1.2008,1.2008,1.2008,0.0
2012-06-15,1.201,1.201,1.201,1.201,0.0
2012-06-18,1.201,1.201,1.201,1.201,0.0
2012-06-19,1.2009,1.2009,1.2009,1.2009,0.0
2012-06-20,1.2009,1.2009,1.2009,1.2009,0.0
2012-06-21,1.201,1.201,1.201,1.201,0.0
2012-06-22,1.2009,1.2009,1.2009,1.2009,0.0
2012-06-25,1.2008,1.2008,1.2008,1.2008,0.0
2012-06-26,1.201,1.201,1.201,1.201,0.0
2012-06-27,1.2011,1.2011,1.2011,1.2011,0.0
2012-06-28,1.201,1.201,1.201,1.201,0.0
2012-06-29,1.203,1.203,1.203,1.203,0.0
2012-07-02,1.2015,1.2015,1.2015,1.2015,0.0
2012-07-03,1.2012,1.2012,1.2012,1.2012,0.0
2012-07-04,1.2013,1.2013,1.2013,1.2013,0.0
2012-07-05,1.2012,1.2012,1.2012,1.2012,0.0
2012-07-06,1.2011,1.2011,1.2011,1.2011,0.0
2012-07-09,1.201,1.201,1.201,1.201,0.0
2012-07-10,1.201,1.201,1.201,1.201,0.0
2012-07-11,1.201,1.201,1.201,1.201,0.0
2012-07-12,1.201,1.201,1.201,1.201,0.0
2012-07-13,1.2009,1.2009,1.2009,1.2009,0.0
2012-07-16,1.201,1.201,1.201,1.201,0.0
2012-07-17,1.201,1.201,1.201,1.201,0.0
2012-07-18,1.201,1.201,1.201,1.201,0.0
2012-07-19,1.201,1.201,1.201,1.201,0.0
2012-07-20,1.2009,1.2009,1.2009,1.2009,0.0
2012-07-23,1.201,1.201,1.201,1.201,0.0
2012-07-24,1.201,1.201,1.201,1.201,0.0
2012-07-25,1.201,1.201,1.201,1.201,0.0
2012-07-26,1.201,1.201,1.201,1.201,0.0
2012-07-27,1.201,1.201,1.201,1.201,0.0
2012-07-30,1.201,1.201,1.201,1.201,0.0
2012-07-31,1.2014,1.2014,1.2014,1.2014,0.0
2012-08-01,1.2013,1.2013,1.2013,1.2013,0.0
2012-08-02,1.2024,1.2024,1.2024,1.2024,0.0
2012-08-03,1.2012,1.2012,1.2012,1.2012,0.0
2012-08-06,1.2013,1.2013,1.2013,1.2013,0.0
2012-08-07,1.2015,1.2015,1.2015,1.2015,0.0
2012-08-08,1.2012,1.2012,1.2012,1.2012,0.0
2012-08-09,1.201,1.201,1.201,1.201,0.0
2012-08-10,1.2009,1.2009,1.2009,1.2009,0.0
2012-08-13,1.201,1.201,1.201,1.201,0.0
2012-08-14,1.201,1.201,1.201,1.201,0.0
2012-08-15,1.2011,1.2011,1.2011,1.2011,0.0
2012-08-16,1.201,1.201,1.201,1.201,0.0
2012-08-17,1.2011,1.2011,1.2011,1.2011,0.0
2012-08-20,1.201,1.201,1.201,1.201,0.0
2012-08-21,1.201,1.201,1.201,1.201,0.0
2012-08-22,1.2009,1.2009,1.2009,1.2009,0.0
2012-08-23,1.201,1.201,1.201,1.201,0.0
2012-08-24,1.2009,1.2009,1.2009,1.2009,0.0
2012-08-27,1.201,1.201,1.201,1.201,0.0
2012-08-28,1.201,1.201,1.201,1.201,0.0
2012-08-29,1.201,1.201,1.201,1.201,0.0
2012-08-30,1.2009,1.2009,1.2009,1.2009,0.0
2012-08-31,1.2009,1.2009,1.2009,1.2009,0.0
2012-09-03,1.2008,1.2008,1.2008,1.2008,0.0
2012-09-04,1.201,1.201,1.201,1.201,0.0
2012-09-05,1.2014,1.2014,1.2014,1.2014,0.0
2012-09-06,1.2049,1.2049,1.2049,1.2049,0.0
2012-09-07,1.2128,1.2128,1.2128,1.2128,0.0
2012-09-10,1.209,1.209,1.209,1.209,0.0
2012-09-11,1.2074,1.2074,1.2074,1.2074,0.0
2012-09-12,1.2083,1.2083,1.2083,1.2083,0.0
2012-09-13,1.213,1.213,1.213,1.213,0.0
2012-09-14,1.2162,1.2162,1.2162,1.2162,0.0
2012-09-17,1.216,1.216,1.216,1.216,0.0
2012-09-18,1.2113,1.2113,1.2113,1.2113,0.0
2012-09-19,1.2095,1.2095,1.2095,1.2095,0.0
2012-09-20,1.2088,1.2088,1.2088,1.2088,0.0
2012-09-21,1.211,1.211,1.211,1.211,0.0
2012-09-24,1.2095,1.2095,1.2095,1.2095,0.0
2012-09-25,1.2092,1.2092,1.2092,1.2092,0.0
2012-09-26,1.2088,1.2088,1.2088,1.2088,0.0
2012-09-27,1.2084,1.2084,1.2084,1.2084,0.0
2012-09-28,1.2099,1.2099,1.2099,1.2099,0.0
2012-10-01,1.2095,1.2095,1.2095,1.2095,0.0
2012-10-02,1.2102,1.2102,1.2102,1.2102,0.0
2012-10-03,1.2104,1.2104,1.2104,1.2104,0.0
2012-10-04,1.2123,1.2123,1.2123,1.2123,0.0
2012-10-05,1.2112,1.2112,1.2112,1.2112,0.0
2012-10-08,1.211,1.211,1.211,1.211,0.0
2012-10-09,1.2111,1.2111,1.2111,1.2111,0.0
2012-10-10,1.211,1.211,1.211,1.211,0.0
2012-10-11,1.2087,1.2087,1.2087,1.2087,0.0
2012-10-12,1.2093,1.2093,1.2093,1.2093,0.0
2012-10-15,1.2091,1.2091,1.2091,1.2091,0.0
2012-10-16,1.2091,1.2091,1.2091,1.2091,0.0
2012-10-17,1.2106,1.2106,1.2106,1.2106,0.0
2012-10-18,1.2094,1.2094,1.2094,1.2094,0.0
2012-10-19,1.2085,1.2085,1.2085,1.2085,0.0
2012-10-22,1.2097,1.2097,1.2097,1.2097,0.0
2012-10-23,1.2098,1.2098,1.2098,1.2098,0.0
2012-10-24,1.21,1.21,1.21,1.21,0.0
2012-10-25,1.2097,1.2097,1.2097,1.2097,0.0
2012-10-26,1.209,1.209,1.209,1.209,0.0
2012-10-29,1.2087,1.2087,1.2087,1.2087,0.0
2012-10-30,1.2085,1.2085,1.2085,1.2085,0.0
2012-10-31,1.2076,1.2076,1.2076,1.2076,0.0
2012-11-01,1.2072,1.2072,1.2072,1.2072,0.0
2012-11-02,1.2073,1.2073,1.2073,1.2073,0.0
2012-11-05,1.2063,1.2063,1.2063,1.2063,0.0
2012-11-06,1.2075,1.2075,1.2075,1.2075,0.0
2012-11-07,1.2065,1.2065,1.2065,1.2065,0.0
2012-11-08,1.2058,1.2058,1.2058,1.2058,0.0
2012-11-09,1.2054,1.2054,1.2054,1.2054,0.0
2012-11-12,1.2057,1.2057,1.2057,1.2057,0.0
2012-11-13,1.2046,1.2046,1.2046,1.2046,0.0
2012-11-14,1.204,1.204,1.204,1.204,0.0
2012-11-15,1.2042,1.2042,1.2042,1.2042,0.0
2012-11-16,1.2042,1.2042,1.2042,1.2042,0.0
2012-11-19,1.2045,1.2045,1.2045,1.2045,0.0
2012-11-20,1.2049,1.2049,1.2049,1.2049,0.0
2012-11-21,1.2041,1.2041,1.2041,1.2041,0.0
2012-11-22,1.2045,1.2045,1.2045,1.2045,0.0
2012-11-23,1.205,1.205,1.205,1.205,0.0
2012-11-26,1.2046,1.2046,1.2046,1.2046,0.0
2012-11-27,1.2043,1.2043,1.2043,1.2043,0.0
2012-11-28,1.2033,1.2033,1.2033,1.2033,0.0
2012-11-29,1.2043,1.2043,1.2043,1.2043,0.0
2012-11-30,1.2054,1.2054,1.2054,1.2054,0.0
2012-12-03,1.2087,1.2087,1.2087,1.2087,0.0
2012-12-04,1.2136,1.2136,1.2136,1.2136,0.0
2012-12-05,1.2128,1.2128,1.2128,1.2128,0.0
2012-12-06,1.2114,1.2114,1.2114,1.2114,0.0
2012-12-07,1.2077,1.2077,1.2077,1.2077,0.0
2012-12-10,1.2068,1.2068,1.2068,1.2068,0.0
2012-12-11,1.2115,1.2115,1.2115,1.2115,0.0
2012-12-12,1.2109,1.2109,1.2109,1.2109,0.0
2012-12-13,1.209,1.209,1.209,1.209,0.0
2012-12-14,1.2089,1.2089,1.2089,1.2089,0.0
2012-12-17,1.2082,1.2082,1.2082,1.2082,0.0
2012-12-18,1.208,1.208,1.208,1.208,0.0
2012-12-19,1.2096,1.2096,1.2096,1.2096,0.0
2012-12-20,1.2079,1.2079,1.2079,1.2079,0.0
2012-12-21,1.2077,1.2077,1.2077,1.2077,0.0
2012-12-24,1.207,1.207,1.207,1.207,0.0
2012-12-27,1.2082,1.2082,1.2082,1.2082,0.0
2012-12-28,1.208,1.208,1.208,1.208,0.0
2012-12-31,1.2072,1.2072,1.2072,1.2072,0.0
2013-01-02,1.209,1.209,1.209,1.209,0.0
2013-01-03,1.209,1.209,1.209,1.209,0.0
2013-01-04,1.2092,1.2092,1.2092,1.2092,0.0
2013-01-07,1.2087,1.2087,1.2087,1.2087,0.0
2013-01-08,1.2092,1.2092,1.2092,1.2092,0.0
2013-01-09,1.2089,1.2089,1.2089,1.2089,0.0
2013-01-10,1.2104,1.2104,1.2104,1.2104,0.0
2013-01-11,1.2157,1.2157,1.2157,1.2157,0.0
2013-01-14,1.2243,1.2243,1.2243,1.2243,0.0
2013-01-15,1.2358,1.2358,1.2358,1.2358,0.0
2013-01-16,1.2359,1.2359,1.2359,1.2359,0.0
2013-01-17,1.2453,1.2453,1.2453,1.2453,0.0
2013-01-18,1.2446,1.2446,1.2446,1.2446,0.0
2013-01-21,1.2421,1.2421,1.2421,1.2421,0.0
2013-01-22,1.2383,1.2383,1.2383,1.2383,0.0
2013-01-23,1.2385,1.2385,1.2385,1.2385,0.0
2013-01-24,1.2417,1.2417,1.2417,1.2417,0.0
2013-01-25,1.2444,1.2444,1.2444,1.2444,0.0
2013-01-28,1.2472,1.2472,1.2472,1.2472,0.0
2013-01-29,1.2416,1.2416,1.2416,1.2416,0.0
2013-01-30,1.2392,1.2392,1.2392,1.2392,0.0
2013-01-31,1.2342,1.2342,1.2342,1.2342,0.0
2013-02-01,1.2351,1.2351,1.2351,1.2351,0.0
2013-02-04,1.235,1.235,1.235,1.235,0.0
2013-02-05,1.2299,1.2299,1.2299,1.2299,0.0
2013-02-06,1.2348,1.2348,1.2348,1.2348,0.0
2013-02-07,1.2312,1.2312,1.2312,1.2312,0.0
2013-02-08,1.2282,1.2282,1.2282,1.2282,0.0
2013-02-11,1.2294,1.2294,1.2294,1.2294,0.0
2013-02-12,1.2328,1.2328,1.2328,1.2328,0.0
2013-02-13,1.2365,1.2365,1.2365,1.2365,0.0
2013-02-14,1.2293,1.2293,1.2293,1.2293,0.0
2013-02-15,1.2303,1.2303,1.2303,1.2303,0.0
2013-02-18,1.2332,1.2332,1.2332,1.2332,0.0
2013-02-19,1.2332,1.2332,1.2332,1.2332,0.0
2013-02-20,1.2347,1.2347,1.2347,1.2347,0.0
2013-02-21,1.229,1.229,1.229,1.229,0.0
2013-02-22,1.2272,1.2272,1.2272,1.2272,0.0
2013-02-25,1.2305,1.2305,1.2305,1.2305,0.0
2013-02-26,1.2167,1.2167,1.2167,1.2167,0.0
2013-02-27,1.2177,1.2177,1.2177,1.2177,0.0
2013-02-28,1.2209,1.2209,1.2209,1.2209,0.0
2013-03-01,1.2245,1.2245,1.2245,1.2245,0.0
2013-03-04,1.2256,1.2256,1.2256,1.2256,0.0
2013-03-05,1.2277,1.2277,1.2277,1.2277,0.0
2013-03-06,1.2301,1.2301,1.2301,1.2301,0.0
2013-03-07,1.2318,1.2318,1.2318,1.2318,0.0
2013-03-08,1.2355,1.2355,1.2355,1.2355,0.0
2013-03-11,1.236,1.236,1.236,1.236,0.0
2013-03-12,1.2344,1.2344,1.2344,1.2344,0.0
2013-03-13,1.2319,1.2319,1.2319,1.2319,0.0
2013-03-14,1.2347,1.2347,1.2347,1.2347,0.0
2013-03-15,1.2308,1.2308,1.2308,1.2308,0.0
2013-03-18,1.2221,1.2221,1.2221,1.2221,0.0
2013-03-19,1.2218,1.2218,1.2218,1.2218,0.0
2013-03-20,1.2222,1.2222,1.2222,1.2222,0.0
2013-03-21,1.2225,1.2225,1.2225,1.2225,0.0
2013-03-22,1.2212,1.2212,1.2212,1.2212,0.0
2013-03-25,1.2213,1.2213,1.2213,1.2213,0.0
2013-03-26,1.2209,1.2209,1.2209,1.2209,0.0
2013-03-27,1.2174,1.2174,1.2174,1.2174,0.0
2013-03-28,1.2195,1.2195,1.2195,1.2195,0.0
2013-04-02,1.2159,1.2159,1.2159,1.2159,0.0
2013-04-03,1.2167,1.2167,1.2167,1.2167,0.0
2013-04-04,1.2155,1.2155,1.2155,1.2155,0.0
2013-04-05,1.2158,1.2158,1.2158,1.2158,0.0
2013-04-08,1.2168,1.2168,1.2168,1.2168,0.0
2013-04-09,1.22,1.22,1.22,1.22,0.0
2013-04-10,1.2183,1.2183,1.2183,1.2183,0.0
2013-04-11,1.2187,1.2187,1.2187,1.2187,0.0
2013-04-12,1.2167,1.2167,1.2167,1.2167,0.0
2013-04-15,1.2147,1.2147,1.2147,1.2147,0.0
2013-04-16,1.2163,1.2163,1.2163,1.2163,0.0
2013-04-17,1.2149,1.2149,1.2149,1.2149,0.0
2013-04-18,1.2164,1.2164,1.2164,1.2164,0.0
2013-04-19,1.2176,1.2176,1.2176,1.2176,0.0
2013-04-22,1.2188,1.2188,1.2188,1.2188,0.0
2013-04-23,1.2219,1.2219,1.2219,1.2219,0.0
2013-04-24,1.2302,1.2302,1.2302,1.2302,0.0
2013-04-25,1.2334,1.2334,1.2334,1.2334,0.0
2013-04-26,1.2273,1.2273,1.2273,1.2273,0.0
2013-04-29,1.2279,1.2279,1.2279,1.2279,0.0
2013-04-30,1.2238,1.2238,1.2238,1.2238,0.0
2013-05-02,1.2244,1.2244,1.2244,1.2244,0.0
2013-05-03,1.2235,1.2235,1.2235,1.2235,0.0
2013-05-06,1.228,1.228,1.228,1.228,0.0
2013-05-07,1.2333,1.2333,1.2333,1.2333,0.0
2013-05-08,1.2336,1.2336,1.2336,1.2336,0.0
2013-05-09,1.229,1.229,1.229,1.229,0.0
2013-05-10,1.243,1.243,1.243,1.243,0.0
2013-05-13,1.2404,1.2404,1.2404,1.2404,0.0
2013-05-14,1.2416,1.2416,1.2416,1.2416,0.0
2013-05-15,1.2499,1.2499,1.2499,1.2499,0.0
2013-05-16,1.2444,1.2444,1.2444,1.2444,0.0
2013-05-17,1.2449,1.2449,1.2449,1.2449,0.0
2013-05-20,1.246,1.246,1.246,1.246,0.0
2013-05-21,1.2476,1.2476,1.2476,1.2476,0.0
2013-05-22,1.2599,1.2599,1.2599,1.2599,0.0
2013-05-23,1.2486,1.2486,1.2486,1.2486,0.0
2013-05-24,1.2466,1.2466,1.2466,1.2466,0.0
2013-05-27,1.2452,1.2452,1.2452,1.2452,0.0
2013-05-28,1.2533,1.2533,1.2533,1.2533,0.0
2013-05-29,1.248,1.248,1.248,1.248,0.0
2013-05-30,1.2487,1.2487,1.2487,1.2487,0.0
2013-05-31,1.2406,1.2406,1.2406,1.2406,0.0
2013-06-03,1.2456,1.2456,1.2456,1.2456,0.0
2013-06-04,1.2397,1.2397,1.2397,1.2397,0.0
2013-06-05,1.2371,1.2371,1.2371,1.2371,0.0
2013-06-06,1.2357,1.2357,1.2357,1.2357,0.0
2013-06-07,1.2273,1.2273,1.2273,1.2273,0.0
2013-06-10,1.2395,1.2395,1.2395,1.2395,0.0
2013-06-11,1.2305,1.2305,1.2305,1.2305,0.0
2013-06-12,1.2323,1.2323,1.2323,1.2323,0.0
2013-06-13,1.229,1.229,1.229,1.229,0.0
2013-06-14,1.2322,1.2322,1.2322,1.2322,0.0
2013-06-17,1.2308,1.2308,1.2308,1.2308,0.0
2013-06-18,1.2315,1.2315,1.2315,1.2315,0.0
2013-06-19,1.2326,1.2326,1.2326,1.2326,0.0
2013-06-20,1.2319,1.2319,1.2319,1.2319,0.0
2013-06-21,1.2257,1.2257,1.2257,1.2257,0.0
2013-06-24,1.2241,1.2241,1.2241,1.2241,0.0
2013-06-25,1.2268,1.2268,1.2268,1.2268,0.0
2013-06-26,1.2262,1.2262,1.2262,1.2262,0.0
2013-06-27,1.2326,1.2326,1.2326,1.2326,0.0
2013-06-28,1.2338,1.2338,1.2338,1.2338,0.0
2013-07-01,1.234,1.234,1.234,1.234,0.0
2013-07-02,1.2354,1.2354,1.2354,1.2354,0.0
2013-07-03,1.2285,1.2285,1.2285,1.2285,0.0
2013-07-04,1.2328,1.2328,1.2328,1.2328,0.0
2013-07-05,1.2348,1.2348,1.2348,1.2348,0.0
2013-07-08,1.2404,1.2404,1.2404,1.2404,0.0
2013-07-09,1.2452,1.2452,1.2452,1.2452,0.0
2013-07-10,1.244,1.244,1.244,1.244,0.0
2013-07-11,1.2414,1.2414,1.2414,1.2414,0.0
2013-07-12,1.2388,1.2388,1.2388,1.2388,0.0
2013-07-15,1.2394,1.2394,1.2394,1.2394,0.0
2013-07-16,1.2371,1.2371,1.2371,1.2371,0.0
2013-07-17,1.234,1.234,1.234,1.234,0.0
2013-07-18,1.237,1.237,1.237,1.237,0.0
2013-07-19,1.2361,1.2361,1.2361,1.2361,0.0
2013-07-22,1.237,1.237,1.237,1.237,0.0
2013-07-23,1.2387,1.2387,1.2387,1.2387,0.0
2013-07-24,1.2388,1.2388,1.2388,1.2388,0.0
2013-07-25,1.2365,1.2365,1.2365,1.2365,0.0
2013-07-26,1.2334,1.2334,1.2334,1.2334,0.0
2013-07-29,1.233,1.233,1.233,1.233,0.0
2013-07-30,1.2335,1.2335,1.2335,1.2335,0.0
2013-07-31,1.2317,1.2317,1.2317,1.2317,0.0
2013-08-01,1.2317,1.2317,1.2317,1.2317,0.0
2013-08-02,1.2383,1.2383,1.2383,1.2383,0.0
2013-08-05,1.2352,1.2352,1.2352,1.2352,0.0
2013-08-06,1.2313,1.2313,1.2313,1.2313,0.0
2013-08-07,1.2321,1.2321,1.2321,1.2321,0.0
2013-08-08,1.2307,1.2307,1.2307,1.2307,0.0
2013-08-09,1.231,1.231,1.231,1.231,0.0
2013-08-12,1.2327,1.2327,1.2327,1.2327,0.0
2013-08-13,1.2358,1.2358,1.2358,1.2358,0.0
2013-08-14,1.2415,1.2415,1.2415,1.2415,0.0
2013-08-15,1.2427,1.2427,1.2427,1.2427,0.0
2013-08-16,1.2354,1.2354,1.2354,1.2354,0.0
2013-08-19,1.2352,1.2352,1.2352,1.2352,0.0
2013-08-20,1.2323,1.2323,1.2323,1.2323,0.0
2013-08-21,1.231,1.231,1.231,1.231,0.0
2013-08-22,1.2349,1.2349,1.2349,1.2349,0.0
2013-08-23,1.2358,1.2358,1.2358,1.2358,0.0
2013-08-26,1.2352,1.2352,1.2352,1.2352,0.0
2013-08-27,1.2293,1.2293,1.2293,1.2293,0.0
2013-08-28,1.229,1.229,1.229,1.229,0.0
2013-08-29,1.2308,1.2308,1.2308,1.2308,0.0
2013-08-30,1.231,1.231,1.231,1.231,0.0
2013-09-02,1.2317,1.2317,1.2317,1.2317,0.0
2013-09-03,1.2325,1.2325,1.2325,1.2325,0.0
2013-09-04,1.2345,1.2345,1.2345,1.2345,0.0
2013-09-05,1.239,1.239,1.239,1.239,0.0
2013-09-06,1.2382,1.2382,1.2382,1.2382,0.0
2013-09-09,1.235,1.235,1.235,1.235,0.0
2013-09-10,1.2392,1.2392,1.2392,1.2392,0.0
2013-09-11,1.2395,1.2395,1.2395,1.2395,0.0
2013-09-12,1.2368,1.2368,1.2368,1.2368,0.0
2013-09-13,1.2376,1.2376,1.2376,1.2376,0.0
2013-09-16,1.2374,1.2374,1.2374,1.2374,0.0
2013-09-17,1.2375,1.2375,1.2375,1.2375,0.0
2013-09-18,1.237,1.237,1.237,1.237,0.0
2013-09-19,1.2333,1.2333,1.2333,1.2333,0.0
2013-09-20,1.233,1.233,1.233,1.233,0.0
2013-09-23,1.2323,1.2323,1.2323,1.2323,0.0
2013-09-24,1.2295,1.2295,1.2295,1.2295,0.0
2013-09-25,1.2304,1.2304,1.2304,1.2304,0.0
2013-09-26,1.2288,1.2288,1.2288,1.2288,0.0
2013-09-27,1.2248,1.2248,1.2248,1.2248,0.0
2013-09-30,1.2225,1.2225,1.2225,1.2225,0.0
2013-10-01,1.2253,1.2253,1.2253,1.2253,0.0
2013-10-02,1.2241,1.2241,1.2241,1.2241,0.0
2013-10-03,1.2276,1.2276,1.2276,1.2276,0.0
2013-10-04,1.2271,1.2271,1.2271,1.2271,0.0
2013-10-07,1.2262,1.2262,1.2262,1.2262,0.0
2013-10-08,1.2284,1.2284,1.2284,1.2284,0.0
2013-10-09,1.2313,1.2313,1.2313,1.2313,0.0
2013-10-10,1.2311,1.2311,1.2311,1.2311,0.0
2013-10-11,1.2314,1.2314,1.2314,1.2314,0.0
2013-10-14,1.2334,1.2334,1.2334,1.2334,0.0
2013-10-15,1.2361,1.2361,1.2361,1.2361,0.0
2013-10-16,1.2341,1.2341,1.2341,1.2341,0.0
2013-10-17,1.2327,1.2327,1.2327,1.2327,0.0
2013-10-18,1.2343,1.2343,1.2343,1.2343,0.0
2013-10-21,1.2352,1.2352,1.2352,1.2352,0.0
2013-10-22,1.2355,1.2355,1.2355,1.2355,0.0
2013-10-23,1.2307,1.2307,1.2307,1.2307,0.0
2013-10-24,1.2303,1.2303,1.2303,1.2303,0.0
2013-10-25,1.2348,1.2348,1.2348,1.2348,0.0
2013-10-28,1.2343,1.2343,1.2343,1.2343,0.0
2013-10-29,1.2358,1.2358,1.2358,1.2358,0.0
2013-10-30,1.2347,1.2347,1.2347,1.2347,0.0
2013-10-31,1.2333,1.2333,1.2333,1.2333,0.0
2013-11-01,1.231,1.231,1.231,1.231,0.0
2013-11-04,1.2321,1.2321,1.2321,1.2321,0.0
2013-11-05,1.2297,1.2297,1.2297,1.2297,0.0
2013-11-06,1.2321,1.2321,1.2321,1.2321,0.0
2013-11-07,1.2298,1.2298,1.2298,1.2298,0.0
2013-11-08,1.2302,1.2302,1.2302,1.2302,0.0
2013-11-11,1.2328,1.2328,1.2328,1.2328,0.0
2013-11-12,1.2328,1.2328,1.2328,1.2328,0.0
2013-11-13,1.2316,1.2316,1.2316,1.2316,0.0
2013-11-14,1.2332,1.2332,1.2332,1.2332,0.0
2013-11-15,1.2346,1.2346,1.2346,1.2346,0.0
2013-11-18,1.2321,1.2321,1.2321,1.2321,0.0
2013-11-19,1.2333,1.2333,1.2333,1.2333,0.0
2013-11-20,1.2323,1.2323,1.2323,1.2323,0.0
2013-11-21,1.2318,1.2318,1.2318,1.2318,0.0
2013-11-22,1.2302,1.2302,1.2302,1.2302,0.0
2013-11-25,1.2311,1.2311,1.2311,1.2311,0.0
2013-11-26,1.2312,1.2312,1.2312,1.2312,0.0
2013-11-27,1.2305,1.2305,1.2305,1.2305,0.0
2013-11-28,1.2323,1.2323,1.2323,1.2323,0.0
2013-11-29,1.2298,1.2298,1.2298,1.2298,0.0
2013-12-02,1.2321,1.2321,1.2321,1.2321,0.0
2013-12-03,1.2287,1.2287,1.2287,1.2287,0.0
2013-12-04,1.2268,1.2268,1.2268,1.2268,0.0
2013-12-05,1.2262,1.2262,1.2262,1.2262,0.0
2013-12-06,1.2231,1.2231,1.2231,1.2231,0.0
2013-12-09,1.2231,1.2231,1.2231,1.2231,0.0
2013-12-10,1.2214,1.2214,1.2214,1.2214,0.0
2013-12-11,1.2219,1.2219,1.2219,1.2219,0.0
2013-12-12,1.2211,1.2211,1.2211,1.2211,0.0
2013-12-13,1.2226,1.2226,1.2226,1.2226,0.0
2013-12-16,1.2212,1.2212,1.2212,1.2212,0.0
2013-12-17,1.2206,1.2206,1.2206,1.2206,0.0
2013-12-18,1.2211,1.2211,1.2211,1.2211,0.0
2013-12-19,1.2261,1.2261,1.2261,1.2261,0.0
2013-12-20,1.2263,1.2263,1.2263,1.2263,0.0
2013-12-23,1.2257,1.2257,1.2257,1.2257,0.0
2013-12-24,1.2243,1.2243,1.2243,1.2243,0.0
2013-12-27,1.2234,1.2234,1.2234,1.2234,0.0
2013-12-30,1.2259,1.2259,1.2259,1.2259,0.0
2013-12-31,1.2276,1.2276,1.2276,1.2276,0.0
2014-01-02,1.2307,1.2307,1.2307,1.2307,0.0
2014-01-03,1.2309,1.2309,1.2309,1.2309,0.0
2014-01-06,1.2319,1.2319,1.2319,1.2319,0.0
2014-01-07,1.2367,1.2367,1.2367,1.2367,0.0
2014-01-08,1.2383,1.2383,1.2383,1.2383,0.0
2014-01-09,1.2368,1.2368,1.2368,1.2368,0.0
2014-01-10,1.2342,1.2342,1.2342,1.2342,0.0
2014-01-13,1.2342,1.2342,1.2342,1.2342,0.0
2014-01-14,1.2334,1.2334,1.2334,1.2334,0.0
2014-01-15,1.2354,1.2354,1.2354,1.2354,0.0
2014-01-16,1.235,1.235,1.235,1.235,0.0
2014-01-17,1.2332,1.2332,1.2332,1.2332,0.0
2014-01-20,1.2337,1.2337,1.2337,1.2337,0.0
2014-01-21,1.2357,1.2357,1.2357,1.2357,0.0
2014-01-22,1.2345,1.2345,1.2345,1.2345,0.0
2014-01-23,1.2317,1.2317,1.2317,1.2317,0.0
2014-01-24,1.2256,1.2256,1.2256,1.2256,0.0
2014-01-27,1.2267,1.2267,1.2267,1.2267,0.0
2014-01-28,1.2278,1.2278,1.2278,1.2278,0.0
2014-01-29,1.2255,1.2255,1.2255,1.2255,0.0
2014-01-30,1.2233,1.2233,1.2233,1.2233,0.0
2014-01-31,1.222,1.222,1.222,1.222,0.0
2014-02-03,1.2226,1.2226,1.2226,1.2226,0.0
2014-02-04,1.2215,1.2215,1.2215,1.2215,0.0
2014-02-05,1.2222,1.2222,1.2222,1.2222,0.0
2014-02-06,1.2224,1.2224,1.2224,1.2224,0.0
2014-02-07,1.2237,1.2237,1.2237,1.2237,0.0
2014-02-10,1.2234,1.2234,1.2234,1.2234,0.0
2014-02-11,1.2235,1.2235,1.2235,1.2235,0.0
2014-02-12,1.2249,1.2249,1.2249,1.2249,0.0
2014-02-13,1.2216,1.2216,1.2216,1.2216,0.0
2014-02-14,1.2221,1.2221,1.2221,1.2221,0.0
2014-02-17,1.2221,1.2221,1.2221,1.2221,0.0
2014-02-18,1.2221,1.2221,1.2221,1.2221,0.0
2014-02-19,1.2214,1.2214,1.2214,1.2214,0.0
2014-02-20,1.2203,1.2203,1.2203,1.2203,0.0
2014-02-21,1.2195,1.2195,1.2195,1.2195,0.0
2014-02-24,1.2209,1.2209,1.2209,1.2209,0.0
2014-02-25,1.2193,1.2193,1.2193,1.2193,0.0
2014-02-26,1.2198,1.2198,1.2198,1.2198,0.0
2014-02-27,1.2161,1.2161,1.2161,1.2161,0.0
2014-02-28,1.2153,1.2153,1.2153,1.2153,0.0
2014-03-03,1.2129,1.2129,1.2129,1.2129,0.0
2014-03-04,1.2172,1.2172,1.2172,1.2172,0.0
2014-03-05,1.2186,1.2186,1.2186,1.2186,0.0
2014-03-06,1.219,1.219,1.219,1.219,0.0
2014-03-07,1.2191,1.2191,1.2191,1.2191,0.0
2014-03-10,1.2192,1.2192,1.2192,1.2192,0.0
2014-03-11,1.2175,1.2175,1.2175,1.2175,0.0
2014-03-12,1.2159,1.2159,1.2159,1.2159,0.0
2014-03-13,1.216,1.216,1.216,1.216,0.0
2014-03-14,1.2124,1.2124,1.2124,1.2124,0.0
2014-03-17,1.2154,1.2154,1.2154,1.2154,0.0
2014-03-18,1.2162,1.2162,1.2162,1.2162,0.0
2014-03-19,1.2167,1.2167,1.2167,1.2167,0.0
2014-03-20,1.219,1.219,1.219,1.219,0.0
2014-03-21,1.2182,1.2182,1.2182,1.2182,0.0
2014-03-24,1.2197,1.2197,1.2197,1.2197,0.0
2014-03-25,1.2197,1.2197,1.2197,1.2197,0.0
2014-03-26,1.2216,1.2216,1.2216,1.2216,0.0
2014-03-27,1.2187,1.2187,1.2187,1.2187,0.0
2014-03-28,1.2186,1.2186,1.2186,1.2186,0.0
2014-03-31,1.2194,1.2194,1.2194,1.2194,0.0
2014-04-01,1.2178,1.2178,1.2178,1.2178,0.0
2014-04-02,1.219,1.219,1.219,1.219,0.0
2014-04-03,1.2209,1.2209,1.2209,1.2209,0.0
2014-04-04,1.2235,1.2235,1.2235,1.2235,0.0
2014-04-07,1.2202,1.2202,1.2202,1.2202,0.0
2014-04-08,1.22,1.22,1.22,1.22,0.0
2014-04-09,1.2184,1.2184,1.2184,1.2184,0.0
2014-04-10,1.218,1.218,1.218,1.218,0.0
2014-04-11,1.2161,1.2161,1.2161,1.2161,0.0
2014-04-14,1.2154,1.2154,1.2154,1.2154,0.0
2014-04-15,1.2162,1.2162,1.2162,1.2162,0.0
2014-04-16,1.2169,1.2169,1.2169,1.2169,0.0
2014-04-17,1.2175,1.2175,1.2175,1.2175,0.0
2014-04-22,1.2214,1.2214,1.2214,1.2214,0.0
2014-04-23,1.2198,1.2198,1.2198,1.2198,0.0
2014-04-24,1.2203,1.2203,1.2203,1.2203,0.0
2014-04-25,1.2194,1.2194,1.2194,1.2194,0.0
2014-04-28,1.2181,1.2181,1.2181,1.2181,0.0
2014-04-29,1.22,1.22,1.22,1.22,0.0
2014-04-30,1.22,1.22,1.22,1.22,0.0
2014-05-02,1.2189,1.2189,1.2189,1.2189,0.0
2014-05-05,1.2174,1.2174,1.2174,1.2174,0.0
2014-05-06,1.2169,1.2169,1.2169,1.2169,0.0
2014-05-07,1.2186,1.2186,1.2186,1.2186,0.0
2014-05-08,1.2178,1.2178,1.2178,1.2178,0.0
2014-05-09,1.2186,1.2186,1.2186,1.2186,0.0
2014-05-12,1.2211,1.2211,1.2211,1.2211,0.0
2014-05-13,1.2201,1.2201,1.2201,1.2201,0.0
2014-05-14,1.2199,1.2199,1.2199,1.2199,0.0
2014-05-15,1.2227,1.2227,1.2227,1.2227,0.0
2014-05-16,1.221,1.221,1.221,1.221,0.0
2014-05-19,1.2228,1.2228,1.2228,1.2228,0.0
2014-05-20,1.2223,1.2223,1.2223,1.2223,0.0
2014-05-21,1.2216,1.2216,1.2216,1.2216,0.0
2014-05-22,1.2215,1.2215,1.2215,1.2215,0.0
2014-05-23,1.221,1.221,1.221,1.221,0.0
2014-05-26,1.221,1.221,1.221,1.221,0.0
2014-05-27,1.2221,1.2221,1.2221,1.2221,0.0
2014-05-28,1.2225,1.2225,1.2225,1.2225,0.0
2014-05-29,1.221,1.221,1.221,1.221,0.0
2014-05-30,1.2204,1.2204,1.2204,1.2204,0.0
2014-06-02,1.2214,1.2214,1.2214,1.2214,0.0
2014-06-03,1.2216,1.2216,1.2216,1.2216,0.0
2014-06-04,1.2204,1.2204,1.2204,1.2204,0.0
2014-06-05,1.22,1.22,1.22,1.22,0.0
2014-06-06,1.2185,1.2185,1.2185,1.2185,0.0
2014-06-09,1.2193,1.2193,1.2193,1.2193,0.0
2014-06-10,1.2188,1.2188,1.2188,1.2188,0.0
2014-06-11,1.2179,1.2179,1.2179,1.2179,0.0
2014-06-12,1.2174,1.2174,1.2174,1.2174,0.0
2014-06-13,1.2178,1.2178,1.2178,1.2178,0.0
2014-06-16,1.2176,1.2176,1.2176,1.2176,0.0
2014-06-17,1.2188,1.2188,1.2188,1.2188,0.0
2014-06-18,1.218,1.218,1.218,1.218,0.0
2014-06-19,1.217,1.217,1.217,1.217,0.0
2014-06-20,1.2169,1.2169,1.2169,1.2169,0.0
2014-06-23,1.2167,1.2167,1.2167,1.2167,0.0
2014-06-24,1.2173,1.2173,1.2173,1.2173,0.0
2014-06-25,1.2168,1.2168,1.2168,1.2168,0.0
2014-06-26,1.2164,1.2164,1.2164,1.2164,0.0
2014-06-27,1.2162,1.2162,1.2162,1.2162,0.0
2014-06-30,1.2156,1.2156,1.2156,1.2156,0.0
2014-07-01,1.2138,1.2138,1.2138,1.2138,0.0
2014-07-02,1.2137,1.2137,1.2137,1.2137,0.0
2014-07-03,1.2147,1.2147,1.2147,1.2147,0.0
2014-07-04,1.216,1.216,1.216,1.216,0.0
2014-07-07,1.2155,1.2155,1.2155,1.2155,0.0
2014-07-08,1.2155,1.2155,1.2155,1.2155,0.0
2014-07-09,1.2158,1.2158,1.2158,1.2158,0.0
2014-07-10,1.2143,1.2143,1.2143,1.2143,0.0
2014-07-11,1.2143,1.2143,1.2143,1.2143,0.0
2014-07-14,1.2139,1.2139,1.2139,1.2139,0.0
2014-07-15,1.2142,1.2142,1.2142,1.2142,0.0
2014-07-16,1.2156,1.2156,1.2156,1.2156,0.0
2014-07-17,1.2147,1.2147,1.2147,1.2147,0.0
2014-07-18,1.2144,1.2144,1.2144,1.2144,0.0
2014-07-21,1.2144,1.2144,1.2144,1.2144,0.0
2014-07-22,1.2151,1.2151,1.2151,1.2151,0.0
2014-07-23,1.215,1.215,1.215,1.215,0.0
2014-07-24,1.2152,1.2152,1.2152,1.2152,0.0
2014-07-25,1.2152,1.2152,1.2152,1.2152,0.0
2014-07-28,1.215,1.215,1.215,1.215,0.0
2014-07-29,1.2152,1.2152,1.2152,1.2152,0.0
2014-07-30,1.2165,1.2165,1.2165,1.2165,0.0
2014-07-31,1.2169,1.2169,1.2169,1.2169,0.0
2014-08-01,1.2163,1.2163,1.2163,1.2163,0.0
2014-08-04,1.2167,1.2167,1.2167,1.2167,0.0
2014-08-05,1.2175,1.2175,1.2175,1.2175,0.0
2014-08-06,1.2152,1.2152,1.2152,1.2152,0.0
2014-08-07,1.215,1.215,1.215,1.215,0.0
2014-08-08,1.2137,1.2137,1.2137,1.2137,0.0
2014-08-11,1.2134,1.2134,1.2134,1.2134,0.0
2014-08-12,1.2138,1.2138,1.2138,1.2138,0.0
2014-08-13,1.2135,1.2135,1.2135,1.2135,0.0
2014-08-14,1.2124,1.2124,1.2124,1.2124,0.0
2014-08-15,1.2114,1.2114,1.2114,1.2114,0.0
2014-08-18,1.2107,1.2107,1.2107,1.2107,0.0
2014-08-19,1.2104,1.2104,1.2104,1.2104,0.0
2014-08-20,1.2106,1.2106,1.2106,1.2106,0.0
2014-08-21,1.2109,1.2109,1.2109,1.2109,0.0
2014-08-22,1.21,1.21,1.21,1.21,0.0
2014-08-25,1.2087,1.2087,1.2087,1.2087,0.0
2014-08-26,1.2086,1.2086,1.2086,1.2086,0.0
2014-08-27,1.2068,1.2068,1.2068,1.2068,0.0
2014-08-28,1.206,1.206,1.206,1.206,0.0
2014-08-29,1.2061,1.2061,1.2061,1.2061,0.0
2014-09-01,1.2072,1.2072,1.2072,1.2072,0.0
2014-09-02,1.2072,1.2072,1.2072,1.2072,0.0
2014-09-03,1.2078,1.2078,1.2078,1.2078,0.0
2014-09-04,1.2055,1.2055,1.2055,1.2055,0.0
2014-09-05,1.2064,1.2064,1.2064,1.2064,0.0
2014-09-08,1.2069,1.2069,1.2069,1.2069,0.0
2014-09-09,1.206,1.206,1.206,1.206,0.0
2014-09-10,1.2072,1.2072,1.2072,1.2072,0.0
2014-09-11,1.21,1.21,1.21,1.21,0.0
2014-09-12,1.2089,1.2089,1.2089,1.2089,0.0
2014-09-15,1.2099,1.2099,1.2099,1.2099,0.0
2014-09-16,1.2085,1.2085,1.2085,1.2085,0.0
2014-09-17,1.2101,1.2101,1.2101,1.2101,0.0
2014-09-18,1.2086,1.2086,1.2086,1.2086,0.0
2014-09-19,1.2067,1.2067,1.2067,1.2067,0.0
2014-09-22,1.2069,1.2069,1.2069,1.2069,0.0
2014-09-23,1.2069,1.2069,1.2069,1.2069,0.0
2014-09-24,1.2077,1.2077,1.2077,1.2077,0.0
2014-09-25,1.2076,1.2076,1.2076,1.2076,0.0
2014-09-26,1.2071,1.2071,1.2071,1.2071,0.0
2014-09-29,1.2071,1.2071,1.2071,1.2071,0.0
2014-09-30,1.2063,1.2063,1.2063,1.2063,0.0
2014-10-01,1.2072,1.2072,1.2072,1.2072,0.0
2014-10-02,1.2085,1.2085,1.2085,1.2085,0.0
2014-10-03,1.2089,1.2089,1.2089,1.2089,0.0
2014-10-06,1.212,1.212,1.212,1.212,0.0
2014-10-07,1.2115,1.2115,1.2115,1.2115,0.0
2014-10-08,1.2132,1.2132,1.2132,1.2132,0.0
2014-10-09,1.2107,1.2107,1.2107,1.2107,0.0
2014-10-10,1.2092,1.2092,1.2092,1.2092,0.0
2014-10-13,1.2077,1.2077,1.2077,1.2077,0.0
2014-10-14,1.2079,1.2079,1.2079,1.2079,0.0
2014-10-15,1.2072,1.2072,1.2072,1.2072,0.0
2014-10-16,1.2061,1.2061,1.2061,1.2061,0.0
2014-10-17,1.2074,1.2074,1.2074,1.2074,0.0
2014-10-20,1.2064,1.2064,1.2064,1.2064,0.0
2014-10-21,1.2068,1.2068,1.2068,1.2068,0.0
2014-10-22,1.2062,1.2062,1.2062,1.2062,0.0
2014-10-23,1.2067,1.2067,1.2067,1.2067,0.0
2014-10-24,1.206,1.206,1.206,1.206,0.0
2014-10-27,1.206,1.206,1.206,1.206,0.0
2014-10-28,1.2056,1.2056,1.2056,1.2056,0.0
2014-10-29,1.2059,1.2059,1.2059,1.2059,0.0
2014-10-30,1.2059,1.2059,1.2059,1.2059,0.0
2014-10-31,1.2067,1.2067,1.2067,1.2067,0.0
2014-11-03,1.2054,1.2054,1.2054,1.2054,0.0
2014-11-04,1.2055,1.2055,1.2055,1.2055,0.0
2014-11-05,1.2043,1.2043,1.2043,1.2043,0.0
2014-11-06,1.2045,1.2045,1.2045,1.2045,0.0
2014-11-07,1.204,1.204,1.204,1.204,0.0
2014-11-10,1.2028,1.2028,1.2028,1.2028,0.0
2014-11-11,1.2024,1.2024,1.2024,1.2024,0.0
2014-11-12,1.2023,1.2023,1.2023,1.2023,0.0
2014-11-13,1.2018,1.2018,1.2018,1.2018,0.0
2014-11-14,1.2015,1.2015,1.2015,1.2015,0.0
2014-11-17,1.2013,1.2013,1.2013,1.2013,0.0
2014-11-18,1.2013,1.2013,1.2013,1.2013,0.0
2014-11-19,1.2014,1.2014,1.2014,1.2014,0.0
2014-11-20,1.2014,1.2014,1.2014,1.2014,0.0
2014-11-21,1.2024,1.2024,1.2024,1.2024,0.0
2014-11-24,1.2027,1.2027,1.2027,1.2027,0.0
2014-11-25,1.203,1.203,1.203,1.203,0.0
2014-11-26,1.2026,1.2026,1.2026,1.2026,0.0
2014-11-27,1.2022,1.2022,1.2022,1.2022,0.0
2014-11-28,1.2018,1.2018,1.2018,1.2018,0.0
2014-12-01,1.2028,1.2028,1.2028,1.2028,0.0
2014-12-02,1.204,1.204,1.204,1.204,0.0
2014-12-03,1.2032,1.2032,1.2032,1.2032,0.0
2014-12-04,1.2035,1.2035,1.2035,1.2035,0.0
2014-12-05,1.2021,1.2021,1.2021,1.2021,0.0
2014-12-08,1.2023,1.2023,1.2023,1.2023,0.0
2014-12-09,1.2021,1.2021,1.2021,1.2021,0.0
2014-12-10,1.2024,1.2024,1.2024,1.2024,0.0
2014-12-11,1.2012,1.2012,1.2012,1.2012,0.0
2014-12-12,1.201,1.201,1.201,1.201,0.0
2014-12-15,1.2011,1.2011,1.2011,1.2011,0.0
2014-12-16,1.2009,1.2009,1.2009,1.2009,0.0
2014-12-17,1.201,1.201,1.201,1.201,0.0
2014-12-18,1.2052,1.2052,1.2052,1.2052,0.0
2014-12-19,1.2039,1.2039,1.2039,1.2039,0.0
2014-12-22,1.2035,1.2035,1.2035,1.2035,0.0
2014-12-23,1.2032,1.2032,1.2032,1.2032,0.0
2014-12-24,1.2025,1.2025,1.2025,1.2025,0.0
2014-12-29,1.2028,1.2028,1.2028,1.2028,0.0
2014-12-30,1.2028,1.2028,1.2028,1.2028,0.0
2014-12-31,1.2024,1.2024,1.2024,1.2024,0.0
2015-01-02,1.2022,1.2022,1.2022,1.2022,0.0
2015-01-05,1.2016,1.2016,1.2016,1.2016,0.0
2015-01-06,1.2014,1.2014,1.2014,1.2014,0.0
2015-01-07,1.2011,1.2011,1.2011,1.2011,0.0
2015-01-08,1.201,1.201,1.201,1.201,0.0
2015-01-09,1.201,1.201,1.201,1.201,0.0
2015-01-12,1.201,1.201,1.201,1.201,0.0
2015-01-13,1.201,1.201,1.201,1.201,0.0
2015-01-14,1.201,1.201,1.201,1.201,0.0
2015-01-15,1.028,1.028,1.028,1.028,0.0
2015-01-16,1.0128,1.0128,1.0128,1.0128,0.0
2015-01-19,1.012,1.012,1.012,1.012,0.0
2015-01-20,1.0087,1.0087,1.0087,1.0087,0.0
2015-01-21,0.9997,0.9997,0.9997,0.9997,0.0
2015-01-22,0.9943,0.9943,0.9943,0.9943,0.0
2015-01-23,0.9816,0.9816,0.9816,0.9816,0.0
2015-01-26,1.0014,1.0014,1.0014,1.0014,0.0
2015-01-27,1.017,1.017,1.017,1.017,0.0
2015-01-28,1.0242,1.0242,1.0242,1.0242,0.0
2015-01-29,1.0372,1.0372,1.0372,1.0372,0.0
2015-01-30,1.0468,1.0468,1.0468,1.0468,0.0
2015-02-02,1.0519,1.0519,1.0519,1.0519,0.0
2015-02-03,1.0526,1.0526,1.0526,1.0526,0.0
2015-02-04,1.0602,1.0602,1.0602,1.0602,0.0
2015-02-05,1.0587,1.0587,1.0587,1.0587,0.0
2015-02-06,1.0534,1.0534,1.0534,1.0534,0.0
2015-02-09,1.0428,1.0428,1.0428,1.0428,0.0
2015-02-10,1.0457,1.0457,1.0457,1.0457,0.0
2015-02-11,1.0465,1.0465,1.0465,1.0465,0.0
2015-02-12,1.0559,1.0559,1.0559,1.0559,0.0
2015-02-13,1.0576,1.0576,1.0576,1.0576,0.0
2015-02-16,1.0626,1.0626,1.0626,1.0626,0.0
2015-02-17,1.0631,1.0631,1.0631,1.0631,0.0
2015-02-18,1.0707,1.0707,1.0707,1.0707,0.0
2015-02-19,1.0796,1.0796,1.0796,1.0796,0.0
2015-02-20,1.0718,1.0718,1.0718,1.0718,0.0
2015-02-23,1.0727,1.0727,1.0727,1.0727,0.0
2015-02-24,1.0755,1.0755,1.0755,1.0755,0.0
2015-02-25,1.0773,1.0773,1.0773,1.0773,0.0
2015-02-26,1.0745,1.0745,1.0745,1.0745,0.0
2015-02-27,1.0636,1.0636,1.0636,1.0636,0.0
2015-03-02,1.0724,1.0724,1.0724,1.0724,0.0
2015-03-03,1.0736,1.0736,1.0736,1.0736,0.0
2015-03-04,1.0694,1.0694,1.0694,1.0694,0.0
2015-03-05,1.0697,1.0697,1.0697,1.0697,0.0
2015-03-06,1.07,1.07,1.07,1.07,0.0
2015-03-09,1.0691,1.0691,1.0691,1.0691,0.0
2015-03-10,1.0703,1.0703,1.0703,1.0703,0.0
2015-03-11,1.0655,1.0655,1.0655,1.0655,0.0
2015-03-12,1.0636,1.0636,1.0636,1.0636,0.0
2015-03-13,1.0648,1.0648,1.0648,1.0648,0.0
2015-03-16,1.0615,1.0615,1.0615,1.0615,0.0
2015-03-17,1.066,1.066,1.066,1.066,0.0
2015-03-18,1.0627,1.0627,1.0627,1.0627,0.0
2015-03-19,1.0595,1.0595,1.0595,1.0595,0.0
2015-03-20,1.0552,1.0552,1.0552,1.0552,0.0
2015-03-23,1.0561,1.0561,1.0561,1.0561,0.0
2015-03-24,1.0491,1.0491,1.0491,1.0491,0.0
2015-03-25,1.0517,1.0517,1.0517,1.0517,0.0
2015-03-26,1.0498,1.0498,1.0498,1.0498,0.0
2015-03-27,1.0476,1.0476,1.0476,1.0476,0.0
2015-03-30,1.0439,1.0439,1.0439,1.0439,0.0
2015-03-31,1.0463,1.0463,1.0463,1.0463,0.0
2015-04-01,1.0426,1.0426,1.0426,1.0426,0.0
2015-04-02,1.04,1.04,1.04,1.04,0.0
2015-04-07,1.0438,1.0438,1.0438,1.0438,0.0
2015-04-08,1.0438,1.0438,1.0438,1.0438,0.0
2015-04-09,1.0447,1.0447,1.0447,1.0447,0.0
2015-04-10,1.039,1.039,1.039,1.039,0.0
2015-04-13,1.0373,1.0373,1.0373,1.0373,0.0
2015-04-14,1.0344,1.0344,1.0344,1.0344,0.0
2015-04-15,1.0321,1.0321,1.0321,1.0321,0.0
2015-04-16,1.0327,1.0327,1.0327,1.0327,0.0
2015-04-17,1.0297,1.0297,1.0297,1.0297,0.0
2015-04-20,1.0283,1.0283,1.0283,1.0283,0.0
2015-04-21,1.0252,1.0252,1.0252,1.0252,0.0
2015-04-22,1.0323,1.0323,1.0323,1.0323,0.0
2015-04-23,1.0383,1.0383,1.0383,1.0383,0.0
2015-04-24,1.0338,1.0338,1.0338,1.0338,0.0
2015-04-27,1.0367,1.0367,1.0367,1.0367,0.0
2015-04-28,1.0464,1.0464,1.0464,1.0464,0.0
2015-04-29,1.0491,1.0491,1.0491,1.0491,0.0
2015-04-30,1.0486,1.0486,1.0486,1.0486,0.0
2015-05-04,1.0431,1.0431,1.0431,1.0431,0.0
2015-05-05,1.0376,1.0376,1.0376,1.0376,0.0
2015-05-06,1.0374,1.0374,1.0374,1.0374,0.0
2015-05-07,1.0343,1.0343,1.0343,1.0343,0.0
2015-05-08,1.0385,1.0385,1.0385,1.0385,0.0
2015-05-11,1.0403,1.0403,1.0403,1.0403,0.0
2015-05-12,1.0396,1.0396,1.0396,1.0396,0.0
2015-05-13,1.041,1.041,1.041,1.041,0.0
2015-05-14,1.0386,1.0386,1.0386,1.0386,0.0
2015-05-15,1.0463,1.0463,1.0463,1.0463,0.0
2015-05-18,1.0482,1.0482,1.0482,1.0482,0.0
2015-05-19,1.042,1.042,1.042,1.042,0.0
2015-05-20,1.0429,1.0429,1.0429,1.0429,0.0
2015-05-21,1.0394,1.0394,1.0394,1.0394,0.0
2015-05-22,1.0417,1.0417,1.0417,1.0417,0.0
2015-05-25,1.0349,1.0349,1.0349,1.0349,0.0
2015-05-26,1.0351,1.0351,1.0351,1.0351,0.0
2015-05-27,1.0331,1.0331,1.0331,1.0331,0.0
2015-05-28,1.0344,1.0344,1.0344,1.0344,0.0
2015-05-29,1.0341,1.0341,1.0341,1.0341,0.0
2015-06-01,1.0331,1.0331,1.0331,1.0331,0.0
2015-06-02,1.0391,1.0391,1.0391,1.0391,0.0
2015-06-03,1.0427,1.0427,1.0427,1.0427,0.0
2015-06-04,1.0551,1.0551,1.0551,1.0551,0.0
2015-06-05,1.0478,1.0478,1.0478,1.0478,0.0
2015-06-08,1.047,1.047,1.047,1.047,0.0
2015-06-09,1.0465,1.0465,1.0465,1.0465,0.0
2015-06-10,1.0486,1.0486,1.0486,1.0486,0.0
2015-06-11,1.0523,1.0523,1.0523,1.0523,0.0
2015-06-12,1.0469,1.0469,1.0469,1.0469,0.0
2015-06-15,1.0512,1.0512,1.0512,1.0512,0.0
2015-06-16,1.0465,1.0465,1.0465,1.0465,0.0
2015-06-17,1.0451,1.0451,1.0451,1.0451,0.0
2015-06-18,1.0461,1.0461,1.0461,1.0461,0.0
2015-06-19,1.0449,1.0449,1.0449,1.0449,0.0
2015-06-22,1.0435,1.0435,1.0435,1.0435,0.0
2015-06-23,1.0449,1.0449,1.0449,1.0449,0.0
2015-06-24,1.0449,1.0449,1.0449,1.0449,0.0
2015-06-25,1.0507,1.0507,1.0507,1.0507,0.0
2015-06-26,1.0447,1.0447,1.0447,1.0447,0.0
2015-06-29,1.0376,1.0376,1.0376,1.0376,0.0
2015-06-30,1.0413,1.0413,1.0413,1.0413,0.0
2015-07-01,1.0457,1.0457,1.0457,1.0457,0.0
2015-07-02,1.0507,1.0507,1.0507,1.0507,0.0
2015-07-03,1.0466,1.0466,1.0466,1.0466,0.0
2015-07-06,1.0422,1.0422,1.0422,1.0422,0.0
2015-07-07,1.0383,1.0383,1.0383,1.0383,0.0
2015-07-08,1.0463,1.0463,1.0463,1.0463,0.0
2015-07-09,1.0504,1.0504,1.0504,1.0504,0.0
2015-07-10,1.0464,1.0464,1.0464,1.0464,0.0
2015-07-13,1.0478,1.0478,1.0478,1.0478,0.0
2015-07-14,1.0422,1.0422,1.0422,1.0422,0.0
2015-07-15,1.0439,1.0439,1.0439,1.0439,0.0
2015-07-16,1.0407,1.0407,1.0407,1.0407,0.0
2015-07-17,1.0431,1.0431,1.0431,1.0431,0.0
2015-07-20,1.0443,1.0443,1.0443,1.0443,0.0
2015-07-21,1.044,1.044,1.044,1.044,0.0
2015-07-22,1.0482,1.0482,1.0482,1.0482,0.0
2015-07-23,1.0517,1.0517,1.0517,1.0517,0.0
2015-07-24,1.0512,1.0512,1.0512,1.0512,0.0
2015-07-27,1.0595,1.0595,1.0595,1.0595,0.0
2015-07-28,1.0659,1.0659,1.0659,1.0659,0.0
2015-07-29,1.0622,1.0622,1.0622,1.0622,0.0
2015-07-30,1.0633,1.0633,1.0633,1.0633,0.0
2015-07-31,1.0565,1.0565,1.0565,1.0565,0.0
2015-08-03,1.0598,1.0598,1.0598,1.0598,0.0
2015-08-04,1.064,1.064,1.064,1.064,0.0
2015-08-05,1.0658,1.0658,1.0658,1.0658,0.0
2015-08-06,1.0713,1.0713,1.0713,1.0713,0.0
2015-08-07,1.0738,1.0738,1.0738,1.0738,0.0
2015-08-10,1.08,1.08,1.08,1.08,0.0
2015-08-11,1.0859,1.0859,1.0859,1.0859,0.0
2015-08-12,1.0864,1.0864,1.0864,1.0864,0.0
2015-08-13,1.0849,1.0849,1.0849,1.0849,0.0
2015-08-14,1.0875,1.0875,1.0875,1.0875,0.0
2015-08-17,1.0841,1.0841,1.0841,1.0841,0.0
2015-08-18,1.0798,1.0798,1.0798,1.0798,0.0
2015-08-19,1.0755,1.0755,1.0755,1.0755,0.0
2015-08-20,1.0772,1.0772,1.0772,1.0772,0.0
2015-08-21,1.0765,1.0765,1.0765,1.0765,0.0
2015-08-24,1.0777,1.0777,1.0777,1.0777,0.0
2015-08-25,1.0834,1.0834,1.0834,1.0834,0.0
2015-08-26,1.0778,1.0778,1.0778,1.0778,0.0
2015-08-27,1.0771,1.0771,1.0771,1.0771,0.0
2015-08-28,1.0807,1.0807,1.0807,1.0807,0.0
2015-08-31,1.0825,1.0825,1.0825,1.0825,0.0
2015-09-01,1.0825,1.0825,1.0825,1.0825,0.0
2015-09-02,1.0867,1.0867,1.0867,1.0867,0.0
2015-09-03,1.0903,1.0903,1.0903,1.0903,0.0
2015-09-04,1.0839,1.0839,1.0839,1.0839,0.0
2015-09-07,1.0871,1.0871,1.0871,1.0871,0.0
2015-09-08,1.092,1.092,1.092,1.092,0.0
2015-09-09,1.0893,1.0893,1.0893,1.0893,0.0
2015-09-10,1.0923,1.0923,1.0923,1.0923,0.0
2015-09-11,1.1031,1.1031,1.1031,1.1031,0.0
2015-09-14,1.0979,1.0979,1.0979,1.0979,0.0
2015-09-15,1.0971,1.0971,1.0971,1.0971,0.0
2015-09-16,1.0943,1.0943,1.0943,1.0943,0.0
2015-09-17,1.095,1.095,1.095,1.095,0.0
2015-09-18,1.0913,1.0913,1.0913,1.0913,0.0
2015-09-21,1.0906,1.0906,1.0906,1.0906,0.0
2015-09-22,1.086,1.086,1.086,1.086,0.0
2015-09-23,1.0882,1.0882,1.0882,1.0882,0.0
2015-09-24,1.0928,1.0928,1.0928,1.0928,0.0
2015-09-25,1.0922,1.0922,1.0922,1.0922,0.0
2015-09-28,1.0941,1.0941,1.0941,1.0941,0.0
2015-09-29,1.0901,1.0901,1.0901,1.0901,0.0
2015-09-30,1.0915,1.0915,1.0915,1.0915,0.0
2015-10-01,1.0903,1.0903,1.0903,1.0903,0.0
2015-10-02,1.0923,1.0923,1.0923,1.0923,0.0
2015-10-05,1.0938,1.0938,1.0938,1.0938,0.0
2015-10-06,1.0936,1.0936,1.0936,1.0936,0.0
2015-10-07,1.0882,1.0882,1.0882,1.0882,0.0
2015-10-08,1.0935,1.0935,1.0935,1.0935,0.0
2015-10-09,1.0919,1.0919,1.0919,1.0919,0.0
2015-10-12,1.0928,1.0928,1.0928,1.0928,0.0
2015-10-13,1.091,1.091,1.091,1.091,0.0
2015-10-14,1.0901,1.0901,1.0901,1.0901,0.0
2015-10-15,1.0873,1.0873,1.0873,1.0873,0.0
2015-10-16,1.0809,1.0809,1.0809,1.0809,0.0
2015-10-19,1.0834,1.0834,1.0834,1.0834,0.0
2015-10-20,1.0823,1.0823,1.0823,1.0823,0.0
2015-10-21,1.0864,1.0864,1.0864,1.0864,0.0
2015-10-22,1.0886,1.0886,1.0886,1.0886,0.0
2015-10-23,1.0793,1.0793,1.0793,1.0793,0.0
2015-10-26,1.0823,1.0823,1.0823,1.0823,0.0
2015-10-27,1.088,1.088,1.088,1.088,0.0
2015-10-28,1.0899,1.0899,1.0899,1.0899,0.0
2015-10-29,1.0851,1.0851,1.0851,1.0851,0.0
2015-10-30,1.09,1.09,1.09,1.09,0.0
2015-11-02,1.0885,1.0885,1.0885,1.0885,0.0
2015-11-03,1.0869,1.0869,1.0869,1.0869,0.0
2015-11-04,1.0813,1.0813,1.0813,1.0813,0.0
2015-11-05,1.0833,1.0833,1.0833,1.0833,0.0
2015-11-06,1.083,1.083,1.083,1.083,0.0
2015-11-09,1.0815,1.0815,1.0815,1.0815,0.0
2015-11-10,1.0765,1.0765,1.0765,1.0765,0.0
2015-11-11,1.0783,1.0783,1.0783,1.0783,0.0
2015-11-12,1.0769,1.0769,1.0769,1.0769,0.0
2015-11-13,1.0786,1.0786,1.0786,1.0786,0.0
2015-11-16,1.0791,1.0791,1.0791,1.0791,0.0
2015-11-17,1.0806,1.0806,1.0806,1.0806,0.0
2015-11-18,1.0838,1.0838,1.0838,1.0838,0.0
2015-11-19,1.0893,1.0893,1.0893,1.0893,0.0
2015-11-20,1.0844,1.0844,1.0844,1.0844,0.0
2015-11-23,1.0848,1.0848,1.0848,1.0848,0.0
2015-11-24,1.0832,1.0832,1.0832,1.0832,0.0
2015-11-25,1.082,1.082,1.082,1.082,0.0
2015-11-26,1.0868,1.0868,1.0868,1.0868,0.0
2015-11-27,1.09,1.09,1.09,1.09,0.0
2015-11-30,1.0903,1.0903,1.0903,1.0903,0.0
2015-12-01,1.0908,1.0908,1.0908,1.0908,0.0
2015-12-02,1.088,1.088,1.088,1.088,0.0
2015-12-03,1.084,1.084,1.084,1.084,0.0
2015-12-04,1.0882,1.0882,1.0882,1.0882,0.0
2015-12-07,1.083,1.083,1.083,1.083,0.0
2015-12-08,1.082,1.082,1.082,1.082,0.0
2015-12-09,1.083,1.083,1.083,1.083,0.0
2015-12-10,1.0806,1.0806,1.0806,1.0806,0.0
2015-12-11,1.0819,1.0819,1.0819,1.0819,0.0
2015-12-14,1.0771,1.0771,1.0771,1.0771,0.0
2015-12-15,1.0831,1.0831,1.0831,1.0831,0.0
2015-12-16,1.0824,1.0824,1.0824,1.0824,0.0
2015-12-17,1.0807,1.0807,1.0807,1.0807,0.0
2015-12-18,1.0768,1.0768,1.0768,1.0768,0.0
2015-12-21,1.0804,1.0804,1.0804,1.0804,0.0
2015-12-22,1.0818,1.0818,1.0818,1.0818,0.0
2015-12-23,1.0812,1.0812,1.0812,1.0812,0.0
2015-12-24,1.0806,1.0806,1.0806,1.0806,0.0
2015-12-28,1.0838,1.0838,1.0838,1.0838,0.0
2015-12-29,1.0846,1.0846,1.0846,1.0846,0.0
2015-12-30,1.0814,1.0814,1.0814,1.0814,0.0
2015-12-31,1.0835,1.0835,1.0835,1.0835,0.0
2016-01-04,1.0891,1.0891,1.0891,1.0891,0.0
2016-01-05,1.0847,1.0847,1.0847,1.0847,0.0
2016-01-06,1.0846,1.0846,1.0846,1.0846,0.0
2016-01-07,1.0875,1.0875,1.0875,1.0875,0.0
2016-01-08,1.086,1.086,1.086,1.086,0.0
2016-01-11,1.0863,1.0863,1.0863,1.0863,0.0
2016-01-12,1.0855,1.0855,1.0855,1.0855,0.0
2016-01-13,1.0926,1.0926,1.0926,1.0926,0.0
2016-01-14,1.095,1.095,1.095,1.095,0.0
2016-01-15,1.0951,1.0951,1.0951,1.0951,0.0
2016-01-18,1.0946,1.0946,1.0946,1.0946,0.0
2016-01-19,1.0922,1.0922,1.0922,1.0922,0.0
2016-01-20,1.0932,1.0932,1.0932,1.0932,0.0
2016-01-21,1.0949,1.0949,1.0949,1.0949,0.0
2016-01-22,1.095,1.095,1.095,1.095,0.0
2016-01-25,1.0981,1.0981,1.0981,1.0981,0.0
2016-01-26,1.1008,1.1008,1.1008,1.1008,0.0
2016-01-27,1.1068,1.1068,1.1068,1.1068,0.0
2016-01-28,1.1053,1.1053,1.1053,1.1053,0.0
2016-01-29,1.1144,1.1144,1.1144,1.1144,0.0
2016-02-01,1.1096,1.1096,1.1096,1.1096,0.0
2016-02-02,1.1147,1.1147,1.1147,1.1147,0.0
2016-02-03,1.1115,1.1115,1.1115,1.1115,0.0
2016-02-04,1.1169,1.1169,1.1169,1.1169,0.0
2016-02-05,1.1101,1.1101,1.1101,1.1101,0.0
2016-02-08,1.1051,1.1051,1.1051,1.1051,0.0
2016-02-09,1.0997,1.0997,1.0997,1.0997,0.0
2016-02-10,1.096,1.096,1.096,1.096,0.0
2016-02-11,1.1027,1.1027,1.1027,1.1027,0.0
2016-02-12,1.0989,1.0989,1.0989,1.0989,0.0
2016-02-15,1.1009,1.1009,1.1009,1.1009,0.0
2016-02-16,1.1018,1.1018,1.1018,1.1018,0.0
2016-02-17,1.1034,1.1034,1.1034,1.1034,0.0
2016-02-18,1.1028,1.1028,1.1028,1.1028,0.0
2016-02-19,1.1017,1.1017,1.1017,1.1017,0.0
2016-02-22,1.1008,1.1008,1.1008,1.1008,0.0
2016-02-23,1.0921,1.0921,1.0921,1.0921,0.0
2016-02-24,1.0914,1.0914,1.0914,1.0914,0.0
2016-02-25,1.0935,1.0935,1.0935,1.0935,0.0
2016-02-26,1.0929,1.0929,1.0929,1.0929,0.0
2016-02-29,1.0914,1.0914,1.0914,1.0914,0.0
2016-03-01,1.086,1.086,1.086,1.086,0.0
2016-03-02,1.0845,1.0845,1.0845,1.0845,0.0
2016-03-03,1.084,1.084,1.084,1.084,0.0
2016-03-04,1.0898,1.0898,1.0898,1.0898,0.0
2016-03-07,1.0962,1.0962,1.0962,1.0962,0.0
2016-03-08,1.0952,1.0952,1.0952,1.0952,0.0
2016-03-09,1.0978,1.0978,1.0978,1.0978,0.0
2016-03-10,1.0941,1.0941,1.0941,1.0941,0.0
2016-03-11,1.0948,1.0948,1.0948,1.0948,0.0
2016-03-14,1.0969,1.0969,1.0969,1.0969,0.0
2016-03-15,1.0954,1.0954,1.0954,1.0954,0.0
2016-03-16,1.096,1.096,1.096,1.096,0.0
2016-03-17,1.0959,1.0959,1.0959,1.0959,0.0
2016-03-18,1.0919,1.0919,1.0919,1.0919,0.0
2016-03-21,1.0916,1.0916,1.0916,1.0916,0.0
2016-03-22,1.0887,1.0887,1.0887,1.0887,0.0
2016-03-23,1.0894,1.0894,1.0894,1.0894,0.0
2016-03-24,1.0875,1.0875,1.0875,1.0875,0.0
2016-03-29,1.0915,1.0915,1.0915,1.0915,0.0
2016-03-30,1.0913,1.0913,1.0913,1.0913,0.0
2016-03-31,1.0931,1.0931,1.0931,1.0931,0.0
2016-04-01,1.0946,1.0946,1.0946,1.0946,0.0
2016-04-04,1.0919,1.0919,1.0919,1.0919,0.0
2016-04-05,1.0892,1.0892,1.0892,1.0892,0.0
2016-04-06,1.0887,1.0887,1.0887,1.0887,0.0
2016-04-07,1.0884,1.0884,1.0884,1.0884,0.0
2016-04-08,1.0874,1.0874,1.0874,1.0874,0.0
2016-04-11,1.0877,1.0877,1.0877,1.0877,0.0
2016-04-12,1.0874,1.0874,1.0874,1.0874,0.0
2016-04-13,1.0887,1.0887,1.0887,1.0887,0.0
2016-04-14,1.0878,1.0878,1.0878,1.0878,0.0
2016-04-15,1.0919,1.0919,1.0919,1.0919,0.0
2016-04-18,1.0916,1.0916,1.0916,1.0916,0.0
2016-04-19,1.0922,1.0922,1.0922,1.0922,0.0
2016-04-20,1.0939,1.0939,1.0939,1.0939,0.0
2016-04-21,1.0989,1.0989,1.0989,1.0989,0.0
2016-04-22,1.0991,1.0991,1.0991,1.0991,0.0
2016-04-25,1.0973,1.0973,1.0973,1.0973,0.0
2016-04-26,1.1,1.1,1.1,1.1,0.0
2016-04-27,1.0998,1.0998,1.0998,1.0998,0.0
2016-04-28,1.0974,1.0974,1.0974,1.0974,0.0
2016-04-29,1.0984,1.0984,1.0984,1.0984,0.0
2016-05-02,1.0999,1.0999,1.0999,1.0999,0.0
2016-05-03,1.0977,1.0977,1.0977,1.0977,0.0
2016-05-04,1.0993,1.0993,1.0993,1.0993,0.0
2016-05-05,1.1018,1.1018,1.1018,1.1018,0.0
2016-05-06,1.107,1.107,1.107,1.107,0.0
2016-05-09,1.1053,1.1053,1.1053,1.1053,0.0
2016-05-10,1.1079,1.1079,1.1079,1.1079,0.0
2016-05-11,1.1099,1.1099,1.1099,1.1099,0.0
2016-05-12,1.1063,1.1063,1.1063,1.1063,0.0
2016-05-13,1.1024,1.1024,1.1024,1.1024,0.0
2016-05-16,1.1059,1.1059,1.1059,1.1059,0.0
2016-05-17,1.108,1.108,1.108,1.108,0.0
2016-05-18,1.1086,1.1086,1.1086,1.1086,0.0
2016-05-19,1.1089,1.1089,1.1089,1.1089,0.0
2016-05-20,1.1123,1.1123,1.1123,1.1123,0.0
2016-05-23,1.1105,1.1105,1.1105,1.1105,0.0
2016-05-24,1.1079,1.1079,1.1079,1.1079,0.0
2016-05-25,1.1049,1.1049,1.1049,1.1049,0.0
2016-05-26,1.1075,1.1075,1.1075,1.1075,0.0
2016-05-27,1.1068,1.1068,1.1068,1.1068,0.0
2016-05-30,1.1058,1.1058,1.1058,1.1058,0.0
2016-05-31,1.1044,1.1044,1.1044,1.1044,0.0
2016-06-01,1.1055,1.1055,1.1055,1.1055,0.0
2016-06-02,1.1062,1.1062,1.1062,1.1062,0.0
2016-06-03,1.105,1.105,1.105,1.105,0.0
2016-06-06,1.1051,1.1051,1.1051,1.1051,0.0
2016-06-07,1.0979,1.0979,1.0979,1.0979,0.0
2016-06-08,1.0942,1.0942,1.0942,1.0942,0.0
2016-06-09,1.0916,1.0916,1.0916,1.0916,0.0
2016-06-10,1.0885,1.0885,1.0885,1.0885,0.0
2016-06-13,1.0888,1.0888,1.0888,1.0888,0.0
2016-06-14,1.0832,1.0832,1.0832,1.0832,0.0
2016-06-15,1.0817,1.0817,1.0817,1.0817,0.0
2016-06-16,1.0812,1.0812,1.0812,1.0812,0.0
2016-06-17,1.0818,1.0818,1.0818,1.0818,0.0
2016-06-20,1.0884,1.0884,1.0884,1.0884,0.0
2016-06-21,1.085,1.085,1.085,1.085,0.0
2016-06-22,1.083,1.083,1.083,1.083,0.0
2016-06-23,1.0876,1.0876,1.0876,1.0876,0.0
2016-06-24,1.0808,1.0808,1.0808,1.0808,0.0
2016-06-27,1.0736,1.0736,1.0736,1.0736,0.0
2016-06-28,1.0845,1.0845,1.0845,1.0845,0.0
2016-06-29,1.0854,1.0854,1.0854,1.0854,0.0
2016-06-30,1.0867,1.0867,1.0867,1.0867,0.0
2016-07-01,1.0835,1.0835,1.0835,1.0835,0.0
2016-07-04,1.0839,1.0839,1.0839,1.0839,0.0
2016-07-05,1.0837,1.0837,1.0837,1.0837,0.0
2016-07-06,1.0821,1.0821,1.0821,1.0821,0.0
2016-07-07,1.082,1.082,1.082,1.082,0.0
2016-07-08,1.0855,1.0855,1.0855,1.0855,0.0
2016-07-11,1.0867,1.0867,1.0867,1.0867,0.0
2016-07-12,1.0904,1.0904,1.0904,1.0904,0.0
2016-07-13,1.0909,1.0909,1.0909,1.0909,0.0
2016-07-14,1.09,1.09,1.09,1.09,0.0
2016-07-15,1.0899,1.0899,1.0899,1.0899,0.0
2016-07-18,1.0869,1.0869,1.0869,1.0869,0.0
2016-07-19,1.0877,1.0877,1.0877,1.0877,0.0
2016-07-20,1.0882,1.0882,1.0882,1.0882,0.0
2016-07-21,1.0872,1.0872,1.0872,1.0872,0.0
2016-07-22,1.086,1.086,1.086,1.086,0.0
2016-07-25,1.0839,1.0839,1.0839,1.0839,0.0
2016-07-26,1.087,1.087,1.087,1.087,0.0
2016-07-27,1.0928,1.0928,1.0928,1.0928,0.0
2016-07-28,1.0892,1.0892,1.0892,1.0892,0.0
2016-07-29,1.0823,1.0823,1.0823,1.0823,0.0
2016-08-01,1.0807,1.0807,1.0807,1.0807,0.0
2016-08-02,1.081,1.081,1.081,1.081,0.0
2016-08-03,1.0845,1.0845,1.0845,1.0845,0.0
2016-08-04,1.0834,1.0834,1.0834,1.0834,0.0
2016-08-05,1.0852,1.0852,1.0852,1.0852,0.0
2016-08-08,1.0883,1.0883,1.0883,1.0883,0.0
2016-08-09,1.0899,1.0899,1.0899,1.0899,0.0
2016-08-10,1.0923,1.0923,1.0923,1.0923,0.0
2016-08-11,1.0859,1.0859,1.0859,1.0859,0.0
2016-08-12,1.0888,1.0888,1.0888,1.0888,0.0
2016-08-15,1.0893,1.0893,1.0893,1.0893,0.0
2016-08-16,1.0849,1.0849,1.0849,1.0849,0.0
2016-08-17,1.0863,1.0863,1.0863,1.0863,0.0
2016-08-18,1.0853,1.0853,1.0853,1.0853,0.0
2016-08-19,1.0852,1.0852,1.0852,1.0852,0.0
2016-08-22,1.0886,1.0886,1.0886,1.0886,0.0
2016-08-23,1.0896,1.0896,1.0896,1.0896,0.0
2016-08-24,1.0891,1.0891,1.0891,1.0891,0.0
2016-08-25,1.0905,1.0905,1.0905,1.0905,0.0
2016-08-26,1.0933,1.0933,1.0933,1.0933,0.0
2016-08-29,1.0937,1.0937,1.0937,1.0937,0.0
2016-08-30,1.0951,1.0951,1.0951,1.0951,0.0
2016-08-31,1.0957,1.0957,1.0957,1.0957,0.0
2016-09-01,1.0978,1.0978,1.0978,1.0978,0.0
2016-09-02,1.0959,1.0959,1.0959,1.0959,0.0
2016-09-05,1.0925,1.0925,1.0925,1.0925,0.0
2016-09-06,1.0923,1.0923,1.0923,1.0923,0.0
2016-09-07,1.0891,1.0891,1.0891,1.0891,0.0
2016-09-08,1.0917,1.0917,1.0917,1.0917,0.0
2016-09-09,1.0969,1.0969,1.0969,1.0969,0.0
2016-09-12,1.0935,1.0935,1.0935,1.0935,0.0
2016-09-13,1.0925,1.0925,1.0925,1.0925,0.0
2016-09-14,1.0945,1.0945,1.0945,1.0945,0.0
2016-09-15,1.0941,1.0941,1.0941,1.0941,0.0
2016-09-16,1.0941,1.0941,1.0941,1.0941,0.0
2016-09-19,1.0955,1.0955,1.0955,1.0955,0.0
2016-09-20,1.0943,1.0943,1.0943,1.0943,0.0
2016-09-21,1.0883,1.0883,1.0883,1.0883,0.0
2016-09-22,1.0867,1.0867,1.0867,1.0867,0.0
2016-09-23,1.0887,1.0887,1.0887,1.0887,0.0
2016-09-26,1.0905,1.0905,1.0905,1.0905,0.0
2016-09-27,1.088,1.088,1.088,1.088,0.0
2016-09-28,1.0891,1.0891,1.0891,1.0891,0.0
2016-09-29,1.0876,1.0876,1.0876,1.0876,0.0
2016-09-30,1.0876,1.0876,1.0876,1.0876,0.0
2016-10-03,1.0918,1.0918,1.0918,1.0918,0.0
2016-10-04,1.0949,1.0949,1.0949,1.0949,0.0
2016-10-05,1.0959,1.0959,1.0959,1.0959,0.0
2016-10-06,1.0942,1.0942,1.0942,1.0942,0.0
2016-10-07,1.0946,1.0946,1.0946,1.0946,0.0
2016-10-10,1.096,1.096,1.096,1.096,0.0
2016-10-11,1.0938,1.0938,1.0938,1.0938,0.0
2016-10-12,1.0906,1.0906,1.0906,1.0906,0.0
2016-10-13,1.0904,1.0904,1.0904,1.0904,0.0
2016-10-14,1.0889,1.0889,1.0889,1.0889,0.0
2016-10-17,1.0872,1.0872,1.0872,1.0872,0.0
2016-10-18,1.0886,1.0886,1.0886,1.0886,0.0
2016-10-19,1.0854,1.0854,1.0854,1.0854,0.0
2016-10-20,1.0852,1.0852,1.0852,1.0852,0.0
2016-10-21,1.0825,1.0825,1.0825,1.0825,0.0
2016-10-24,1.0821,1.0821,1.0821,1.0821,0.0
2016-10-25,1.0848,1.0848,1.0848,1.0848,0.0
2016-10-26,1.0838,1.0838,1.0838,1.0838,0.0
2016-10-27,1.0838,1.0838,1.0838,1.0838,0.0
2016-10-28,1.0855,1.0855,1.0855,1.0855,0.0
2016-10-31,1.082,1.082,1.082,1.082,0.0
2016-11-01,1.0823,1.0823,1.0823,1.0823,0.0
2016-11-02,1.0787,1.0787,1.0787,1.0787,0.0
2016-11-03,1.0787,1.0787,1.0787,1.0787,0.0
2016-11-04,1.0774,1.0774,1.0774,1.0774,0.0
2016-11-07,1.0789,1.0789,1.0789,1.0789,0.0
2016-11-08,1.0778,1.0778,1.0778,1.0778,0.0
2016-11-09,1.0793,1.0793,1.0793,1.0793,0.0
2016-11-10,1.0762,1.0762,1.0762,1.0762,0.0
2016-11-11,1.0732,1.0732,1.0732,1.0732,0.0
2016-11-14,1.0739,1.0739,1.0739,1.0739,0.0
2016-11-15,1.0758,1.0758,1.0758,1.0758,0.0
2016-11-16,1.0738,1.0738,1.0738,1.0738,0.0
2016-11-17,1.0737,1.0737,1.0737,1.0737,0.0
2016-11-18,1.0711,1.0711,1.0711,1.0711,0.0
2016-11-21,1.0727,1.0727,1.0727,1.0727,0.0
2016-11-22,1.073,1.073,1.073,1.073,0.0
2016-11-23,1.0731,1.0731,1.0731,1.0731,0.0
2016-11-24,1.0727,1.0727,1.0727,1.0727,0.0
2016-11-25,1.0736,1.0736,1.0736,1.0736,0.0
2016-11-28,1.0751,1.0751,1.0751,1.0751,0.0
2016-11-29,1.0752,1.0752,1.0752,1.0752,0.0
2016-11-30,1.0803,1.0803,1.0803,1.0803,0.0
2016-12-01,1.0764,1.0764,1.0764,1.0764,0.0
2016-12-02,1.0751,1.0751,1.0751,1.0751,0.0
2016-12-05,1.0797,1.0797,1.0797,1.0797,0.0
2016-12-06,1.0833,1.0833,1.0833,1.0833,0.0
2016-12-07,1.0834,1.0834,1.0834,1.0834,0.0
2016-12-08,1.0853,1.0853,1.0853,1.0853,0.0
2016-12-09,1.0756,1.0756,1.0756,1.0756,0.0
2016-12-12,1.0772,1.0772,1.0772,1.0772,0.0
2016-12-13,1.0742,1.0742,1.0742,1.0742,0.0
2016-12-14,1.0747,1.0747,1.0747,1.0747,0.0
2016-12-15,1.0733,1.0733,1.0733,1.0733,0.0
2016-12-16,1.0751,1.0751,1.0751,1.0751,0.0
2016-12-19,1.0709,1.0709,1.0709,1.0709,0.0
2016-12-20,1.0687,1.0687,1.0687,1.0687,0.0
2016-12-21,1.0689,1.0689,1.0689,1.0689,0.0
2016-12-22,1.0706,1.0706,1.0706,1.0706,0.0
2016-12-23,1.0711,1.0711,1.0711,1.0711,0.0
2016-12-27,1.0754,1.0754,1.0754,1.0754,0.0
2016-12-28,1.0714,1.0714,1.0714,1.0714,0.0
2016-12-29,1.0714,1.0714,1.0714,1.0714,0.0
2016-12-30,1.0739,1.0739,1.0739,1.0739,0.0
2017-01-02,1.0711,1.0711,1.0711,1.0711,0.0
2017-01-03,1.0702,1.0702,1.0702,1.0702,0.0
2017-01-04,1.0707,1.0707,1.0707,1.0707,0.0
2017-01-05,1.0704,1.0704,1.0704,1.0704,0.0
2017-01-06,1.0725,1.0725,1.0725,1.0725,0.0
2017-01-09,1.0721,1.0721,1.0721,1.0721,0.0
2017-01-10,1.0737,1.0737,1.0737,1.0737,0.0
2017-01-11,1.0721,1.0721,1.0721,1.0721,0.0
2017-01-12,1.0742,1.0742,1.0742,1.0742,0.0
2017-01-13,1.0728,1.0728,1.0728,1.0728,0.0
2017-01-16,1.0709,1.0709,1.0709,1.0709,0.0
2017-01-17,1.0712,1.0712,1.0712,1.0712,0.0
2017-01-18,1.0706,1.0706,1.0706,1.0706,0.0
2017-01-19,1.0729,1.0729,1.0729,1.0729,0.0
2017-01-20,1.0727,1.0727,1.0727,1.0727,0.0
2017-01-23,1.0727,1.0727,1.0727,1.0727,0.0
2017-01-24,1.0738,1.0738,1.0738,1.0738,0.0
2017-01-25,1.0732,1.0732,1.0732,1.0732,0.0
2017-01-26,1.0693,1.0693,1.0693,1.0693,0.0
2017-01-27,1.0689,1.0689,1.0689,1.0689,0.0
2017-01-30,1.0669,1.0669,1.0669,1.0669,0.0
2017-01-31,1.0668,1.0668,1.0668,1.0668,0.0
2017-02-01,1.068,1.068,1.068,1.068,0.0
2017-02-02,1.069,1.069,1.069,1.069,0.0
2017-02-03,1.0695,1.0695,1.0695,1.0695,0.0
2017-02-06,1.067,1.067,1.067,1.067,0.0
2017-02-07,1.0658,1.0658,1.0658,1.0658,0.0
2017-02-08,1.0637,1.0637,1.0637,1.0637,0.0
2017-02-09,1.0672,1.0672,1.0672,1.0672,0.0
2017-02-10,1.0669,1.0669,1.0669,1.0669,0.0
2017-02-13,1.0673,1.0673,1.0673,1.0673,0.0
2017-02-14,1.0659,1.0659,1.0659,1.0659,0.0
2017-02-15,1.0652,1.0652,1.0652,1.0652,0.0
2017-02-16,1.0647,1.0647,1.0647,1.0647,0.0
2017-02-17,1.0637,1.0637,1.0637,1.0637,0.0
2017-02-20,1.065,1.065,1.065,1.065,0.0
2017-02-21,1.0639,1.0639,1.0639,1.0639,0.0
2017-02-22,1.0642,1.0642,1.0642,1.0642,0.0
2017-02-23,1.0663,1.0663,1.0663,1.0663,0.0
2017-02-24,1.0649,1.0649,1.0649,1.0649,0.0
2017-02-27,1.0664,1.0664,1.0664,1.0664,0.0
2017-02-28,1.0648,1.0648,1.0648,1.0648,0.0
2017-03-01,1.0647,1.0647,1.0647,1.0647,0.0
2017-03-02,1.0651,1.0651,1.0651,1.0651,0.0
2017-03-03,1.0675,1.0675,1.0675,1.0675,0.0
2017-03-06,1.0694,1.0694,1.0694,1.0694,0.0
2017-03-07,1.073,1.073,1.073,1.073,0.0
2017-03-08,1.0702,1.0702,1.0702,1.0702,0.0
2017-03-09,1.0709,1.0709,1.0709,1.0709,0.0
2017-03-10,1.0743,1.0743,1.0743,1.0743,0.0
2017-03-13,1.0749,1.0749,1.0749,1.0749,0.0
2017-03-14,1.0726,1.0726,1.0726,1.0726,0.0
2017-03-15,1.0715,1.0715,1.0715,1.0715,0.0
2017-03-16,1.0695,1.0695,1.0695,1.0695,0.0
2017-03-17,1.0698,1.0698,1.0698,1.0698,0.0
2017-03-20,1.072,1.072,1.072,1.072,0.0
2017-03-21,1.075,1.075,1.075,1.075,0.0
2017-03-22,1.0714,1.0714,1.0714,1.0714,0.0
2017-03-23,1.07,1.07,1.07,1.07,0.0
2017-03-24,1.0718,1.0718,1.0718,1.0718,0.0
2017-03-27,1.0713,1.0713,1.0713,1.0713,0.0
2017-03-28,1.0693,1.0693,1.0693,1.0693,0.0
2017-03-29,1.0712,1.0712,1.0712,1.0712,0.0
2017-03-30,1.0698,1.0698,1.0698,1.0698,0.0
2017-03-31,1.0696,1.0696,1.0696,1.0696,0.0
2017-04-03,1.0682,1.0682,1.0682,1.0682,0.0
2017-04-04,1.0673,1.0673,1.0673,1.0673,0.0
2017-04-05,1.0708,1.0708,1.0708,1.0708,0.0
2017-04-06,1.0702,1.0702,1.0702,1.0702,0.0
2017-04-07,1.0695,1.0695,1.0695,1.0695,0.0
2017-04-10,1.0682,1.0682,1.0682,1.0682,0.0
2017-04-11,1.0696,1.0696,1.0696,1.0696,0.0
2017-04-12,1.0678,1.0678,1.0678,1.0678,0.0
2017-04-13,1.0686,1.0686,1.0686,1.0686,0.0
2017-04-18,1.0686,1.0686,1.0686,1.0686,0.0
2017-04-19,1.069,1.069,1.069,1.069,0.0
2017-04-20,1.0701,1.0701,1.0701,1.0701,0.0
2017-04-21,1.068,1.068,1.068,1.068,0.0
2017-04-24,1.0806,1.0806,1.0806,1.0806,0.0
2017-04-25,1.0826,1.0826,1.0826,1.0826,0.0
2017-04-26,1.0835,1.0835,1.0835,1.0835,0.0
2017-04-27,1.082,1.082,1.082,1.082,0.0
2017-04-28,1.0831,1.0831,1.0831,1.0831,0.0
2017-05-02,1.0852,1.0852,1.0852,1.0852,0.0
2017-05-03,1.0812,1.0812,1.0812,1.0812,0.0
2017-05-04,1.0843,1.0843,1.0843,1.0843,0.0
2017-05-05,1.0839,1.0839,1.0839,1.0839,0.0
2017-05-08,1.0878,1.0878,1.0878,1.0878,0.0
2017-05-09,1.0938,1.0938,1.0938,1.0938,0.0
2017-05-10,1.0949,1.0949,1.0949,1.0949,0.0
2017-05-11,1.0952,1.0952,1.0952,1.0952,0.0
2017-05-12,1.0963,1.0963,1.0963,1.0963,0.0
2017-05-15,1.0944,1.0944,1.0944,1.0944,0.0
2017-05-16,1.0958,1.0958,1.0958,1.0958,0.0
2017-05-17,1.0923,1.0923,1.0923,1.0923,0.0
2017-05-18,1.0874,1.0874,1.0874,1.0874,0.0
2017-05-19,1.0921,1.0921,1.0921,1.0921,0.0
2017-05-22,1.0911,1.0911,1.0911,1.0911,0.0
2017-05-23,1.0912,1.0912,1.0912,1.0912,0.0
2017-05-24,1.0929,1.0929,1.0929,1.0929,0.0
2017-05-25,1.0904,1.0904,1.0904,1.0904,0.0
2017-05-26,1.0888,1.0888,1.0888,1.0888,0.0
2017-05-29,1.09,1.09,1.09,1.09,0.0
2017-05-30,1.0903,1.0903,1.0903,1.0903,0.0
2017-05-31,1.0896,1.0896,1.0896,1.0896,0.0
2017-06-01,1.0883,1.0883,1.0883,1.0883,0.0
2017-06-02,1.0893,1.0893,1.0893,1.0893,0.0
2017-06-05,1.0856,1.0856,1.0856,1.0856,0.0
2017-06-06,1.0851,1.0851,1.0851,1.0851,0.0
2017-06-07,1.0843,1.0843,1.0843,1.0843,0.0
2017-06-08,1.0856,1.0856,1.0856,1.0856,0.0
2017-06-09,1.0863,1.0863,1.0863,1.0863,0.0
2017-06-12,1.0857,1.0857,1.0857,1.0857,0.0
2017-06-13,1.085,1.085,1.085,1.085,0.0
2017-06-14,1.0874,1.0874,1.0874,1.0874,0.0
2017-06-15,1.0874,1.0874,1.0874,1.0874,0.0
2017-06-16,1.0885,1.0885,1.0885,1.0885,0.0
2017-06-19,1.087,1.087,1.087,1.087,0.0
2017-06-20,1.0854,1.0854,1.0854,1.0854,0.0
2017-06-21,1.0857,1.0857,1.0857,1.0857,0.0
2017-06-22,1.0867,1.0867,1.0867,1.0867,0.0
2017-06-23,1.0851,1.0851,1.0851,1.0851,0.0
2017-06-26,1.0881,1.0881,1.0881,1.0881,0.0
2017-06-27,1.0883,1.0883,1.0883,1.0883,0.0
2017-06-28,1.0913,1.0913,1.0913,1.0913,0.0
2017-06-29,1.0935,1.0935,1.0935,1.0935,0.0
2017-06-30,1.093,1.093,1.093,1.093,0.0
2017-07-03,1.0943,1.0943,1.0943,1.0943,0.0
2017-07-04,1.0954,1.0954,1.0954,1.0954,0.0
2017-07-05,1.095,1.095,1.095,1.095,0.0
2017-07-06,1.0975,1.0975,1.0975,1.0975,0.0
2017-07-07,1.0983,1.0983,1.0983,1.0983,0.0
2017-07-10,1.1007,1.1007,1.1007,1.1007,0.0
2017-07-11,1.104,1.104,1.104,1.104,0.0
2017-07-12,1.1027,1.1027,1.1027,1.1027,0.0
2017-07-13,1.1011,1.1011,1.1011,1.1011,0.0
2017-07-14,1.1051,1.1051,1.1051,1.1051,0.0
2017-07-17,1.1012,1.1012,1.1012,1.1012,0.0
2017-07-18,1.1025,1.1025,1.1025,1.1025,0.0
2017-07-19,1.0994,1.0994,1.0994,1.0994,0.0
2017-07-20,1.1039,1.1039,1.1039,1.1039,0.0
2017-07-21,1.1051,1.1051,1.1051,1.1051,0.0
2017-07-24,1.102,1.102,1.102,1.102,0.0
2017-07-25,1.1063,1.1063,1.1063,1.1063,0.0
2017-07-26,1.1152,1.1152,1.1152,1.1152,0.0
2017-07-27,1.1232,1.1232,1.1232,1.1232,0.0
2017-07-28,1.1357,1.1357,1.1357,1.1357,0.0
2017-07-31,1.1359,1.1359,1.1359,1.1359,0.0
2017-08-01,1.1414,1.1414,1.1414,1.1414,0.0
2017-08-02,1.1459,1.1459,1.1459,1.1459,0.0
2017-08-03,1.1501,1.1501,1.1501,1.1501,0.0
2017-08-04,1.1494,1.1494,1.1494,1.1494,0.0
2017-08-07,1.148,1.148,1.148,1.148,0.0
2017-08-08,1.1478,1.1478,1.1478,1.1478,0.0
2017-08-09,1.1293,1.1293,1.1293,1.1293,0.0
2017-08-10,1.1341,1.1341,1.1341,1.1341,0.0
2017-08-11,1.132,1.132,1.132,1.132,0.0
2017-08-14,1.1422,1.1422,1.1422,1.1422,0.0
2017-08-15,1.1417,1.1417,1.1417,1.1417,0.0
2017-08-16,1.1406,1.1406,1.1406,1.1406,0.0
2017-08-17,1.1311,1.1311,1.1311,1.1311,0.0
2017-08-18,1.1287,1.1287,1.1287,1.1287,0.0
2017-08-21,1.1362,1.1362,1.1362,1.1362,0.0
2017-08-22,1.1364,1.1364,1.1364,1.1364,0.0
2017-08-23,1.1392,1.1392,1.1392,1.1392,0.0
2017-08-24,1.1375,1.1375,1.1375,1.1375,0.0
2017-08-25,1.139,1.139,1.139,1.139,0.0
2017-08-28,1.1389,1.1389,1.1389,1.1389,0.0
2017-08-29,1.1386,1.1386,1.1386,1.1386,0.0
2017-08-30,1.1422,1.1422,1.1422,1.1422,0.0
2017-08-31,1.1446,1.1446,1.1446,1.1446,0.0
2017-09-01,1.1441,1.1441,1.1441,1.1441,0.0
2017-09-04,1.1399,1.1399,1.1399,1.1399,0.0
2017-09-05,1.1407,1.1407,1.1407,1.1407,0.0
2017-09-06,1.1399,1.1399,1.1399,1.1399,0.0
2017-09-07,1.1412,1.1412,1.1412,1.1412,0.0
2017-09-08,1.1405,1.1405,1.1405,1.1405,0.0
2017-09-11,1.1404,1.1404,1.1404,1.1404,0.0
2017-09-12,1.1444,1.1444,1.1444,1.1444,0.0
2017-09-13,1.1496,1.1496,1.1496,1.1496,0.0
2017-09-14,1.1496,1.1496,1.1496,1.1496,0.0
2017-09-15,1.148,1.148,1.148,1.148,0.0
2017-09-18,1.1464,1.1464,1.1464,1.1464,0.0
2017-09-19,1.1535,1.1535,1.1535,1.1535,0.0
2017-09-20,1.1532,1.1532,1.1532,1.1532,0.0
2017-09-21,1.1585,1.1585,1.1585,1.1585,0.0
2017-09-22,1.1588,1.1588,1.1588,1.1588,0.0
2017-09-25,1.1562,1.1562,1.1562,1.1562,0.0
2017-09-26,1.1452,1.1452,1.1452,1.1452,0.0
2017-09-27,1.1451,1.1451,1.1451,1.1451,0.0
2017-09-28,1.146,1.146,1.146,1.146,0.0
2017-09-29,1.1457,1.1457,1.1457,1.1457,0.0
2017-10-02,1.1399,1.1399,1.1399,1.1399,0.0
2017-10-03,1.1449,1.1449,1.1449,1.1449,0.0
2017-10-04,1.1456,1.1456,1.1456,1.1456,0.0
2017-10-05,1.1472,1.1472,1.1472,1.1472,0.0
2017-10-06,1.1473,1.1473,1.1473,1.1473,0.0
2017-10-09,1.1497,1.1497,1.1497,1.1497,0.0
2017-10-10,1.1522,1.1522,1.1522,1.1522,0.0
2017-10-11,1.1524,1.1524,1.1524,1.1524,0.0
2017-10-12,1.1552,1.1552,1.1552,1.1552,0.0
2017-10-13,1.1533,1.1533,1.1533,1.1533,0.0
2017-10-16,1.1514,1.1514,1.1514,1.1514,0.0
2017-10-17,1.1504,1.1504,1.1504,1.1504,0.0
2017-10-18,1.1551,1.1551,1.1551,1.1551,0.0
2017-10-19,1.1541,1.1541,1.1541,1.1541,0.0
2017-10-20,1.1597,1.1597,1.1597,1.1597,0.0
2017-10-23,1.1581,1.1581,1.1581,1.1581,0.0
2017-10-24,1.1613,1.1613,1.1613,1.1613,0.0
2017-10-25,1.169,1.169,1.169,1.169,0.0
2017-10-26,1.1678,1.1678,1.1678,1.1678,0.0
2017-10-27,1.1632,1.1632,1.1632,1.1632,0.0
2017-10-30,1.1603,1.1603,1.1603,1.1603,0.0
2017-10-31,1.1622,1.1622,1.1622,1.1622,0.0
2017-11-01,1.164,1.164,1.164,1.164,0.0
2017-11-02,1.1647,1.1647,1.1647,1.1647,0.0
2017-11-03,1.1635,1.1635,1.1635,1.1635,0.0
2017-11-06,1.1593,1.1593,1.1593,1.1593,0.0
2017-11-07,1.1557,1.1557,1.1557,1.1557,0.0
2017-11-08,1.1581,1.1581,1.1581,1.1581,0.0
2017-11-09,1.1589,1.1589,1.1589,1.1589,0.0
2017-11-10,1.1591,1.1591,1.1591,1.1591,0.0
2017-11-13,1.1591,1.1591,1.1591,1.1591,0.0
2017-11-14,1.1643,1.1643,1.1643,1.1643,0.0
2017-11-15,1.1675,1.1675,1.1675,1.1675,0.0
2017-11-16,1.1686,1.1686,1.1686,1.1686,0.0
2017-11-17,1.1696,1.1696,1.1696,1.1696,0.0
2017-11-20,1.1676,1.1676,1.1676,1.1676,0.0
2017-11-21,1.1641,1.1641,1.1641,1.1641,0.0
2017-11-22,1.1609,1.1609,1.1609,1.1609,0.0
2017-11-23,1.1613,1.1613,1.1613,1.1613,0.0
2017-11-24,1.165,1.165,1.165,1.165,0.0
2017-11-27,1.1718,1.1718,1.1718,1.1718,0.0
2017-11-28,1.168,1.168,1.168,1.168,0.0
2017-11-29,1.1664,1.1664,1.1664,1.1664,0.0
2017-11-30,1.1699,1.1699,1.1699,1.1699,0.0
2017-12-01,1.1691,1.1691,1.1691,1.1691,0.0
2017-12-04,1.1665,1.1665,1.1665,1.1665,0.0
2017-12-05,1.1673,1.1673,1.1673,1.1673,0.0
2017-12-06,1.1678,1.1678,1.1678,1.1678,0.0
2017-12-07,1.17,1.17,1.17,1.17,0.0
2017-12-08,1.1704,1.1704,1.1704,1.1704,0.0
2017-12-11,1.1679,1.1679,1.1679,1.1679,0.0
2017-12-12,1.1671,1.1671,1.1671,1.1671,0.0
2017-12-13,1.1647,1.1647,1.1647,1.1647,0.0
2017-12-14,1.1686,1.1686,1.1686,1.1686,0.0
2017-12-15,1.1669,1.1669,1.1669,1.1669,0.0
2017-12-18,1.1652,1.1652,1.1652,1.1652,0.0
2017-12-19,1.1643,1.1643,1.1643,1.1643,0.0
2017-12-20,1.1702,1.1702,1.1702,1.1702,0.0
2017-12-21,1.1725,1.1725,1.1725,1.1725,0.0
2017-12-22,1.1735,1.1735,1.1735,1.1735,0.0
2017-12-27,1.1772,1.1772,1.1772,1.1772,0.0
2017-12-28,1.1704,1.1704,1.1704,1.1704,0.0
2017-12-29,1.1702,1.1702,1.1702,1.1702,0.0
2018-01-02,1.1718,1.1718,1.1718,1.1718,0.0
2018-01-03,1.1736,1.1736,1.1736,1.1736,0.0
2018-01-04,1.1763,1.1763,1.1763,1.1763,0.0
2018-01-05,1.1757,1.1757,1.1757,1.1757,0.0
2018-01-08,1.1709,1.1709,1.1709,1.1709,0.0
2018-01-09,1.1727,1.1727,1.1727,1.1727,0.0
2018-01-10,1.1725,1.1725,1.1725,1.1725,0.0
2018-01-11,1.1736,1.1736,1.1736,1.1736,0.0
2018-01-12,1.1787,1.1787,1.1787,1.1787,0.0
2018-01-15,1.1799,1.1799,1.1799,1.1799,0.0
2018-01-16,1.1795,1.1795,1.1795,1.1795,0.0
2018-01-17,1.1774,1.1774,1.1774,1.1774,0.0
2018-01-18,1.1748,1.1748,1.1748,1.1748,0.0
2018-01-19,1.1758,1.1758,1.1758,1.1758,0.0
2018-01-22,1.1764,1.1764,1.1764,1.1764,0.0
2018-01-23,1.1779,1.1779,1.1779,1.1779,0.0
2018-01-24,1.1735,1.1735,1.1735,1.1735,0.0
2018-01-25,1.168,1.168,1.168,1.168,0.0
2018-01-26,1.1632,1.1632,1.1632,1.1632,0.0
2018-01-29,1.1563,1.1563,1.1563,1.1563,0.0
2018-01-30,1.1589,1.1589,1.1589,1.1589,0.0
2018-01-31,1.1631,1.1631,1.1631,1.1631,0.0
2018-02-01,1.1603,1.1603,1.1603,1.1603,0.0
2018-02-02,1.1596,1.1596,1.1596,1.1596,0.0
2018-02-05,1.1599,1.1599,1.1599,1.1599,0.0
2018-02-06,1.1571,1.1571,1.1571,1.1571,0.0
2018-02-07,1.161,1.161,1.161,1.161,0.0
2018-02-08,1.1555,1.1555,1.1555,1.1555,0.0
2018-02-09,1.15,1.15,1.15,1.15,0.0
2018-02-12,1.1503,1.1503,1.1503,1.1503,0.0
2018-02-13,1.1522,1.1522,1.1522,1.1522,0.0
2018-02-14,1.1519,1.1519,1.1519,1.1519,0.0
2018-02-15,1.1545,1.1545,1.1545,1.1545,0.0
2018-02-16,1.1521,1.1521,1.1521,1.1521,0.0
2018-02-19,1.1513,1.1513,1.1513,1.1513,0.0
2018-02-20,1.1537,1.1537,1.1537,1.1537,0.0
2018-02-21,1.1551,1.1551,1.1551,1.1551,0.0
2018-02-22,1.1508,1.1508,1.1508,1.1508,0.0
2018-02-23,1.1505,1.1505,1.1505,1.1505,0.0
2018-02-26,1.153,1.153,1.153,1.153,0.0
2018-02-27,1.1539,1.1539,1.1539,1.1539,0.0
2018-02-28,1.152,1.152,1.152,1.152,0.0
2018-03-01,1.1519,1.1519,1.1519,1.1519,0.0
2018-03-02,1.1512,1.1512,1.1512,1.1512,0.0
2018-03-05,1.1549,1.1549,1.1549,1.1549,0.0
2018-03-06,1.1626,1.1626,1.1626,1.1626,0.0
2018-03-07,1.1673,1.1673,1.1673,1.1673,0.0
2018-03-08,1.1731,1.1731,1.1731,1.1731,0.0
2018-03-09,1.1695,1.1695,1.1695,1.1695,0.0
2018-03-12,1.1681,1.1681,1.1681,1.1681,0.0
2018-03-13,1.169,1.169,1.169,1.169,0.0
2018-03-14,1.1704,1.1704,1.1704,1.1704,0.0
2018-03-15,1.1689,1.1689,1.1689,1.1689,0.0
2018-03-16,1.1702,1.1702,1.1702,1.1702,0.0
2018-03-19,1.1717,1.1717,1.1717,1.1717,0.0
2018-03-20,1.1721,1.1721,1.1721,1.1721,0.0
2018-03-21,1.1709,1.1709,1.1709,1.1709,0.0
2018-03-22,1.1671,1.1671,1.1671,1.1671,0.0
2018-03-23,1.1703,1.1703,1.1703,1.1703,0.0
2018-03-26,1.1739,1.1739,1.1739,1.1739,0.0
2018-03-27,1.1764,1.1764,1.1764,1.1764,0.0
2018-03-28,1.1801,1.1801,1.1801,1.1801,0.0
2018-03-29,1.1779,1.1779,1.1779,1.1779,0.0
2018-04-03,1.1775,1.1775,1.1775,1.1775,0.0
2018-04-04,1.1776,1.1776,1.1776,1.1776,0.0
2018-04-05,1.1796,1.1796,1.1796,1.1796,0.0
2018-04-06,1.1798,1.1798,1.1798,1.1798,0.0
2018-04-09,1.179,1.179,1.179,1.179,0.0
2018-04-10,1.1792,1.1792,1.1792,1.1792,0.0
2018-04-11,1.1855,1.1855,1.1855,1.1855,0.0
2018-04-12,1.1876,1.1876,1.1876,1.1876,0.0
2018-04-13,1.1854,1.1854,1.1854,1.1854,0.0
2018-04-16,1.1878,1.1878,1.1878,1.1878,0.0
2018-04-17,1.1908,1.1908,1.1908,1.1908,0.0
2018-04-18,1.1979,1.1979,1.1979,1.1979,0.0
2018-04-19,1.1976,1.1976,1.1976,1.1976,0.0
2018-04-20,1.197,1.197,1.197,1.197,0.0
2018-04-23,1.1941,1.1941,1.1941,1.1941,0.0
2018-04-24,1.1944,1.1944,1.1944,1.1944,0.0
2018-04-25,1.1986,1.1986,1.1986,1.1986,0.0
2018-04-26,1.1976,1.1976,1.1976,1.1976,0.0
2018-04-27,1.196,1.196,1.196,1.196,0.0
2018-04-30,1.1968,1.1968,1.1968,1.1968,0.0
2018-05-02,1.1957,1.1957,1.1957,1.1957,0.0
2018-05-03,1.1958,1.1958,1.1958,1.1958,0.0
2018-05-04,1.195,1.195,1.195,1.195,0.0
2018-05-07,1.1964,1.1964,1.1964,1.1964,0.0
2018-05-08,1.1906,1.1906,1.1906,1.1906,0.0
2018-05-09,1.1895,1.1895,1.1895,1.1895,0.0
2018-05-10,1.1908,1.1908,1.1908,1.1908,0.0
2018-05-11,1.1933,1.1933,1.1933,1.1933,0.0
2018-05-14,1.1965,1.1965,1.1965,1.1965,0.0
2018-05-15,1.191,1.191,1.191,1.191,0.0
2018-05-16,1.1792,1.1792,1.1792,1.1792,0.0
2018-05-17,1.1819,1.1819,1.1819,1.1819,0.0
2018-05-18,1.1773,1.1773,1.1773,1.1773,0.0
2018-05-21,1.1753,1.1753,1.1753,1.1753,0.0
2018-05-22,1.1738,1.1738,1.1738,1.1738,0.0
2018-05-23,1.1598,1.1598,1.1598,1.1598,0.0
2018-05-24,1.1607,1.1607,1.1607,1.1607,0.0
2018-05-25,1.1593,1.1593,1.1593,1.1593,0.0
2018-05-28,1.1577,1.1577,1.1577,1.1577,0.0
2018-05-29,1.1517,1.1517,1.1517,1.1517,0.0
2018-05-30,1.1513,1.1513,1.1513,1.1513,0.0
2018-05-31,1.1526,1.1526,1.1526,1.1526,0.0
2018-06-01,1.1531,1.1531,1.1531,1.1531,0.0
2018-06-04,1.1546,1.1546,1.1546,1.1546,0.0
2018-06-05,1.1515,1.1515,1.1515,1.1515,0.0
2018-06-06,1.1629,1.1629,1.1629,1.1629,0.0
2018-06-07,1.1613,1.1613,1.1613,1.1613,0.0
2018-06-08,1.1572,1.1572,1.1572,1.1572,0.0
2018-06-11,1.1631,1.1631,1.1631,1.1631,0.0
2018-06-12,1.1615,1.1615,1.1615,1.1615,0.0
2018-06-13,1.1616,1.1616,1.1616,1.1616,0.0
2018-06-14,1.1585,1.1585,1.1585,1.1585,0.0
2018-06-15,1.1575,1.1575,1.1575,1.1575,0.0
2018-06-18,1.1554,1.1554,1.1554,1.1554,0.0
2018-06-19,1.1501,1.1501,1.1501,1.1501,0.0
2018-06-20,1.1537,1.1537,1.1537,1.1537,0.0
2018-06-21,1.1496,1.1496,1.1496,1.1496,0.0
2018-06-22,1.1534,1.1534,1.1534,1.1534,0.0
2018-06-25,1.1549,1.1549,1.1549,1.1549,0.0
2018-06-26,1.1543,1.1543,1.1543,1.1543,0.0
2018-06-27,1.1536,1.1536,1.1536,1.1536,0.0
2018-06-28,1.1556,1.1556,1.1556,1.1556,0.0
2018-06-29,1.1569,1.1569,1.1569,1.1569,0.0
2018-07-02,1.1563,1.1563,1.1563,1.1563,0.0
2018-07-03,1.1573,1.1573,1.1573,1.1573,0.0
2018-07-04,1.1557,1.1557,1.1557,1.1557,0.0
2018-07-05,1.1613,1.1613,1.1613,1.1613,0.0
2018-07-06,1.1634,1.1634,1.1634,1.1634,0.0
2018-07-09,1.1646,1.1646,1.1646,1.1646,0.0
2018-07-10,1.1649,1.1649,1.1649,1.1649,0.0
2018-07-11,1.1653,1.1653,1.1653,1.1653,0.0
2018-07-12,1.1642,1.1642,1.1642,1.1642,0.0
2018-07-13,1.1704,1.1704,1.1704,1.1704,0.0
2018-07-16,1.1696,1.1696,1.1696,1.1696,0.0
2018-07-17,1.1648,1.1648,1.1648,1.1648,0.0
2018-07-18,1.1611,1.1611,1.1611,1.1611,0.0
2018-07-19,1.1622,1.1622,1.1622,1.1622,0.0
2018-07-20,1.1633,1.1633,1.1633,1.1633,0.0
2018-07-23,1.1614,1.1614,1.1614,1.1614,0.0
2018-07-24,1.1626,1.1626,1.1626,1.1626,0.0
2018-07-25,1.1598,1.1598,1.1598,1.1598,0.0
2018-07-26,1.1616,1.1616,1.1616,1.1616,0.0
2018-07-27,1.1597,1.1597,1.1597,1.1597,0.0
2018-07-30,1.1598,1.1598,1.1598,1.1598,0.0
2018-07-31,1.1592,1.1592,1.1592,1.1592,0.0
2018-08-01,1.1589,1.1589,1.1589,1.1589,0.0
2018-08-02,1.155,1.155,1.155,1.155,0.0
2018-08-03,1.1528,1.1528,1.1528,1.1528,0.0
2018-08-06,1.1513,1.1513,1.1513,1.1513,0.0
2018-08-07,1.153,1.153,1.153,1.153,0.0
2018-08-08,1.1544,1.1544,1.1544,1.1544,0.0
2018-08-09,1.1512,1.1512,1.1512,1.1512,0.0
2018-08-10,1.1391,1.1391,1.1391,1.1391,0.0
2018-08-13,1.1338,1.1338,1.1338,1.1338,0.0
2018-08-14,1.1298,1.1298,1.1298,1.1298,0.0
2018-08-15,1.1289,1.1289,1.1289,1.1289,0.0
2018-08-16,1.1299,1.1299,1.1299,1.1299,0.0
2018-08-17,1.1338,1.1338,1.1338,1.1338,0.0
2018-08-20,1.1366,1.1366,1.1366,1.1366,0.0
2018-08-21,1.1372,1.1372,1.1372,1.1372,0.0
2018-08-22,1.1401,1.1401,1.1401,1.1401,0.0
2018-08-23,1.1383,1.1383,1.1383,1.1383,0.0
2018-08-24,1.1398,1.1398,1.1398,1.1398,0.0
2018-08-27,1.1428,1.1428,1.1428,1.1428,0.0
2018-08-28,1.1427,1.1427,1.1427,1.1427,0.0
2018-08-29,1.1385,1.1385,1.1385,1.1385,0.0
2018-08-30,1.1339,1.1339,1.1339,1.1339,0.0
2018-08-31,1.1281,1.1281,1.1281,1.1281,0.0
2018-09-03,1.1268,1.1268,1.1268,1.1268,0.0
2018-09-04,1.1261,1.1261,1.1261,1.1261,0.0
2018-09-05,1.1288,1.1288,1.1288,1.1288,0.0
2018-09-06,1.1275,1.1275,1.1275,1.1275,0.0
2018-09-07,1.1217,1.1217,1.1217,1.1217,0.0
2018-09-10,1.1267,1.1267,1.1267,1.1267,0.0
2018-09-11,1.1276,1.1276,1.1276,1.1276,0.0
2018-09-12,1.1277,1.1277,1.1277,1.1277,0.0
2018-09-13,1.1265,1.1265,1.1265,1.1265,0.0
2018-09-14,1.1274,1.1274,1.1274,1.1274,0.0
2018-09-17,1.1236,1.1236,1.1236,1.1236,0.0
2018-09-18,1.1245,1.1245,1.1245,1.1245,0.0
2018-09-19,1.1304,1.1304,1.1304,1.1304,0.0
2018-09-20,1.1312,1.1312,1.1312,1.1312,0.0
2018-09-21,1.1228,1.1228,1.1228,1.1228,0.0
2018-09-24,1.129,1.129,1.129,1.129,0.0
2018-09-25,1.1376,1.1376,1.1376,1.1376,0.0
2018-09-26,1.1369,1.1369,1.1369,1.1369,0.0
2018-09-27,1.1371,1.1371,1.1371,1.1371,0.0
2018-09-28,1.1316,1.1316,1.1316,1.1316,0.0
2018-10-01,1.1414,1.1414,1.1414,1.1414,0.0
2018-10-02,1.1354,1.1354,1.1354,1.1354,0.0
2018-10-03,1.1412,1.1412,1.1412,1.1412,0.0
2018-10-04,1.1409,1.1409,1.1409,1.1409,0.0
2018-10-05,1.1433,1.1433,1.1433,1.1433,0.0
2018-10-08,1.1396,1.1396,1.1396,1.1396,0.0
2018-10-09,1.1381,1.1381,1.1381,1.1381,0.0
2018-10-10,1.1412,1.1412,1.1412,1.1412,0.0
2018-10-11,1.143,1.143,1.143,1.143,0.0
2018-10-12,1.147,1.147,1.147,1.147,0.0
2018-10-15,1.1428,1.1428,1.1428,1.1428,0.0
2018-10-16,1.1444,1.1444,1.1444,1.1444,0.0
2018-10-17,1.1453,1.1453,1.1453,1.1453,0.0
2018-10-18,1.1451,1.1451,1.1451,1.1451,0.0
2018-10-19,1.1421,1.1421,1.1421,1.1421,0.0
2018-10-22,1.1456,1.1456,1.1456,1.1456,0.0
2018-10-23,1.1424,1.1424,1.1424,1.1424,0.0
2018-10-24,1.1373,1.1373,1.1373,1.1373,0.0
2018-10-25,1.1407,1.1407,1.1407,1.1407,0.0
2018-10-26,1.1367,1.1367,1.1367,1.1367,0.0
2018-10-29,1.1384,1.1384,1.1384,1.1384,0.0
2018-10-30,1.1386,1.1386,1.1386,1.1386,0.0
2018-10-31,1.1399,1.1399,1.1399,1.1399,0.0
2018-11-01,1.143,1.143,1.143,1.143,0.0
2018-11-02,1.1422,1.1422,1.1422,1.1422,0.0
2018-11-05,1.1437,1.1437,1.1437,1.1437,0.0
2018-11-06,1.146,1.146,1.146,1.146,0.0
2018-11-07,1.1444,1.1444,1.1444,1.1444,0.0
2018-11-08,1.1456,1.1456,1.1456,1.1456,0.0
2018-11-09,1.1414,1.1414,1.1414,1.1414,0.0
2018-11-12,1.1368,1.1368,1.1368,1.1368,0.0
2018-11-13,1.1368,1.1368,1.1368,1.1368,0.0
2018-11-14,1.1395,1.1395,1.1395,1.1395,0.0
2018-11-15,1.1365,1.1365,1.1365,1.1365,0.0
2018-11-16,1.1431,1.1431,1.1431,1.1431,0.0
2018-11-19,1.1391,1.1391,1.1391,1.1391,0.0
2018-11-20,1.1328,1.1328,1.1328,1.1328,0.0
2018-11-21,1.1341,1.1341,1.1341,1.1341,0.0
2018-11-22,1.1351,1.1351,1.1351,1.1351,0.0
2018-11-23,1.1316,1.1316,1.1316,1.1316,0.0
2018-11-26,1.1332,1.1332,1.1332,1.1332,0.0
2018-11-27,1.1309,1.1309,1.1309,1.1309,0.0
2018-11-28,1.1273,1.1273,1.1273,1.1273,0.0
2018-11-29,1.1324,1.1324,1.1324,1.1324,0.0
2018-11-30,1.134,1.134,1.134,1.134,0.0
2018-12-03,1.1323,1.1323,1.1323,1.1323,0.0
2018-12-04,1.1348,1.1348,1.1348,1.1348,0.0
2018-12-05,1.1328,1.1328,1.1328,1.1328,0.0
2018-12-06,1.1304,1.1304,1.1304,1.1304,0.0
2018-12-07,1.1299,1.1299,1.1299,1.1299,0.0
2018-12-10,1.1295,1.1295,1.1295,1.1295,0.0
2018-12-11,1.1248,1.1248,1.1248,1.1248,0.0
2018-12-12,1.1286,1.1286,1.1286,1.1286,0.0
2018-12-13,1.1287,1.1287,1.1287,1.1287,0.0
2018-12-14,1.1254,1.1254,1.1254,1.1254,0.0
2018-12-17,1.1254,1.1254,1.1254,1.1254,0.0
2018-12-18,1.1281,1.1281,1.1281,1.1281,0.0
2018-12-19,1.1328,1.1328,1.1328,1.1328,0.0
2018-12-20,1.1331,1.1331,1.1331,1.1331,0.0
2018-12-21,1.1312,1.1312,1.1312,1.1312,0.0
2018-12-24,1.1312,1.1312,1.1312,1.1312,0.0
2018-12-27,1.1279,1.1279,1.1279,1.1279,0.0
2018-12-28,1.1227,1.1227,1.1227,1.1227,0.0
2018-12-31,1.1269,1.1269,1.1269,1.1269,0.0
2019-01-02,1.1239,1.1239,1.1239,1.1239,0.0
2019-01-03,1.1219,1.1219,1.1219,1.1219,0.0
2019-01-04,1.1256,1.1256,1.1256,1.1256,0.0
2019-01-07,1.1227,1.1227,1.1227,1.1227,0.0
2019-01-08,1.1232,1.1232,1.1232,1.1232,0.0
2019-01-09,1.123,1.123,1.123,1.123,0.0
2019-01-10,1.1276,1.1276,1.1276,1.1276,0.0
2019-01-11,1.1327,1.1327,1.1327,1.1327,0.0
2019-01-14,1.1258,1.1258,1.1258,1.1258,0.0
2019-01-15,1.1266,1.1266,1.1266,1.1266,0.0
2019-01-16,1.1269,1.1269,1.1269,1.1269,0.0
2019-01-17,1.1312,1.1312,1.1312,1.1312,0.0
2019-01-18,1.1331,1.1331,1.1331,1.1331,0.0
2019-01-21,1.1343,1.1343,1.1343,1.1343,0.0
2019-01-22,1.1326,1.1326,1.1326,1.1326,0.0
2019-01-23,1.1335,1.1335,1.1335,1.1335,0.0
2019-01-24,1.1283,1.1283,1.1283,1.1283,0.0
2019-01-25,1.131,1.131,1.131,1.131,0.0
2019-01-28,1.1331,1.1331,1.1331,1.1331,0.0
2019-01-29,1.1352,1.1352,1.1352,1.1352,0.0
2019-01-30,1.1403,1.1403,1.1403,1.1403,0.0
2019-01-31,1.1409,1.1409,1.1409,1.1409,0.0
2019-02-01,1.1396,1.1396,1.1396,1.1396,0.0
2019-02-04,1.1421,1.1421,1.1421,1.1421,0.0
2019-02-05,1.1436,1.1436,1.1436,1.1436,0.0
2019-02-06,1.1394,1.1394,1.1394,1.1394,0.0
2019-02-07,1.1357,1.1357,1.1357,1.1357,0.0
2019-02-08,1.1357,1.1357,1.1357,1.1357,0.0
2019-02-11,1.1351,1.1351,1.1351,1.1351,0.0
2019-02-12,1.1381,1.1381,1.1381,1.1381,0.0
2019-02-13,1.1371,1.1371,1.1371,1.1371,0.0
2019-02-14,1.137,1.137,1.137,1.137,0.0
2019-02-15,1.134,1.134,1.134,1.134,0.0
2019-02-18,1.1361,1.1361,1.1361,1.1361,0.0
2019-02-19,1.1351,1.1351,1.1351,1.1351,0.0
2019-02-20,1.1342,1.1342,1.1342,1.1342,0.0
2019-02-21,1.1367,1.1367,1.1367,1.1367,0.0
2019-02-22,1.1346,1.1346,1.1346,1.1346,0.0
2019-02-25,1.1351,1.1351,1.1351,1.1351,0.0
2019-02-26,1.1371,1.1371,1.1371,1.1371,0.0
2019-02-27,1.1354,1.1354,1.1354,1.1354,0.0
2019-02-28,1.1335,1.1335,1.1335,1.1335,0.0
2019-03-01,1.1363,1.1363,1.1363,1.1363,0.0
2019-03-04,1.1352,1.1352,1.1352,1.1352,0.0
2019-03-05,1.1341,1.1341,1.1341,1.1341,0.0
2019-03-06,1.136,1.136,1.136,1.136,0.0
2019-03-07,1.1355,1.1355,1.1355,1.1355,0.0
2019-03-08,1.1324,1.1324,1.1324,1.1324,0.0
2019-03-11,1.1349,1.1349,1.1349,1.1349,0.0
2019-03-12,1.1369,1.1369,1.1369,1.1369,0.0
2019-03-13,1.1373,1.1373,1.1373,1.1373,0.0
2019-03-14,1.1351,1.1351,1.1351,1.1351,0.0
2019-03-15,1.136,1.136,1.136,1.136,0.0
2019-03-18,1.136,1.136,1.136,1.136,0.0
2019-03-19,1.1353,1.1353,1.1353,1.1353,0.0
2019-03-20,1.1338,1.1338,1.1338,1.1338,0.0
2019-03-21,1.1309,1.1309,1.1309,1.1309,0.0
2019-03-22,1.1243,1.1243,1.1243,1.1243,0.0
2019-03-25,1.1237,1.1237,1.1237,1.1237,0.0
2019-03-26,1.1222,1.1222,1.1222,1.1222,0.0
2019-03-27,1.1196,1.1196,1.1196,1.1196,0.0
2019-03-28,1.1185,1.1185,1.1185,1.1185,0.0
2019-03-29,1.1181,1.1181,1.1181,1.1181,0.0
2019-04-01,1.118,1.118,1.118,1.118,0.0
2019-04-02,1.1195,1.1195,1.1195,1.1195,0.0
2019-04-03,1.1206,1.1206,1.1206,1.1206,0.0
2019-04-04,1.1207,1.1207,1.1207,1.1207,0.0
2019-04-05,1.1235,1.1235,1.1235,1.1235,0.0
2019-04-08,1.1245,1.1245,1.1245,1.1245,0.0
2019-04-09,1.127,1.127,1.127,1.127,0.0
2019-04-10,1.128,1.128,1.128,1.128,0.0
2019-04-11,1.1304,1.1304,1.1304,1.1304,0.0
2019-04-12,1.1326,1.1326,1.1326,1.1326,0.0
2019-04-15,1.1345,1.1345,1.1345,1.1345,0.0
2019-04-16,1.1371,1.1371,1.1371,1.1371,0.0
2019-04-17,1.14,1.14,1.14,1.14,0.0
2019-04-18,1.1383,1.1383,1.1383,1.1383,0.0
2019-04-23,1.147,1.147,1.147,1.147,0.0
2019-04-24,1.1416,1.1416,1.1416,1.1416,0.0
2019-04-25,1.1368,1.1368,1.1368,1.1368,0.0
2019-04-26,1.1372,1.1372,1.1372,1.1372,0.0
2019-04-29,1.1379,1.1379,1.1379,1.1379,0.0
2019-04-30,1.1437,1.1437,1.1437,1.1437,0.0
2019-05-02,1.1419,1.1419,1.1419,1.1419,0.0
2019-05-03,1.1383,1.1383,1.1383,1.1383,0.0
2019-05-06,1.1403,1.1403,1.1403,1.1403,0.0
2019-05-07,1.1415,1.1415,1.1415,1.1415,0.0
2019-05-08,1.1407,1.1407,1.1407,1.1407,0.0
2019-05-09,1.139,1.139,1.139,1.139,0.0
2019-05-10,1.1378,1.1378,1.1378,1.1378,0.0
2019-05-13,1.1319,1.1319,1.1319,1.1319,0.0
2019-05-14,1.1307,1.1307,1.1307,1.1307,0.0
2019-05-15,1.1276,1.1276,1.1276,1.1276,0.0
2019-05-16,1.1306,1.1306,1.1306,1.1306,0.0
2019-05-17,1.1283,1.1283,1.1283,1.1283,0.0
2019-05-20,1.1263,1.1263,1.1263,1.1263,0.0
2019-05-21,1.1274,1.1274,1.1274,1.1274,0.0
2019-05-22,1.1252,1.1252,1.1252,1.1252,0.0
2019-05-23,1.1224,1.1224,1.1224,1.1224,0.0
2019-05-24,1.1215,1.1215,1.1215,1.1215,0.0
2019-05-27,1.1257,1.1257,1.1257,1.1257,0.0
2019-05-28,1.1254,1.1254,1.1254,1.1254,0.0
2019-05-29,1.1217,1.1217,1.1217,1.1217,0.0
2019-05-30,1.1228,1.1228,1.1228,1.1228,0.0
2019-05-31,1.1214,1.1214,1.1214,1.1214,0.0
2019-06-03,1.1162,1.1162,1.1162,1.1162,0.0
2019-06-04,1.1178,1.1178,1.1178,1.1178,0.0
2019-06-05,1.1163,1.1163,1.1163,1.1163,0.0
2019-06-06,1.1174,1.1174,1.1174,1.1174,0.0
2019-06-07,1.1191,1.1191,1.1191,1.1191,0.0
2019-06-10,1.12,1.12,1.12,1.12,0.0
2019-06-11,1.1233,1.1233,1.1233,1.1233,0.0
2019-06-12,1.1252,1.1252,1.1252,1.1252,0.0
2019-06-13,1.1207,1.1207,1.1207,1.1207,0.0
2019-06-14,1.1211,1.1211,1.1211,1.1211,0.0
2019-06-17,1.1214,1.1214,1.1214,1.1214,0.0
2019-06-18,1.1175,1.1175,1.1175,1.1175,0.0
2019-06-19,1.1176,1.1176,1.1176,1.1176,0.0
2019-06-20,1.1142,1.1142,1.1142,1.1142,0.0
2019-06-21,1.1107,1.1107,1.1107,1.1107,0.0
2019-06-24,1.1109,1.1109,1.1109,1.1109,0.0
2019-06-25,1.1108,1.1108,1.1108,1.1108,0.0
2019-06-26,1.1113,1.1113,1.1113,1.1113,0.0
2019-06-27,1.1121,1.1121,1.1121,1.1121,0.0
2019-06-28,1.1105,1.1105,1.1105,1.1105,0.0
2019-07-01,1.1141,1.1141,1.1141,1.1141,0.0
2019-07-02,1.1169,1.1169,1.1169,1.1169,0.0
2019-07-03,1.1116,1.1116,1.1116,1.1116,0.0
2019-07-04,1.112,1.112,1.112,1.112,0.0
2019-07-05,1.1126,1.1126,1.1126,1.1126,0.0
2019-07-08,1.1127,1.1127,1.1127,1.1127,0.0
2019-07-09,1.1137,1.1137,1.1137,1.1137,0.0
2019-07-10,1.1133,1.1133,1.1133,1.1133,0.0
2019-07-11,1.1114,1.1114,1.1114,1.1114,0.0
2019-07-12,1.1087,1.1087,1.1087,1.1087,0.0
2019-07-15,1.1071,1.1071,1.1071,1.1071,0.0
2019-07-16,1.1075,1.1075,1.1075,1.1075,0.0
2019-07-17,1.1095,1.1095,1.1095,1.1095,0.0
2019-07-18,1.1064,1.1064,1.1064,1.1064,0.0
2019-07-19,1.1033,1.1033,1.1033,1.1033,0.0
2019-07-22,1.1007,1.1007,1.1007,1.1007,0.0
2019-07-23,1.0985,1.0985,1.0985,1.0985,0.0
2019-07-24,1.0982,1.0982,1.0982,1.0982,0.0
2019-07-25,1.0989,1.0989,1.0989,1.0989,0.0
2019-07-26,1.1053,1.1053,1.1053,1.1053,0.0
2019-07-29,1.1037,1.1037,1.1037,1.1037,0.0
2019-07-30,1.1038,1.1038,1.1038,1.1038,0.0
2019-07-31,1.1041,1.1041,1.1041,1.1041,0.0
2019-08-01,1.0988,1.0988,1.0988,1.0988,0.0
2019-08-02,1.0931,1.0931,1.0931,1.0931,0.0
2019-08-05,1.0893,1.0893,1.0893,1.0893,0.0
2019-08-06,1.0919,1.0919,1.0919,1.0919,0.0
2019-08-07,1.0921,1.0921,1.0921,1.0921,0.0
2019-08-08,1.0923,1.0923,1.0923,1.0923,0.0
2019-08-09,1.0897,1.0897,1.0897,1.0897,0.0
2019-08-12,1.0876,1.0876,1.0876,1.0876,0.0
2019-08-13,1.0853,1.0853,1.0853,1.0853,0.0
2019-08-14,1.0862,1.0862,1.0862,1.0862,0.0
2019-08-15,1.0863,1.0863,1.0863,1.0863,0.0
2019-08-16,1.0854,1.0854,1.0854,1.0854,0.0
2019-08-19,1.0884,1.0884,1.0884,1.0884,0.0
2019-08-20,1.086,1.086,1.086,1.086,0.0
2019-08-21,1.0875,1.0875,1.0875,1.0875,0.0
2019-08-22,1.0905,1.0905,1.0905,1.0905,0.0
2019-08-23,1.0893,1.0893,1.0893,1.0893,0.0
2019-08-26,1.0885,1.0885,1.0885,1.0885,0.0
2019-08-27,1.0884,1.0884,1.0884,1.0884,0.0
2019-08-28,1.0872,1.0872,1.0872,1.0872,0.0
2019-08-29,1.088,1.088,1.088,1.088,0.0
2019-08-30,1.0909,1.0909,1.0909,1.0909,0.0
2019-09-02,1.0875,1.0875,1.0875,1.0875,0.0
2019-09-03,1.0829,1.0829,1.0829,1.0829,0.0
2019-09-04,1.0848,1.0848,1.0848,1.0848,0.0
2019-09-05,1.0863,1.0863,1.0863,1.0863,0.0
2019-09-06,1.0928,1.0928,1.0928,1.0928,0.0
2019-09-09,1.0923,1.0923,1.0923,1.0923,0.0
2019-09-10,1.0943,1.0943,1.0943,1.0943,0.0
2019-09-11,1.0934,1.0934,1.0934,1.0934,0.0
2019-09-12,1.0892,1.0892,1.0892,1.0892,0.0
2019-09-13,1.094,1.094,1.094,1.094,0.0
2019-09-16,1.0932,1.0932,1.0932,1.0932,0.0
2019-09-17,1.0966,1.0966,1.0966,1.0966,0.0
2019-09-18,1.0999,1.0999,1.0999,1.0999,0.0
2019-09-19,1.097,1.097,1.097,1.097,0.0
2019-09-20,1.0942,1.0942,1.0942,1.0942,0.0
2019-09-23,1.0891,1.0891,1.0891,1.0891,0.0
2019-09-24,1.0878,1.0878,1.0878,1.0878,0.0
2019-09-25,1.0841,1.0841,1.0841,1.0841,0.0
2019-09-26,1.0864,1.0864,1.0864,1.0864,0.0
2019-09-27,1.086,1.086,1.086,1.086,0.0
2019-09-30,1.0847,1.0847,1.0847,1.0847,0.0
2019-10-01,1.0906,1.0906,1.0906,1.0906,0.0
2019-10-02,1.094,1.094,1.094,1.094,0.0
2019-10-03,1.0957,1.0957,1.0957,1.0957,0.0
2019-10-04,1.0913,1.0913,1.0913,1.0913,0.0
2019-10-07,1.0924,1.0924,1.0924,1.0924,0.0
2019-10-08,1.0898,1.0898,1.0898,1.0898,0.0
2019-10-09,1.0927,1.0927,1.0927,1.0927,0.0
2019-10-10,1.0948,1.0948,1.0948,1.0948,0.0
2019-10-11,1.1025,1.1025,1.1025,1.1025,0.0
2019-10-14,1.0983,1.0983,1.0983,1.0983,0.0
2019-10-15,1.0977,1.0977,1.0977,1.0977,0.0
2019-10-16,1.0997,1.0997,1.0997,1.0997,0.0
2019-10-17,1.0991,1.0991,1.0991,1.0991,0.0
2019-10-18,1.0996,1.0996,1.0996,1.0996,0.0
2019-10-21,1.1002,1.1002,1.1002,1.1002,0.0
2019-10-22,1.1004,1.1004,1.1004,1.1004,0.0
2019-10-23,1.1004,1.1004,1.1004,1.1004,0.0
2019-10-24,1.1019,1.1019,1.1019,1.1019,0.0
2019-10-25,1.1019,1.1019,1.1019,1.1019,0.0
2019-10-28,1.1047,1.1047,1.1047,1.1047,0.0
2019-10-29,1.1041,1.1041,1.1041,1.1041,0.0
2019-10-30,1.1032,1.1032,1.1032,1.1032,0.0
2019-10-31,1.1007,1.1007,1.1007,1.1007,0.0
2019-11-01,1.1013,1.1013,1.1013,1.1013,0.0
2019-11-04,1.1021,1.1021,1.1021,1.1021,0.0
2019-11-05,1.1009,1.1009,1.1009,1.1009,0.0
2019-11-06,1.101,1.101,1.101,1.101,0.0
2019-11-07,1.0998,1.0998,1.0998,1.0998,0.0
2019-11-08,1.0991,1.0991,1.0991,1.0991,0.0
2019-11-11,1.0972,1.0972,1.0972,1.0972,0.0
2019-11-12,1.0963,1.0963,1.0963,1.0963,0.0
2019-11-13,1.0894,1.0894,1.0894,1.0894,0.0
2019-11-14,1.0873,1.0873,1.0873,1.0873,0.0
2019-11-15,1.0924,1.0924,1.0924,1.0924,0.0
2019-11-18,1.096,1.096,1.096,1.096,0.0
2019-11-19,1.0979,1.0979,1.0979,1.0979,0.0
2019-11-20,1.0977,1.0977,1.0977,1.0977,0.0
2019-11-21,1.0998,1.0998,1.0998,1.0998,0.0
2019-11-22,1.0994,1.0994,1.0994,1.0994,0.0
2019-11-25,1.0986,1.0986,1.0986,1.0986,0.0
2019-11-26,1.0993,1.0993,1.0993,1.0993,0.0
2019-11-27,1.0986,1.0986,1.0986,1.0986,0.0
2019-11-28,1.0991,1.0991,1.0991,1.0991,0.0
2019-11-29,1.0998,1.0998,1.0998,1.0998,0.0
2019-12-02,1.0995,1.0995,1.0995,1.0995,0.0
2019-12-03,1.0947,1.0947,1.0947,1.0947,0.0
2019-12-04,1.0956,1.0956,1.0956,1.0956,0.0
2019-12-05,1.0964,1.0964,1.0964,1.0964,0.0
2019-12-06,1.0968,1.0968,1.0968,1.0968,0.0
2019-12-09,1.0959,1.0959,1.0959,1.0959,0.0
2019-12-10,1.0922,1.0922,1.0922,1.0922,0.0
2019-12-11,1.0916,1.0916,1.0916,1.0916,0.0
2019-12-12,1.0939,1.0939,1.0939,1.0939,0.0
2019-12-13,1.0982,1.0982,1.0982,1.0982,0.0
2019-12-16,1.0953,1.0953,1.0953,1.0953,0.0
2019-12-17,1.0946,1.0946,1.0946,1.0946,0.0
2019-12-18,1.0913,1.0913,1.0913,1.0913,0.0
2019-12-19,1.0899,1.0899,1.0899,1.0899,0.0
2019-12-20,1.0883,1.0883,1.0883,1.0883,0.0
2019-12-23,1.087,1.087,1.087,1.087,0.0
2019-12-24,1.0878,1.0878,1.0878,1.0878,0.0
2019-12-27,1.089,1.089,1.089,1.089,0.0
2019-12-30,1.0871,1.0871,1.0871,1.0871,0.0
2019-12-31,1.0854,1.0854,1.0854,1.0854,0.0
2020-01-02,1.0865,1.0865,1.0865,1.0865,0.0
2020-01-03,1.084,1.084,1.084,1.084,0.0
2020-01-06,1.085,1.085,1.085,1.085,0.0
2020-01-07,1.085,1.085,1.085,1.085,0.0
2020-01-08,1.0792,1.0792,1.0792,1.0792,0.0
2020-01-09,1.0808,1.0808,1.0808,1.0808,0.0
2020-01-10,1.0822,1.0822,1.0822,1.0822,0.0
2020-01-13,1.0811,1.0811,1.0811,1.0811,0.0
2020-01-14,1.0767,1.0767,1.0767,1.0767,0.0
2020-01-15,1.0751,1.0751,1.0751,1.0751,0.0
2020-01-16,1.0739,1.0739,1.0739,1.0739,0.0
2020-01-17,1.0736,1.0736,1.0736,1.0736,0.0
2020-01-20,1.0737,1.0737,1.0737,1.0737,0.0
2020-01-21,1.0743,1.0743,1.0743,1.0743,0.0
2020-01-22,1.0757,1.0757,1.0757,1.0757,0.0
2020-01-23,1.0734,1.0734,1.0734,1.0734,0.0
2020-01-24,1.0712,1.0712,1.0712,1.0712,0.0
2020-01-27,1.0689,1.0689,1.0689,1.0689,0.0
2020-01-28,1.0703,1.0703,1.0703,1.0703,0.0
2020-01-29,1.0729,1.0729,1.0729,1.0729,0.0
2020-01-30,1.069,1.069,1.069,1.069,0.0
2020-01-31,1.0694,1.0694,1.0694,1.0694,0.0
2020-02-03,1.0672,1.0672,1.0672,1.0672,0.0
2020-02-04,1.0702,1.0702,1.0702,1.0702,0.0
2020-02-05,1.0717,1.0717,1.0717,1.0717,0.0
2020-02-06,1.0715,1.0715,1.0715,1.0715,0.0
2020-02-07,1.0705,1.0705,1.0705,1.0705,0.0
2020-02-10,1.07,1.07,1.07,1.07,0.0
2020-02-11,1.0667,1.0667,1.0667,1.0667,0.0
2020-02-12,1.0645,1.0645,1.0645,1.0645,0.0
2020-02-13,1.0633,1.0633,1.0633,1.0633,0.0
2020-02-14,1.0641,1.0641,1.0641,1.0641,0.0
2020-02-17,1.0641,1.0641,1.0641,1.0641,0.0
2020-02-18,1.0619,1.0619,1.0619,1.0619,0.0
2020-02-19,1.0621,1.0621,1.0621,1.0621,0.0
2020-02-20,1.0616,1.0616,1.0616,1.0616,0.0
2020-02-21,1.061,1.061,1.061,1.061,0.0
2020-02-24,1.06,1.06,1.06,1.06,0.0
2020-02-25,1.0605,1.0605,1.0605,1.0605,0.0
2020-02-26,1.0606,1.0606,1.0606,1.0606,0.0
2020-02-27,1.0627,1.0627,1.0627,1.0627,0.0
2020-02-28,1.0614,1.0614,1.0614,1.0614,0.0
2020-03-02,1.0655,1.0655,1.0655,1.0655,0.0
2020-03-03,1.0646,1.0646,1.0646,1.0646,0.0
2020-03-04,1.0647,1.0647,1.0647,1.0647,0.0
2020-03-05,1.0663,1.0663,1.0663,1.0663,0.0
2020-03-06,1.0589,1.0589,1.0589,1.0589,0.0
2020-03-09,1.0594,1.0594,1.0594,1.0594,0.0
2020-03-10,1.0594,1.0594,1.0594,1.0594,0.0
2020-03-11,1.0591,1.0591,1.0591,1.0591,0.0
2020-03-12,1.0549,1.0549,1.0549,1.0549,0.0
2020-03-13,1.0608,1.0608,1.0608,1.0608,0.0
2020-03-16,1.0546,1.0546,1.0546,1.0546,0.0
2020-03-17,1.0561,1.0561,1.0561,1.0561,0.0
2020-03-18,1.0546,1.0546,1.0546,1.0546,0.0
2020-03-19,1.0535,1.0535,1.0535,1.0535,0.0
2020-03-20,1.0546,1.0546,1.0546,1.0546,0.0
2020-03-23,1.059,1.059,1.059,1.059,0.0
2020-03-24,1.0572,1.0572,1.0572,1.0572,0.0
2020-03-25,1.0602,1.0602,1.0602,1.0602,0.0
2020-03-26,1.0634,1.0634,1.0634,1.0634,0.0
2020-03-27,1.0581,1.0581,1.0581,1.0581,0.0
2020-03-30,1.0571,1.0571,1.0571,1.0571,0.0
2020-03-31,1.0585,1.0585,1.0585,1.0585,0.0
2020-04-01,1.0564,1.0564,1.0564,1.0564,0.0
2020-04-02,1.0551,1.0551,1.0551,1.0551,0.0
2020-04-03,1.0547,1.0547,1.0547,1.0547,0.0
2020-04-06,1.056,1.056,1.056,1.056,0.0
2020-04-07,1.0582,1.0582,1.0582,1.0582,0.0
2020-04-08,1.0557,1.0557,1.0557,1.0557,0.0
2020-04-09,1.0558,1.0558,1.0558,1.0558,0.0
2020-04-14,1.0543,1.0543,1.0543,1.0543,0.0
2020-04-15,1.0534,1.0534,1.0534,1.0534,0.0
2020-04-16,1.0516,1.0516,1.0516,1.0516,0.0
2020-04-17,1.0515,1.0515,1.0515,1.0515,0.0
2020-04-20,1.0518,1.0518,1.0518,1.0518,0.0
2020-04-21,1.0517,1.0517,1.0517,1.0517,0.0
2020-04-22,1.0523,1.0523,1.0523,1.0523,0.0
2020-04-23,1.0511,1.0511,1.0511,1.0511,0.0
2020-04-24,1.0525,1.0525,1.0525,1.0525,0.0
2020-04-27,1.0557,1.0557,1.0557,1.0557,0.0
2020-04-28,1.0586,1.0586,1.0586,1.0586,0.0
2020-04-29,1.0571,1.0571,1.0571,1.0571,0.0
2020-04-30,1.0558,1.0558,1.0558,1.0558,0.0
2020-05-04,1.0548,1.0548,1.0548,1.0548,0.0
2020-05-05,1.0525,1.0525,1.0525,1.0525,0.0
2020-05-06,1.053,1.053,1.053,1.053,0.0
2020-05-07,1.053,1.053,1.053,1.053,0.0
2020-05-08,1.0529,1.0529,1.0529,1.0529,0.0
2020-05-11,1.0519,1.0519,1.0519,1.0519,0.0
2020-05-12,1.052,1.052,1.052,1.052,0.0
2020-05-13,1.0528,1.0528,1.0528,1.0528,0.0
2020-05-14,1.0512,1.0512,1.0512,1.0512,0.0
2020-05-15,1.0513,1.0513,1.0513,1.0513,0.0
2020-05-18,1.0521,1.0521,1.0521,1.0521,0.0
2020-05-19,1.0633,1.0633,1.0633,1.0633,0.0
2020-05-20,1.0584,1.0584,1.0584,1.0584,0.0
2020-05-21,1.0628,1.0628,1.0628,1.0628,0.0
2020-05-22,1.0591,1.0591,1.0591,1.0591,0.0
2020-05-25,1.0597,1.0597,1.0597,1.0597,0.0
2020-05-26,1.06,1.06,1.06,1.06,0.0
2020-05-27,1.0675,1.0675,1.0675,1.0675,0.0
2020-05-28,1.0683,1.0683,1.0683,1.0683,0.0
2020-05-29,1.072,1.072,1.072,1.072,0.0
2020-06-01,1.0686,1.0686,1.0686,1.0686,0.0
2020-06-02,1.0741,1.0741,1.0741,1.0741,0.0
2020-06-03,1.0793,1.0793,1.0793,1.0793,0.0
2020-06-04,1.0786,1.0786,1.0786,1.0786,0.0
2020-06-05,1.0866,1.0866,1.0866,1.0866,0.0
2020-06-08,1.0861,1.0861,1.0861,1.0861,0.0
2020-06-09,1.077,1.077,1.077,1.077,0.0
2020-06-10,1.0762,1.0762,1.0762,1.0762,0.0
2020-06-11,1.0697,1.0697,1.0697,1.0697,0.0
2020-06-12,1.0697,1.0697,1.0697,1.0697,0.0
2020-06-15,1.0679,1.0679,1.0679,1.0679,0.0
2020-06-16,1.0717,1.0717,1.0717,1.0717,0.0
2020-06-17,1.0669,1.0669,1.0669,1.0669,0.0
2020-06-18,1.0667,1.0667,1.0667,1.0667,0.0
2020-06-19,1.0656,1.0656,1.0656,1.0656,0.0
2020-06-22,1.0654,1.0654,1.0654,1.0654,0.0
2020-06-23,1.0705,1.0705,1.0705,1.0705,0.0
2020-06-24,1.0679,1.0679,1.0679,1.0679,0.0
2020-06-25,1.0637,1.0637,1.0637,1.0637,0.0
2020-06-26,1.0631,1.0631,1.0631,1.0631,0.0
2020-06-29,1.0669,1.0669,1.0669,1.0669,0.0
2020-06-30,1.0651,1.0651,1.0651,1.0651,0.0
2020-07-01,1.062,1.062,1.062,1.062,0.0
2020-07-02,1.0648,1.0648,1.0648,1.0648,0.0
2020-07-03,1.0623,1.0623,1.0623,1.0623,0.0
2020-07-06,1.0642,1.0642,1.0642,1.0642,0.0
2020-07-07,1.0643,1.0643,1.0643,1.0643,0.0
2020-07-08,1.0624,1.0624,1.0624,1.0624,0.0
2020-07-09,1.0634,1.0634,1.0634,1.0634,0.0
2020-07-10,1.0625,1.0625,1.0625,1.0625,0.0
2020-07-13,1.0685,1.0685,1.0685,1.0685,0.0
2020-07-14,1.0691,1.0691,1.0691,1.0691,0.0
2020-07-15,1.0783,1.0783,1.0783,1.0783,0.0
2020-07-16,1.0787,1.0787,1.0787,1.0787,0.0
2020-07-17,1.0753,1.0753,1.0753,1.0753,0.0
2020-07-20,1.0736,1.0736,1.0736,1.0736,0.0
2020-07-21,1.074,1.074,1.074,1.074,0.0
2020-07-22,1.0785,1.0785,1.0785,1.0785,0.0
2020-07-23,1.0731,1.0731,1.0731,1.0731,0.0
2020-07-24,1.073,1.073,1.073,1.073,0.0
2020-07-27,1.0838,1.0838,1.0838,1.0838,0.0
2020-07-28,1.0758,1.0758,1.0758,1.0758,0.0
2020-07-29,1.0766,1.0766,1.0766,1.0766,0.0
2020-07-30,1.0744,1.0744,1.0744,1.0744,0.0
2020-07-31,1.0769,1.0769,1.0769,1.0769,0.0
2020-08-03,1.0784,1.0784,1.0784,1.0784,0.0
2020-08-04,1.0761,1.0761,1.0761,1.0761,0.0
2020-08-05,1.077,1.077,1.077,1.077,0.0
2020-08-06,1.0759,1.0759,1.0759,1.0759,0.0
2020-08-07,1.0804,1.0804,1.0804,1.0804,0.0
2020-08-10,1.079,1.079,1.079,1.079,0.0
2020-08-11,1.0743,1.0743,1.0743,1.0743,0.0
2020-08-12,1.0755,1.0755,1.0755,1.0755,0.0
2020-08-13,1.0784,1.0784,1.0784,1.0784,0.0
2020-08-14,1.0754,1.0754,1.0754,1.0754,0.0
2020-08-17,1.0765,1.0765,1.0765,1.0765,0.0
2020-08-18,1.0773,1.0773,1.0773,1.0773,0.0
2020-08-19,1.0811,1.0811,1.0811,1.0811,0.0
2020-08-20,1.0786,1.0786,1.0786,1.0786,0.0
2020-08-21,1.0744,1.0744,1.0744,1.0744,0.0
2020-08-24,1.0761,1.0761,1.0761,1.0761,0.0
2020-08-25,1.0752,1.0752,1.0752,1.0752,0.0
2020-08-26,1.0738,1.0738,1.0738,1.0738,0.0
2020-08-27,1.075,1.075,1.075,1.075,0.0
2020-08-28,1.0758,1.0758,1.0758,1.0758,0.0
2020-08-31,1.0774,1.0774,1.0774,1.0774,0.0
2020-09-01,1.0865,1.0865,1.0865,1.0865,0.0
2020-09-02,1.0799,1.0799,1.0799,1.0799,0.0
2020-09-03,1.0776,1.0776,1.0776,1.0776,0.0
2020-09-04,1.0793,1.0793,1.0793,1.0793,0.0
2020-09-07,1.0809,1.0809,1.0809,1.0809,0.0
2020-09-08,1.082,1.082,1.082,1.082,0.0
2020-09-09,1.0806,1.0806,1.0806,1.0806,0.0
2020-09-10,1.0766,1.0766,1.0766,1.0766,0.0
2020-09-11,1.0777,1.0777,1.0777,1.0777,0.0
2020-09-14,1.0768,1.0768,1.0768,1.0768,0.0
2020-09-15,1.0768,1.0768,1.0768,1.0768,0.0
2020-09-16,1.0753,1.0753,1.0753,1.0753,0.0
2020-09-17,1.0742,1.0742,1.0742,1.0742,0.0
2020-09-18,1.0776,1.0776,1.0776,1.0776,0.0
2020-09-21,1.0761,1.0761,1.0761,1.0761,0.0
2020-09-22,1.0748,1.0748,1.0748,1.0748,0.0
2020-09-23,1.0773,1.0773,1.0773,1.0773,0.0
2020-09-24,1.0772,1.0772,1.0772,1.0772,0.0
2020-09-25,1.0798,1.0798,1.0798,1.0798,0.0
2020-09-28,1.0816,1.0816,1.0816,1.0816,0.0
2020-09-29,1.0795,1.0795,1.0795,1.0795,0.0
2020-09-30,1.0804,1.0804,1.0804,1.0804,0.0
2020-10-01,1.0787,1.0787,1.0787,1.0787,0.0
2020-10-02,1.079,1.079,1.079,1.079,0.0
2020-10-05,1.0781,1.0781,1.0781,1.0781,0.0
2020-10-06,1.0781,1.0781,1.0781,1.0781,0.0
2020-10-07,1.0787,1.0787,1.0787,1.0787,0.0
2020-10-08,1.0799,1.0799,1.0799,1.0799,0.0
2020-10-09,1.0773,1.0773,1.0773,1.0773,0.0
2020-10-12,1.0742,1.0742,1.0742,1.0742,0.0
2020-10-13,1.0734,1.0734,1.0734,1.0734,0.0
2020-10-14,1.0738,1.0738,1.0738,1.0738,0.0
2020-10-15,1.0697,1.0697,1.0697,1.0697,0.0
2020-10-16,1.0721,1.0721,1.0721,1.0721,0.0
2020-10-19,1.0724,1.0724,1.0724,1.0724,0.0
2020-10-20,1.0724,1.0724,1.0724,1.0724,0.0
2020-10-21,1.0715,1.0715,1.0715,1.0715,0.0
2020-10-22,1.0726,1.0726,1.0726,1.0726,0.0
2020-10-23,1.0715,1.0715,1.0715,1.0715,0.0
2020-10-26,1.0719,1.0719,1.0719,1.0719,0.0
2020-10-27,1.0732,1.0732,1.0732,1.0732,0.0
2020-10-28,1.0693,1.0693,1.0693,1.0693,0.0
2020-10-29,1.0684,1.0684,1.0684,1.0684,0.0
2020-10-30,1.0698,1.0698,1.0698,1.0698,0.0
2020-11-02,1.0695,1.0695,1.0695,1.0695,0.0
2020-11-03,1.0709,1.0709,1.0709,1.0709,0.0
2020-11-04,1.0675,1.0675,1.0675,1.0675,0.0
2020-11-05,1.0724,1.0724,1.0724,1.0724,0.0
2020-11-06,1.0682,1.0682,1.0682,1.0682,0.0
2020-11-09,1.0778,1.0778,1.0778,1.0778,0.0
2020-11-10,1.0817,1.0817,1.0817,1.0817,0.0
2020-11-11,1.0793,1.0793,1.0793,1.0793,0.0
2020-11-12,1.0805,1.0805,1.0805,1.0805,0.0
2020-11-13,1.0805,1.0805,1.0805,1.0805,0.0
2020-11-16,1.0819,1.0819,1.0819,1.0819,0.0
2020-11-17,1.0816,1.0816,1.0816,1.0816,0.0
2020-11-18,1.0812,1.0812,1.0812,1.0812,0.0
2020-11-19,1.0797,1.0797,1.0797,1.0797,0.0
2020-11-20,1.0811,1.0811,1.0811,1.0811,0.0
2020-11-23,1.0806,1.0806,1.0806,1.0806,0.0
2020-11-24,1.0833,1.0833,1.0833,1.0833,0.0
2020-11-25,1.0835,1.0835,1.0835,1.0835,0.0
2020-11-26,1.0813,1.0813,1.0813,1.0813,0.0
2020-11-27,1.0826,1.0826,1.0826,1.0826,0.0
2020-11-30,1.0839,1.0839,1.0839,1.0839,0.0
2020-12-01,1.0836,1.0836,1.0836,1.0836,0.0
2020-12-02,1.0819,1.0819,1.0819,1.0819,0.0
2020-12-03,1.0831,1.0831,1.0831,1.0831,0.0
2020-12-04,1.0822,1.0822,1.0822,1.0822,0.0
2020-12-07,1.0802,1.0802,1.0802,1.0802,0.0
2020-12-08,1.0781,1.0781,1.0781,1.0781,0.0
2020-12-09,1.0764,1.0764,1.0764,1.0764,0.0
2020-12-10,1.0757,1.0757,1.0757,1.0757,0.0
2020-12-11,1.0786,1.0786,1.0786,1.0786,0.0
2020-12-14,1.0776,1.0776,1.0776,1.0776,0.0
2020-12-15,1.077,1.077,1.077,1.077,0.0
2020-12-16,1.0786,1.0786,1.0786,1.0786,0.0
2020-12-17,1.0821,1.0821,1.0821,1.0821,0.0
2020-12-18,1.0845,1.0845,1.0845,1.0845,0.0
2020-12-21,1.081,1.081,1.081,1.081,0.0
2020-12-22,1.0837,1.0837,1.0837,1.0837,0.0
2020-12-23,1.0837,1.0837,1.0837,1.0837,0.0
2020-12-24,1.0851,1.0851,1.0851,1.0851,0.0
2020-12-28,1.0854,1.0854,1.0854,1.0854,0.0
2020-12-29,1.0862,1.0862,1.0862,1.0862,0.0
2020-12-30,1.0857,1.0857,1.0857,1.0857,0.0
2020-12-31,1.0802,1.0802,1.0802,1.0802,0.0
2021-01-04,1.0811,1.0811,1.0811,1.0811,0.0
2021-01-05,1.0803,1.0803,1.0803,1.0803,0.0
2021-01-06,1.0821,1.0821,1.0821,1.0821,0.0
2021-01-07,1.0833,1.0833,1.0833,1.0833,0.0
2021-01-08,1.0827,1.0827,1.0827,1.0827,0.0
2021-01-11,1.0838,1.0838,1.0838,1.0838,0.0
2021-01-12,1.0812,1.0812,1.0812,1.0812,0.0
2021-01-13,1.0812,1.0812,1.0812,1.0812,0.0
2021-01-14,1.0805,1.0805,1.0805,1.0805,0.0
2021-01-15,1.077,1.077,1.077,1.077,0.0
2021-01-18,1.0747,1.0747,1.0747,1.0747,0.0
2021-01-19,1.0769,1.0769,1.0769,1.0769,0.0
2021-01-20,1.0778,1.0778,1.0778,1.0778,0.0
2021-01-21,1.0773,1.0773,1.0773,1.0773,0.0
2021-01-22,1.0773,1.0773,1.0773,1.0773,0.0
2021-01-25,1.0772,1.0772,1.0772,1.0772,0.0
2021-01-26,1.0789,1.0789,1.0789,1.0789,0.0
2021-01-27,1.0759,1.0759,1.0759,1.0759,0.0
2021-01-28,1.0783,1.0783,1.0783,1.0783,0.0
2021-01-29,1.0798,1.0798,1.0798,1.0798,0.0
2021-02-01,1.0816,1.0816,1.0816,1.0816,0.0
2021-02-02,1.0808,1.0808,1.0808,1.0808,0.0
2021-02-03,1.0804,1.0804,1.0804,1.0804,0.0
2021-02-04,1.0818,1.0818,1.0818,1.0818,0.0
2021-02-05,1.0825,1.0825,1.0825,1.0825,0.0
2021-02-08,1.0842,1.0842,1.0842,1.0842,0.0
2021-02-09,1.0817,1.0817,1.0817,1.0817,0.0
2021-02-10,1.0805,1.0805,1.0805,1.0805,0.0
2021-02-11,1.0802,1.0802,1.0802,1.0802,0.0
2021-02-12,1.0803,1.0803,1.0803,1.0803,0.0
2021-02-15,1.0802,1.0802,1.0802,1.0802,0.0
2021-02-16,1.08,1.08,1.08,1.08,0.0
2021-02-17,1.0806,1.0806,1.0806,1.0806,0.0
2021-02-18,1.0829,1.0829,1.0829,1.0829,0.0
2021-02-19,1.0851,1.0851,1.0851,1.0851,0.0
2021-02-22,1.0888,1.0888,1.0888,1.0888,0.0
2021-02-23,1.0946,1.0946,1.0946,1.0946,0.0
2021-02-24,1.1029,1.1029,1.1029,1.1029,0.0
2021-02-25,1.1076,1.1076,1.1076,1.1076,0.0
2021-02-26,1.0986,1.0986,1.0986,1.0986,0.0
2021-03-01,1.1014,1.1014,1.1014,1.1014,0.0
2021-03-02,1.105,1.105,1.105,1.105,0.0
2021-03-03,1.1064,1.1064,1.1064,1.1064,0.0
2021-03-04,1.1114,1.1114,1.1114,1.1114,0.0
2021-03-05,1.1066,1.1066,1.1066,1.1066,0.0
2021-03-08,1.1087,1.1087,1.1087,1.1087,0.0
2021-03-09,1.1071,1.1071,1.1071,1.1071,0.0
2021-03-10,1.1069,1.1069,1.1069,1.1069,0.0
2021-03-11,1.1066,1.1066,1.1066,1.1066,0.0
2021-03-12,1.1094,1.1094,1.1094,1.1094,0.0
2021-03-15,1.1084,1.1084,1.1084,1.1084,0.0
2021-03-16,1.1033,1.1033,1.1033,1.1033,0.0
2021-03-17,1.1047,1.1047,1.1047,1.1047,0.0
2021-03-18,1.1069,1.1069,1.1069,1.1069,0.0
2021-03-19,1.1066,1.1066,1.1066,1.1066,0.0
2021-03-22,1.1023,1.1023,1.1023,1.1023,0.0
2021-03-23,1.1066,1.1066,1.1066,1.1066,0.0
2021-03-24,1.1068,1.1068,1.1068,1.1068,0.0
2021-03-25,1.1045,1.1045,1.1045,1.1045,0.0
2021-03-26,1.109,1.109,1.109,1.109,0.0
2021-03-29,1.1075,1.1075,1.1075,1.1075,0.0
2021-03-30,1.1057,1.1057,1.1057,1.1057,0.0
2021-03-31,1.107,1.107,1.107,1.107,0.0
2021-04-01,1.1099,1.1099,1.1099,1.1099,0.0
2021-04-06,1.107,1.107,1.107,1.107,0.0
2021-04-07,1.1044,1.1044,1.1044,1.1044,0.0
2021-04-08,1.1021,1.1021,1.1021,1.1021,0.0
2021-04-09,1.101,1.101,1.101,1.101,0.0
2021-04-12,1.0998,1.0998,1.0998,1.0998,0.0
2021-04-13,1.1001,1.1001,1.1001,1.1001,0.0
2021-04-14,1.1033,1.1033,1.1033,1.1033,0.0
2021-04-15,1.1046,1.1046,1.1046,1.1046,0.0
2021-04-16,1.1011,1.1011,1.1011,1.1011,0.0
2021-04-19,1.0998,1.0998,1.0998,1.0998,0.0
2021-04-20,1.1029,1.1029,1.1029,1.1029,0.0
2021-04-21,1.1026,1.1026,1.1026,1.1026,0.0
2021-04-22,1.1035,1.1035,1.1035,1.1035,0.0
2021-04-23,1.1038,1.1038,1.1038,1.1038,0.0
2021-04-26,1.1067,1.1067,1.1067,1.1067,0.0
2021-04-27,1.1038,1.1038,1.1038,1.1038,0.0
2021-04-28,1.1044,1.1044,1.1044,1.1044,0.0
2021-04-29,1.102,1.102,1.102,1.102,0.0
2021-04-30,1.0998,1.0998,1.0998,1.0998,0.0
2021-05-03,1.1016,1.1016,1.1016,1.1016,0.0
2021-05-04,1.098,1.098,1.098,1.098,0.0
2021-05-05,1.0965,1.0965,1.0965,1.0965,0.0
2021-05-06,1.0953,1.0953,1.0953,1.0953,0.0
2021-05-07,1.0963,1.0963,1.0963,1.0963,0.0
2021-05-10,1.0939,1.0939,1.0939,1.0939,0.0
2021-05-11,1.0976,1.0976,1.0976,1.0976,0.0
2021-05-12,1.0966,1.0966,1.0966,1.0966,0.0
2021-05-13,1.096,1.096,1.096,1.096,0.0
2021-05-14,1.0952,1.0952,1.0952,1.0952,0.0
2021-05-17,1.095,1.095,1.095,1.095,0.0
2021-05-18,1.0963,1.0963,1.0963,1.0963,0.0
2021-05-19,1.1008,1.1008,1.1008,1.1008,0.0
2021-05-20,1.0991,1.0991,1.0991,1.0991,0.0
2021-05-21,1.0951,1.0951,1.0951,1.0951,0.0
2021-05-24,1.0957,1.0957,1.0957,1.0957,0.0
2021-05-25,1.0977,1.0977,1.0977,1.0977,0.0
2021-05-26,1.0958,1.0958,1.0958,1.0958,0.0
2021-05-27,1.0967,1.0967,1.0967,1.0967,0.0
2021-05-28,1.096,1.096,1.096,1.096,0.0
2021-05-31,1.0982,1.0982,1.0982,1.0982,0.0
2021-06-01,1.0986,1.0986,1.0986,1.0986,0.0
2021-06-02,1.0982,1.0982,1.0982,1.0982,0.0
2021-06-03,1.0961,1.0961,1.0961,1.0961,0.0
2021-06-04,1.0951,1.0951,1.0951,1.0951,0.0
2021-06-07,1.0934,1.0934,1.0934,1.0934,0.0
2021-06-08,1.0914,1.0914,1.0914,1.0914,0.0
2021-06-09,1.0913,1.0913,1.0913,1.0913,0.0
2021-06-10,1.0909,1.0909,1.0909,1.0909,0.0
2021-06-11,1.0883,1.0883,1.0883,1.0883,0.0
2021-06-14,1.0889,1.0889,1.0889,1.0889,0.0
2021-06-15,1.0899,1.0899,1.0899,1.0899,0.0
2021-06-16,1.0896,1.0896,1.0896,1.0896,0.0
2021-06-17,1.0925,1.0925,1.0925,1.0925,0.0
2021-06-18,1.0941,1.0941,1.0941,1.0941,0.0
2021-06-21,1.0954,1.0954,1.0954,1.0954,0.0
2021-06-22,1.0943,1.0943,1.0943,1.0943,0.0
2021-06-23,1.0963,1.0963,1.0963,1.0963,0.0
2021-06-24,1.0967,1.0967,1.0967,1.0967,0.0
2021-06-25,1.0956,1.0956,1.0956,1.0956,0.0
2021-06-28,1.0969,1.0969,1.0969,1.0969,0.0
2021-06-29,1.0965,1.0965,1.0965,1.0965,0.0
2021-06-30,1.098,1.098,1.098,1.098,0.0
2021-07-01,1.0985,1.0985,1.0985,1.0985,0.0
2021-07-02,1.0945,1.0945,1.0945,1.0945,0.0
2021-07-05,1.0935,1.0935,1.0935,1.0935,0.0
2021-07-06,1.093,1.093,1.093,1.093,0.0
2021-07-07,1.0917,1.0917,1.0917,1.0917,0.0
2021-07-08,1.0851,1.0851,1.0851,1.0851,0.0
2021-07-09,1.0852,1.0852,1.0852,1.0852,0.0
2021-07-12,1.0852,1.0852,1.0852,1.0852,0.0
2021-07-13,1.0857,1.0857,1.0857,1.0857,0.0
2021-07-14,1.084,1.084,1.084,1.084,0.0
2021-07-15,1.0828,1.0828,1.0828,1.0828,0.0
2021-07-16,1.0853,1.0853,1.0853,1.0853,0.0
2021-07-19,1.084,1.084,1.084,1.084,0.0
2021-07-20,1.0838,1.0838,1.0838,1.0838,0.0
2021-07-21,1.0848,1.0848,1.0848,1.0848,0.0
2021-07-22,1.0829,1.0829,1.0829,1.0829,0.0
2021-07-23,1.0838,1.0838,1.0838,1.0838,0.0
2021-07-26,1.0826,1.0826,1.0826,1.0826,0.0
2021-07-27,1.0806,1.0806,1.0806,1.0806,0.0
2021-07-28,1.0802,1.0802,1.0802,1.0802,0.0
2021-07-29,1.0788,1.0788,1.0788,1.0788,0.0
2021-07-30,1.0771,1.0771,1.0771,1.0771,0.0
2021-08-02,1.0761,1.0761,1.0761,1.0761,0.0
2021-08-03,1.0735,1.0735,1.0735,1.0735,0.0
2021-08-04,1.0729,1.0729,1.0729,1.0729,0.0
2021-08-05,1.0733,1.0733,1.0733,1.0733,0.0
2021-08-06,1.0724,1.0724,1.0724,1.0724,0.0
2021-08-09,1.0786,1.0786,1.0786,1.0786,0.0
2021-08-10,1.0813,1.0813,1.0813,1.0813,0.0
2021-08-11,1.0818,1.0818,1.0818,1.0818,0.0
2021-08-12,1.0824,1.0824,1.0824,1.0824,0.0
2021-08-13,1.0829,1.0829,1.0829,1.0829,0.0
2021-08-16,1.0758,1.0758,1.0758,1.0758,0.0
2021-08-17,1.0713,1.0713,1.0713,1.0713,0.0
2021-08-18,1.0726,1.0726,1.0726,1.0726,0.0
2021-08-19,1.0723,1.0723,1.0723,1.0723,0.0
2021-08-20,1.0711,1.0711,1.0711,1.0711,0.0
2021-08-23,1.0744,1.0744,1.0744,1.0744,0.0
2021-08-24,1.0711,1.0711,1.0711,1.0711,0.0
2021-08-25,1.0739,1.0739,1.0739,1.0739,0.0
2021-08-26,1.0789,1.0789,1.0789,1.0789,0.0
2021-08-27,1.0796,1.0796,1.0796,1.0796,0.0
2021-08-30,1.0798,1.0798,1.0798,1.0798,0.0
2021-08-31,1.0799,1.0799,1.0799,1.0799,0.0
2021-09-01,1.0845,1.0845,1.0845,1.0845,0.0
2021-09-02,1.0848,1.0848,1.0848,1.0848,0.0
2021-09-03,1.0863,1.0863,1.0863,1.0863,0.0
2021-09-06,1.0869,1.0869,1.0869,1.0869,0.0
2021-09-07,1.0853,1.0853,1.0853,1.0853,0.0
2021-09-08,1.0888,1.0888,1.0888,1.0888,0.0
2021-09-09,1.0861,1.0861,1.0861,1.0861,0.0
2021-09-10,1.0854,1.0854,1.0854,1.0854,0.0
2021-09-13,1.0873,1.0873,1.0873,1.0873,0.0
2021-09-14,1.0887,1.0887,1.0887,1.0887,0.0
2021-09-15,1.0845,1.0845,1.0845,1.0845,0.0
2021-09-16,1.0886,1.0886,1.0886,1.0886,0.0
2021-09-17,1.0931,1.0931,1.0931,1.0931,0.0
2021-09-20,1.0883,1.0883,1.0883,1.0883,0.0
2021-09-21,1.0845,1.0845,1.0845,1.0845,0.0
2021-09-22,1.082,1.082,1.082,1.082,0.0
2021-09-23,1.0831,1.0831,1.0831,1.0831,0.0
2021-09-24,1.083,1.083,1.083,1.083,0.0
2021-09-27,1.085,1.085,1.085,1.085,0.0
2021-09-28,1.084,1.084,1.084,1.084,0.0
2021-09-29,1.0829,1.0829,1.0829,1.0829,0.0
2021-09-30,1.083,1.083,1.083,1.083,0.0
2021-10-01,1.0791,1.0791,1.0791,1.0791,0.0
2021-10-04,1.0768,1.0768,1.0768,1.0768,0.0
2021-10-05,1.0752,1.0752,1.0752,1.0752,0.0
2021-10-06,1.0715,1.0715,1.0715,1.0715,0.0
2021-10-07,1.0712,1.0712,1.0712,1.0712,0.0
2021-10-08,1.0734,1.0734,1.0734,1.0734,0.0
2021-10-11,1.0722,1.0722,1.0722,1.0722,0.0
2021-10-12,1.0729,1.0729,1.0729,1.0729,0.0
2021-10-13,1.0722,1.0722,1.0722,1.0722,0.0
2021-10-14,1.0686,1.0686,1.0686,1.0686,0.0
2021-10-15,1.0729,1.0729,1.0729,1.0729,0.0
2021-10-18,1.0712,1.0712,1.0712,1.0712,0.0
2021-10-19,1.0716,1.0716,1.0716,1.0716,0.0
2021-10-20,1.0739,1.0739,1.0739,1.0739,0.0
2021-10-21,1.069,1.069,1.069,1.069,0.0
2021-10-22,1.0668,1.0668,1.0668,1.0668,0.0
2021-10-25,1.0666,1.0666,1.0666,1.0666,0.0
2021-10-26,1.0684,1.0684,1.0684,1.0684,0.0
2021-10-27,1.067,1.067,1.067,1.067,0.0
2021-10-28,1.0656,1.0656,1.0656,1.0656,0.0
2021-10-29,1.0611,1.0611,1.0611,1.0611,0.0
2021-11-01,1.0562,1.0562,1.0562,1.0562,0.0
2021-11-02,1.0594,1.0594,1.0594,1.0594,0.0
2021-11-03,1.0568,1.0568,1.0568,1.0568,0.0
2021-11-04,1.0554,1.0554,1.0554,1.0554,0.0
2021-11-05,1.0559,1.0559,1.0559,1.0559,0.0
2021-11-08,1.0591,1.0591,1.0591,1.0591,0.0
2021-11-09,1.0592,1.0592,1.0592,1.0592,0.0
2021-11-10,1.0555,1.0555,1.0555,1.0555,0.0
2021-11-11,1.0561,1.0561,1.0561,1.0561,0.0
2021-11-12,1.0568,1.0568,1.0568,1.0568,0.0
2021-11-15,1.0533,1.0533,1.0533,1.0533,0.0
2021-11-16,1.0528,1.0528,1.0528,1.0528,0.0
2021-11-17,1.053,1.053,1.053,1.053,0.0
2021-11-18,1.0511,1.0511,1.0511,1.0511,0.0
2021-11-19,1.0462,1.0462,1.0462,1.0462,0.0
2021-11-22,1.0454,1.0454,1.0454,1.0454,0.0
2021-11-23,1.0492,1.0492,1.0492,1.0492,0.0
2021-11-24,1.0484,1.0484,1.0484,1.0484,0.0
2021-11-25,1.048,1.048,1.048,1.048,0.0
2021-11-26,1.0446,1.0446,1.0446,1.0446,0.0
2021-11-29,1.044,1.044,1.044,1.044,0.0
2021-11-30,1.043,1.043,1.043,1.043,0.0
2021-12-01,1.0427,1.0427,1.0427,1.0427,0.0
2021-12-02,1.0414,1.0414,1.0414,1.0414,0.0
2021-12-03,1.0387,1.0387,1.0387,1.0387,0.0
2021-12-06,1.0416,1.0416,1.0416,1.0416,0.0
2021-12-07,1.0414,1.0414,1.0414,1.0414,0.0
2021-12-08,1.0432,1.0432,1.0432,1.0432,0.0
2021-12-09,1.0446,1.0446,1.0446,1.0446,0.0
2021-12-10,1.0424,1.0424,1.0424,1.0424,0.0
2021-12-13,1.0418,1.0418,1.0418,1.0418,0.0
2021-12-14,1.0404,1.0404,1.0404,1.0404,0.0
2021-12-15,1.0416,1.0416,1.0416,1.0416,0.0
2021-12-16,1.0457,1.0457,1.0457,1.0457,0.0
2021-12-17,1.0409,1.0409,1.0409,1.0409,0.0
2021-12-20,1.0408,1.0408,1.0408,1.0408,0.0
2021-12-21,1.0417,1.0417,1.0417,1.0417,0.0
2021-12-22,1.0432,1.0432,1.0432,1.0432,0.0
2021-12-23,1.0413,1.0413,1.0413,1.0413,0.0
2021-12-24,1.0402,1.0402,1.0402,1.0402,0.0
2021-12-27,1.0396,1.0396,1.0396,1.0396,0.0
2021-12-28,1.0381,1.0381,1.0381,1.0381,0.0
2021-12-29,1.038,1.038,1.038,1.038,0.0
2021-12-30,1.0363,1.0363,1.0363,1.0363,0.0
2021-12-31,1.0331,1.0331,1.0331,1.0331,0.0
2022-01-03,1.0372,1.0372,1.0372,1.0372,0.0
2022-01-04,1.0355,1.0355,1.0355,1.0355,0.0
2022-01-05,1.0364,1.0364,1.0364,1.0364,0.0
2022-01-06,1.0395,1.0395,1.0395,1.0395,0.0
2022-01-07,1.0422,1.0422,1.0422,1.0422,0.0
2022-01-10,1.0446,1.0446,1.0446,1.0446,0.0
2022-01-11,1.0502,1.0502,1.0502,1.0502,0.0
2022-01-12,1.0486,1.0486,1.0486,1.0486,0.0
2022-01-13,1.0453,1.0453,1.0453,1.0453,0.0
2022-01-14,1.0429,1.0429,1.0429,1.0429,0.0
2022-01-17,1.0429,1.0429,1.0429,1.0429,0.0
2022-01-18,1.0414,1.0414,1.0414,1.0414,0.0
2022-01-19,1.0383,1.0383,1.0383,1.0383,0.0
2022-01-20,1.0382,1.0382,1.0382,1.0382,0.0
2022-01-21,1.0353,1.0353,1.0353,1.0353,0.0
2022-01-24,1.0308,1.0308,1.0308,1.0308,0.0
2022-01-25,1.0364,1.0364,1.0364,1.0364,0.0
2022-01-26,1.0386,1.0386,1.0386,1.0386,0.0
2022-01-27,1.0391,1.0391,1.0391,1.0391,0.0
2022-01-28,1.0378,1.0378,1.0378,1.0378,0.0
2022-01-31,1.0404,1.0404,1.0404,1.0404,0.0
2022-02-01,1.0374,1.0374,1.0374,1.0374,0.0
2022-02-02,1.0399,1.0399,1.0399,1.0399,0.0
2022-02-03,1.0407,1.0407,1.0407,1.0407,0.0
2022-02-04,1.0567,1.0567,1.0567,1.0567,0.0
2022-02-07,1.0571,1.0571,1.0571,1.0571,0.0
2022-02-08,1.0545,1.0545,1.0545,1.0545,0.0
2022-02-09,1.0555,1.0555,1.0555,1.0555,0.0
2022-02-10,1.0571,1.0571,1.0571,1.0571,0.0
2022-02-11,1.0557,1.0557,1.0557,1.0557,0.0
2022-02-14,1.0472,1.0472,1.0472,1.0472,0.0
2022-02-15,1.0483,1.0483,1.0483,1.0483,0.0
2022-02-16,1.0516,1.0516,1.0516,1.0516,0.0
2022-02-17,1.0466,1.0466,1.0466,1.0466,0.0
2022-02-18,1.0452,1.0452,1.0452,1.0452,0.0
2022-02-21,1.0387,1.0387,1.0387,1.0387,0.0
2022-02-22,1.0422,1.0422,1.0422,1.0422,0.0
2022-02-23,1.0431,1.0431,1.0431,1.0431,0.0
2022-02-24,1.032,1.032,1.032,1.032,0.0
2022-02-25,1.0398,1.0398,1.0398,1.0398,0.0
2022-02-28,1.0336,1.0336,1.0336,1.0336,0.0
2022-03-01,1.0247,1.0247,1.0247,1.0247,0.0
2022-03-02,1.0216,1.0216,1.0216,1.0216,0.0
2022-03-03,1.0192,1.0192,1.0192,1.0192,0.0
2022-03-04,1.0056,1.0056,1.0056,1.0056,0.0
2022-03-07,1.0069,1.0069,1.0069,1.0069,0.0
2022-03-08,1.0111,1.0111,1.0111,1.0111,0.0
2022-03-09,1.0198,1.0198,1.0198,1.0198,0.0
2022-03-10,1.027,1.027,1.027,1.027,0.0
2022-03-11,1.023,1.023,1.023,1.023,0.0
2022-03-14,1.0249,1.0249,1.0249,1.0249,0.0
2022-03-15,1.0322,1.0322,1.0322,1.0322,0.0
2022-03-16,1.0336,1.0336,1.0336,1.0336,0.0
2022-03-17,1.0385,1.0385,1.0385,1.0385,0.0
2022-03-18,1.0314,1.0314,1.0314,1.0314,0.0
2022-03-21,1.0278,1.0278,1.0278,1.0278,0.0
2022-03-22,1.0275,1.0275,1.0275,1.0275,0.0
2022-03-23,1.0269,1.0269,1.0269,1.0269,0.0
2022-03-24,1.0225,1.0225,1.0225,1.0225,0.0
2022-03-25,1.0207,1.0207,1.0207,1.0207,0.0
2022-03-28,1.0257,1.0257,1.0257,1.0257,0.0
2022-03-29,1.0362,1.0362,1.0362,1.0362,0.0
2022-03-30,1.0309,1.0309,1.0309,1.0309,0.0
2022-03-31,1.0267,1.0267,1.0267,1.0267,0.0
2022-04-01,1.0217,1.0217,1.0217,1.0217,0.0
2022-04-04,1.0203,1.0203,1.0203,1.0203,0.0
2022-04-05,1.0141,1.0141,1.0141,1.0141,0.0
2022-04-06,1.0187,1.0187,1.0187,1.0187,0.0
2022-04-07,1.0185,1.0185,1.0185,1.0185,0.0
2022-04-08,1.0155,1.0155,1.0155,1.0155,0.0
2022-04-11,1.018,1.018,1.018,1.018,0.0
2022-04-12,1.0131,1.0131,1.0131,1.0131,0.0
2022-04-13,1.0116,1.0116,1.0116,1.0116,0.0
2022-04-14,1.0189,1.0189,1.0189,1.0189,0.0
2022-04-19,1.0208,1.0208,1.0208,1.0208,0.0
2022-04-20,1.0254,1.0254,1.0254,1.0254,0.0
2022-04-21,1.0335,1.0335,1.0335,1.0335,0.0
2022-04-22,1.0336,1.0336,1.0336,1.0336,0.0
2022-04-25,1.0267,1.0267,1.0267,1.0267,0.0
2022-04-26,1.0229,1.0229,1.0229,1.0229,0.0
2022-04-27,1.0229,1.0229,1.0229,1.0229,0.0
2022-04-28,1.0216,1.0216,1.0216,1.0216,0.0
2022-04-29,1.0229,1.0229,1.0229,1.0229,0.0
2022-05-02,1.0253,1.0253,1.0253,1.0253,0.0
2022-05-03,1.0272,1.0272,1.0272,1.0272,0.0
2022-05-04,1.0324,1.0324,1.0324,1.0324,0.0
2022-05-05,1.0355,1.0355,1.0355,1.0355,0.0
2022-05-06,1.0419,1.0419,1.0419,1.0419,0.0
2022-05-09,1.0462,1.0462,1.0462,1.0462,0.0
2022-05-10,1.0479,1.0479,1.0479,1.0479,0.0
2022-05-11,1.0446,1.0446,1.0446,1.0446,0.0
2022-05-12,1.0377,1.0377,1.0377,1.0377,0.0
2022-05-13,1.0385,1.0385,1.0385,1.0385,0.0
2022-05-16,1.0479,1.0479,1.0479,1.0479,0.0
2022-05-17,1.0457,1.0457,1.0457,1.0457,0.0
2022-05-18,1.0486,1.0486,1.0486,1.0486,0.0
2022-05-19,1.0265,1.0265,1.0265,1.0265,0.0
2022-05-20,1.028,1.028,1.028,1.028,0.0
2022-05-23,1.031,1.031,1.031,1.031,0.0
2022-05-24,1.0334,1.0334,1.0334,1.0334,0.0
2022-05-25,1.0269,1.0269,1.0269,1.0269,0.0
2022-05-26,1.0283,1.0283,1.0283,1.0283,0.0
2022-05-27,1.0258,1.0258,1.0258,1.0258,0.0
2022-05-30,1.0327,1.0327,1.0327,1.0327,0.0
2022-05-31,1.0281,1.0281,1.0281,1.0281,0.0
2022-06-01,1.0305,1.0305,1.0305,1.0305,0.0
2022-06-02,1.0264,1.0264,1.0264,1.0264,0.0
2022-06-03,1.0296,1.0296,1.0296,1.0296,0.0
2022-06-06,1.032,1.032,1.032,1.032,0.0
2022-06-07,1.0423,1.0423,1.0423,1.0423,0.0
2022-06-08,1.0486,1.0486,1.0486,1.0486,0.0
2022-06-09,1.0495,1.0495,1.0495,1.0495,0.0
2022-06-10,1.0404,1.0404,1.0404,1.0404,0.0
2022-06-13,1.0375,1.0375,1.0375,1.0375,0.0
2022-06-14,1.0394,1.0394,1.0394,1.0394,0.0
2022-06-15,1.0435,1.0435,1.0435,1.0435,0.0
2022-06-16,1.0142,1.0142,1.0142,1.0142,0.0
2022-06-17,1.0105,1.0105,1.0105,1.0105,0.0
2022-06-20,1.0162,1.0162,1.0162,1.0162,0.0
2022-06-21,1.0214,1.0214,1.0214,1.0214,0.0
2022-06-22,1.0153,1.0153,1.0153,1.0153,0.0
2022-06-23,1.013,1.013,1.013,1.013,0.0
2022-06-24,1.0072,1.0072,1.0072,1.0072,0.0
2022-06-27,1.0143,1.0143,1.0143,1.0143,0.0
2022-06-28,1.0101,1.0101,1.0101,1.0101,0.0
2022-06-29,1.0005,1.0005,1.0005,1.0005,0.0
2022-06-30,0.996,0.996,0.996,0.996,0.0
2022-07-01,1.0027,1.0027,1.0027,1.0027,0.0
2022-07-04,1.0037,1.0037,1.0037,1.0037,0.0
2022-07-05,0.9932,0.9932,0.9932,0.9932,0.0
2022-07-06,0.9896,0.9896,0.9896,0.9896,0.0
2022-07-07,0.9906,0.9906,0.9906,0.9906,0.0
2022-07-08,0.9913,0.9913,0.9913,0.9913,0.0
2022-07-11,0.9908,0.9908,0.9908,0.9908,0.0
2022-07-12,0.9883,0.9883,0.9883,0.9883,0.0
2022-07-13,0.9829,0.9829,0.9829,0.9829,0.0
2022-07-14,0.9841,0.9841,0.9841,0.9841,0.0
2022-07-15,0.9849,0.9849,0.9849,0.9849,0.0
2022-07-18,0.9911,0.9911,0.9911,0.9911,0.0
2022-07-19,0.9918,0.9918,0.9918,0.9918,0.0
2022-07-20,0.9896,0.9896,0.9896,0.9896,0.0
2022-07-21,0.9924,0.9924,0.9924,0.9924,0.0
2022-07-22,0.9832,0.9832,0.9832,0.9832,0.0
2022-07-25,0.9869,0.9869,0.9869,0.9869,0.0
2022-07-26,0.9765,0.9765,0.9765,0.9765,0.0
2022-07-27,0.9768,0.9768,0.9768,0.9768,0.0
2022-07-28,0.9745,0.9745,0.9745,0.9745,0.0
2022-07-29,0.9744,0.9744,0.9744,0.9744,0.0
2022-08-01,0.9717,0.9717,0.9717,0.9717,0.0
2022-08-02,0.9744,0.9744,0.9744,0.9744,0.0
2022-08-03,0.9773,0.9773,0.9773,0.9773,0.0
2022-08-04,0.9765,0.9765,0.9765,0.9765,0.0
2022-08-05,0.9776,0.9776,0.9776,0.9776,0.0
2022-08-08,0.9763,0.9763,0.9763,0.9763,0.0
2022-08-09,0.9763,0.9763,0.9763,0.9763,0.0
2022-08-10,0.9713,0.9713,0.9713,0.9713,0.0
2022-08-11,0.9712,0.9712,0.9712,0.9712,0.0
2022-08-12,0.9689,0.9689,0.9689,0.9689,0.0
2022-08-15,0.9631,0.9631,0.9631,0.9631,0.0
2022-08-16,0.9625,0.9625,0.9625,0.9625,0.0
2022-08-17,0.9686,0.9686,0.9686,0.9686,0.0
2022-08-18,0.9683,0.9683,0.9683,0.9683,0.0
2022-08-19,0.9616,0.9616,0.9616,0.9616,0.0
2022-08-22,0.958,0.958,0.958,0.958,0.0
2022-08-23,0.9602,0.9602,0.9602,0.9602,0.0
2022-08-24,0.9576,0.9576,0.9576,0.9576,0.0
2022-08-25,0.9616,0.9616,0.9616,0.9616,0.0
2022-08-26,0.9642,0.9642,0.9642,0.9642,0.0
2022-08-29,0.967,0.967,0.967,0.967,0.0
2022-08-30,0.9741,0.9741,0.9741,0.9741,0.0
2022-08-31,0.9796,0.9796,0.9796,0.9796,0.0
2022-09-01,0.9802,0.9802,0.9802,0.9802,0.0
2022-09-02,0.9839,0.9839,0.9839,0.9839,0.0
2022-09-05,0.9747,0.9747,0.9747,0.9747,0.0
2022-09-06,0.9745,0.9745,0.9745,0.9745,0.0
2022-09-07,0.975,0.975,0.975,0.975,0.0
2022-09-08,0.9739,0.9739,0.9739,0.9739,0.0
2022-09-09,0.9657,0.9657,0.9657,0.9657,0.0
2022-09-12,0.9667,0.9667,0.9667,0.9667,0.0
2022-09-13,0.9669,0.9669,0.9669,0.9669,0.0
2022-09-14,0.9612,0.9612,0.9612,0.9612,0.0
2022-09-15,0.9572,0.9572,0.9572,0.9572,0.0
2022-09-16,0.9579,0.9579,0.9579,0.9579,0.0
2022-09-19,0.9658,0.9658,0.9658,0.9658,0.0
2022-09-20,0.9644,0.9644,0.9644,0.9644,0.0
2022-09-21,0.9549,0.9549,0.9549,0.9549,0.0
2022-09-22,0.9684,0.9684,0.9684,0.9684,0.0
2022-09-23,0.9565,0.9565,0.9565,0.9565,0.0
2022-09-26,0.9555,0.9555,0.9555,0.9555,0.0
2022-09-27,0.9503,0.9503,0.9503,0.9503,0.0
2022-09-28,0.9437,0.9437,0.9437,0.9437,0.0
2022-09-29,0.9538,0.9538,0.9538,0.9538,0.0
2022-09-30,0.9561,0.9561,0.9561,0.9561,0.0
2022-10-03,0.9658,0.9658,0.9658,0.9658,0.0
2022-10-04,0.9767,0.9767,0.9767,0.9767,0.0
2022-10-05,0.9756,0.9756,0.9756,0.9756,0.0
2022-10-06,0.9709,0.9709,0.9709,0.9709,0.0
2022-10-07,0.97,0.97,0.97,0.97,0.0
2022-10-10,0.968,0.968,0.968,0.968,0.0
2022-10-11,0.9675,0.9675,0.9675,0.9675,0.0
2022-10-12,0.9664,0.9664,0.9664,0.9664,0.0
2022-10-13,0.9725,0.9725,0.9725,0.9725,0.0
2022-10-14,0.9757,0.9757,0.9757,0.9757,0.0
2022-10-17,0.9762,0.9762,0.9762,0.9762,0.0
2022-10-18,0.9792,0.9792,0.9792,0.9792,0.0
2022-10-19,0.981,0.981,0.981,0.981,0.0
2022-10-20,0.9836,0.9836,0.9836,0.9836,0.0
2022-10-21,0.9855,0.9855,0.9855,0.9855,0.0
2022-10-24,0.9856,0.9856,0.9856,0.9856,0.0
2022-10-25,0.9888,0.9888,0.9888,0.9888,0.0
2022-10-26,0.9917,0.9917,0.9917,0.9917,0.0
2022-10-27,0.9949,0.9949,0.9949,0.9949,0.0
2022-10-28,0.992,0.992,0.992,0.992,0.0
2022-10-31,0.9925,0.9925,0.9925,0.9925,0.0
2022-11-01,0.9878,0.9878,0.9878,0.9878,0.0
2022-11-02,0.9861,0.9861,0.9861,0.9861,0.0
2022-11-03,0.9889,0.9889,0.9889,0.9889,0.0
2022-11-04,0.9863,0.9863,0.9863,0.9863,0.0
2022-11-07,0.9874,0.9874,0.9874,0.9874,0.0
2022-11-08,0.9911,0.9911,0.9911,0.9911,0.0
2022-11-09,0.988,0.988,0.988,0.988,0.0
2022-11-10,0.9834,0.9834,0.9834,0.9834,0.0
2022-11-11,0.9844,0.9844,0.9844,0.9844,0.0
2022-11-14,0.9751,0.9751,0.9751,0.9751,0.0
2022-11-15,0.979,0.979,0.979,0.979,0.0
2022-11-16,0.9795,0.9795,0.9795,0.9795,0.0
2022-11-17,0.9818,0.9818,0.9818,0.9818,0.0
2022-11-18,0.9881,0.9881,0.9881,0.9881,0.0
2022-11-21,0.9817,0.9817,0.9817,0.9817,0.0
2022-11-22,0.9791,0.9791,0.9791,0.9791,0.0
2022-11-23,0.9795,0.9795,0.9795,0.9795,0.0
2022-11-24,0.9818,0.9818,0.9818,0.9818,0.0
2022-11-25,0.9836,0.9836,0.9836,0.9836,0.0
2022-11-28,0.9872,0.9872,0.9872,0.9872,0.0
2022-11-29,0.9862,0.9862,0.9862,0.9862,0.0
2022-11-30,0.9854,0.9854,0.9854,0.9854,0.0
2022-12-01,0.9868,0.9868,0.9868,0.9868,0.0
2022-12-02,0.9834,0.9834,0.9834,0.9834,0.0
2022-12-05,0.9893,0.9893,0.9893,0.9893,0.0
2022-12-06,0.9872,0.9872,0.9872,0.9872,0.0
2022-12-07,0.9893,0.9893,0.9893,0.9893,0.0
2022-12-08,0.9889,0.9889,0.9889,0.9889,0.0
2022-12-09,0.9856,0.9856,0.9856,0.9856,0.0
2022-12-12,0.9855,0.9855,0.9855,0.9855,0.0
2022-12-13,0.9869,0.9869,0.9869,0.9869,0.0
2022-12-14,0.9865,0.9865,0.9865,0.9865,0.0
2022-12-15,0.9862,0.9862,0.9862,0.9862,0.0
2022-12-16,0.9879,0.9879,0.9879,0.9879,0.0
2022-12-19,0.9884,0.9884,0.9884,0.9884,0.0
2022-12-20,0.9854,0.9854,0.9854,0.9854,0.0
2022-12-21,0.9836,0.9836,0.9836,0.9836,0.0
2022-12-22,0.9852,0.9852,0.9852,0.9852,0.0
2022-12-23,0.9867,0.9867,0.9867,0.9867,0.0
2022-12-27,0.9885,0.9885,0.9885,0.9885,0.0
2022-12-28,0.9863,0.9863,0.9863,0.9863,0.0
2022-12-29,0.984,0.984,0.984,0.984,0.0
2022-12-30,0.9847,0.9847,0.9847,0.9847,0.0
2023-01-02,0.9873,0.9873,0.9873,0.9873,0.0
2023-01-03,0.9879,0.9879,0.9879,0.9879,0.0
2023-01-04,0.9843,0.9843,0.9843,0.9843,0.0
2023-01-05,0.9839,0.9839,0.9839,0.9839,0.0
2023-01-06,0.9864,0.9864,0.9864,0.9864,0.0
2023-01-09,0.9865,0.9865,0.9865,0.9865,0.0
2023-01-10,0.9908,0.9908,0.9908,0.9908,0.0
2023-01-11,0.9967,0.9967,0.9967,0.9967,0.0
2023-01-12,1.0056,1.0056,1.0056,1.0056,0.0
2023-01-13,1.0051,1.0051,1.0051,1.0051,0.0
2023-01-16,1.0026,1.0026,1.0026,1.0026,0.0
2023-01-17,0.9998,0.9998,0.9998,0.9998,0.0
2023-01-18,0.9906,0.9906,0.9906,0.9906,0.0
2023-01-19,0.9921,0.9921,0.9921,0.9921,0.0
2023-01-20,0.9962,0.9962,0.9962,0.9962,0.0
2023-01-23,1.0013,1.0013,1.0013,1.0013,0.0
2023-01-24,1.0053,1.0053,1.0053,1.0053,0.0
2023-01-25,1.002,1.002,1.002,1.002,0.0
2023-01-26,1.0002,1.0002,1.0002,1.0002,0.0
2023-01-27,1.0017,1.0017,1.0017,1.0017,0.0
2023-01-30,1.0045,1.0045,1.0045,1.0045,0.0
2023-01-31,1.0032,1.0032,1.0032,1.0032,0.0
2023-02-01,0.998,0.998,0.998,0.998,0.0
2023-02-02,0.9992,0.9992,0.9992,0.9992,0.0
2023-02-03,0.9989,0.9989,0.9989,0.9989,0.0
2023-02-06,0.9964,0.9964,0.9964,0.9964,0.0
2023-02-07,0.9906,0.9906,0.9906,0.9906,0.0
2023-02-08,0.9881,0.9881,0.9881,0.9881,0.0
2023-02-09,0.989,0.989,0.989,0.989,0.0
2023-02-10,0.9872,0.9872,0.9872,0.9872,0.0
2023-02-13,0.9849,0.9849,0.9849,0.9849,0.0
2023-02-14,0.987,0.987,0.987,0.987,0.0
2023-02-15,0.9885,0.9885,0.9885,0.9885,0.0
2023-02-16,0.9873,0.9873,0.9873,0.9873,0.0
2023-02-17,0.9896,0.9896,0.9896,0.9896,0.0
2023-02-20,0.9861,0.9861,0.9861,0.9861,0.0
2023-02-21,0.9853,0.9853,0.9853,0.9853,0.0
2023-02-22,0.987,0.987,0.987,0.987,0.0
2023-02-23,0.9892,0.9892,0.9892,0.9892,0.0
2023-02-24,0.9898,0.9898,0.9898,0.9898,0.0
2023-02-27,0.9929,0.9929,0.9929,0.9929,0.0
2023-02-28,0.9947,0.9947,0.9947,0.9947,0.0
2023-03-01,0.9997,0.9997,0.9997,0.9997,0.0
2023-03-02,0.9988,0.9988,0.9988,0.9988,0.0
2023-03-03,0.9958,0.9958,0.9958,0.9958,0.0
2023-03-06,0.9947,0.9947,0.9947,0.9947,0.0
2023-03-07,0.9959,0.9959,0.9959,0.9959,0.0
2023-03-08,0.9931,0.9931,0.9931,0.9931,0.0
2023-03-09,0.9911,0.9911,0.9911,0.9911,0.0
2023-03-10,0.9824,0.9824,0.9824,0.9824,0.0
2023-03-13,0.975,0.975,0.975,0.975,0.0
2023-03-14,0.9784,0.9784,0.9784,0.9784,0.0
2023-03-15,0.9727,0.9727,0.9727,0.9727,0.0
2023-03-16,0.982,0.982,0.982,0.982,0.0
2023-03-17,0.9858,0.9858,0.9858,0.9858,0.0
2023-03-20,0.9928,0.9928,0.9928,0.9928,0.0
2023-03-21,0.997,0.997,0.997,0.997,0.0
2023-03-22,0.996,0.996,0.996,0.996,0.0
2023-03-23,0.9969,0.9969,0.9969,0.9969,0.0
2023-03-24,0.9874,0.9874,0.9874,0.9874,0.0
2023-03-27,0.9875,0.9875,0.9875,0.9875,0.0
2023-03-28,0.9947,0.9947,0.9947,0.9947,0.0
2023-03-29,0.9973,0.9973,0.9973,0.9973,0.0
2023-03-30,0.9963,0.9963,0.9963,0.9963,0.0
2023-03-31,0.9968,0.9968,0.9968,0.9968,0.0
2023-04-03,0.9949,0.9949,0.9949,0.9949,0.0
2023-04-04,0.9954,0.9954,0.9954,0.9954,0.0
2023-04-05,0.9901,0.9901,0.9901,0.9901,0.0
2023-04-06,0.9878,0.9878,0.9878,0.9878,0.0
2023-04-11,0.9868,0.9868,0.9868,0.9868,0.0
2023-04-12,0.9853,0.9853,0.9853,0.9853,0.0
2023-04-13,0.9804,0.9804,0.9804,0.9804,0.0
2023-04-14,0.9827,0.9827,0.9827,0.9827,0.0
2023-04-17,0.9812,0.9812,0.9812,0.9812,0.0
2023-04-18,0.9831,0.9831,0.9831,0.9831,0.0
2023-04-19,0.9828,0.9828,0.9828,0.9828,0.0
2023-04-20,0.981,0.981,0.981,0.981,0.0
2023-04-21,0.9795,0.9795,0.9795,0.9795,0.0
2023-04-24,0.98,0.98,0.98,0.98,0.0
2023-04-25,0.9786,0.9786,0.9786,0.9786,0.0
2023-04-26,0.9824,0.9824,0.9824,0.9824,0.0
2023-04-27,0.9862,0.9862,0.9862,0.9862,0.0
2023-04-28,0.9839,0.9839,0.9839,0.9839,0.0
2023-05-02,0.9841,0.9841,0.9841,0.9841,0.0
2023-05-03,0.9809,0.9809,0.9809,0.9809,0.0
2023-05-04,0.9802,0.9802,0.9802,0.9802,0.0
2023-05-05,0.9828,0.9828,0.9828,0.9828,0.0
2023-05-08,0.9813,0.9813,0.9813,0.9813,0.0
2023-05-09,0.9788,0.9788,0.9788,0.9788,0.0
2023-05-10,0.9771,0.9771,0.9771,0.9771,0.0
2023-05-11,0.9758,0.9758,0.9758,0.9758,0.0
2023-05-12,0.9744,0.9744,0.9744,0.9744,0.0
2023-05-15,0.9747,0.9747,0.9747,0.9747,0.0
2023-05-16,0.9732,0.9732,0.9732,0.9732,0.0
2023-05-17,0.9746,0.9746,0.9746,0.9746,0.0
2023-05-18,0.9735,0.9735,0.9735,0.9735,0.0
2023-05-19,0.9738,0.9738,0.9738,0.9738,0.0
2023-05-22,0.97,0.97,0.97,0.97,0.0
2023-05-23,0.9718,0.9718,0.9718,0.9718,0.0
2023-05-24,0.9732,0.9732,0.9732,0.9732,0.0
2023-05-25,0.9708,0.9708,0.9708,0.9708,0.0
2023-05-26,0.9707,0.9707,0.9707,0.9707,0.0
2023-05-29,0.9683,0.9683,0.9683,0.9683,0.0
2023-05-30,0.969,0.969,0.969,0.969,0.0
2023-05-31,0.9724,0.9724,0.9724,0.9724,0.0
2023-06-01,0.9732,0.9732,0.9732,0.9732,0.0
2023-06-02,0.9758,0.9758,0.9758,0.9758,0.0
2023-06-05,0.9732,0.9732,0.9732,0.9732,0.0
2023-06-06,0.9698,0.9698,0.9698,0.9698,0.0
2023-06-07,0.9704,0.9704,0.9704,0.9704,0.0
2023-06-08,0.9751,0.9751,0.9751,0.9751,0.0
2023-06-09,0.9716,0.9716,0.9716,0.9716,0.0
2023-06-12,0.9751,0.9751,0.9751,0.9751,0.0
2023-06-13,0.9784,0.9784,0.9784,0.9784,0.0
2023-06-14,0.9751,0.9751,0.9751,0.9751,0.0
2023-06-15,0.9761,0.9761,0.9761,0.9761,0.0
2023-06-16,0.977,0.977,0.977,0.977,0.0
2023-06-19,0.9772,0.9772,0.9772,0.9772,0.0
2023-06-20,0.9808,0.9808,0.9808,0.9808,0.0
2023-06-21,0.9803,0.9803,0.9803,0.9803,0.0
2023-06-22,0.9825,0.9825,0.9825,0.9825,0.0
2023-06-23,0.9773,0.9773,0.9773,0.9773,0.0
2023-06-26,0.9737,0.9737,0.9737,0.9737,0.0
2023-06-27,0.9789,0.9789,0.9789,0.9789,0.0
2023-06-28,0.9822,0.9822,0.9822,0.9822,0.0
2023-06-29,0.9783,0.9783,0.9783,0.9783,0.0
2023-06-30,0.9788,0.9788,0.9788,0.9788,0.0
2023-07-03,0.98,0.98,0.98,0.98,0.0
2023-07-04,0.9762,0.9762,0.9762,0.9762,0.0
2023-07-05,0.9782,0.9782,0.9782,0.9782,0.0
2023-07-06,0.9757,0.9757,0.9757,0.9757,0.0
2023-07-07,0.9754,0.9754,0.9754,0.9754,0.0
2023-07-10,0.9753,0.9753,0.9753,0.9753,0.0
2023-07-11,0.9693,0.9693,0.9693,0.9693,0.0
2023-07-12,0.9683,0.9683,0.9683,0.9683,0.0
2023-07-13,0.9644,0.9644,0.9644,0.9644,0.0
2023-07-14,0.9649,0.9649,0.9649,0.9649,0.0
2023-07-17,0.9652,0.9652,0.9652,0.9652,0.0
2023-07-18,0.9647,0.9647,0.9647,0.9647,0.0
2023-07-19,0.9628,0.9628,0.9628,0.9628,0.0
2023-07-20,0.9635,0.9635,0.9635,0.9635,0.0
2023-07-21,0.963,0.963,0.963,0.963,0.0
2023-07-24,0.9595,0.9595,0.9595,0.9595,0.0
2023-07-25,0.9598,0.9598,0.9598,0.9598,0.0
2023-07-26,0.9549,0.9549,0.9549,0.9549,0.0
2023-07-27,0.9542,0.9542,0.9542,0.9542,0.0
2023-07-28,0.9554,0.9554,0.9554,0.9554,0.0
2023-07-31,0.9619,0.9619,0.9619,0.9619,0.0
2023-08-01,0.961,0.961,0.961,0.961,0.0
2023-08-02,0.9642,0.9642,0.9642,0.9642,0.0
2023-08-03,0.9579,0.9579,0.9579,0.9579,0.0
2023-08-04,0.9598,0.9598,0.9598,0.9598,0.0
2023-08-07,0.9625,0.9625,0.9625,0.9625,0.0
2023-08-08,0.96,0.96,0.96,0.96,0.0
2023-08-09,0.9627,0.9627,0.9627,0.9627,0.0
2023-08-10,0.9618,0.9618,0.9618,0.9618,0.0
2023-08-11,0.9617,0.9617,0.9617,0.9617,0.0
2023-08-14,0.9608,0.9608,0.9608,0.9608,0.0
2023-08-15,0.9586,0.9586,0.9586,0.9586,0.0
2023-08-16,0.9605,0.9605,0.9605,0.9605,0.0
2023-08-17,0.9555,0.9555,0.9555,0.9555,0.0
2023-08-18,0.9571,0.9571,0.9571,0.9571,0.0
2023-08-21,0.9588,0.9588,0.9588,0.9588,0.0
2023-08-22,0.9565,0.9565,0.9565,0.9565,0.0
2023-08-23,0.9524,0.9524,0.9524,0.9524,0.0
2023-08-24,0.9562,0.9562,0.9562,0.9562,0.0
2023-08-25,0.9564,0.9564,0.9564,0.9564,0.0
2023-08-28,0.9559,0.9559,0.9559,0.9559,0.0
2023-08-29,0.9558,0.9558,0.9558,0.9558,0.0
2023-08-30,0.9568,0.9568,0.9568,0.9568,0.0
2023-08-31,0.9584,0.9584,0.9584,0.9584,0.0
2023-09-01,0.9574,0.9574,0.9574,0.9574,0.0
2023-09-04,0.9548,0.9548,0.9548,0.9548,0.0
2023-09-05,0.9548,0.9548,0.9548,0.9548,0.0
2023-09-06,0.9561,0.9561,0.9561,0.9561,0.0
2023-09-07,0.9557,0.9557,0.9557,0.9557,0.0
2023-09-08,0.9543,0.9543,0.9543,0.9543,0.0
2023-09-11,0.956,0.956,0.956,0.956,0.0
2023-09-12,0.9561,0.9561,0.9561,0.9561,0.0
2023-09-13,0.9589,0.9589,0.9589,0.9589,0.0
2023-09-14,0.9588,0.9588,0.9588,0.9588,0.0
2023-09-15,0.9554,0.9554,0.9554,0.9554,0.0
2023-09-18,0.9564,0.9564,0.9564,0.9564,0.0
2023-09-19,0.9595,0.9595,0.9595,0.9595,0.0
2023-09-20,0.9601,0.9601,0.9601,0.9601,0.0
2023-09-21,0.9628,0.9628,0.9628,0.9628,0.0
2023-09-22,0.965,0.965,0.965,0.965,0.0
2023-09-25,0.9676,0.9676,0.9676,0.9676,0.0
2023-09-26,0.9675,0.9675,0.9675,0.9675,0.0
2023-09-27,0.968,0.968,0.968,0.968,0.0
2023-09-28,0.9678,0.9678,0.9678,0.9678,0.0
2023-09-29,0.9669,0.9669,0.9669,0.9669,0.0
2023-10-02,0.9634,0.9634,0.9634,0.9634,0.0
2023-10-03,0.966,0.966,0.966,0.966,0.0
2023-10-04,0.9634,0.9634,0.9634,0.9634,0.0
2023-10-05,0.9625,0.9625,0.9625,0.9625,0.0
2023-10-06,0.9629,0.9629,0.9629,0.9629,0.0
2023-10-09,0.9581,0.9581,0.9581,0.9581,0.0
2023-10-10,0.9589,0.9589,0.9589,0.9589,0.0
2023-10-11,0.9576,0.9576,0.9576,0.9576,0.0
2023-10-12,0.9566,0.9566,0.9566,0.9566,0.0
2023-10-13,0.9546,0.9546,0.9546,0.9546,0.0
2023-10-16,0.9505,0.9505,0.9505,0.9505,0.0
2023-10-17,0.9517,0.9517,0.9517,0.9517,0.0
2023-10-18,0.9492,0.9492,0.9492,0.9492,0.0
2023-10-19,0.947,0.947,0.947,0.947,0.0
2023-10-20,0.9442,0.9442,0.9442,0.9442,0.0
2023-10-23,0.9461,0.9461,0.9461,0.9461,0.0
2023-10-24,0.9501,0.9501,0.9501,0.9501,0.0
2023-10-25,0.9474,0.9474,0.9474,0.9474,0.0
2023-10-26,0.9466,0.9466,0.9466,0.9466,0.0
2023-10-27,0.9502,0.9502,0.9502,0.9502,0.0
2023-10-30,0.9564,0.9564,0.9564,0.9564,0.0
2023-10-31,0.9607,0.9607,0.9607,0.9607,0.0
2023-11-01,0.9572,0.9572,0.9572,0.9572,0.0
2023-11-02,0.9622,0.9622,0.9622,0.9622,0.0
2023-11-03,0.9625,0.9625,0.9625,0.9625,0.0
2023-11-06,0.9646,0.9646,0.9646,0.9646,0.0
2023-11-07,0.9626,0.9626,0.9626,0.9626,0.0
2023-11-08,0.9599,0.9599,0.9599,0.9599,0.0
2023-11-09,0.9637,0.9637,0.9637,0.9637,0.0
2023-11-10,0.9636,0.9636,0.9636,0.9636,0.0
2023-11-13,0.9656,0.9656,0.9656,0.9656,0.0
2023-11-14,0.9668,0.9668,0.9668,0.9668,0.0
2023-11-15,0.964,0.964,0.964,0.964,0.0
2023-11-16,0.9651,0.9651,0.9651,0.9651,0.0
2023-11-17,0.9643,0.9643,0.9643,0.9643,0.0
2023-11-20,0.9665,0.9665,0.9665,0.9665,0.0
2023-11-21,0.9673,0.9673,0.9673,0.9673,0.0
2023-11-22,0.964,0.964,0.964,0.964,0.0
2023-11-23,0.9644,0.9644,0.9644,0.9644,0.0
2023-11-24,0.964,0.964,0.964,0.964,0.0
2023-11-27,0.964,0.964,0.964,0.964,0.0
2023-11-28,0.9645,0.9645,0.9645,0.9645,0.0
2023-11-29,0.9628,0.9628,0.9628,0.9628,0.0
2023-11-30,0.9562,0.9562,0.9562,0.9562,0.0
2023-12-01,0.953,0.953,0.953,0.953,0.0
2023-12-04,0.9476,0.9476,0.9476,0.9476,0.0
2023-12-05,0.9456,0.9456,0.9456,0.9456,0.0
2023-12-06,0.9429,0.9429,0.9429,0.9429,0.0
2023-12-07,0.9446,0.9446,0.9446,0.9446,0.0
2023-12-08,0.9438,0.9438,0.9438,0.9438,0.0
2023-12-11,0.9478,0.9478,0.9478,0.9478,0.0
2023-12-12,0.9443,0.9443,0.9443,0.9443,0.0
2023-12-13,0.9452,0.9452,0.9452,0.9452,0.0
2023-12-14,0.949,0.949,0.949,0.949,0.0
2023-12-15,0.9488,0.9488,0.9488,0.9488,0.0
2023-12-18,0.948,0.948,0.948,0.948,0.0
2023-12-19,0.947,0.947,0.947,0.947,0.0
2023-12-20,0.946,0.946,0.946,0.946,0.0
2023-12-21,0.9432,0.9432,0.9432,0.9432,0.0
2023-12-22,0.9417,0.9417,0.9417,0.9417,0.0
2023-12-27,0.9438,0.9438,0.9438,0.9438,0.0
2023-12-28,0.9302,0.9302,0.9302,0.9302,0.0
2023-12-29,0.926,0.926,0.926,0.926,0.0
2024-01-02,0.9305,0.9305,0.9305,0.9305,0.0
2024-01-03,0.9322,0.9322,0.9322,0.9322,0.0
2024-01-04,0.9313,0.9313,0.9313,0.9313,0.0
2024-01-05,0.932,0.932,0.932,0.932,0.0
2024-01-08,0.9308,0.9308,0.9308,0.9308,0.0
2024-01-09,0.9313,0.9313,0.9313,0.9313,0.0
2024-01-10,0.9336,0.9336,0.9336,0.9336,0.0
2024-01-11,0.9338,0.9338,0.9338,0.9338,0.0
2024-01-12,0.935,0.935,0.935,0.935,0.0
2024-01-15,0.9351,0.9351,0.9351,0.9351,0.0
2024-01-16,0.9361,0.9361,0.9361,0.9361,0.0
2024-01-17,0.9406,0.9406,0.9406,0.9406,0.0
2024-01-18,0.9432,0.9432,0.9432,0.9432,0.0
2024-01-19,0.9459,0.9459,0.9459,0.9459,0.0
2024-01-22,0.9458,0.9458,0.9458,0.9458,0.0
2024-01-23,0.9446,0.9446,0.9446,0.9446,0.0
2024-01-24,0.9415,0.9415,0.9415,0.9415,0.0
2024-01-25,0.942,0.942,0.942,0.942,0.0
2024-01-26,0.9396,0.9396,0.9396,0.9396,0.0
2024-01-29,0.9339,0.9339,0.9339,0.9339,0.0
2024-01-30,0.9365,0.9365,0.9365,0.9365,0.0
2024-01-31,0.9348,0.9348,0.9348,0.9348,0.0
2024-02-01,0.9336,0.9336,0.9336,0.9336,0.0
2024-02-02,0.9315,0.9315,0.9315,0.9315,0.0
2024-02-05,0.9347,0.9347,0.9347,0.9347,0.0
2024-02-06,0.9366,0.9366,0.9366,0.9366,0.0
2024-02-07,0.9393,0.9393,0.9393,0.9393,0.0
2024-02-08,0.9409,0.9409,0.9409,0.9409,0.0
2024-02-09,0.9432,0.9432,0.9432,0.9432,0.0
2024-02-12,0.943,0.943,0.943,0.943,0.0
2024-02-13,0.9481,0.9481,0.9481,0.9481,0.0
2024-02-14,0.9493,0.9493,0.9493,0.9493,0.0
2024-02-15,0.9484,0.9484,0.9484,0.9484,0.0
2024-02-16,0.9491,0.9491,0.9491,0.9491,0.0
2024-02-19,0.9492,0.9492,0.9492,0.9492,0.0
2024-02-20,0.9526,0.9526,0.9526,0.9526,0.0
2024-02-21,0.951,0.951,0.951,0.951,0.0
2024-02-22,0.9535,0.9535,0.9535,0.9535,0.0
2024-02-23,0.9522,0.9522,0.9522,0.9522,0.0
2024-02-26,0.9546,0.9546,0.9546,0.9546,0.0
2024-02-27,0.9544,0.9544,0.9544,0.9544,0.0
2024-02-28,0.952,0.952,0.952,0.952,0.0
2024-02-29,0.9534,0.9534,0.9534,0.9534,0.0
2024-03-01,0.9582,0.9582,0.9582,0.9582,0.0
2024-03-04,0.9604,0.9604,0.9604,0.9604,0.0
2024-03-05,0.9609,0.9609,0.9609,0.9609,0.0
2024-03-06,0.9619,0.9619,0.9619,0.9619,0.0
2024-03-07,0.9577,0.9577,0.9577,0.9577,0.0
2024-03-08,0.9588,0.9588,0.9588,0.9588,0.0
2024-03-11,0.9594,0.9594,0.9594,0.9594,0.0
2024-03-12,0.9588,0.9588,0.9588,0.9588,0.0
2024-03-13,0.9599,0.9599,0.9599,0.9599,0.0
2024-03-14,0.9616,0.9616,0.9616,0.9616,0.0
2024-03-15,0.9613,0.9613,0.9613,0.9613,0.0
2024-03-18,0.963,0.963,0.963,0.963,0.0
2024-03-19,0.963,0.963,0.963,0.963,0.0
2024-03-20,0.9658,0.9658,0.9658,0.9658,0.0
2024-03-21,0.9766,0.9766,0.9766,0.9766,0.0
2024-03-22,0.9729,0.9729,0.9729,0.9729,0.0
2024-03-25,0.9724,0.9724,0.9724,0.9724,0.0
2024-03-26,0.981,0.981,0.981,0.981,0.0
2024-03-27,0.9811,0.9811,0.9811,0.9811,0.0
2024-03-28,0.9766,0.9766,0.9766,0.9766,0.0
2024-04-02,0.9765,0.9765,0.9765,0.9765,0.0
2024-04-03,0.9792,0.9792,0.9792,0.9792,0.0
2024-04-04,0.9846,0.9846,0.9846,0.9846,0.0
2024-04-05,0.9793,0.9793,0.9793,0.9793,0.0
2024-04-08,0.9807,0.9807,0.9807,0.9807,0.0
2024-04-09,0.9819,0.9819,0.9819,0.9819,0.0
2024-04-10,0.981,0.981,0.981,0.981,0.0
2024-04-11,0.9787,0.9787,0.9787,0.9787,0.0
2024-04-12,0.9716,0.9716,0.9716,0.9716,0.0
2024-04-15,0.9725,0.9725,0.9725,0.9725,0.0
2024-04-16,0.9712,0.9712,0.9712,0.9712,0.0
2024-04-17,0.9693,0.9693,0.9693,0.9693,0.0
2024-04-18,0.9704,0.9704,0.9704,0.9704,0.0
2024-04-19,0.968,0.968,0.968,0.968,0.0
2024-04-22,0.9693,0.9693,0.9693,0.9693,0.0
2024-04-23,0.9724,0.9724,0.9724,0.9724,0.0
2024-04-24,0.9774,0.9774,0.9774,0.9774,0.0
2024-04-25,0.9792,0.9792,0.9792,0.9792,0.0
2024-04-26,0.9779,0.9779,0.9779,0.9779,0.0
2024-04-29,0.9776,0.9776,0.9776,0.9776,0.0
2024-04-30,0.9787,0.9787,0.9787,0.9787,0.0
2024-05-02,0.9759,0.9759,0.9759,0.9759,0.0
2024-05-03,0.9744,0.9744,0.9744,0.9744,0.0
2024-05-06,0.9754,0.9754,0.9754,0.9754,0.0
2024-05-07,0.977,0.977,0.977,0.977,0.0
2024-05-08,0.977,0.977,0.977,0.977,0.0
2024-05-09,0.976,0.976,0.976,0.976,0.0
2024-05-10,0.9779,0.9779,0.9779,0.9779,0.0
2024-05-13,0.9784,0.9784,0.9784,0.9784,0.0
2024-05-14,0.9801,0.9801,0.9801,0.9801,0.0
2024-05-15,0.98,0.98,0.98,0.98,0.0
2024-05-16,0.9822,0.9822,0.9822,0.9822,0.0
2024-05-17,0.9855,0.9855,0.9855,0.9855,0.0
2024-05-20,0.988,0.988,0.988,0.988,0.0
2024-05-21,0.9884,0.9884,0.9884,0.9884,0.0
2024-05-22,0.9905,0.9905,0.9905,0.9905,0.0
2024-05-23,0.9907,0.9907,0.9907,0.9907,0.0
2024-05-24,0.9924,0.9924,0.9924,0.9924,0.0
2024-05-27,0.9922,0.9922,0.9922,0.9922,0.0
2024-05-28,0.9908,0.9908,0.9908,0.9908,0.0
2024-05-29,0.9907,0.9907,0.9907,0.9907,0.0
2024-05-30,0.9808,0.9808,0.9808,0.9808,0.0
2024-05-31,0.9818,0.9818,0.9818,0.9818,0.0
2024-06-03,0.9772,0.9772,0.9772,0.9772,0.0
2024-06-04,0.9703,0.9703,0.9703,0.9703,0.0
2024-06-05,0.9704,0.9704,0.9704,0.9704,0.0
2024-06-06,0.9687,0.9687,0.9687,0.9687,0.0
2024-06-07,0.9696,0.9696,0.9696,0.9696,0.0
2024-06-10,0.9637,0.9637,0.9637,0.9637,0.0
2024-06-11,0.9622,0.9622,0.9622,0.9622,0.0
2024-06-12,0.9641,0.9641,0.9641,0.9641,0.0
2024-06-13,0.9668,0.9668,0.9668,0.9668,0.0
2024-06-14,0.9534,0.9534,0.9534,0.9534,0.0
2024-06-17,0.9561,0.9561,0.9561,0.9561,0.0
2024-06-18,0.9512,0.9512,0.9512,0.9512,0.0
2024-06-19,0.9506,0.9506,0.9506,0.9506,0.0
2024-06-20,0.9546,0.9546,0.9546,0.9546,0.0
2024-06-21,0.9537,0.9537,0.9537,0.9537,0.0
2024-06-24,0.9586,0.9586,0.9586,0.9586,0.0
2024-06-25,0.9575,0.9575,0.9575,0.9575,0.0
2024-06-26,0.9585,0.9585,0.9585,0.9585,0.0
2024-06-27,0.9604,0.9604,0.9604,0.9604,0.0
2024-06-28,0.9634,0.9634,0.9634,0.9634,0.0
2024-07-01,0.9689,0.9689,0.9689,0.9689,0.0
2024-07-02,0.9697,0.9697,0.9697,0.9697,0.0
2024-07-03,0.9718,0.9718,0.9718,0.9718,0.0
2024-07-04,0.9717,0.9717,0.9717,0.9717,0.0
2024-07-05,0.973,0.973,0.973,0.973,0.0
2024-07-08,0.9711,0.9711,0.9711,0.9711,0.0
2024-07-09,0.9712,0.9712,0.9712,0.9712,0.0
2024-07-10,0.9723,0.9723,0.9723,0.9723,0.0
2024-07-11,0.9749,0.9749,0.9749,0.9749,0.0
2024-07-12,0.9747,0.9747,0.9747,0.9747,0.0
2024-07-15,0.9755,0.9755,0.9755,0.9755,0.0
2024-07-16,0.9761,0.9761,0.9761,0.9761,0.0
2024-07-17,0.9693,0.9693,0.9693,0.9693,0.0
2024-07-18,0.9666,0.9666,0.9666,0.9666,0.0
2024-07-19,0.9688,0.9688,0.9688,0.9688,0.0
2024-07-22,0.9671,0.9671,0.9671,0.9671,0.0
2024-07-23,0.9681,0.9681,0.9681,0.9681,0.0
2024-07-24,0.9609,0.9609,0.9609,0.9609,0.0
2024-07-25,0.9534,0.9534,0.9534,0.9534,0.0
2024-07-26,0.9594,0.9594,0.9594,0.9594,0.0
2024-07-29,0.9578,0.9578,0.9578,0.9578,0.0
2024-07-30,0.9592,0.9592,0.9592,0.9592,0.0
2024-07-31,0.9533,0.9533,0.9533,0.9533,0.0
2024-08-01,0.9467,0.9467,0.9467,0.9467,0.0
2024-08-02,0.9433,0.9433,0.9433,0.9433,0.0
2024-08-05,0.9304,0.9304,0.9304,0.9304,0.0
2024-08-06,0.9325,0.9325,0.9325,0.9325,0.0
2024-08-07,0.9409,0.9409,0.9409,0.9409,0.0
2024-08-08,0.9368,0.9368,0.9368,0.9368,0.0
2024-08-09,0.9435,0.9435,0.9435,0.9435,0.0
2024-08-12,0.9491,0.9491,0.9491,0.9491,0.0
2024-08-13,0.948,0.948,0.948,0.948,0.0
2024-08-14,0.9515,0.9515,0.9515,0.9515,0.0
2024-08-15,0.9541,0.9541,0.9541,0.9541,0.0
2024-08-16,0.954,0.954,0.954,0.954,0.0
2024-08-19,0.9543,0.9543,0.9543,0.9543,0.0
2024-08-20,0.9527,0.9527,0.9527,0.9527,0.0
2024-08-21,0.9503,0.9503,0.9503,0.9503,0.0
2024-08-22,0.949,0.949,0.949,0.949,0.0
2024-08-23,0.9476,0.9476,0.9476,0.9476,0.0
2024-08-26,0.946,0.946,0.946,0.946,0.0
2024-08-27,0.944,0.944,0.944,0.944,0.0
2024-08-28,0.9375,0.9375,0.9375,0.9375,0.0
2024-08-29,0.9364,0.9364,0.9364,0.9364,0.0
2024-08-30,0.9416,0.9416,0.9416,0.9416,0.0
2024-09-02,0.9415,0.9415,0.9415,0.9415,0.0
2024-09-03,0.9409,0.9409,0.9409,0.9409,0.0
2024-09-04,0.9396,0.9396,0.9396,0.9396,0.0
2024-09-05,0.939,0.939,0.939,0.939,0.0
2024-09-06,0.9365,0.9365,0.9365,0.9365,0.0
2024-09-09,0.9376,0.9376,0.9376,0.9376,0.0
2024-09-10,0.9349,0.9349,0.9349,0.9349,0.0
2024-09-11,0.9358,0.9358,0.9358,0.9358,0.0
2024-09-12,0.9414,0.9414,0.9414,0.9414,0.0
2024-09-13,0.9387,0.9387,0.9387,0.9387,0.0
2024-09-16,0.9394,0.9394,0.9394,0.9394,0.0
2024-09-17,0.9405,0.9405,0.9405,0.9405,0.0
2024-09-18,0.9388,0.9388,0.9388,0.9388,0.0
2024-09-19,0.946,0.946,0.946,0.946,0.0
2024-09-20,0.9486,0.9486,0.9486,0.9486,0.0
2024-09-23,0.9448,0.9448,0.9448,0.9448,0.0
2024-09-24,0.9439,0.9439,0.9439,0.9439,0.0
2024-09-25,0.9495,0.9495,0.9495,0.9495,0.0
2024-09-26,0.9452,0.9452,0.9452,0.9452,0.0
2024-09-27,0.942,0.942,0.942,0.942,0.0
2024-09-30,0.9439,0.9439,0.9439,0.9439,0.0
2024-10-01,0.9394,0.9394,0.9394,0.9394,0.0
2024-10-02,0.9388,0.9388,0.9388,0.9388,0.0
2024-10-03,0.9387,0.9387,0.9387,0.9387,0.0
2024-10-04,0.9394,0.9394,0.9394,0.9394,0.0
2024-10-07,0.9388,0.9388,0.9388,0.9388,0.0
2024-10-08,0.941,0.941,0.941,0.941,0.0
2024-10-09,0.9397,0.9397,0.9397,0.9397,0.0
2024-10-10,0.9393,0.9393,0.9393,0.9393,0.0
2024-10-11,0.9378,0.9378,0.9378,0.9378,0.0
2024-10-14,0.9409,0.9409,0.9409,0.9409,0.0
2024-10-15,0.9401,0.9401,0.9401,0.9401,0.0
2024-10-16,0.9397,0.9397,0.9397,0.9397,0.0
2024-10-17,0.938,0.938,0.938,0.938,0.0
2024-10-18,0.9401,0.9401,0.9401,0.9401,0.0
2024-10-21,0.938,0.938,0.938,0.938,0.0
2024-10-22,0.9365,0.9365,0.9365,0.9365,0.0
2024-10-23,0.934,0.934,0.934,0.934,0.0
2024-10-24,0.9349,0.9349,0.9349,0.9349,0.0
2024-10-25,0.9382,0.9382,0.9382,0.9382,0.0
2024-10-28,0.9367,0.9367,0.9367,0.9367,0.0
2024-10-29,0.9369,0.9369,0.9369,0.9369,0.0
2024-10-30,0.9393,0.9393,0.9393,0.9393,0.0
2024-10-31,0.9412,0.9412,0.9412,0.9412,0.0
2024-11-01,0.9427,0.9427,0.9427,0.9427,0.0
2024-11-04,0.941,0.941,0.941,0.941,0.0
2024-11-05,0.9402,0.9402,0.9402,0.9402,0.0
2024-11-06,0.9368,0.9368,0.9368,0.9368,0.0
2024-11-07,0.9432,0.9432,0.9432,0.9432,0.0
2024-11-08,0.9393,0.9393,0.9393,0.9393,0.0
2024-11-11,0.9369,0.9369,0.9369,0.9369,0.0
2024-11-12,0.9354,0.9354,0.9354,0.9354,0.0
2024-11-13,0.9379,0.9379,0.9379,0.9379,0.0
2024-11-14,0.9369,0.9369,0.9369,0.9369,0.0
2024-11-15,0.9389,0.9389,0.9389,0.9389,0.0
2024-11-18,0.9364,0.9364,0.9364,0.9364,0.0
2024-11-19,0.9329,0.9329,0.9329,0.9329,0.0
2024-11-20,0.9342,0.9342,0.9342,0.9342,0.0
2024-11-21,0.9294,0.9294,0.9294,0.9294,0.0
2024-11-22,0.9272,0.9272,0.9272,0.9272,0.0
2024-11-25,0.9324,0.9324,0.9324,0.9324,0.0
2024-11-26,0.9314,0.9314,0.9314,0.9314,0.0
2024-11-27,0.9309,0.9309,0.9309,0.9309,0.0
2024-11-28,0.9314,0.9314,0.9314,0.9314,0.0
2024-11-29,0.9309,0.9309,0.9309,0.9309,0.0
2024-12-02,0.9316,0.9316,0.9316,0.9316,0.0
2024-12-03,0.9309,0.9309,0.9309,0.9309,0.0
2024-12-04,0.9305,0.9305,0.9305,0.9305,0.0
2024-12-05,0.9305,0.9305,0.9305,0.9305,0.0
2024-12-06,0.9284,0.9284,0.9284,0.9284,0.0
2024-12-09,0.9295,0.9295,0.9295,0.9295,0.0
2024-12-10,0.9267,0.9267,0.9267,0.9267,0.0
2024-12-11,0.928,0.928,0.928,0.928,0.0
2024-12-12,0.9319,0.9319,0.9319,0.9319,0.0
2024-12-13,0.9385,0.9385,0.9385,0.9385,0.0
2024-12-16,0.9372,0.9372,0.9372,0.9372,0.0
2024-12-17,0.9413,0.9413,0.9413,0.9413,0.0
2024-12-18,0.9382,0.9382,0.9382,0.9382,0.0
2024-12-19,0.9319,0.9319,0.9319,0.9319,0.0
2024-12-20,0.9297,0.9297,0.9297,0.9297,0.0
2024-12-23,0.9336,0.9336,0.9336,0.9336,0.0
2024-12-24,0.9358,0.9358,0.9358,0.9358,0.0
2024-12-27,0.9396,0.9396,0.9396,0.9396,0.0
2024-12-30,0.9435,0.9435,0.9435,0.9435,0.0
2024-12-31,0.9412,0.9412,0.9412,0.9412,0.0
2025-01-02,0.9371,0.9371,0.9371,0.9371,0.0
2025-01-03,0.9362,0.9362,0.9362,0.9362,0.0
2025-01-06,0.9396,0.9396,0.9396,0.9396,0.0
2025-01-07,0.9426,0.9426,0.9426,0.9426,0.0
2025-01-08,0.9379,0.9379,0.9379,0.9379,0.0
2025-01-09,0.9397,0.9397,0.9397,0.9397,0.0
2025-01-10,0.9416,0.9416,0.9416,0.9416,0.0
2025-01-13,0.9346,0.9346,0.9346,0.9346,0.0
2025-01-14,0.9395,0.9395,0.9395,0.9395,0.0
2025-01-15,0.9394,0.9394,0.9394,0.9394,0.0
2025-01-16,0.9376,0.9376,0.9376,0.9376,0.0
2025-01-17,0.9394,0.9394,0.9394,0.9394,0.0
2025-01-20,0.9429,0.9429,0.9429,0.9429,0.0
2025-01-21,0.9427,0.9427,0.9427,0.9427,0.0
2025-01-22,0.9449,0.9449,0.9449,0.9449,0.0
2025-01-23,0.9442,0.9442,0.9442,0.9442,0.0
2025-01-24,0.9494,0.9494,0.9494,0.9494,0.0
2025-01-27,0.9453,0.9453,0.9453,0.9453,0.0
2025-01-28,0.9441,0.9441,0.9441,0.9441,0.0
2025-01-29,0.943,0.943,0.943,0.943,0.0
2025-01-30,0.9441,0.9441,0.9441,0.9441,0.0
2025-01-31,0.9449,0.9449,0.9449,0.9449,0.0
2025-02-03,0.9393,0.9393,0.9393,0.9393,0.0
2025-02-04,0.9396,0.9396,0.9396,0.9396,0.0
2025-02-05,0.9395,0.9395,0.9395,0.9395,0.0
2025-02-06,0.9385,0.9385,0.9385,0.9385,0.0
2025-02-07,0.9418,0.9418,0.9418,0.9418,0.0
2025-02-10,0.9396,0.9396,0.9396,0.9396,0.0
2025-02-11,0.9429,0.9429,0.9429,0.9429,0.0
2025-02-12,0.9457,0.9457,0.9457,0.9457,0.0
2025-02-13,0.9421,0.9421,0.9421,0.9421,0.0
2025-02-14,0.9442,0.9442,0.9442,0.9442,0.0
2025-02-17,0.944,0.944,0.944,0.944,0.0
2025-02-18,0.9425,0.9425,0.9425,0.9425,0.0
2025-02-19,0.9435,0.9435,0.9435,0.9435,0.0
2025-02-20,0.9423,0.9423,0.9423,0.9423,0.0
2025-02-21,0.942,0.942,0.942,0.942,0.0
2025-02-24,0.9415,0.9415,0.9415,0.9415,0.0
2025-02-25,0.9386,0.9386,0.9386,0.9386,0.0
2025-02-26,0.9392,0.9392,0.9392,0.9392,0.0
2025-02-27,0.9407,0.9407,0.9407,0.9407,0.0
2025-02-28,0.9394,0.9394,0.9394,0.9394,0.0
2025-03-03,0.9428,0.9428,0.9428,0.9428,0.0
2025-03-04,0.9371,0.9371,0.9371,0.9371,0.0
2025-03-05,0.9514,0.9514,0.9514,0.9514,0.0
2025-03-06,0.9565,0.9565,0.9565,0.9565,0.0
2025-03-07,0.9557,0.9557,0.9557,0.9557,0.0
2025-03-10,0.9512,0.9512,0.9512,0.9512,0.0
2025-03-11,0.9608,0.9608,0.9608,0.9608,0.0
2025-03-12,0.9619,0.9619,0.9619,0.9619,0.0
2025-03-13,0.9579,0.9579,0.9579,0.9579,0.0
2025-03-14,0.9641,0.9641,0.9641,0.9641,0.0
2025-03-17,0.9616,0.9616,0.9616,0.9616,0.0
2025-03-18,0.9601,0.9601,0.9601,0.9601,0.0
2025-03-19,0.9583,0.9583,0.9583,0.9583,0.0
2025-03-20,0.9564,0.9564,0.9564,0.9564,0.0
2025-03-21,0.9547,0.9547,0.9547,0.9547,0.0
2025-03-24,0.9544,0.9544,0.9544,0.9544,0.0
2025-03-25,0.9539,0.9539,0.9539,0.9539,0.0
2025-03-26,0.9532,0.9532,0.9532,0.9532,0.0
2025-03-27,0.9524,0.9524,0.9524,0.9524,0.0
2025-03-28,0.9525,0.9525,0.9525,0.9525,0.0
2025-03-31,0.9531,0.9531,0.9531,0.9531,0.0
2025-04-01,0.952,0.952,0.952,0.952,0.0
2025-04-02,0.9543,0.9543,0.9543,0.9543,0.0
2025-04-03,0.9538,0.9538,0.9538,0.9538,0.0
2025-04-04,0.9407,0.9407,0.9407,0.9407,0.0
2025-04-07,0.9377,0.9377,0.9377,0.9377,0.0
2025-04-08,0.9349,0.9349,0.9349,0.9349,0.0
2025-04-09,0.9278,0.9278,0.9278,0.9278,0.0
2025-04-10,0.9299,0.9299,0.9299,0.9299,0.0
2025-04-11,0.9252,0.9252,0.9252,0.9252,0.0
2025-04-14,0.9329,0.9329,0.9329,0.9329,0.0
2025-04-15,0.9242,0.9242,0.9242,0.9242,0.0
2025-04-16,0.926,0.926,0.926,0.926,0.0
2025-04-17,0.9291,0.9291,0.9291,0.9291,0.0
2025-04-22,0.9318,0.9318,0.9318,0.9318,0.0
2025-04-23,0.9382,0.9382,0.9382,0.9382,0.0
2025-04-24,0.9392,0.9392,0.9392,0.9392,0.0
2025-04-25,0.9421,0.9421,0.9421,0.9421,0.0
2025-04-28,0.942,0.942,0.942,0.942,0.0
2025-04-29,0.9392,0.9392,0.9392,0.9392,0.0
2025-04-30,0.9389,0.9389,0.9389,0.9389,0.0
2025-05-02,0.9343,0.9343,0.9343,0.9343,0.0
2025-05-05,0.9336,0.9336,0.9336,0.9336,0.0
2025-05-06,0.9346,0.9346,0.9346,0.9346,0.0
2025-05-07,0.9359,0.9359,0.9359,0.9359,0.0
2025-05-08,0.9325,0.9325,0.9325,0.9325,0.0
2025-05-09,0.9353,0.9353,0.9353,0.9353,0.0
2025-05-12,0.9369,0.9369,0.9369,0.9369,0.0
2025-05-13,0.9358,0.9358,0.9358,0.9358,0.0
2025-05-14,0.939,0.939,0.939,0.939,0.0
2025-05-15,0.9377,0.9377,0.9377,0.9377,0.0
2025-05-16,0.9381,0.9381,0.9381,0.9381,0.0
2025-05-19,0.9394,0.9394,0.9394,0.9394,0.0
2025-05-20,0.9366,0.9366,0.9366,0.9366,0.0
2025-05-21,0.9352,0.9352,0.9352,0.9352,0.0
2025-05-22,0.9343,0.9343,0.9343,0.9343,0.0
2025-05-23,0.9299,0.9299,0.9299,0.9299,0.0
2025-05-26,0.9356,0.9356,0.9356,0.9356,0.0
2025-05-27,0.9386,0.9386,0.9386,0.9386,0.0
2025-05-28,0.9364,0.9364,0.9364,0.9364,0.0
2025-05-29,0.9339,0.9339,0.9339,0.9339,0.0
2025-05-30,0.9341,0.9341,0.9341,0.9341,0.0
2025-06-02,0.9336,0.9336,0.9336,0.9336,0.0
2025-06-03,0.9358,0.9358,0.9358,0.9358,0.0
2025-06-04,0.937,0.937,0.937,0.937,0.0
2025-06-05,0.9365,0.9365,0.9365,0.9365,0.0
2025-06-06,0.9383,0.9383,0.9383,0.9383,0.0
2025-06-09,0.9369,0.9369,0.9369,0.9369,0.0
2025-06-10,0.9389,0.9389,0.9389,0.9389,0.0
2025-06-11,0.9405,0.9405,0.9405,0.9405,0.0
2025-06-12,0.9427,0.9427,0.9427,0.9427,0.0
2025-06-13,0.9359,0.9359,0.9359,0.9359,0.0
2025-06-16,0.9393,0.9393,0.9393,0.9393,0.0
2025-06-17,0.9406,0.9406,0.9406,0.9406,0.0
2025-06-18,0.9403,0.9403,0.9403,0.9403,0.0
2025-06-19,0.9389,0.9389,0.9389,0.9389,0.0
2025-06-20,0.9415,0.9415,0.9415,0.9415,0.0
2025-06-23,0.9387,0.9387,0.9387,0.9387,0.0
2025-06-24,0.9387,0.9387,0.9387,0.9387,0.0
2025-06-25,0.9361,0.9361,0.9361,0.9361,0.0
2025-06-26,0.9379,0.9379,0.9379,0.9379,0.0
2025-06-27,0.9359,0.9359,0.9359,0.9359,0.0
2025-06-30,0.9347,0.9347,0.9347,0.9347,0.0
2025-07-01,0.9324,0.9324,0.9324,0.9324,0.0
2025-07-02,0.933,0.933,0.933,0.933,0.0
2025-07-03,0.9351,0.9351,0.9351,0.9351,0.0
2025-07-04,0.9346,0.9346,0.9346,0.9346,0.0
2025-07-07,0.9354,0.9354,0.9354,0.9354,0.0
2025-07-08,0.9351,0.9351,0.9351,0.9351,0.0
2025-07-09,0.9325,0.9325,0.9325,0.9325,0.0
2025-07-10,0.932,0.932,0.932,0.932,0.0
2025-07-11,0.931,0.931,0.931,0.931,0.0
2025-07-14,0.9307,0.9307,0.9307,0.9307,0.0
2025-07-15,0.9299,0.9299,0.9299,0.9299,0.0
2025-07-16,0.9326,0.9326,0.9326,0.9326,0.0
2025-07-17,0.9323,0.9323,0.9323,0.9323,0.0
2025-07-18,0.9324,0.9324,0.9324,0.9324,0.0
2025-07-21,0.9325,0.9325,0.9325,0.9325,0.0
2025-07-22,0.9326,0.9326,0.9326,0.9326,0.0
2025-07-23,0.9306,0.9306,0.9306,0.9306,0.0
2025-07-24,0.9341,0.9341,0.9341,0.9341,0.0
2025-07-25,0.9343,0.9343,0.9343,0.9343,0.0
2025-07-28,0.9334,0.9334,0.9334,0.9334,0.0
2025-07-29,0.9305,0.9305,0.9305,0.9305,0.0
2025-07-30,0.9301,0.9301,0.9301,0.9301,0.0
2025-07-31,0.9297,0.9297,0.9297,0.9297,0.0
2025-08-01,0.9312,0.9312,0.9312,0.9312,0.0
2025-08-04,0.9344,0.9344,0.9344,0.9344,0.0
2025-08-05,0.9347,0.9347,0.9347,0.9347,0.0
2025-08-06,0.9369,0.9369,0.9369,0.9369,0.0
2025-08-07,0.9413,0.9413,0.9413,0.9413,0.0
2025-08-08,0.941,0.941,0.941,0.941,0.0
2025-08-11,0.943,0.943,0.943,0.943,0.0
2025-08-12,0.9418,0.9418,0.9418,0.9418,0.0
2025-08-13,0.9409,0.9409,0.9409,0.9409,0.0
2025-08-14,0.9415,0.9415,0.9415,0.9415,0.0
2025-08-15,0.9418,0.9418,0.9418,0.9418,0.0
2025-08-18,0.9423,0.9423,0.9423,0.9423,0.0
2025-08-19,0.9409,0.9409,0.9409,0.9409,0.0
2025-08-20,0.9403,0.9403,0.9403,0.9403,0.0
2025-08-21,0.9389,0.9389,0.9389,0.9389,0.0
2025-08-22,0.9383,0.9383,0.9383,0.9383,0.0
2025-08-25,0.9385,0.9385,0.9385,0.9385,0.0
2025-08-26,0.9376,0.9376,0.9376,0.9376,0.0
2025-08-27,0.935,0.935,0.935,0.935,0.0
2025-08-28,0.9353,0.9353,0.9353,0.9353,0.0
2025-08-29,0.9364,0.9364,0.9364,0.9364,0.0
2025-09-01,0.9383,0.9383,0.9383,0.9383,0.0
2025-09-02,0.9366,0.9366,0.9366,0.9366,0.0
2025-09-03,0.9374,0.9374,0.9374,0.9374,0.0
2025-09-04,0.9383,0.9383,0.9383,0.9383,0.0
2025-09-05,0.939,0.939,0.939,0.939,0.0
2025-09-08,0.9328,0.9328,0.9328,0.9328,0.0
2025-09-09,0.9331,0.9331,0.9331,0.9331,0.0
2025-09-10,0.9338,0.9338,0.9338,0.9338,0.0
2025-09-11,0.9346,0.9346,0.9346,0.9346,0.0
2025-09-12,0.9347,0.9347,0.9347,0.9347,0.0
2025-09-15,0.9353,0.9353,0.9353,0.9353,0.0
2025-09-16,0.9336,0.9336,0.9336,0.9336,0.0
2025-09-17,0.9317,0.9317,0.9317,0.9317,0.0
2025-09-18,0.9331,0.9331,0.9331,0.9331,0.0
2025-09-19,0.9344,0.9344,0.9344,0.9344,0.0
2025-09-22,0.9348,0.9348,0.9348,0.9348,0.0
2025-09-23,0.9344,0.9344,0.9344,0.9344,0.0
2025-09-24,0.9335,0.9335,0.9335,0.9335,0.0
2025-09-25,0.9344,0.9344,0.9344,0.9344,0.0
2025-09-26,0.9332,0.9332,0.9332,0.9332,0.0
2025-09-29,0.9357,0.9357,0.9357,0.9357,0.0
2025-09-30,0.9364,0.9364,0.9364,0.9364,0.0
2025-10-01,0.9365,0.9365,0.9365,0.9365,0.0
2025-10-02,0.935,0.935,0.935,0.935,0.0
2025-10-03,0.9343,0.9343,0.9343,0.9343,0.0
2025-10-06,0.9314,0.9314,0.9314,0.9314,0.0
2025-10-07,0.9314,0.9314,0.9314,0.9314,0.0
2025-10-08,0.9305,0.9305,0.9305,0.9305,0.0
2025-10-09,0.9309,0.9309,0.9309,0.9309,0.0
2025-10-10,0.9324,0.9324,0.9324,0.9324,0.0
2025-10-13,0.9304,0.9304,0.9304,0.9304,0.0
2025-10-14,0.9296,0.9296,0.9296,0.9296,0.0
2025-10-15,0.9305,0.9305,0.9305,0.9305,0.0
2025-10-16,0.9302,0.9302,0.9302,0.9302,0.0
2025-10-17,0.9257,0.9257,0.9257,0.9257,0.0
2025-10-20,0.9239,0.9239,0.9239,0.9239,0.0
2025-10-21,0.923,0.923,0.923,0.923,0.0
2025-10-22,0.9228,0.9228,0.9228,0.9228,0.0
2025-10-23,0.9249,0.9249,0.9249,0.9249,0.0
2025-10-24,0.9248,0.9248,0.9248,0.9248,0.0
2025-10-27,0.9264,0.9264,0.9264,0.9264,0.0
2025-10-28,0.9262,0.9262,0.9262,0.9262,0.0
2025-10-29,0.9278,0.9278,0.9278,0.9278,0.0
2025-10-30,0.9281,0.9281,0.9281,0.9281,0.0
2025-10-31,0.9287,0.9287,0.9287,0.9287,0.0
2025-11-03,0.9298,0.9298,0.9298,0.9298,0.0
2025-11-04,0.9295,0.9295,0.9295,0.9295,0.0
2025-11-05,0.9307,0.9307,0.9307,0.9307,0.0
2025-11-06,0.9316,0.9316,0.9316,0.9316,0.0
2025-11-07,0.9312,0.9312,0.9312,0.9312,0.0
2025-11-10,0.9318,0.9318,0.9318,0.9318,0.0
2025-11-11,0.9278,0.9278,0.9278,0.9278,0.0
2025-11-12,0.925,0.925,0.925,0.925,0.0
2025-11-13,0.9244,0.9244,0.9244,0.9244,0.0
2025-11-14,0.9185,0.9185,0.9185,0.9185,0.0
2025-11-17,0.9225,0.9225,0.9225,0.9225,0.0
2025-11-18,0.9233,0.9233,0.9233,0.9233,0.0
2025-11-19,0.9284,0.9284,0.9284,0.9284,0.0
2025-11-20,0.9294,0.9294,0.9294,0.9294,0.0
2025-11-21,0.9289,0.9289,0.9289,0.9289,0.0
2025-11-24,0.9324,0.9324,0.9324,0.9324,0.0
2025-11-25,0.9345,0.9345,0.9345,0.9345,0.0
2025-11-26,0.9341,0.9341,0.9341,0.9341,0.0
2025-11-27,0.9337,0.9337,0.9337,0.9337,0.0
2025-11-28,0.9318,0.9318,0.9318,0.9318,0.0
2025-12-01,0.9323,0.9323,0.9323,0.9323,0.0
2025-12-02,0.9346,0.9346,0.9346,0.9346,0.0
2025-12-03,0.9336,0.9336,0.9336,0.9336,0.0
2025-12-04,0.934,0.934,0.934,0.934,0.0
2025-12-05,0.9365,0.9365,0.9365,0.9365,0.0
2025-12-08,0.9388,0.9388,0.9388,0.9388,0.0
2025-12-09,0.9385,0.9385,0.9385,0.9385,0.0
2025-12-10,0.9356,0.9356,0.9356,0.9356,0.0
2025-12-11,0.9333,0.9333,0.9333,0.9333,0.0
2025-12-12,0.9333,0.9333,0.9333,0.9333,0.0
2025-12-15,0.9355,0.9355,0.9355,0.9355,0.0
2025-12-16,0.9351,0.9351,0.9351,0.9351,0.0
2025-12-17,0.9332,0.9332,0.9332,0.9332,0.0
2025-12-18,0.9316,0.9316,0.9316,0.9316,0.0
2025-12-19,0.9318,0.9318,0.9318,0.9318,0.0
2025-12-22,0.9316,0.9316,0.9316,0.9316,0.0
2025-12-23,0.9287,0.9287,0.9287,0.9287,0.0
2025-12-24,0.9284,0.9284,0.9284,0.9284,0.0
2025-12-29,0.9293,0.9293,0.9293,0.9293,0.0
2025-12-30,0.9293,0.9293,0.9293,0.9293,0.0
2025-12-31,0.9314,0.9314,0.9314,0.9314,0.0
2026-01-02,0.9296,0.9296,0.9296,0.9296,0.0
2026-01-05,0.9289,0.9289,0.9289,0.9289,0.0
2026-01-06,0.9287,0.9287,0.9287,0.9287,0.0
2026-01-07,0.9304,0.9304,0.9304,0.9304,0.0
2026-01-08,0.9312,0.9312,0.9312,0.9312,0.0
2026-01-09,0.9314,0.9314,0.9314,0.9314,0.0
2026-01-12,0.9313,0.9313,0.9313,0.9313,0.0
2026-01-13,0.9311,0.9311,0.9311,0.9311,0.0
2026-01-14,0.9333,0.9333,0.9333,0.9333,0.0
2026-01-15,0.9314,0.9314,0.9314,0.9314,0.0
2026-01-16,0.9313,0.9313,0.9313,0.9313,0.0
2026-01-19,0.9282,0.9282,0.9282,0.9282,0.0
2026-01-20,0.9268,0.9268,0.9268,0.9268,0.0
2026-01-21,0.9268,0.9268,0.9268,0.9268,0.0
2026-01-22,0.9283,0.9283,0.9283,0.9283,0.0
2026-01-23,0.9277,0.9277,0.9277,0.9277,0.0
2026-01-26,0.9223,0.9223,0.9223,0.9223,0.0
2026-01-27,0.9197,0.9197,0.9197,0.9197,0.0
2026-01-28,0.9188,0.9188,0.9188,0.9188,0.0
2026-01-29,0.9182,0.9182,0.9182,0.9182,0.0
2026-01-30,0.9157,0.9157,0.9157,0.9157,0.0
2026-02-02,0.9199,0.9199,0.9199,0.9199,0.0
2026-02-03,0.9173,0.9173,0.9173,0.9173,0.0
2026-02-04,0.9168,0.9168,0.9168,0.9168,0.0
2026-02-05,0.9161,0.9161,0.9161,0.9161,0.0
2026-02-06,0.9175,0.9175,0.9175,0.9175,0.0
2026-02-09,0.915,0.915,0.915,0.915,0.0
2026-02-10,0.9123,0.9123,0.9123,0.9123,0.0
2026-02-11,0.9136,0.9136,0.9136,0.9136,0.0
2026-02-12,0.9142,0.9142,0.9142,0.9142,0.0
2026-02-13,0.9121,0.9121,0.9121,0.9121,0.0
2026-02-16,0.9129,0.9129,0.9129,0.9129,0.0
2026-02-17,0.9116,0.9116,0.9116,0.9116,0.0
2026-02-18,0.9124,0.9124,0.9124,0.9124,0.0
2026-02-19,0.9119,0.9119,0.9119,0.9119,0.0
2026-02-20,0.9132,0.9132,0.9132,0.9132,0.0
2026-02-23,0.9145,0.9145,0.9145,0.9145,0.0
2026-02-24,0.912,0.912,0.912,0.912,0.0
2026-02-25,0.913,0.913,0.913,0.913,0.0
2026-02-26,0.914,0.914,0.914,0.914,0.0
2026-02-27,0.9104,0.9104,0.9104,0.9104,0.0
2026-03-02,0.9117,0.9117,0.9117,0.9117,0.0
2026-03-03,0.9107,0.9107,0.9107,0.9107,0.0
2026-03-04,0.9082,0.9082,0.9082,0.9082,0.0
2026-03-05,0.9064,0.9064,0.9064,0.9064,0.0
2026-03-06,0.9045,0.9045,0.9045,0.9045,0.0
2026-03-09,0.9008,0.9008,0.9008,0.9008,0.0
2026-03-10,0.9027,0.9027,0.9027,0.9027,0.0
2026-03-11,0.9031,0.9031,0.9031,0.9031,0.0
2026-03-12,0.9028,0.9028,0.9028,0.9028,0.0
2026-03-13,0.9034,0.9034,0.9034,0.9034,0.0
2026-03-16,0.9041,0.9041,0.9041,0.9041,0.0
2026-03-17,0.9068,0.9068,0.9068,0.9068,0.0
2026-03-18,0.9073,0.9073,0.9073,0.9073,0.0
2026-03-19,0.9121,0.9121,0.9121,0.9121,0.0
2026-03-20,0.9096,0.9096,0.9096,0.9096,0.0
2026-03-23,0.9124,0.9124,0.9124,0.9124,0.0
2026-03-24,0.9145,0.9145,0.9145,0.9145,0.0
2026-03-25,0.9153,0.9153,0.9153,0.9153,0.0
2026-03-26,0.9151,0.9151,0.9151,0.9151,0.0
2026-03-27,0.9178,0.9178,0.9178,0.9178,0.0
2026-03-30,0.9187,0.9187,0.9187,0.9187,0.0
2026-03-31,0.9194,0.9194,0.9194,0.9194,0.0
2026-04-01,0.9191,0.9191,0.9191,0.9191,0.0
2026-04-02,0.9213,0.9213,0.9213,0.9213,0.0
2026-04-07,0.9242,0.9242,0.9242,0.9242,0.0
2026-04-08,0.9223,0.9223,0.9223,0.9223,0.0
2026-04-09,0.924,0.924,0.924,0.924,0.0
2026-04-10,0.9241,0.9241,0.9241,0.9241,0.0
2026-04-13,0.9242,0.9242,0.9242,0.9242,0.0
2026-04-14,0.921,0.921,0.921,0.921,0.0
2026-04-15,0.922,0.922,0.922,0.922,0.0
2026-04-16,0.923,0.923,0.923,0.923,0.0
2026-04-17,0.9231,0.9231,0.9231,0.9231,0.0
2026-04-20,0.9189,0.9189,0.9189,0.9189,0.0
2026-04-21,0.9172,0.9172,0.9172,0.9172,0.0
2026-04-22,0.9175,0.9175,0.9175,0.9175,0.0
2026-04-23,0.9177,0.9177,0.9177,0.9177,0.0
2026-04-24,0.9199,0.9199,0.9199,0.9199,0.0
2026-04-27,0.921,0.921,0.921,0.921,0.0
2026-04-28,0.9238,0.9238,0.9238,0.9238,0.0
2026-04-29,0.9236,0.9236,0.9236,0.9236,0.0
2026-04-30,0.919,0.919,0.919,0.919,0.0
2026-05-04,0.9173,0.9173,0.9173,0.9173,0.0
2026-05-05,0.9165,0.9165,0.9165,0.9165,0.0
2026-05-06,0.9165,0.9165,0.9165,0.9165,0.0
2026-05-07,0.9157,0.9157,0.9157,0.9157,0.0
2026-05-08,0.9156,0.9156,0.9156,0.9156,0.0
2026-05-11,0.9163,0.9163,0.9163,0.9163,0.0
2026-05-12,0.9172,0.9172,0.9172,0.9172,0.0
2026-05-13,0.9155,0.9155,0.9155,0.9155,0.0
2026-05-14,0.915,0.915,0.915,0.915,0.0
2026-05-15,0.9144,0.9144,0.9144,0.9144,0.0
2026-05-18,0.9144,0.9144,0.9144,0.9144,0.0
2026-05-19,0.915,0.915,0.915,0.915,0.0
2026-05-20,0.9165,0.9165,0.9165,0.9165,0.0
2026-05-21,0.9145,0.9145,0.9145,0.9145,0.0
2026-05-22,0.9119,0.9119,0.9119,0.9119,0.0
2026-05-25,0.9099,0.9099,0.9099,0.9099,0.0
2026-05-26,0.9136,0.9136,0.9136,0.9136,0.0
2026-05-27,0.9153,0.9153,0.9153,0.9153,0.0
2026-05-28,0.9167,0.9167,0.9167,0.9167,0.0
2026-05-29,0.9111,0.9111,0.9111,0.9111,0.0
2026-06-01,0.9128,0.9128,0.9128,0.9128,0.0
2026-06-02,0.9149,0.9149,0.9149,0.9149,0.0
2026-06-03,0.9167,0.9167,0.9167,0.9167,0.0
2026-06-04,0.9168,0.9168,0.9168,0.9168,0.0
2026-06-05,0.9175,0.9175,0.9175,0.9175,0.0
2026-06-08,0.9187,0.9187,0.9187,0.9187,0.0
2026-06-09,0.9206,0.9206,0.9206,0.9206,0.0
2026-06-10,0.9222,0.9222,0.9222,0.9222,0.0
2026-06-11,0.9221,0.9221,0.9221,0.9221,0.0
2026-06-12,0.9217,0.9217,0.9217,0.9217,0.0
2026-06-15,0.9212,0.9212,0.9212,0.9212,0.0
2026-06-16,0.9224,0.9224,0.9224,0.9224,0.0
2026-06-17,0.9193,0.9193,0.9193,0.9193,0.0
2026-06-18,0.9218,0.9218,0.9218,0.9218,0.0
2026-06-19,0.9248,0.9248,0.9248,0.9248,0.0
2026-06-22,0.9257,0.9257,0.9257,0.9257,0.0
2026-06-23,0.9225,0.9225,0.9225,0.9225,0.0
2026-06-24,0.9216,0.9216,0.9216,0.9216,0.0
2026-06-25,0.9223,0.9223,0.9223,0.9223,0.0
2026-06-26,0.9218,0.9218,0.9218,0.9218,0.0
2026-06-29,0.9222,0.9222,0.9222,0.9222,0.0
2026-06-30,0.9224,0.9224,0.9224,0.9224,0.0
2026-07-01,0.9234,0.9234,0.9234,0.9234,0.0
2026-07-02,0.92,0.92,0.92,0.92,0.0
2026-07-03,0.919,0.919,0.919,0.919,0.0
2026-07-06,0.9201,0.9201,0.9201,0.9201,0.0
2026-07-07,0.9218,0.9218,0.9218,0.9218,0.0
2026-07-08,0.9222,0.9222,0.9222,0.9222,0.0
2026-07-09,0.9227,0.9227,0.9227,0.9227,0.0
2026-07-10,0.9223,0.9223,0.9223,0.9223,0.0
2026-07-13,0.9253,0.9253,0.9253,0.9253,0.0
2026-07-14,0.9257,0.9257,0.9257,0.9257,0.0
2026-07-15,0.9256,0.9256,0.9256,0.9256,0.0
2026-07-16,0.925,0.925,0.925,0.925,0.0
2026-07-17,0.9228,0.9228,0.9228,0.9228,0.0
2026-07-20,0.9236,0.9236,0.9236,0.9236,0.0
2026-07-21,0.9259,0.9259,0.9259,0.9259,0.0
2026-07-22,0.9268,0.9268,0.9268,0.9268,0.0
2026-07-23,0.9295,0.9295,0.9295,0.9295,0.0
2026-07-24,0.9302,0.9302,0.9302,0.9302,0.0
2026-07-27,0.9284,0.9284,0.9284,0.9284,0.0
2026-07-28,0.9319,0.9319,0.9319,0.9319,0.0
2026-07-29,0.9332,0.9332,0.9332,0.9332,0.0
2026-07-30,0.9324,0.9324,0.9324,0.9324,0.0
2026-07-31,0.9304,0.9304,0.9304,0.9304,0.0
2026-08-03,0.932,0.932,0.932,0.932,0.0
2026-08-04,0.9319,0.9319,0.9319,0.9319,0.0
2026-08-05,0.9345,0.9345,0.9345,0.9345,0.0
2026-08-06,0.9346,0.9346,0.9346,0.9346,0.0
2026-08-07,0.9347,0.9347,0.9347,0.9347,0.0
2026-08-10,0.934,0.934,0.934,0.934,0.0
2026-08-11,0.9351,0.9351,0.9351,0.9351,0.0
