timestamp,open,high,low,close,volume
2006-12-29,0.6715,0.6715,0.6715,0.6715,0.0
2007-01-02,0.6735,0.6735,0.6735,0.6735,0.0
2007-01-03,0.6747,0.6747,0.6747,0.6747,0.0
2007-01-04,0.6739,0.6739,0.6739,0.6739,0.0
2007-01-05,0.6747,0.6747,0.6747,0.6747,0.0
2007-01-08,0.6731,0.6731,0.6731,0.6731,0.0
2007-01-09,0.67025,0.67025,0.67025,0.67025,0.0
2007-01-10,0.6702,0.6702,0.6702,0.6702,0.0
2007-01-11,0.6654,0.6654,0.6654,0.6654,0.0
2007-01-12,0.66165,0.66165,0.66165,0.66165,0.0
2007-01-15,0.65845,0.65845,0.65845,0.65845,0.0
2007-01-16,0.6592,0.6592,0.6592,0.6592,0.0
2007-01-17,0.65685,0.65685,0.65685,0.65685,0.0
2007-01-18,0.6565,0.6565,0.6565,0.6565,0.0
2007-01-19,0.6565,0.6565,0.6565,0.6565,0.0
2007-01-22,0.65485,0.65485,0.65485,0.65485,0.0
2007-01-23,0.6552,0.6552,0.6552,0.6552,0.0
2007-01-24,0.6595,0.6595,0.6595,0.6595,0.0
2007-01-25,0.6585,0.6585,0.6585,0.6585,0.0
2007-01-26,0.65825,0.65825,0.65825,0.65825,0.0
2007-01-29,0.6602,0.6602,0.6602,0.6602,0.0
2007-01-30,0.6603,0.6603,0.6603,0.6603,0.0
2007-01-31,0.66325,0.66325,0.66325,0.66325,0.0
2007-02-01,0.6613,0.6613,0.6613,0.6613,0.0
2007-02-02,0.66135,0.66135,0.66135,0.66135,0.0
2007-02-05,0.66115,0.66115,0.66115,0.66115,0.0
2007-02-06,0.6578,0.6578,0.6578,0.6578,0.0
2007-02-07,0.6585,0.6585,0.6585,0.6585,0.0
2007-02-08,0.6632,0.6632,0.6632,0.6632,0.0
2007-02-09,0.66755,0.66755,0.66755,0.66755,0.0
2007-02-12,0.66565,0.66565,0.66565,0.66565,0.0
2007-02-13,0.66995,0.66995,0.66995,0.66995,0.0
2007-02-14,0.6693,0.6693,0.6693,0.6693,0.0
2007-02-15,0.67115,0.67115,0.67115,0.67115,0.0
2007-02-16,0.6731,0.6731,0.6731,0.6731,0.0
2007-02-19,0.6751,0.6751,0.6751,0.6751,0.0
2007-02-20,0.6733,0.6733,0.6733,0.6733,0.0
2007-02-21,0.6726,0.6726,0.6726,0.6726,0.0
2007-02-22,0.6719,0.6719,0.6719,0.6719,0.0
2007-02-23,0.6692,0.6692,0.6692,0.6692,0.0
2007-02-26,0.6706,0.6706,0.6706,0.6706,0.0
2007-02-27,0.6737,0.6737,0.6737,0.6737,0.0
2007-02-28,0.67365,0.67365,0.67365,0.67365,0.0
2007-03-01,0.67365,0.67365,0.67365,0.67365,0.0
2007-03-02,0.6768,0.6768,0.6768,0.6768,0.0
2007-03-05,0.6822,0.6822,0.6822,0.6822,0.0
2007-03-06,0.67965,0.67965,0.67965,0.67965,0.0
2007-03-07,0.6812,0.6812,0.6812,0.6812,0.0
2007-03-08,0.6814,0.6814,0.6814,0.6814,0.0
2007-03-09,0.6806,0.6806,0.6806,0.6806,0.0
2007-03-12,0.6822,0.6822,0.6822,0.6822,0.0
2007-03-13,0.6831,0.6831,0.6831,0.6831,0.0
2007-03-14,0.68535,0.68535,0.68535,0.68535,0.0
2007-03-15,0.68275,0.68275,0.68275,0.68275,0.0
2007-03-16,0.6842,0.6842,0.6842,0.6842,0.0
2007-03-19,0.68325,0.68325,0.68325,0.68325,0.0
2007-03-20,0.6791,0.6791,0.6791,0.6791,0.0
2007-03-21,0.6789,0.6789,0.6789,0.6789,0.0
2007-03-22,0.67855,0.67855,0.67855,0.67855,0.0
2007-03-23,0.6778,0.6778,0.6778,0.6778,0.0
2007-03-26,0.67635,0.67635,0.67635,0.67635,0.0
2007-03-27,0.679,0.679,0.679,0.679,0.0
2007-03-28,0.6795,0.6795,0.6795,0.6795,0.0
2007-03-29,0.6793,0.6793,0.6793,0.6793,0.0
2007-03-30,0.6798,0.6798,0.6798,0.6798,0.0
2007-04-02,0.6761,0.6761,0.6761,0.6761,0.0
2007-04-03,0.6761,0.6761,0.6761,0.6761,0.0
2007-04-04,0.67665,0.67665,0.67665,0.67665,0.0
2007-04-05,0.6797,0.6797,0.6797,0.6797,0.0
2007-04-10,0.6803,0.6803,0.6803,0.6803,0.0
2007-04-11,0.6788,0.6788,0.6788,0.6788,0.0
2007-04-12,0.6807,0.6807,0.6807,0.6807,0.0
2007-04-13,0.6809,0.6809,0.6809,0.6809,0.0
2007-04-16,0.68055,0.68055,0.68055,0.68055,0.0
2007-04-17,0.6763,0.6763,0.6763,0.6763,0.0
2007-04-18,0.6773,0.6773,0.6773,0.6773,0.0
2007-04-19,0.6793,0.6793,0.6793,0.6793,0.0
2007-04-20,0.6793,0.6793,0.6793,0.6793,0.0
2007-04-23,0.678,0.678,0.678,0.678,0.0
2007-04-24,0.6793,0.6793,0.6793,0.6793,0.0
2007-04-25,0.681,0.681,0.681,0.681,0.0
2007-04-26,0.68215,0.68215,0.68215,0.68215,0.0
2007-04-27,0.68225,0.68225,0.68225,0.68225,0.0
2007-04-30,0.6827,0.6827,0.6827,0.6827,0.0
2007-05-02,0.6821,0.6821,0.6821,0.6821,0.0
2007-05-03,0.6828,0.6828,0.6828,0.6828,0.0
2007-05-04,0.6828,0.6828,0.6828,0.6828,0.0
2007-05-07,0.6823,0.6823,0.6823,0.6823,0.0
2007-05-08,0.6803,0.6803,0.6803,0.6803,0.0
2007-05-09,0.67985,0.67985,0.67985,0.67985,0.0
2007-05-10,0.6807,0.6807,0.6807,0.6807,0.0
2007-05-11,0.6813,0.6813,0.6813,0.6813,0.0
2007-05-14,0.68435,0.68435,0.68435,0.68435,0.0
2007-05-15,0.68485,0.68485,0.68485,0.68485,0.0
2007-05-16,0.68485,0.68485,0.68485,0.68485,0.0
2007-05-17,0.68385,0.68385,0.68385,0.68385,0.0
2007-05-18,0.6839,0.6839,0.6839,0.6839,0.0
2007-05-21,0.68265,0.68265,0.68265,0.68265,0.0
2007-05-22,0.68175,0.68175,0.68175,0.68175,0.0
2007-05-23,0.6794,0.6794,0.6794,0.6794,0.0
2007-05-24,0.6767,0.6767,0.6767,0.6767,0.0
2007-05-25,0.6775,0.6775,0.6775,0.6775,0.0
2007-05-28,0.67853,0.67853,0.67853,0.67853,0.0
2007-05-29,0.6798,0.6798,0.6798,0.6798,0.0
2007-05-30,0.6795,0.6795,0.6795,0.6795,0.0
2007-05-31,0.68005,0.68005,0.68005,0.68005,0.0
2007-06-01,0.67925,0.67925,0.67925,0.67925,0.0
2007-06-04,0.67795,0.67795,0.67795,0.67795,0.0
2007-06-05,0.6783,0.6783,0.6783,0.6783,0.0
2007-06-06,0.6783,0.6783,0.6783,0.6783,0.0
2007-06-07,0.679,0.679,0.679,0.679,0.0
2007-06-08,0.67885,0.67885,0.67885,0.67885,0.0
2007-06-11,0.6784,0.6784,0.6784,0.6784,0.0
2007-06-12,0.676,0.676,0.676,0.676,0.0
2007-06-13,0.6745,0.6745,0.6745,0.6745,0.0
2007-06-14,0.67605,0.67605,0.67605,0.67605,0.0
2007-06-15,0.67595,0.67595,0.67595,0.67595,0.0
2007-06-18,0.6763,0.6763,0.6763,0.6763,0.0
2007-06-19,0.67465,0.67465,0.67465,0.67465,0.0
2007-06-20,0.6737,0.6737,0.6737,0.6737,0.0
2007-06-21,0.6721,0.6721,0.6721,0.6721,0.0
2007-06-22,0.67305,0.67305,0.67305,0.67305,0.0
2007-06-25,0.6735,0.6735,0.6735,0.6735,0.0
2007-06-26,0.67315,0.67315,0.67315,0.67315,0.0
2007-06-27,0.67295,0.67295,0.67295,0.67295,0.0
2007-06-28,0.67215,0.67215,0.67215,0.67215,0.0
2007-06-29,0.674,0.674,0.674,0.674,0.0
2007-07-02,0.67565,0.67565,0.67565,0.67565,0.0
2007-07-03,0.6751,0.6751,0.6751,0.6751,0.0
2007-07-04,0.67535,0.67535,0.67535,0.67535,0.0
2007-07-05,0.6756,0.6756,0.6756,0.6756,0.0
2007-07-06,0.67635,0.67635,0.67635,0.67635,0.0
2007-07-09,0.6763,0.6763,0.6763,0.6763,0.0
2007-07-10,0.67735,0.67735,0.67735,0.67735,0.0
2007-07-11,0.67695,0.67695,0.67695,0.67695,0.0
2007-07-12,0.6783,0.6783,0.6783,0.6783,0.0
2007-07-13,0.67795,0.67795,0.67795,0.67795,0.0
2007-07-16,0.67655,0.67655,0.67655,0.67655,0.0
2007-07-17,0.6732,0.6732,0.6732,0.6732,0.0
2007-07-18,0.672,0.672,0.672,0.672,0.0
2007-07-19,0.67455,0.67455,0.67455,0.67455,0.0
2007-07-20,0.6722,0.6722,0.6722,0.6722,0.0
2007-07-23,0.67155,0.67155,0.67155,0.67155,0.0
2007-07-24,0.6707,0.6707,0.6707,0.6707,0.0
2007-07-25,0.66905,0.66905,0.66905,0.66905,0.0
2007-07-26,0.6708,0.6708,0.6708,0.6708,0.0
2007-07-27,0.672,0.672,0.672,0.672,0.0
2007-07-30,0.6753,0.6753,0.6753,0.6753,0.0
2007-07-31,0.674,0.674,0.674,0.674,0.0
2007-08-01,0.6746,0.6746,0.6746,0.6746,0.0
2007-08-02,0.67325,0.67325,0.67325,0.67325,0.0
2007-08-03,0.6733,0.6733,0.6733,0.6733,0.0
2007-08-06,0.68015,0.68015,0.68015,0.68015,0.0
2007-08-07,0.68055,0.68055,0.68055,0.68055,0.0
2007-08-08,0.67795,0.67795,0.67795,0.67795,0.0
2007-08-09,0.67705,0.67705,0.67705,0.67705,0.0
2007-08-10,0.67685,0.67685,0.67685,0.67685,0.0
2007-08-13,0.67775,0.67775,0.67775,0.67775,0.0
2007-08-14,0.6788,0.6788,0.6788,0.6788,0.0
2007-08-15,0.6775,0.6775,0.6775,0.6775,0.0
2007-08-16,0.6756,0.6756,0.6756,0.6756,0.0
2007-08-17,0.6792,0.6792,0.6792,0.6792,0.0
2007-08-20,0.6789,0.6789,0.6789,0.6789,0.0
2007-08-21,0.68105,0.68105,0.68105,0.68105,0.0
2007-08-22,0.67865,0.67865,0.67865,0.67865,0.0
2007-08-23,0.6765,0.6765,0.6765,0.6765,0.0
2007-08-24,0.67885,0.67885,0.67885,0.67885,0.0
2007-08-27,0.6777,0.6777,0.6777,0.6777,0.0
2007-08-28,0.6789,0.6789,0.6789,0.6789,0.0
2007-08-29,0.6772,0.6772,0.6772,0.6772,0.0
2007-08-30,0.678,0.678,0.678,0.678,0.0
2007-08-31,0.67795,0.67795,0.67795,0.67795,0.0
2007-09-03,0.67575,0.67575,0.67575,0.67575,0.0
2007-09-04,0.6752,0.6752,0.6752,0.6752,0.0
2007-09-05,0.676,0.676,0.676,0.676,0.0
2007-09-06,0.6773,0.6773,0.6773,0.6773,0.0
2007-09-07,0.6773,0.6773,0.6773,0.6773,0.0
2007-09-10,0.67945,0.67945,0.67945,0.67945,0.0
2007-09-11,0.6802,0.6802,0.6802,0.6802,0.0
2007-09-12,0.6837,0.6837,0.6837,0.6837,0.0
2007-09-13,0.68525,0.68525,0.68525,0.68525,0.0
2007-09-14,0.68915,0.68915,0.68915,0.68915,0.0
2007-09-17,0.6943,0.6943,0.6943,0.6943,0.0
2007-09-18,0.6952,0.6952,0.6952,0.6952,0.0
2007-09-19,0.69865,0.69865,0.69865,0.69865,0.0
2007-09-20,0.6988,0.6988,0.6988,0.6988,0.0
2007-09-21,0.6973,0.6973,0.6973,0.6973,0.0
2007-09-24,0.6969,0.6969,0.6969,0.6969,0.0
2007-09-25,0.70035,0.70035,0.70035,0.70035,0.0
2007-09-26,0.7005,0.7005,0.7005,0.7005,0.0
2007-09-27,0.6993,0.6993,0.6993,0.6993,0.0
2007-09-28,0.6968,0.6968,0.6968,0.6968,0.0
2007-10-01,0.69735,0.69735,0.69735,0.69735,0.0
2007-10-02,0.6938,0.6938,0.6938,0.6938,0.0
2007-10-03,0.6956,0.6956,0.6956,0.6956,0.0
2007-10-04,0.69355,0.69355,0.69355,0.69355,0.0
2007-10-05,0.69285,0.69285,0.69285,0.69285,0.0
2007-10-08,0.69125,0.69125,0.69125,0.69125,0.0
2007-10-09,0.69185,0.69185,0.69185,0.69185,0.0
2007-10-10,0.6926,0.6926,0.6926,0.6926,0.0
2007-10-11,0.697,0.697,0.697,0.697,0.0
2007-10-12,0.6985,0.6985,0.6985,0.6985,0.0
2007-10-15,0.69695,0.69695,0.69695,0.69695,0.0
2007-10-16,0.6965,0.6965,0.6965,0.6965,0.0
2007-10-17,0.6973,0.6973,0.6973,0.6973,0.0
2007-10-18,0.698,0.698,0.698,0.698,0.0
2007-10-19,0.6973,0.6973,0.6973,0.6973,0.0
2007-10-22,0.6975,0.6975,0.6975,0.6975,0.0
2007-10-23,0.69575,0.69575,0.69575,0.69575,0.0
2007-10-24,0.6955,0.6955,0.6955,0.6955,0.0
2007-10-25,0.69765,0.69765,0.69765,0.69765,0.0
2007-10-26,0.701,0.701,0.701,0.701,0.0
2007-10-29,0.69895,0.69895,0.69895,0.69895,0.0
2007-10-30,0.6972,0.6972,0.6972,0.6972,0.0
2007-10-31,0.6973,0.6973,0.6973,0.6973,0.0
2007-11-01,0.6924,0.6924,0.6924,0.6924,0.0
2007-11-02,0.6951,0.6951,0.6951,0.6951,0.0
2007-11-05,0.6962,0.6962,0.6962,0.6962,0.0
2007-11-06,0.69685,0.69685,0.69685,0.69685,0.0
2007-11-07,0.6996,0.6996,0.6996,0.6996,0.0
2007-11-08,0.69625,0.69625,0.69625,0.69625,0.0
2007-11-09,0.7004,0.7004,0.7004,0.7004,0.0
2007-11-12,0.70445,0.70445,0.70445,0.70445,0.0
2007-11-13,0.7047,0.7047,0.7047,0.7047,0.0
2007-11-14,0.7104,0.7104,0.7104,0.7104,0.0
2007-11-15,0.71485,0.71485,0.71485,0.71485,0.0
2007-11-16,0.71625,0.71625,0.71625,0.71625,0.0
2007-11-19,0.71445,0.71445,0.71445,0.71445,0.0
2007-11-20,0.71715,0.71715,0.71715,0.71715,0.0
2007-11-21,0.7197,0.7197,0.7197,0.7197,0.0
2007-11-22,0.71855,0.71855,0.71855,0.71855,0.0
2007-11-23,0.72025,0.72025,0.72025,0.72025,0.0
2007-11-26,0.71795,0.71795,0.71795,0.71795,0.0
2007-11-27,0.71855,0.71855,0.71855,0.71855,0.0
2007-11-28,0.71375,0.71375,0.71375,0.71375,0.0
2007-11-29,0.71475,0.71475,0.71475,0.71475,0.0
2007-11-30,0.71455,0.71455,0.71455,0.71455,0.0
2007-12-03,0.7107,0.7107,0.7107,0.7107,0.0
2007-12-04,0.7149,0.7149,0.7149,0.7149,0.0
2007-12-05,0.7224,0.7224,0.7224,0.7224,0.0
2007-12-06,0.7185,0.7185,0.7185,0.7185,0.0
2007-12-07,0.7202,0.7202,0.7202,0.7202,0.0
2007-12-10,0.7195,0.7195,0.7195,0.7195,0.0
2007-12-11,0.716,0.716,0.716,0.716,0.0
2007-12-12,0.7196,0.7196,0.7196,0.7196,0.0
2007-12-13,0.71935,0.71935,0.71935,0.71935,0.0
2007-12-14,0.7157,0.7157,0.7157,0.7157,0.0
2007-12-17,0.7137,0.7137,0.7137,0.7137,0.0
2007-12-18,0.71485,0.71485,0.71485,0.71485,0.0
2007-12-19,0.7175,0.7175,0.7175,0.7175,0.0
2007-12-20,0.7215,0.7215,0.7215,0.7215,0.0
2007-12-21,0.7236,0.7236,0.7236,0.7236,0.0
2007-12-24,0.7271,0.7271,0.7271,0.7271,0.0
2007-12-27,0.72885,0.72885,0.72885,0.72885,0.0
2007-12-28,0.7348,0.7348,0.7348,0.7348,0.0
2007-12-31,0.73335,0.73335,0.73335,0.73335,0.0
2008-01-02,0.7413,0.7413,0.7413,0.7413,0.0
2008-01-03,0.7448,0.7448,0.7448,0.7448,0.0
2008-01-04,0.74495,0.74495,0.74495,0.74495,0.0
2008-01-07,0.74625,0.74625,0.74625,0.74625,0.0
2008-01-08,0.7445,0.7445,0.7445,0.7445,0.0
2008-01-09,0.74865,0.74865,0.74865,0.74865,0.0
2008-01-10,0.7493,0.7493,0.7493,0.7493,0.0
2008-01-11,0.7555,0.7555,0.7555,0.7555,0.0
2008-01-14,0.76,0.76,0.76,0.76,0.0
2008-01-15,0.7565,0.7565,0.7565,0.7565,0.0
2008-01-16,0.754,0.754,0.754,0.754,0.0
2008-01-17,0.74615,0.74615,0.74615,0.74615,0.0
2008-01-18,0.7481,0.7481,0.7481,0.7481,0.0
2008-01-21,0.74325,0.74325,0.74325,0.74325,0.0
2008-01-22,0.74265,0.74265,0.74265,0.74265,0.0
2008-01-23,0.7472,0.7472,0.7472,0.7472,0.0
2008-01-24,0.74685,0.74685,0.74685,0.74685,0.0
2008-01-25,0.7425,0.7425,0.7425,0.7425,0.0
2008-01-28,0.743,0.743,0.743,0.743,0.0
2008-01-29,0.74295,0.74295,0.74295,0.74295,0.0
2008-01-30,0.7434,0.7434,0.7434,0.7434,0.0
2008-01-31,0.7477,0.7477,0.7477,0.7477,0.0
2008-02-01,0.74955,0.74955,0.74955,0.74955,0.0
2008-02-04,0.7502,0.7502,0.7502,0.7502,0.0
2008-02-05,0.74605,0.74605,0.74605,0.74605,0.0
2008-02-06,0.747,0.747,0.747,0.747,0.0
2008-02-07,0.7491,0.7491,0.7491,0.7491,0.0
2008-02-08,0.7448,0.7448,0.7448,0.7448,0.0
2008-02-11,0.7462,0.7462,0.7462,0.7462,0.0
2008-02-12,0.7451,0.7451,0.7451,0.7451,0.0
2008-02-13,0.74315,0.74315,0.74315,0.74315,0.0
2008-02-14,0.7416,0.7416,0.7416,0.7416,0.0
2008-02-15,0.7478,0.7478,0.7478,0.7478,0.0
2008-02-18,0.7503,0.7503,0.7503,0.7503,0.0
2008-02-19,0.7555,0.7555,0.7555,0.7555,0.0
2008-02-20,0.7544,0.7544,0.7544,0.7544,0.0
2008-02-21,0.7527,0.7527,0.7527,0.7527,0.0
2008-02-22,0.7548,0.7548,0.7548,0.7548,0.0
2008-02-25,0.7537,0.7537,0.7537,0.7537,0.0
2008-02-26,0.7536,0.7536,0.7536,0.7536,0.0
2008-02-27,0.7576,0.7576,0.7576,0.7576,0.0
2008-02-28,0.76135,0.76135,0.76135,0.76135,0.0
2008-02-29,0.7652,0.7652,0.7652,0.7652,0.0
2008-03-03,0.766,0.766,0.766,0.766,0.0
2008-03-04,0.7656,0.7656,0.7656,0.7656,0.0
2008-03-05,0.7685,0.7685,0.7685,0.7685,0.0
2008-03-06,0.7638,0.7638,0.7638,0.7638,0.0
2008-03-07,0.7647,0.7647,0.7647,0.7647,0.0
2008-03-10,0.7605,0.7605,0.7605,0.7605,0.0
2008-03-11,0.76455,0.76455,0.76455,0.76455,0.0
2008-03-12,0.7666,0.7666,0.7666,0.7666,0.0
2008-03-13,0.7658,0.7658,0.7658,0.7658,0.0
2008-03-14,0.76755,0.76755,0.76755,0.76755,0.0
2008-03-17,0.7857,0.7857,0.7857,0.7857,0.0
2008-03-18,0.7817,0.7817,0.7817,0.7817,0.0
2008-03-19,0.7859,0.7859,0.7859,0.7859,0.0
2008-03-20,0.7783,0.7783,0.7783,0.7783,0.0
2008-03-25,0.78105,0.78105,0.78105,0.78105,0.0
2008-03-26,0.7881,0.7881,0.7881,0.7881,0.0
2008-03-27,0.7829,0.7829,0.7829,0.7829,0.0
2008-03-28,0.7908,0.7908,0.7908,0.7908,0.0
2008-03-31,0.7958,0.7958,0.7958,0.7958,0.0
2008-04-01,0.7888,0.7888,0.7888,0.7888,0.0
2008-04-02,0.7885,0.7885,0.7885,0.7885,0.0
2008-04-03,0.7832,0.7832,0.7832,0.7832,0.0
2008-04-04,0.7855,0.7855,0.7855,0.7855,0.0
2008-04-07,0.78935,0.78935,0.78935,0.78935,0.0
2008-04-08,0.7974,0.7974,0.7974,0.7974,0.0
2008-04-09,0.7977,0.7977,0.7977,0.7977,0.0
2008-04-10,0.8011,0.8011,0.8011,0.8011,0.0
2008-04-11,0.8017,0.8017,0.8017,0.8017,0.0
2008-04-14,0.7986,0.7986,0.7986,0.7986,0.0
2008-04-15,0.8049,0.8049,0.8049,0.8049,0.0
2008-04-16,0.8061,0.8061,0.8061,0.8061,0.0
2008-04-17,0.8017,0.8017,0.8017,0.8017,0.0
2008-04-18,0.7907,0.7907,0.7907,0.7907,0.0
2008-04-21,0.8007,0.8007,0.8007,0.8007,0.0
2008-04-22,0.7998,0.7998,0.7998,0.7998,0.0
2008-04-23,0.80345,0.80345,0.80345,0.80345,0.0
2008-04-24,0.798,0.798,0.798,0.798,0.0
2008-04-25,0.78605,0.78605,0.78605,0.78605,0.0
2008-04-28,0.7847,0.7847,0.7847,0.7847,0.0
2008-04-29,0.78895,0.78895,0.78895,0.78895,0.0
2008-04-30,0.79015,0.79015,0.79015,0.79015,0.0
2008-05-02,0.779,0.779,0.779,0.779,0.0
2008-05-05,0.7852,0.7852,0.7852,0.7852,0.0
2008-05-06,0.7881,0.7881,0.7881,0.7881,0.0
2008-05-07,0.78865,0.78865,0.78865,0.78865,0.0
2008-05-08,0.78505,0.78505,0.78505,0.78505,0.0
2008-05-09,0.7938,0.7938,0.7938,0.7938,0.0
2008-05-12,0.78885,0.78885,0.78885,0.78885,0.0
2008-05-13,0.7938,0.7938,0.7938,0.7938,0.0
2008-05-14,0.7951,0.7951,0.7951,0.7951,0.0
2008-05-15,0.7972,0.7972,0.7972,0.7972,0.0
2008-05-16,0.79585,0.79585,0.79585,0.79585,0.0
2008-05-19,0.7976,0.7976,0.7976,0.7976,0.0
2008-05-20,0.7964,0.7964,0.7964,0.7964,0.0
2008-05-21,0.80145,0.80145,0.80145,0.80145,0.0
2008-05-22,0.79405,0.79405,0.79405,0.79405,0.0
2008-05-23,0.7944,0.7944,0.7944,0.7944,0.0
2008-05-26,0.79655,0.79655,0.79655,0.79655,0.0
2008-05-27,0.797,0.797,0.797,0.797,0.0
2008-05-28,0.79315,0.79315,0.79315,0.79315,0.0
2008-05-29,0.7866,0.7866,0.7866,0.7866,0.0
2008-05-30,0.786,0.786,0.786,0.786,0.0
2008-06-02,0.7915,0.7915,0.7915,0.7915,0.0
2008-06-03,0.79105,0.79105,0.79105,0.79105,0.0
2008-06-04,0.7902,0.7902,0.7902,0.7902,0.0
2008-06-05,0.7897,0.7897,0.7897,0.7897,0.0
2008-06-06,0.7971,0.7971,0.7971,0.7971,0.0
2008-06-09,0.7974,0.7974,0.7974,0.7974,0.0
2008-06-10,0.79335,0.79335,0.79335,0.79335,0.0
2008-06-11,0.79145,0.79145,0.79145,0.79145,0.0
2008-06-12,0.7912,0.7912,0.7912,0.7912,0.0
2008-06-13,0.78835,0.78835,0.78835,0.78835,0.0
2008-06-16,0.7873,0.7873,0.7873,0.7873,0.0
2008-06-17,0.7944,0.7944,0.7944,0.7944,0.0
2008-06-18,0.7933,0.7933,0.7933,0.7933,0.0
2008-06-19,0.7863,0.7863,0.7863,0.7863,0.0
2008-06-20,0.78965,0.78965,0.78965,0.78965,0.0
2008-06-23,0.79155,0.79155,0.79155,0.79155,0.0
2008-06-24,0.79095,0.79095,0.79095,0.79095,0.0
2008-06-25,0.7907,0.7907,0.7907,0.7907,0.0
2008-06-26,0.79195,0.79195,0.79195,0.79195,0.0
2008-06-27,0.79235,0.79235,0.79235,0.79235,0.0
2008-06-30,0.79225,0.79225,0.79225,0.79225,0.0
2008-07-01,0.7909,0.7909,0.7909,0.7909,0.0
2008-07-02,0.7952,0.7952,0.7952,0.7952,0.0
2008-07-03,0.7992,0.7992,0.7992,0.7992,0.0
2008-07-04,0.7908,0.7908,0.7908,0.7908,0.0
2008-07-07,0.7963,0.7963,0.7963,0.7963,0.0
2008-07-08,0.7944,0.7944,0.7944,0.7944,0.0
2008-07-09,0.79655,0.79655,0.79655,0.79655,0.0
2008-07-10,0.79565,0.79565,0.79565,0.79565,0.0
2008-07-11,0.79915,0.79915,0.79915,0.79915,0.0
2008-07-14,0.7975,0.7975,0.7975,0.7975,0.0
2008-07-15,0.79555,0.79555,0.79555,0.79555,0.0
2008-07-16,0.79395,0.79395,0.79395,0.79395,0.0
2008-07-17,0.7914,0.7914,0.7914,0.7914,0.0
2008-07-18,0.79315,0.79315,0.79315,0.79315,0.0
2008-07-21,0.7946,0.7946,0.7946,0.7946,0.0
2008-07-22,0.79355,0.79355,0.79355,0.79355,0.0
2008-07-23,0.7872,0.7872,0.7872,0.7872,0.0
2008-07-24,0.789,0.789,0.789,0.789,0.0
2008-07-25,0.7888,0.7888,0.7888,0.7888,0.0
2008-07-28,0.7925,0.7925,0.7925,0.7925,0.0
2008-07-29,0.78975,0.78975,0.78975,0.78975,0.0
2008-07-30,0.7867,0.7867,0.7867,0.7867,0.0
2008-07-31,0.78895,0.78895,0.78895,0.78895,0.0
2008-08-01,0.78785,0.78785,0.78785,0.78785,0.0
2008-08-04,0.79165,0.79165,0.79165,0.79165,0.0
2008-08-05,0.79285,0.79285,0.79285,0.79285,0.0
2008-08-06,0.79205,0.79205,0.79205,0.79205,0.0
2008-08-07,0.79255,0.79255,0.79255,0.79255,0.0
2008-08-08,0.7841,0.7841,0.7841,0.7841,0.0
2008-08-11,0.78165,0.78165,0.78165,0.78165,0.0
2008-08-12,0.7844,0.7844,0.7844,0.7844,0.0
2008-08-13,0.7942,0.7942,0.7942,0.7942,0.0
2008-08-14,0.7953,0.7953,0.7953,0.7953,0.0
2008-08-15,0.7907,0.7907,0.7907,0.7907,0.0
2008-08-18,0.7881,0.7881,0.7881,0.7881,0.0
2008-08-19,0.7885,0.7885,0.7885,0.7885,0.0
2008-08-20,0.79315,0.79315,0.79315,0.79315,0.0
2008-08-21,0.7936,0.7936,0.7936,0.7936,0.0
2008-08-22,0.7966,0.7966,0.7966,0.7966,0.0
2008-08-25,0.7966,0.7966,0.7966,0.7966,0.0
2008-08-26,0.7953,0.7953,0.7953,0.7953,0.0
2008-08-27,0.7997,0.7997,0.7997,0.7997,0.0
2008-08-28,0.8047,0.8047,0.8047,0.8047,0.0
2008-08-29,0.805,0.805,0.805,0.805,0.0
2008-09-01,0.81165,0.81165,0.81165,0.81165,0.0
2008-09-02,0.81295,0.81295,0.81295,0.81295,0.0
2008-09-03,0.8133,0.8133,0.8133,0.8133,0.0
2008-09-04,0.813,0.813,0.813,0.813,0.0
2008-09-05,0.8093,0.8093,0.8093,0.8093,0.0
2008-09-08,0.8072,0.8072,0.8072,0.8072,0.0
2008-09-09,0.803,0.803,0.803,0.803,0.0
2008-09-10,0.802,0.802,0.802,0.802,0.0
2008-09-11,0.7941,0.7941,0.7941,0.7941,0.0
2008-09-12,0.7962,0.7962,0.7962,0.7962,0.0
2008-09-15,0.79395,0.79395,0.79395,0.79395,0.0
2008-09-16,0.7975,0.7975,0.7975,0.7975,0.0
2008-09-17,0.79515,0.79515,0.79515,0.79515,0.0
2008-09-18,0.7944,0.7944,0.7944,0.7944,0.0
2008-09-19,0.7873,0.7873,0.7873,0.7873,0.0
2008-09-22,0.792,0.792,0.792,0.792,0.0
2008-09-23,0.79505,0.79505,0.79505,0.79505,0.0
2008-09-24,0.79235,0.79235,0.79235,0.79235,0.0
2008-09-25,0.792,0.792,0.792,0.792,0.0
2008-09-26,0.79475,0.79475,0.79475,0.79475,0.0
2008-09-29,0.7959,0.7959,0.7959,0.7959,0.0
2008-09-30,0.7903,0.7903,0.7903,0.7903,0.0
2008-10-01,0.7919,0.7919,0.7919,0.7919,0.0
2008-10-02,0.7872,0.7872,0.7872,0.7872,0.0
2008-10-03,0.78355,0.78355,0.78355,0.78355,0.0
2008-10-06,0.7728,0.7728,0.7728,0.7728,0.0
2008-10-07,0.77725,0.77725,0.77725,0.77725,0.0
2008-10-08,0.7809,0.7809,0.7809,0.7809,0.0
2008-10-09,0.7895,0.7895,0.7895,0.7895,0.0
2008-10-10,0.798,0.798,0.798,0.798,0.0
2008-10-13,0.7854,0.7854,0.7854,0.7854,0.0
2008-10-14,0.78105,0.78105,0.78105,0.78105,0.0
2008-10-15,0.77615,0.77615,0.77615,0.77615,0.0
2008-10-16,0.78265,0.78265,0.78265,0.78265,0.0
2008-10-17,0.7751,0.7751,0.7751,0.7751,0.0
2008-10-20,0.77165,0.77165,0.77165,0.77165,0.0
2008-10-21,0.777,0.777,0.777,0.777,0.0
2008-10-22,0.78815,0.78815,0.78815,0.78815,0.0
2008-10-23,0.7917,0.7917,0.7917,0.7917,0.0
2008-10-24,0.8061,0.8061,0.8061,0.8061,0.0
2008-10-27,0.8063,0.8063,0.8063,0.8063,0.0
2008-10-28,0.7979,0.7979,0.7979,0.7979,0.0
2008-10-29,0.7958,0.7958,0.7958,0.7958,0.0
2008-10-30,0.7907,0.7907,0.7907,0.7907,0.0
2008-10-31,0.7869,0.7869,0.7869,0.7869,0.0
2008-11-03,0.7969,0.7969,0.7969,0.7969,0.0
2008-11-04,0.8075,0.8075,0.8075,0.8075,0.0
2008-11-05,0.8065,0.8065,0.8065,0.8065,0.0
2008-11-06,0.805,0.805,0.805,0.805,0.0
2008-11-07,0.80845,0.80845,0.80845,0.80845,0.0
2008-11-10,0.8165,0.8165,0.8165,0.8165,0.0
2008-11-11,0.8147,0.8147,0.8147,0.8147,0.0
2008-11-12,0.8231,0.8231,0.8231,0.8231,0.0
2008-11-13,0.8442,0.8442,0.8442,0.8442,0.0
2008-11-14,0.8598,0.8598,0.8598,0.8598,0.0
2008-11-17,0.84825,0.84825,0.84825,0.84825,0.0
2008-11-18,0.8421,0.8421,0.8421,0.8421,0.0
2008-11-19,0.8398,0.8398,0.8398,0.8398,0.0
2008-11-20,0.8421,0.8421,0.8421,0.8421,0.0
2008-11-21,0.841,0.841,0.841,0.841,0.0
2008-11-24,0.8517,0.8517,0.8517,0.8517,0.0
2008-11-25,0.85375,0.85375,0.85375,0.85375,0.0
2008-11-26,0.8456,0.8456,0.8456,0.8456,0.0
2008-11-27,0.8358,0.8358,0.8358,0.8358,0.0
2008-11-28,0.8299,0.8299,0.8299,0.8299,0.0
2008-12-01,0.84155,0.84155,0.84155,0.84155,0.0
2008-12-02,0.84695,0.84695,0.84695,0.84695,0.0
2008-12-03,0.85475,0.85475,0.85475,0.85475,0.0
2008-12-04,0.8626,0.8626,0.8626,0.8626,0.0
2008-12-05,0.8666,0.8666,0.8666,0.8666,0.0
2008-12-08,0.8651,0.8651,0.8651,0.8651,0.0
2008-12-09,0.8711,0.8711,0.8711,0.8711,0.0
2008-12-10,0.87325,0.87325,0.87325,0.87325,0.0
2008-12-11,0.8869,0.8869,0.8869,0.8869,0.0
2008-12-12,0.89235,0.89235,0.89235,0.89235,0.0
2008-12-15,0.8994,0.8994,0.8994,0.8994,0.0
2008-12-16,0.8936,0.8936,0.8936,0.8936,0.0
2008-12-17,0.91855,0.91855,0.91855,0.91855,0.0
2008-12-18,0.9509,0.9509,0.9509,0.9509,0.0
2008-12-19,0.9287,0.9287,0.9287,0.9287,0.0
2008-12-22,0.9432,0.9432,0.9432,0.9432,0.0
2008-12-23,0.94395,0.94395,0.94395,0.94395,0.0
2008-12-24,0.9493,0.9493,0.9493,0.9493,0.0
2008-12-29,0.97855,0.97855,0.97855,0.97855,0.0
2008-12-30,0.9742,0.9742,0.9742,0.9742,0.0
2008-12-31,0.9525,0.9525,0.9525,0.9525,0.0
2009-01-02,0.961,0.961,0.961,0.961,0.0
2009-01-05,0.9358,0.9358,0.9358,0.9358,0.0
2009-01-06,0.9176,0.9176,0.9176,0.9176,0.0
2009-01-07,0.9043,0.9043,0.9043,0.9043,0.0
2009-01-08,0.8933,0.8933,0.8933,0.8933,0.0
2009-01-09,0.8948,0.8948,0.8948,0.8948,0.0
2009-01-12,0.8956,0.8956,0.8956,0.8956,0.0
2009-01-13,0.9112,0.9112,0.9112,0.9112,0.0
2009-01-14,0.9083,0.9083,0.9083,0.9083,0.0
2009-01-15,0.8966,0.8966,0.8966,0.8966,0.0
2009-01-16,0.8893,0.8893,0.8893,0.8893,0.0
2009-01-19,0.9047,0.9047,0.9047,0.9047,0.0
2009-01-20,0.9311,0.9311,0.9311,0.9311,0.0
2009-01-21,0.9386,0.9386,0.9386,0.9386,0.0
2009-01-22,0.9441,0.9441,0.9441,0.9441,0.0
2009-01-23,0.9387,0.9387,0.9387,0.9387,0.0
2009-01-26,0.9395,0.9395,0.9395,0.9395,0.0
2009-01-27,0.9352,0.9352,0.9352,0.9352,0.0
2009-01-28,0.92725,0.92725,0.92725,0.92725,0.0
2009-01-29,0.91725,0.91725,0.91725,0.91725,0.0
2009-01-30,0.89785,0.89785,0.89785,0.89785,0.0
2009-02-02,0.90335,0.90335,0.90335,0.90335,0.0
2009-02-03,0.9029,0.9029,0.9029,0.9029,0.0
2009-02-04,0.8901,0.8901,0.8901,0.8901,0.0
2009-02-05,0.878,0.878,0.878,0.878,0.0
2009-02-06,0.8706,0.8706,0.8706,0.8706,0.0
2009-02-09,0.871,0.871,0.871,0.871,0.0
2009-02-10,0.8771,0.8771,0.8771,0.8771,0.0
2009-02-11,0.9,0.9,0.9,0.9,0.0
2009-02-12,0.903,0.903,0.903,0.903,0.0
2009-02-13,0.88415,0.88415,0.88415,0.88415,0.0
2009-02-16,0.8945,0.8945,0.8945,0.8945,0.0
2009-02-17,0.8851,0.8851,0.8851,0.8851,0.0
2009-02-18,0.8846,0.8846,0.8846,0.8846,0.0
2009-02-19,0.8823,0.8823,0.8823,0.8823,0.0
2009-02-20,0.881,0.881,0.881,0.881,0.0
2009-02-23,0.878,0.878,0.878,0.878,0.0
2009-02-24,0.8797,0.8797,0.8797,0.8797,0.0
2009-02-25,0.8884,0.8884,0.8884,0.8884,0.0
2009-02-26,0.8913,0.8913,0.8913,0.8913,0.0
2009-02-27,0.8931,0.8931,0.8931,0.8931,0.0
2009-03-02,0.8933,0.8933,0.8933,0.8933,0.0
2009-03-03,0.89575,0.89575,0.89575,0.89575,0.0
2009-03-04,0.8902,0.8902,0.8902,0.8902,0.0
2009-03-05,0.8903,0.8903,0.8903,0.8903,0.0
2009-03-06,0.89,0.89,0.89,0.89,0.0
2009-03-09,0.9114,0.9114,0.9114,0.9114,0.0
2009-03-10,0.9229,0.9229,0.9229,0.9229,0.0
2009-03-11,0.9255,0.9255,0.9255,0.9255,0.0
2009-03-12,0.9308,0.9308,0.9308,0.9308,0.0
2009-03-13,0.922,0.922,0.922,0.922,0.0
2009-03-16,0.92055,0.92055,0.92055,0.92055,0.0
2009-03-17,0.9265,0.9265,0.9265,0.9265,0.0
2009-03-18,0.9391,0.9391,0.9391,0.9391,0.0
2009-03-19,0.9405,0.9405,0.9405,0.9405,0.0
2009-03-20,0.9395,0.9395,0.9395,0.9395,0.0
2009-03-23,0.92945,0.92945,0.92945,0.92945,0.0
2009-03-24,0.9206,0.9206,0.9206,0.9206,0.0
2009-03-25,0.92425,0.92425,0.92425,0.92425,0.0
2009-03-26,0.9316,0.9316,0.9316,0.9316,0.0
2009-03-27,0.9285,0.9285,0.9285,0.9285,0.0
2009-03-30,0.9291,0.9291,0.9291,0.9291,0.0
2009-03-31,0.9308,0.9308,0.9308,0.9308,0.0
2009-04-01,0.9206,0.9206,0.9206,0.9206,0.0
2009-04-02,0.9129,0.9129,0.9129,0.9129,0.0
2009-04-03,0.9093,0.9093,0.9093,0.9093,0.0
2009-04-06,0.9052,0.9052,0.9052,0.9052,0.0
2009-04-07,0.90505,0.90505,0.90505,0.90505,0.0
2009-04-08,0.89935,0.89935,0.89935,0.89935,0.0
2009-04-09,0.9044,0.9044,0.9044,0.9044,0.0
2009-04-14,0.8915,0.8915,0.8915,0.8915,0.0
2009-04-15,0.8821,0.8821,0.8821,0.8821,0.0
2009-04-16,0.8856,0.8856,0.8856,0.8856,0.0
2009-04-17,0.8828,0.8828,0.8828,0.8828,0.0
2009-04-20,0.8896,0.8896,0.8896,0.8896,0.0
2009-04-21,0.8886,0.8886,0.8886,0.8886,0.0
2009-04-22,0.8882,0.8882,0.8882,0.8882,0.0
2009-04-23,0.8968,0.8968,0.8968,0.8968,0.0
2009-04-24,0.906,0.906,0.906,0.906,0.0
2009-04-27,0.90075,0.90075,0.90075,0.90075,0.0
2009-04-28,0.89035,0.89035,0.89035,0.89035,0.0
2009-04-29,0.89875,0.89875,0.89875,0.89875,0.0
2009-04-30,0.89335,0.89335,0.89335,0.89335,0.0
2009-05-04,0.8897,0.8897,0.8897,0.8897,0.0
2009-05-05,0.8859,0.8859,0.8859,0.8859,0.0
2009-05-06,0.8861,0.8861,0.8861,0.8861,0.0
2009-05-07,0.8847,0.8847,0.8847,0.8847,0.0
2009-05-08,0.8907,0.8907,0.8907,0.8907,0.0
2009-05-11,0.8986,0.8986,0.8986,0.8986,0.0
2009-05-12,0.8934,0.8934,0.8934,0.8934,0.0
2009-05-13,0.8998,0.8998,0.8998,0.8998,0.0
2009-05-14,0.8981,0.8981,0.8981,0.8981,0.0
2009-05-15,0.8905,0.8905,0.8905,0.8905,0.0
2009-05-18,0.8825,0.8825,0.8825,0.8825,0.0
2009-05-19,0.8794,0.8794,0.8794,0.8794,0.0
2009-05-20,0.8826,0.8826,0.8826,0.8826,0.0
2009-05-21,0.879,0.879,0.879,0.879,0.0
2009-05-22,0.8781,0.8781,0.8781,0.8781,0.0
2009-05-25,0.8803,0.8803,0.8803,0.8803,0.0
2009-05-26,0.876,0.876,0.876,0.876,0.0
2009-05-27,0.8706,0.8706,0.8706,0.8706,0.0
2009-05-28,0.87,0.87,0.87,0.87,0.0
2009-05-29,0.8729,0.8729,0.8729,0.8729,0.0
2009-06-01,0.868,0.868,0.868,0.868,0.0
2009-06-02,0.8652,0.8652,0.8652,0.8652,0.0
2009-06-03,0.8597,0.8597,0.8597,0.8597,0.0
2009-06-04,0.8689,0.8689,0.8689,0.8689,0.0
2009-06-05,0.8792,0.8792,0.8792,0.8792,0.0
2009-06-08,0.8709,0.8709,0.8709,0.8709,0.0
2009-06-09,0.8632,0.8632,0.8632,0.8632,0.0
2009-06-10,0.8583,0.8583,0.8583,0.8583,0.0
2009-06-11,0.8507,0.8507,0.8507,0.8507,0.0
2009-06-12,0.8538,0.8538,0.8538,0.8538,0.0
2009-06-15,0.8472,0.8472,0.8472,0.8472,0.0
2009-06-16,0.8437,0.8437,0.8437,0.8437,0.0
2009-06-17,0.8522,0.8522,0.8522,0.8522,0.0
2009-06-18,0.8583,0.8583,0.8583,0.8583,0.0
2009-06-19,0.84715,0.84715,0.84715,0.84715,0.0
2009-06-22,0.84255,0.84255,0.84255,0.84255,0.0
2009-06-23,0.85735,0.85735,0.85735,0.85735,0.0
2009-06-24,0.8493,0.8493,0.8493,0.8493,0.0
2009-06-25,0.8567,0.8567,0.8567,0.8567,0.0
2009-06-26,0.8543,0.8543,0.8543,0.8543,0.0
2009-06-29,0.84865,0.84865,0.84865,0.84865,0.0
2009-06-30,0.8521,0.8521,0.8521,0.8521,0.0
2009-07-01,0.8562,0.8562,0.8562,0.8562,0.0
2009-07-02,0.8573,0.8573,0.8573,0.8573,0.0
2009-07-03,0.85625,0.85625,0.85625,0.85625,0.0
2009-07-06,0.8612,0.8612,0.8612,0.8612,0.0
2009-07-07,0.8638,0.8638,0.8638,0.8638,0.0
2009-07-08,0.86495,0.86495,0.86495,0.86495,0.0
2009-07-09,0.8606,0.8606,0.8606,0.8606,0.0
2009-07-10,0.858,0.858,0.858,0.858,0.0
2009-07-13,0.8678,0.8678,0.8678,0.8678,0.0
2009-07-14,0.85755,0.85755,0.85755,0.85755,0.0
2009-07-15,0.8576,0.8576,0.8576,0.8576,0.0
2009-07-16,0.8591,0.8591,0.8591,0.8591,0.0
2009-07-17,0.8653,0.8653,0.8653,0.8653,0.0
2009-07-20,0.8601,0.8601,0.8601,0.8601,0.0
2009-07-21,0.8653,0.8653,0.8653,0.8653,0.0
2009-07-22,0.8648,0.8648,0.8648,0.8648,0.0
2009-07-23,0.8617,0.8617,0.8617,0.8617,0.0
2009-07-24,0.867,0.867,0.867,0.867,0.0
2009-07-27,0.8653,0.8653,0.8653,0.8653,0.0
2009-07-28,0.8622,0.8622,0.8622,0.8622,0.0
2009-07-29,0.8611,0.8611,0.8611,0.8611,0.0
2009-07-30,0.8524,0.8524,0.8524,0.8524,0.0
2009-07-31,0.8556,0.8556,0.8556,0.8556,0.0
2009-08-03,0.8492,0.8492,0.8492,0.8492,0.0
2009-08-04,0.84845,0.84845,0.84845,0.84845,0.0
2009-08-05,0.84695,0.84695,0.84695,0.84695,0.0
2009-08-06,0.8524,0.8524,0.8524,0.8524,0.0
2009-08-07,0.8567,0.8567,0.8567,0.8567,0.0
2009-08-10,0.85355,0.85355,0.85355,0.85355,0.0
2009-08-11,0.8584,0.8584,0.8584,0.8584,0.0
2009-08-12,0.85965,0.85965,0.85965,0.85965,0.0
2009-08-13,0.85865,0.85865,0.85865,0.85865,0.0
2009-08-14,0.8616,0.8616,0.8616,0.8616,0.0
2009-08-17,0.8629,0.8629,0.8629,0.8629,0.0
2009-08-18,0.8566,0.8566,0.8566,0.8566,0.0
2009-08-19,0.8608,0.8608,0.8608,0.8608,0.0
2009-08-20,0.8638,0.8638,0.8638,0.8638,0.0
2009-08-21,0.8657,0.8657,0.8657,0.8657,0.0
2009-08-24,0.8682,0.8682,0.8682,0.8682,0.0
2009-08-25,0.87405,0.87405,0.87405,0.87405,0.0
2009-08-26,0.878,0.878,0.878,0.878,0.0
2009-08-27,0.8804,0.8804,0.8804,0.8804,0.0
2009-08-28,0.8784,0.8784,0.8784,0.8784,0.0
2009-08-31,0.88135,0.88135,0.88135,0.88135,0.0
2009-09-01,0.8815,0.8815,0.8815,0.8815,0.0
2009-09-02,0.8751,0.8751,0.8751,0.8751,0.0
2009-09-03,0.8747,0.8747,0.8747,0.8747,0.0
2009-09-04,0.872,0.872,0.872,0.872,0.0
2009-09-07,0.8735,0.8735,0.8735,0.8735,0.0
2009-09-08,0.87365,0.87365,0.87365,0.87365,0.0
2009-09-09,0.8793,0.8793,0.8793,0.8793,0.0
2009-09-10,0.87575,0.87575,0.87575,0.87575,0.0
2009-09-11,0.8739,0.8739,0.8739,0.8739,0.0
2009-09-14,0.879,0.879,0.879,0.879,0.0
2009-09-15,0.8869,0.8869,0.8869,0.8869,0.0
2009-09-16,0.8897,0.8897,0.8897,0.8897,0.0
2009-09-17,0.8905,0.8905,0.8905,0.8905,0.0
2009-09-18,0.9003,0.9003,0.9003,0.9003,0.0
2009-09-21,0.9066,0.9066,0.9066,0.9066,0.0
2009-09-22,0.9047,0.9047,0.9047,0.9047,0.0
2009-09-23,0.8994,0.8994,0.8994,0.8994,0.0
2009-09-24,0.91065,0.91065,0.91065,0.91065,0.0
2009-09-25,0.91875,0.91875,0.91875,0.91875,0.0
2009-09-28,0.92265,0.92265,0.92265,0.92265,0.0
2009-09-29,0.9118,0.9118,0.9118,0.9118,0.0
2009-09-30,0.9093,0.9093,0.9093,0.9093,0.0
2009-10-01,0.91085,0.91085,0.91085,0.91085,0.0
2009-10-02,0.9172,0.9172,0.9172,0.9172,0.0
2009-10-05,0.9171,0.9171,0.9171,0.9171,0.0
2009-10-06,0.92605,0.92605,0.92605,0.92605,0.0
2009-10-07,0.9249,0.9249,0.9249,0.9249,0.0
2009-10-08,0.92,0.92,0.92,0.92,0.0
2009-10-09,0.92285,0.92285,0.92285,0.92285,0.0
2009-10-12,0.9333,0.9333,0.9333,0.9333,0.0
2009-10-13,0.9408,0.9408,0.9408,0.9408,0.0
2009-10-14,0.93025,0.93025,0.93025,0.93025,0.0
2009-10-15,0.9147,0.9147,0.9147,0.9147,0.0
2009-10-16,0.91175,0.91175,0.91175,0.91175,0.0
2009-10-19,0.9143,0.9143,0.9143,0.9143,0.0
2009-10-20,0.9117,0.9117,0.9117,0.9117,0.0
2009-10-21,0.9001,0.9001,0.9001,0.9001,0.0
2009-10-22,0.9053,0.9053,0.9053,0.9053,0.0
2009-10-23,0.9172,0.9172,0.9172,0.9172,0.0
2009-10-26,0.9194,0.9194,0.9194,0.9194,0.0
2009-10-27,0.90775,0.90775,0.90775,0.90775,0.0
2009-10-28,0.9057,0.9057,0.9057,0.9057,0.0
2009-10-29,0.8975,0.8975,0.8975,0.8975,0.0
2009-10-30,0.89375,0.89375,0.89375,0.89375,0.0
2009-11-02,0.9033,0.9033,0.9033,0.9033,0.0
2009-11-03,0.8986,0.8986,0.8986,0.8986,0.0
2009-11-04,0.8936,0.8936,0.8936,0.8936,0.0
2009-11-05,0.8953,0.8953,0.8953,0.8953,0.0
2009-11-06,0.896,0.896,0.896,0.896,0.0
2009-11-09,0.89365,0.89365,0.89365,0.89365,0.0
2009-11-10,0.8986,0.8986,0.8986,0.8986,0.0
2009-11-11,0.9029,0.9029,0.9029,0.9029,0.0
2009-11-12,0.902,0.902,0.902,0.902,0.0
2009-11-13,0.89125,0.89125,0.89125,0.89125,0.0
2009-11-16,0.89485,0.89485,0.89485,0.89485,0.0
2009-11-17,0.88625,0.88625,0.88625,0.88625,0.0
2009-11-18,0.8895,0.8895,0.8895,0.8895,0.0
2009-11-19,0.89385,0.89385,0.89385,0.89385,0.0
2009-11-20,0.89915,0.89915,0.89915,0.89915,0.0
2009-11-23,0.90075,0.90075,0.90075,0.90075,0.0
2009-11-24,0.9031,0.9031,0.9031,0.9031,0.0
2009-11-25,0.9031,0.9031,0.9031,0.9031,0.0
2009-11-26,0.911,0.911,0.911,0.911,0.0
2009-11-27,0.9091,0.9091,0.9091,0.9091,0.0
2009-11-30,0.91155,0.91155,0.91155,0.91155,0.0
2009-12-01,0.90985,0.90985,0.90985,0.90985,0.0
2009-12-02,0.9043,0.9043,0.9043,0.9043,0.0
2009-12-03,0.90915,0.90915,0.90915,0.90915,0.0
2009-12-04,0.9048,0.9048,0.9048,0.9048,0.0
2009-12-07,0.90505,0.90505,0.90505,0.90505,0.0
2009-12-08,0.907,0.907,0.907,0.907,0.0
2009-12-09,0.9046,0.9046,0.9046,0.9046,0.0
2009-12-10,0.9043,0.9043,0.9043,0.9043,0.0
2009-12-11,0.90515,0.90515,0.90515,0.90515,0.0
2009-12-14,0.9006,0.9006,0.9006,0.9006,0.0
2009-12-15,0.896,0.896,0.896,0.896,0.0
2009-12-16,0.88945,0.88945,0.88945,0.88945,0.0
2009-12-17,0.88995,0.88995,0.88995,0.88995,0.0
2009-12-18,0.887,0.887,0.887,0.887,0.0
2009-12-21,0.8918,0.8918,0.8918,0.8918,0.0
2009-12-22,0.89305,0.89305,0.89305,0.89305,0.0
2009-12-23,0.8947,0.8947,0.8947,0.8947,0.0
2009-12-24,0.9008,0.9008,0.9008,0.9008,0.0
2009-12-28,0.90143,0.90143,0.90143,0.90143,0.0
2009-12-29,0.9027,0.9027,0.9027,0.9027,0.0
2009-12-30,0.904,0.904,0.904,0.904,0.0
2009-12-31,0.8881,0.8881,0.8881,0.8881,0.0
2010-01-04,0.8914,0.8914,0.8914,0.8914,0.0
2010-01-05,0.90045,0.90045,0.90045,0.90045,0.0
2010-01-06,0.8986,0.8986,0.8986,0.8986,0.0
2010-01-07,0.8996,0.8996,0.8996,0.8996,0.0
2010-01-08,0.8934,0.8934,0.8934,0.8934,0.0
2010-01-11,0.8989,0.8989,0.8989,0.8989,0.0
2010-01-12,0.8972,0.8972,0.8972,0.8972,0.0
2010-01-13,0.8946,0.8946,0.8946,0.8946,0.0
2010-01-14,0.8905,0.8905,0.8905,0.8905,0.0
2010-01-15,0.88105,0.88105,0.88105,0.88105,0.0
2010-01-18,0.8795,0.8795,0.8795,0.8795,0.0
2010-01-19,0.8743,0.8743,0.8743,0.8743,0.0
2010-01-20,0.8692,0.8692,0.8692,0.8692,0.0
2010-01-21,0.87,0.87,0.87,0.87,0.0
2010-01-22,0.8763,0.8763,0.8763,0.8763,0.0
2010-01-25,0.8773,0.8773,0.8773,0.8773,0.0
2010-01-26,0.8733,0.8733,0.8733,0.8733,0.0
2010-01-27,0.86725,0.86725,0.86725,0.86725,0.0
2010-01-28,0.8616,0.8616,0.8616,0.8616,0.0
2010-01-29,0.86655,0.86655,0.86655,0.86655,0.0
2010-02-01,0.87485,0.87485,0.87485,0.87485,0.0
2010-02-02,0.87375,0.87375,0.87375,0.87375,0.0
2010-02-03,0.8762,0.8762,0.8762,0.8762,0.0
2010-02-04,0.8731,0.8731,0.8731,0.8731,0.0
2010-02-05,0.87325,0.87325,0.87325,0.87325,0.0
2010-02-08,0.8761,0.8761,0.8761,0.8761,0.0
2010-02-09,0.8804,0.8804,0.8804,0.8804,0.0
2010-02-10,0.8798,0.8798,0.8798,0.8798,0.0
2010-02-11,0.8775,0.8775,0.8775,0.8775,0.0
2010-02-12,0.8691,0.8691,0.8691,0.8691,0.0
2010-02-15,0.8676,0.8676,0.8676,0.8676,0.0
2010-02-16,0.8705,0.8705,0.8705,0.8705,0.0
2010-02-17,0.869,0.869,0.869,0.869,0.0
2010-02-18,0.8704,0.8704,0.8704,0.8704,0.0
2010-02-19,0.8783,0.8783,0.8783,0.8783,0.0
2010-02-22,0.8797,0.8797,0.8797,0.8797,0.0
2010-02-23,0.8802,0.8802,0.8802,0.8802,0.0
2010-02-24,0.8775,0.8775,0.8775,0.8775,0.0
2010-02-25,0.8809,0.8809,0.8809,0.8809,0.0
2010-02-26,0.8927,0.8927,0.8927,0.8927,0.0
2010-03-01,0.9067,0.9067,0.9067,0.9067,0.0
2010-03-02,0.90635,0.90635,0.90635,0.90635,0.0
2010-03-03,0.9057,0.9057,0.9057,0.9057,0.0
2010-03-04,0.905,0.905,0.905,0.905,0.0
2010-03-05,0.9025,0.9025,0.9025,0.9025,0.0
2010-03-08,0.9024,0.9024,0.9024,0.9024,0.0
2010-03-09,0.9064,0.9064,0.9064,0.9064,0.0
2010-03-10,0.9114,0.9114,0.9114,0.9114,0.0
2010-03-11,0.9086,0.9086,0.9086,0.9086,0.0
2010-03-12,0.9083,0.9083,0.9083,0.9083,0.0
2010-03-15,0.9105,0.9105,0.9105,0.9105,0.0
2010-03-16,0.9069,0.9069,0.9069,0.9069,0.0
2010-03-17,0.8962,0.8962,0.8962,0.8962,0.0
2010-03-18,0.894,0.894,0.894,0.894,0.0
2010-03-19,0.8945,0.8945,0.8945,0.8945,0.0
2010-03-22,0.899,0.899,0.899,0.899,0.0
2010-03-23,0.9005,0.9005,0.9005,0.9005,0.0
2010-03-24,0.8946,0.8946,0.8946,0.8946,0.0
2010-03-25,0.8944,0.8944,0.8944,0.8944,0.0
2010-03-26,0.9004,0.9004,0.9004,0.9004,0.0
2010-03-29,0.8994,0.8994,0.8994,0.8994,0.0
2010-03-30,0.8933,0.8933,0.8933,0.8933,0.0
2010-03-31,0.8898,0.8898,0.8898,0.8898,0.0
2010-04-01,0.88485,0.88485,0.88485,0.88485,0.0
2010-04-06,0.8824,0.8824,0.8824,0.8824,0.0
2010-04-07,0.87885,0.87885,0.87885,0.87885,0.0
2010-04-08,0.875,0.875,0.875,0.875,0.0
2010-04-09,0.872,0.872,0.872,0.872,0.0
2010-04-12,0.8825,0.8825,0.8825,0.8825,0.0
2010-04-13,0.8812,0.8812,0.8812,0.8812,0.0
2010-04-14,0.8814,0.8814,0.8814,0.8814,0.0
2010-04-15,0.87735,0.87735,0.87735,0.87735,0.0
2010-04-16,0.8771,0.8771,0.8771,0.8771,0.0
2010-04-19,0.8805,0.8805,0.8805,0.8805,0.0
2010-04-20,0.8765,0.8765,0.8765,0.8765,0.0
2010-04-21,0.869,0.869,0.869,0.869,0.0
2010-04-22,0.86675,0.86675,0.86675,0.86675,0.0
2010-04-23,0.8673,0.8673,0.8673,0.8673,0.0
2010-04-26,0.8624,0.8624,0.8624,0.8624,0.0
2010-04-27,0.86705,0.86705,0.86705,0.86705,0.0
2010-04-28,0.8708,0.8708,0.8708,0.8708,0.0
2010-04-29,0.86785,0.86785,0.86785,0.86785,0.0
2010-04-30,0.8703,0.8703,0.8703,0.8703,0.0
2010-05-03,0.868,0.868,0.868,0.868,0.0
2010-05-04,0.86325,0.86325,0.86325,0.86325,0.0
2010-05-05,0.8551,0.8551,0.8551,0.8551,0.0
2010-05-06,0.84295,0.84295,0.84295,0.84295,0.0
2010-05-07,0.86805,0.86805,0.86805,0.86805,0.0
2010-05-10,0.86405,0.86405,0.86405,0.86405,0.0
2010-05-11,0.8596,0.8596,0.8596,0.8596,0.0
2010-05-12,0.8494,0.8494,0.8494,0.8494,0.0
2010-05-13,0.853,0.853,0.853,0.853,0.0
2010-05-14,0.8571,0.8571,0.8571,0.8571,0.0
2010-05-17,0.8554,0.8554,0.8554,0.8554,0.0
2010-05-18,0.85895,0.85895,0.85895,0.85895,0.0
2010-05-19,0.85805,0.85805,0.85805,0.85805,0.0
2010-05-20,0.8644,0.8644,0.8644,0.8644,0.0
2010-05-21,0.87035,0.87035,0.87035,0.87035,0.0
2010-05-24,0.8608,0.8608,0.8608,0.8608,0.0
2010-05-25,0.85205,0.85205,0.85205,0.85205,0.0
2010-05-26,0.8547,0.8547,0.8547,0.8547,0.0
2010-05-27,0.84625,0.84625,0.84625,0.84625,0.0
2010-05-28,0.84995,0.84995,0.84995,0.84995,0.0
2010-05-31,0.84863,0.84863,0.84863,0.84863,0.0
2010-06-01,0.8347,0.8347,0.8347,0.8347,0.0
2010-06-02,0.83345,0.83345,0.83345,0.83345,0.0
2010-06-03,0.8357,0.8357,0.8357,0.8357,0.0
2010-06-04,0.82745,0.82745,0.82745,0.82745,0.0
2010-06-07,0.8246,0.8246,0.8246,0.8246,0.0
2010-06-08,0.82805,0.82805,0.82805,0.82805,0.0
2010-06-09,0.8259,0.8259,0.8259,0.8259,0.0
2010-06-10,0.8252,0.8252,0.8252,0.8252,0.0
2010-06-11,0.8293,0.8293,0.8293,0.8293,0.0
2010-06-14,0.8308,0.8308,0.8308,0.8308,0.0
2010-06-15,0.832,0.832,0.832,0.832,0.0
2010-06-16,0.83085,0.83085,0.83085,0.83085,0.0
2010-06-17,0.8349,0.8349,0.8349,0.8349,0.0
2010-06-18,0.8357,0.8357,0.8357,0.8357,0.0
2010-06-21,0.8341,0.8341,0.8341,0.8341,0.0
2010-06-22,0.834,0.834,0.834,0.834,0.0
2010-06-23,0.8229,0.8229,0.8229,0.8229,0.0
2010-06-24,0.8185,0.8185,0.8185,0.8185,0.0
2010-06-25,0.8236,0.8236,0.8236,0.8236,0.0
2010-06-28,0.82,0.82,0.82,0.82,0.0
2010-06-29,0.8104,0.8104,0.8104,0.8104,0.0
2010-06-30,0.81745,0.81745,0.81745,0.81745,0.0
2010-07-01,0.82215,0.82215,0.82215,0.82215,0.0
2010-07-02,0.8252,0.8252,0.8252,0.8252,0.0
2010-07-05,0.8275,0.8275,0.8275,0.8275,0.0
2010-07-06,0.8295,0.8295,0.8295,0.8295,0.0
2010-07-07,0.8319,0.8319,0.8319,0.8319,0.0
2010-07-08,0.8356,0.8356,0.8356,0.8356,0.0
2010-07-09,0.836,0.836,0.836,0.836,0.0
2010-07-12,0.8363,0.8363,0.8363,0.8363,0.0
2010-07-13,0.8318,0.8318,0.8318,0.8318,0.0
2010-07-14,0.8343,0.8343,0.8343,0.8343,0.0
2010-07-15,0.83565,0.83565,0.83565,0.83565,0.0
2010-07-16,0.84535,0.84535,0.84535,0.84535,0.0
2010-07-19,0.8483,0.8483,0.8483,0.8483,0.0
2010-07-20,0.84745,0.84745,0.84745,0.84745,0.0
2010-07-21,0.83945,0.83945,0.83945,0.83945,0.0
2010-07-22,0.8428,0.8428,0.8428,0.8428,0.0
2010-07-23,0.8372,0.8372,0.8372,0.8372,0.0
2010-07-26,0.83425,0.83425,0.83425,0.83425,0.0
2010-07-27,0.8382,0.8382,0.8382,0.8382,0.0
2010-07-28,0.83395,0.83395,0.83395,0.83395,0.0
2010-07-29,0.8367,0.8367,0.8367,0.8367,0.0
2010-07-30,0.8349,0.8349,0.8349,0.8349,0.0
2010-08-02,0.826,0.826,0.826,0.826,0.0
2010-08-03,0.8298,0.8298,0.8298,0.8298,0.0
2010-08-04,0.8284,0.8284,0.8284,0.8284,0.0
2010-08-05,0.8293,0.8293,0.8293,0.8293,0.0
2010-08-06,0.8301,0.8301,0.8301,0.8301,0.0
2010-08-09,0.8304,0.8304,0.8304,0.8304,0.0
2010-08-10,0.8352,0.8352,0.8352,0.8352,0.0
2010-08-11,0.8278,0.8278,0.8278,0.8278,0.0
2010-08-12,0.8206,0.8206,0.8206,0.8206,0.0
2010-08-13,0.8212,0.8212,0.8212,0.8212,0.0
2010-08-16,0.8211,0.8211,0.8211,0.8211,0.0
2010-08-17,0.823,0.823,0.823,0.823,0.0
2010-08-18,0.8233,0.8233,0.8233,0.8233,0.0
2010-08-19,0.82055,0.82055,0.82055,0.82055,0.0
2010-08-20,0.8191,0.8191,0.8191,0.8191,0.0
2010-08-23,0.8169,0.8169,0.8169,0.8169,0.0
2010-08-24,0.8193,0.8193,0.8193,0.8193,0.0
2010-08-25,0.8185,0.8185,0.8185,0.8185,0.0
2010-08-26,0.81745,0.81745,0.81745,0.81745,0.0
2010-08-27,0.8206,0.8206,0.8206,0.8206,0.0
2010-08-30,0.8165,0.8165,0.8165,0.8165,0.0
2010-08-31,0.8248,0.8248,0.8248,0.8248,0.0
2010-09-01,0.83105,0.83105,0.83105,0.83105,0.0
2010-09-02,0.83275,0.83275,0.83275,0.83275,0.0
2010-09-03,0.8332,0.8332,0.8332,0.8332,0.0
2010-09-06,0.83825,0.83825,0.83825,0.83825,0.0
2010-09-07,0.8316,0.8316,0.8316,0.8316,0.0
2010-09-08,0.82205,0.82205,0.82205,0.82205,0.0
2010-09-09,0.8258,0.8258,0.8258,0.8258,0.0
2010-09-10,0.8234,0.8234,0.8234,0.8234,0.0
2010-09-13,0.8312,0.8312,0.8312,0.8312,0.0
2010-09-14,0.8343,0.8343,0.8343,0.8343,0.0
2010-09-15,0.8355,0.8355,0.8355,0.8355,0.0
2010-09-16,0.8372,0.8372,0.8372,0.8372,0.0
2010-09-17,0.83575,0.83575,0.83575,0.83575,0.0
2010-09-20,0.8383,0.8383,0.8383,0.8383,0.0
2010-09-21,0.84545,0.84545,0.84545,0.84545,0.0
2010-09-22,0.8553,0.8553,0.8553,0.8553,0.0
2010-09-23,0.8505,0.8505,0.8505,0.8505,0.0
2010-09-24,0.85345,0.85345,0.85345,0.85345,0.0
2010-09-27,0.8504,0.8504,0.8504,0.8504,0.0
2010-09-28,0.84985,0.84985,0.84985,0.84985,0.0
2010-09-29,0.8618,0.8618,0.8618,0.8618,0.0
2010-09-30,0.85995,0.85995,0.85995,0.85995,0.0
2010-10-01,0.8676,0.8676,0.8676,0.8676,0.0
2010-10-04,0.8656,0.8656,0.8656,0.8656,0.0
2010-10-05,0.8667,0.8667,0.8667,0.8667,0.0
2010-10-06,0.8726,0.8726,0.8726,0.8726,0.0
2010-10-07,0.87465,0.87465,0.87465,0.87465,0.0
2010-10-08,0.8751,0.8751,0.8751,0.8751,0.0
2010-10-11,0.8746,0.8746,0.8746,0.8746,0.0
2010-10-12,0.8736,0.8736,0.8736,0.8736,0.0
2010-10-13,0.8812,0.8812,0.8812,0.8812,0.0
2010-10-14,0.8792,0.8792,0.8792,0.8792,0.0
2010-10-15,0.8775,0.8775,0.8775,0.8775,0.0
2010-10-18,0.8747,0.8747,0.8747,0.8747,0.0
2010-10-19,0.8806,0.8806,0.8806,0.8806,0.0
2010-10-20,0.882,0.882,0.882,0.882,0.0
2010-10-21,0.8902,0.8902,0.8902,0.8902,0.0
2010-10-22,0.8873,0.8873,0.8873,0.8873,0.0
2010-10-25,0.89255,0.89255,0.89255,0.89255,0.0
2010-10-26,0.87685,0.87685,0.87685,0.87685,0.0
2010-10-27,0.87235,0.87235,0.87235,0.87235,0.0
2010-10-28,0.8704,0.8704,0.8704,0.8704,0.0
2010-10-29,0.8686,0.8686,0.8686,0.8686,0.0
2010-11-01,0.86675,0.86675,0.86675,0.86675,0.0
2010-11-02,0.8749,0.8749,0.8749,0.8749,0.0
2010-11-03,0.8703,0.8703,0.8703,0.8703,0.0
2010-11-04,0.87585,0.87585,0.87585,0.87585,0.0
2010-11-05,0.8679,0.8679,0.8679,0.8679,0.0
2010-11-08,0.8627,0.8627,0.8627,0.8627,0.0
2010-11-09,0.86235,0.86235,0.86235,0.86235,0.0
2010-11-10,0.85685,0.85685,0.85685,0.85685,0.0
2010-11-11,0.8491,0.8491,0.8491,0.8491,0.0
2010-11-12,0.8507,0.8507,0.8507,0.8507,0.0
2010-11-15,0.8479,0.8479,0.8479,0.8479,0.0
2010-11-16,0.851,0.851,0.851,0.851,0.0
2010-11-17,0.84895,0.84895,0.84895,0.84895,0.0
2010-11-18,0.8522,0.8522,0.8522,0.8522,0.0
2010-11-19,0.8552,0.8552,0.8552,0.8552,0.0
2010-11-22,0.8549,0.8549,0.8549,0.8549,0.0
2010-11-23,0.84795,0.84795,0.84795,0.84795,0.0
2010-11-24,0.8438,0.8438,0.8438,0.8438,0.0
2010-11-25,0.84645,0.84645,0.84645,0.84645,0.0
2010-11-26,0.8447,0.8447,0.8447,0.8447,0.0
2010-11-29,0.844,0.844,0.844,0.844,0.0
2010-11-30,0.83765,0.83765,0.83765,0.83765,0.0
2010-12-01,0.8393,0.8393,0.8393,0.8393,0.0
2010-12-02,0.8445,0.8445,0.8445,0.8445,0.0
2010-12-03,0.848,0.848,0.848,0.848,0.0
2010-12-06,0.8472,0.8472,0.8472,0.8472,0.0
2010-12-07,0.8467,0.8467,0.8467,0.8467,0.0
2010-12-08,0.8367,0.8367,0.8367,0.8367,0.0
2010-12-09,0.8382,0.8382,0.8382,0.8382,0.0
2010-12-10,0.83715,0.83715,0.83715,0.83715,0.0
2010-12-13,0.84375,0.84375,0.84375,0.84375,0.0
2010-12-14,0.84865,0.84865,0.84865,0.84865,0.0
2010-12-15,0.8529,0.8529,0.8529,0.8529,0.0
2010-12-16,0.84795,0.84795,0.84795,0.84795,0.0
2010-12-17,0.85185,0.85185,0.85185,0.85185,0.0
2010-12-20,0.8462,0.8462,0.8462,0.8462,0.0
2010-12-21,0.8503,0.8503,0.8503,0.8503,0.0
2010-12-22,0.8492,0.8492,0.8492,0.8492,0.0
2010-12-23,0.8482,0.8482,0.8482,0.8482,0.0
2010-12-24,0.8496,0.8496,0.8496,0.8496,0.0
2010-12-27,0.8523,0.8523,0.8523,0.8523,0.0
2010-12-28,0.85345,0.85345,0.85345,0.85345,0.0
2010-12-29,0.8539,0.8539,0.8539,0.8539,0.0
2010-12-30,0.8602,0.8602,0.8602,0.8602,0.0
2010-12-31,0.86075,0.86075,0.86075,0.86075,0.0
2011-01-03,0.86131,0.86131,0.86131,0.86131,0.0
2011-01-04,0.85875,0.85875,0.85875,0.85875,0.0
2011-01-05,0.8483,0.8483,0.8483,0.8483,0.0
2011-01-06,0.8445,0.8445,0.8445,0.8445,0.0
2011-01-07,0.8383,0.8383,0.8383,0.8383,0.0
2011-01-10,0.8318,0.8318,0.8318,0.8318,0.0
2011-01-11,0.8319,0.8319,0.8319,0.8319,0.0
2011-01-12,0.83155,0.83155,0.83155,0.83155,0.0
2011-01-13,0.83575,0.83575,0.83575,0.83575,0.0
2011-01-14,0.8422,0.8422,0.8422,0.8422,0.0
2011-01-17,0.8361,0.8361,0.8361,0.8361,0.0
2011-01-18,0.83565,0.83565,0.83565,0.83565,0.0
2011-01-19,0.8433,0.8433,0.8433,0.8433,0.0
2011-01-20,0.8436,0.8436,0.8436,0.8436,0.0
2011-01-21,0.84825,0.84825,0.84825,0.84825,0.0
2011-01-24,0.8516,0.8516,0.8516,0.8516,0.0
2011-01-25,0.862,0.862,0.862,0.862,0.0
2011-01-26,0.86325,0.86325,0.86325,0.86325,0.0
2011-01-27,0.85955,0.85955,0.85955,0.85955,0.0
2011-01-28,0.8609,0.8609,0.8609,0.8609,0.0
2011-01-31,0.8609,0.8609,0.8609,0.8609,0.0
2011-02-01,0.8536,0.8536,0.8536,0.8536,0.0
2011-02-02,0.8519,0.8519,0.8519,0.8519,0.0
2011-02-03,0.84865,0.84865,0.84865,0.84865,0.0
2011-02-04,0.8472,0.8472,0.8472,0.8472,0.0
2011-02-07,0.8402,0.8402,0.8402,0.8402,0.0
2011-02-08,0.8486,0.8486,0.8486,0.8486,0.0
2011-02-09,0.85,0.85,0.85,0.85,0.0
2011-02-10,0.8478,0.8478,0.8478,0.8478,0.0
2011-02-11,0.8457,0.8457,0.8457,0.8457,0.0
2011-02-14,0.84,0.84,0.84,0.84,0.0
2011-02-15,0.8375,0.8375,0.8375,0.8375,0.0
2011-02-16,0.8419,0.8419,0.8419,0.8419,0.0
2011-02-17,0.8409,0.8409,0.8409,0.8409,0.0
2011-02-18,0.8395,0.8395,0.8395,0.8395,0.0
2011-02-21,0.8425,0.8425,0.8425,0.8425,0.0
2011-02-22,0.84584,0.84584,0.84584,0.84584,0.0
2011-02-23,0.8459,0.8459,0.8459,0.8459,0.0
2011-02-24,0.8513,0.8513,0.8513,0.8513,0.0
2011-02-25,0.8553,0.8553,0.8553,0.8553,0.0
2011-02-28,0.8528,0.8528,0.8528,0.8528,0.0
2011-03-01,0.8494,0.8494,0.8494,0.8494,0.0
2011-03-02,0.8478,0.8478,0.8478,0.8478,0.0
2011-03-03,0.8513,0.8513,0.8513,0.8513,0.0
2011-03-04,0.85805,0.85805,0.85805,0.85805,0.0
2011-03-07,0.861,0.861,0.861,0.861,0.0
2011-03-08,0.8605,0.8605,0.8605,0.8605,0.0
2011-03-09,0.859,0.859,0.859,0.859,0.0
2011-03-10,0.85655,0.85655,0.85655,0.85655,0.0
2011-03-11,0.8612,0.8612,0.8612,0.8612,0.0
2011-03-14,0.8659,0.8659,0.8659,0.8659,0.0
2011-03-15,0.8674,0.8674,0.8674,0.8674,0.0
2011-03-16,0.8673,0.8673,0.8673,0.8673,0.0
2011-03-17,0.86745,0.86745,0.86745,0.86745,0.0
2011-03-18,0.8738,0.8738,0.8738,0.8738,0.0
2011-03-21,0.8717,0.8717,0.8717,0.8717,0.0
2011-03-22,0.8678,0.8678,0.8678,0.8678,0.0
2011-03-23,0.8699,0.8699,0.8699,0.8699,0.0
2011-03-24,0.8741,0.8741,0.8741,0.8741,0.0
2011-03-25,0.8778,0.8778,0.8778,0.8778,0.0
2011-03-28,0.87825,0.87825,0.87825,0.87825,0.0
2011-03-29,0.88145,0.88145,0.88145,0.88145,0.0
2011-03-30,0.8789,0.8789,0.8789,0.8789,0.0
2011-03-31,0.8837,0.8837,0.8837,0.8837,0.0
2011-04-01,0.8815,0.8815,0.8815,0.8815,0.0
2011-04-04,0.88095,0.88095,0.88095,0.88095,0.0
2011-04-05,0.87285,0.87285,0.87285,0.87285,0.0
2011-04-06,0.8775,0.8775,0.8775,0.8775,0.0
2011-04-07,0.8759,0.8759,0.8759,0.8759,0.0
2011-04-08,0.88095,0.88095,0.88095,0.88095,0.0
2011-04-11,0.8836,0.8836,0.8836,0.8836,0.0
2011-04-12,0.88845,0.88845,0.88845,0.88845,0.0
2011-04-13,0.8898,0.8898,0.8898,0.8898,0.0
2011-04-14,0.8825,0.8825,0.8825,0.8825,0.0
2011-04-15,0.8838,0.8838,0.8838,0.8838,0.0
2011-04-18,0.8775,0.8775,0.8775,0.8775,0.0
2011-04-19,0.878,0.878,0.878,0.878,0.0
2011-04-20,0.8867,0.8867,0.8867,0.8867,0.0
2011-04-21,0.8813,0.8813,0.8813,0.8813,0.0
2011-04-26,0.88715,0.88715,0.88715,0.88715,0.0
2011-04-27,0.8864,0.8864,0.8864,0.8864,0.0
2011-04-28,0.8888,0.8888,0.8888,0.8888,0.0
2011-04-29,0.8917,0.8917,0.8917,0.8917,0.0
2011-05-02,0.8892,0.8892,0.8892,0.8892,0.0
2011-05-03,0.89695,0.89695,0.89695,0.89695,0.0
2011-05-04,0.8999,0.8999,0.8999,0.8999,0.0
2011-05-05,0.89865,0.89865,0.89865,0.89865,0.0
2011-05-06,0.8839,0.8839,0.8839,0.8839,0.0
2011-05-09,0.87925,0.87925,0.87925,0.87925,0.0
2011-05-10,0.8779,0.8779,0.8779,0.8779,0.0
2011-05-11,0.87075,0.87075,0.87075,0.87075,0.0
2011-05-12,0.87015,0.87015,0.87015,0.87015,0.0
2011-05-13,0.87795,0.87795,0.87795,0.87795,0.0
2011-05-16,0.8725,0.8725,0.8725,0.8725,0.0
2011-05-17,0.8729,0.8729,0.8729,0.8729,0.0
2011-05-18,0.88065,0.88065,0.88065,0.88065,0.0
2011-05-19,0.8813,0.8813,0.8813,0.8813,0.0
2011-05-20,0.87705,0.87705,0.87705,0.87705,0.0
2011-05-23,0.86975,0.86975,0.86975,0.86975,0.0
2011-05-24,0.87285,0.87285,0.87285,0.87285,0.0
2011-05-25,0.8672,0.8672,0.8672,0.8672,0.0
2011-05-26,0.8685,0.8685,0.8685,0.8685,0.0
2011-05-27,0.86685,0.86685,0.86685,0.86685,0.0
2011-05-30,0.8671,0.8671,0.8671,0.8671,0.0
2011-05-31,0.87205,0.87205,0.87205,0.87205,0.0
2011-06-01,0.87705,0.87705,0.87705,0.87705,0.0
2011-06-02,0.88295,0.88295,0.88295,0.88295,0.0
2011-06-03,0.8875,0.8875,0.8875,0.8875,0.0
2011-06-06,0.8903,0.8903,0.8903,0.8903,0.0
2011-06-07,0.89245,0.89245,0.89245,0.89245,0.0
2011-06-08,0.8929,0.8929,0.8929,0.8929,0.0
2011-06-09,0.8894,0.8894,0.8894,0.8894,0.0
2011-06-10,0.8884,0.8884,0.8884,0.8884,0.0
2011-06-13,0.8806,0.8806,0.8806,0.8806,0.0
2011-06-14,0.881,0.881,0.881,0.881,0.0
2011-06-15,0.8797,0.8797,0.8797,0.8797,0.0
2011-06-16,0.8753,0.8753,0.8753,0.8753,0.0
2011-06-17,0.8826,0.8826,0.8826,0.8826,0.0
2011-06-20,0.8795,0.8795,0.8795,0.8795,0.0
2011-06-21,0.8867,0.8867,0.8867,0.8867,0.0
2011-06-22,0.8931,0.8931,0.8931,0.8931,0.0
2011-06-23,0.8896,0.8896,0.8896,0.8896,0.0
2011-06-24,0.88855,0.88855,0.88855,0.88855,0.0
2011-06-27,0.8897,0.8897,0.8897,0.8897,0.0
2011-06-28,0.8942,0.8942,0.8942,0.8942,0.0
2011-06-29,0.8998,0.8998,0.8998,0.8998,0.0
2011-06-30,0.90255,0.90255,0.90255,0.90255,0.0
2011-07-01,0.905,0.905,0.905,0.905,0.0
2011-07-04,0.9015,0.9015,0.9015,0.9015,0.0
2011-07-05,0.8984,0.8984,0.8984,0.8984,0.0
2011-07-06,0.89485,0.89485,0.89485,0.89485,0.0
2011-07-07,0.8921,0.8921,0.8921,0.8921,0.0
2011-07-08,0.8932,0.8932,0.8932,0.8932,0.0
2011-07-11,0.8807,0.8807,0.8807,0.8807,0.0
2011-07-12,0.88265,0.88265,0.88265,0.88265,0.0
2011-07-13,0.8823,0.8823,0.8823,0.8823,0.0
2011-07-14,0.88095,0.88095,0.88095,0.88095,0.0
2011-07-15,0.8775,0.8775,0.8775,0.8775,0.0
2011-07-18,0.87315,0.87315,0.87315,0.87315,0.0
2011-07-19,0.8789,0.8789,0.8789,0.8789,0.0
2011-07-20,0.88065,0.88065,0.88065,0.88065,0.0
2011-07-21,0.8787,0.8787,0.8787,0.8787,0.0
2011-07-22,0.8827,0.8827,0.8827,0.8827,0.0
2011-07-25,0.8825,0.8825,0.8825,0.8825,0.0
2011-07-26,0.88235,0.88235,0.88235,0.88235,0.0
2011-07-27,0.8831,0.8831,0.8831,0.8831,0.0
2011-07-28,0.8739,0.8739,0.8739,0.8739,0.0
2011-07-29,0.87485,0.87485,0.87485,0.87485,0.0
2011-08-01,0.87955,0.87955,0.87955,0.87955,0.0
2011-08-02,0.8718,0.8718,0.8718,0.8718,0.0
2011-08-03,0.87255,0.87255,0.87255,0.87255,0.0
2011-08-04,0.87145,0.87145,0.87145,0.87145,0.0
2011-08-05,0.86905,0.86905,0.86905,0.86905,0.0
2011-08-08,0.8691,0.8691,0.8691,0.8691,0.0
2011-08-09,0.8731,0.8731,0.8731,0.8731,0.0
2011-08-10,0.8843,0.8843,0.8843,0.8843,0.0
2011-08-11,0.8757,0.8757,0.8757,0.8757,0.0
2011-08-12,0.87635,0.87635,0.87635,0.87635,0.0
2011-08-15,0.877,0.877,0.877,0.877,0.0
2011-08-16,0.8785,0.8785,0.8785,0.8785,0.0
2011-08-17,0.8776,0.8776,0.8776,0.8776,0.0
2011-08-18,0.8706,0.8706,0.8706,0.8706,0.0
2011-08-19,0.86965,0.86965,0.86965,0.86965,0.0
2011-08-22,0.87365,0.87365,0.87365,0.87365,0.0
2011-08-23,0.876,0.876,0.876,0.876,0.0
2011-08-24,0.8771,0.8771,0.8771,0.8771,0.0
2011-08-25,0.8812,0.8812,0.8812,0.8812,0.0
2011-08-26,0.88565,0.88565,0.88565,0.88565,0.0
2011-08-29,0.8846,0.8846,0.8846,0.8846,0.0
2011-08-30,0.88365,0.88365,0.88365,0.88365,0.0
2011-08-31,0.8856,0.8856,0.8856,0.8856,0.0
2011-09-01,0.8812,0.8812,0.8812,0.8812,0.0
2011-09-02,0.8789,0.8789,0.8789,0.8789,0.0
2011-09-05,0.8751,0.8751,0.8751,0.8751,0.0
2011-09-06,0.8771,0.8771,0.8771,0.8771,0.0
2011-09-07,0.878,0.878,0.878,0.878,0.0
2011-09-08,0.8767,0.8767,0.8767,0.8767,0.0
2011-09-09,0.8659,0.8659,0.8659,0.8659,0.0
2011-09-12,0.86015,0.86015,0.86015,0.86015,0.0
2011-09-13,0.86315,0.86315,0.86315,0.86315,0.0
2011-09-14,0.8695,0.8695,0.8695,0.8695,0.0
2011-09-15,0.87295,0.87295,0.87295,0.87295,0.0
2011-09-16,0.8717,0.8717,0.8717,0.8717,0.0
2011-09-19,0.8681,0.8681,0.8681,0.8681,0.0
2011-09-20,0.8723,0.8723,0.8723,0.8723,0.0
2011-09-21,0.8731,0.8731,0.8731,0.8731,0.0
2011-09-22,0.87325,0.87325,0.87325,0.87325,0.0
2011-09-23,0.87235,0.87235,0.87235,0.87235,0.0
2011-09-26,0.8696,0.8696,0.8696,0.8696,0.0
2011-09-27,0.8698,0.8698,0.8698,0.8698,0.0
2011-09-28,0.87175,0.87175,0.87175,0.87175,0.0
2011-09-29,0.87065,0.87065,0.87065,0.87065,0.0
2011-09-30,0.86665,0.86665,0.86665,0.86665,0.0
2011-10-03,0.8596,0.8596,0.8596,0.8596,0.0
2011-10-04,0.8565,0.8565,0.8565,0.8565,0.0
2011-10-05,0.863,0.863,0.863,0.863,0.0
2011-10-06,0.8668,0.8668,0.8668,0.8668,0.0
2011-10-07,0.8648,0.8648,0.8648,0.8648,0.0
2011-10-10,0.8689,0.8689,0.8689,0.8689,0.0
2011-10-11,0.8702,0.8702,0.8702,0.8702,0.0
2011-10-12,0.87535,0.87535,0.87535,0.87535,0.0
2011-10-13,0.87585,0.87585,0.87585,0.87585,0.0
2011-10-14,0.8748,0.8748,0.8748,0.8748,0.0
2011-10-17,0.874,0.874,0.874,0.874,0.0
2011-10-18,0.8702,0.8702,0.8702,0.8702,0.0
2011-10-19,0.87495,0.87495,0.87495,0.87495,0.0
2011-10-20,0.875,0.875,0.875,0.875,0.0
2011-10-21,0.86775,0.86775,0.86775,0.86775,0.0
2011-10-24,0.8691,0.8691,0.8691,0.8691,0.0
2011-10-25,0.8701,0.8701,0.8701,0.8701,0.0
2011-10-26,0.8719,0.8719,0.8719,0.8719,0.0
2011-10-27,0.8763,0.8763,0.8763,0.8763,0.0
2011-10-28,0.87935,0.87935,0.87935,0.87935,0.0
2011-10-31,0.8731,0.8731,0.8731,0.8731,0.0
2011-11-01,0.85515,0.85515,0.85515,0.85515,0.0
2011-11-02,0.8619,0.8619,0.8619,0.8619,0.0
2011-11-03,0.8593,0.8593,0.8593,0.8593,0.0
2011-11-04,0.86125,0.86125,0.86125,0.86125,0.0
2011-11-07,0.85655,0.85655,0.85655,0.85655,0.0
2011-11-08,0.85805,0.85805,0.85805,0.85805,0.0
2011-11-09,0.85385,0.85385,0.85385,0.85385,0.0
2011-11-10,0.85335,0.85335,0.85335,0.85335,0.0
2011-11-11,0.8568,0.8568,0.8568,0.8568,0.0
2011-11-14,0.8566,0.8566,0.8566,0.8566,0.0
2011-11-15,0.85345,0.85345,0.85345,0.85345,0.0
2011-11-16,0.8543,0.8543,0.8543,0.8543,0.0
2011-11-17,0.854,0.854,0.854,0.854,0.0
2011-11-18,0.85805,0.85805,0.85805,0.85805,0.0
2011-11-21,0.86,0.86,0.86,0.86,0.0
2011-11-22,0.8657,0.8657,0.8657,0.8657,0.0
2011-11-23,0.8603,0.8603,0.8603,0.8603,0.0
2011-11-24,0.8606,0.8606,0.8606,0.8606,0.0
2011-11-25,0.85585,0.85585,0.85585,0.85585,0.0
2011-11-28,0.8582,0.8582,0.8582,0.8582,0.0
2011-11-29,0.85365,0.85365,0.85365,0.85365,0.0
2011-11-30,0.8558,0.8558,0.8558,0.8558,0.0
2011-12-01,0.8591,0.8591,0.8591,0.8591,0.0
2011-12-02,0.8602,0.8602,0.8602,0.8602,0.0
2011-12-05,0.85925,0.85925,0.85925,0.85925,0.0
2011-12-06,0.85655,0.85655,0.85655,0.85655,0.0
2011-12-07,0.85745,0.85745,0.85745,0.85745,0.0
2011-12-08,0.8528,0.8528,0.8528,0.8528,0.0
2011-12-09,0.85315,0.85315,0.85315,0.85315,0.0
2011-12-12,0.848,0.848,0.848,0.848,0.0
2011-12-13,0.84625,0.84625,0.84625,0.84625,0.0
2011-12-14,0.839,0.839,0.839,0.839,0.0
2011-12-15,0.83935,0.83935,0.83935,0.83935,0.0
2011-12-16,0.84055,0.84055,0.84055,0.84055,0.0
2011-12-19,0.8398,0.8398,0.8398,0.8398,0.0
2011-12-20,0.8368,0.8368,0.8368,0.8368,0.0
2011-12-21,0.8323,0.8323,0.8323,0.8323,0.0
2011-12-22,0.8325,0.8325,0.8325,0.8325,0.0
2011-12-23,0.8331,0.8331,0.8331,0.8331,0.0
2011-12-27,0.8335,0.8335,0.8335,0.8335,0.0
2011-12-28,0.8342,0.8342,0.8342,0.8342,0.0
2011-12-29,0.836,0.836,0.836,0.836,0.0
2011-12-30,0.8353,0.8353,0.8353,0.8353,0.0
2012-01-02,0.83514,0.83514,0.83514,0.83514,0.0
2012-01-03,0.8351,0.8351,0.8351,0.8351,0.0
2012-01-04,0.8311,0.8311,0.8311,0.8311,0.0
2012-01-05,0.82675,0.82675,0.82675,0.82675,0.0
2012-01-06,0.8264,0.8264,0.8264,0.8264,0.0
2012-01-09,0.824,0.824,0.824,0.824,0.0
2012-01-10,0.8282,0.8282,0.8282,0.8282,0.0
2012-01-11,0.8259,0.8259,0.8259,0.8259,0.0
2012-01-12,0.83055,0.83055,0.83055,0.83055,0.0
2012-01-13,0.8332,0.8332,0.8332,0.8332,0.0
2012-01-16,0.82745,0.82745,0.82745,0.82745,0.0
2012-01-17,0.83045,0.83045,0.83045,0.83045,0.0
2012-01-18,0.83385,0.83385,0.83385,0.83385,0.0
2012-01-19,0.8356,0.8356,0.8356,0.8356,0.0
2012-01-20,0.8339,0.8339,0.8339,0.8339,0.0
2012-01-23,0.83625,0.83625,0.83625,0.83625,0.0
2012-01-24,0.8346,0.8346,0.8346,0.8346,0.0
2012-01-25,0.83205,0.83205,0.83205,0.83205,0.0
2012-01-26,0.838,0.838,0.838,0.838,0.0
2012-01-27,0.83685,0.83685,0.83685,0.83685,0.0
2012-01-30,0.8358,0.8358,0.8358,0.8358,0.0
2012-01-31,0.8351,0.8351,0.8351,0.8351,0.0
2012-02-01,0.8312,0.8312,0.8312,0.8312,0.0
2012-02-02,0.82765,0.82765,0.82765,0.82765,0.0
2012-02-03,0.8322,0.8322,0.8322,0.8322,0.0
2012-02-06,0.8281,0.8281,0.8281,0.8281,0.0
2012-02-07,0.8302,0.8302,0.8302,0.8302,0.0
2012-02-08,0.83495,0.83495,0.83495,0.83495,0.0
2012-02-09,0.83665,0.83665,0.83665,0.83665,0.0
2012-02-10,0.8363,0.8363,0.8363,0.8363,0.0
2012-02-13,0.83885,0.83885,0.83885,0.83885,0.0
2012-02-14,0.83765,0.83765,0.83765,0.83765,0.0
2012-02-15,0.8348,0.8348,0.8348,0.8348,0.0
2012-02-16,0.82845,0.82845,0.82845,0.82845,0.0
2012-02-17,0.8311,0.8311,0.8311,0.8311,0.0
2012-02-20,0.8364,0.8364,0.8364,0.8364,0.0
2012-02-21,0.8364,0.8364,0.8364,0.8364,0.0
2012-02-22,0.8442,0.8442,0.8442,0.8442,0.0
2012-02-23,0.8461,0.8461,0.8461,0.8461,0.0
2012-02-24,0.84815,0.84815,0.84815,0.84815,0.0
2012-02-27,0.845,0.845,0.845,0.845,0.0
2012-02-28,0.8479,0.8479,0.8479,0.8479,0.0
2012-02-29,0.8439,0.8439,0.8439,0.8439,0.0
2012-03-01,0.8349,0.8349,0.8349,0.8349,0.0
2012-03-02,0.8327,0.8327,0.8327,0.8327,0.0
2012-03-05,0.83465,0.83465,0.83465,0.83465,0.0
2012-03-06,0.83255,0.83255,0.83255,0.83255,0.0
2012-03-07,0.8349,0.8349,0.8349,0.8349,0.0
2012-03-08,0.83865,0.83865,0.83865,0.83865,0.0
2012-03-09,0.83595,0.83595,0.83595,0.83595,0.0
2012-03-12,0.8392,0.8392,0.8392,0.8392,0.0
2012-03-13,0.83575,0.83575,0.83575,0.83575,0.0
2012-03-14,0.8314,0.8314,0.8314,0.8314,0.0
2012-03-15,0.83345,0.83345,0.83345,0.83345,0.0
2012-03-16,0.8295,0.8295,0.8295,0.8295,0.0
2012-03-19,0.82845,0.82845,0.82845,0.82845,0.0
2012-03-20,0.8322,0.8322,0.8322,0.8322,0.0
2012-03-21,0.83495,0.83495,0.83495,0.83495,0.0
2012-03-22,0.8333,0.8333,0.8333,0.8333,0.0
2012-03-23,0.8363,0.8363,0.8363,0.8363,0.0
2012-03-26,0.8352,0.8352,0.8352,0.8352,0.0
2012-03-27,0.8359,0.8359,0.8359,0.8359,0.0
2012-03-28,0.839,0.839,0.839,0.839,0.0
2012-03-29,0.8358,0.8358,0.8358,0.8358,0.0
2012-03-30,0.8339,0.8339,0.8339,0.8339,0.0
2012-04-02,0.83105,0.83105,0.83105,0.83105,0.0
2012-04-03,0.83255,0.83255,0.83255,0.83255,0.0
2012-04-04,0.8285,0.8285,0.8285,0.8285,0.0
2012-04-05,0.8242,0.8242,0.8242,0.8242,0.0
2012-04-10,0.8269,0.8269,0.8269,0.8269,0.0
2012-04-11,0.82595,0.82595,0.82595,0.82595,0.0
2012-04-12,0.8247,0.8247,0.8247,0.8247,0.0
2012-04-13,0.8248,0.8248,0.8248,0.8248,0.0
2012-04-16,0.8227,0.8227,0.8227,0.8227,0.0
2012-04-17,0.8234,0.8234,0.8234,0.8234,0.0
2012-04-18,0.81915,0.81915,0.81915,0.81915,0.0
2012-04-19,0.8171,0.8171,0.8171,0.8171,0.0
2012-04-20,0.81875,0.81875,0.81875,0.81875,0.0
2012-04-23,0.8166,0.8166,0.8166,0.8166,0.0
2012-04-24,0.8154,0.8154,0.8154,0.8154,0.0
2012-04-25,0.8194,0.8194,0.8194,0.8194,0.0
2012-04-26,0.8164,0.8164,0.8164,0.8164,0.0
2012-04-27,0.8153,0.8153,0.8153,0.8153,0.0
2012-04-30,0.81295,0.81295,0.81295,0.81295,0.0
2012-05-02,0.81205,0.81205,0.81205,0.81205,0.0
2012-05-03,0.81125,0.81125,0.81125,0.81125,0.0
2012-05-04,0.81195,0.81195,0.81195,0.81195,0.0
2012-05-07,0.80647,0.80647,0.80647,0.80647,0.0
2012-05-08,0.80645,0.80645,0.80645,0.80645,0.0
2012-05-09,0.80495,0.80495,0.80495,0.80495,0.0
2012-05-10,0.8018,0.8018,0.8018,0.8018,0.0
2012-05-11,0.8033,0.8033,0.8033,0.8033,0.0
2012-05-14,0.8,0.8,0.8,0.8,0.0
2012-05-15,0.8001,0.8001,0.8001,0.8001,0.0
2012-05-16,0.79925,0.79925,0.79925,0.79925,0.0
2012-05-17,0.8008,0.8008,0.8008,0.8008,0.0
2012-05-18,0.8042,0.8042,0.8042,0.8042,0.0
2012-05-21,0.8075,0.8075,0.8075,0.8075,0.0
2012-05-22,0.8087,0.8087,0.8087,0.8087,0.0
2012-05-23,0.8044,0.8044,0.8044,0.8044,0.0
2012-05-24,0.80095,0.80095,0.80095,0.80095,0.0
2012-05-25,0.8003,0.8003,0.8003,0.8003,0.0
2012-05-28,0.8001,0.8001,0.8001,0.8001,0.0
2012-05-29,0.7994,0.7994,0.7994,0.7994,0.0
2012-05-30,0.79775,0.79775,0.79775,0.79775,0.0
2012-05-31,0.7999,0.7999,0.7999,0.7999,0.0
2012-06-01,0.805,0.805,0.805,0.805,0.0
2012-06-04,0.80845,0.80845,0.80845,0.80845,0.0
2012-06-05,0.81005,0.81005,0.81005,0.81005,0.0
2012-06-06,0.8063,0.8063,0.8063,0.8063,0.0
2012-06-07,0.8086,0.8086,0.8086,0.8086,0.0
2012-06-08,0.80795,0.80795,0.80795,0.80795,0.0
2012-06-11,0.8077,0.8077,0.8077,0.8077,0.0
2012-06-12,0.80385,0.80385,0.80385,0.80385,0.0
2012-06-13,0.8063,0.8063,0.8063,0.8063,0.0
2012-06-14,0.8092,0.8092,0.8092,0.8092,0.0
2012-06-15,0.8119,0.8119,0.8119,0.8119,0.0
2012-06-18,0.806,0.806,0.806,0.806,0.0
2012-06-19,0.8052,0.8052,0.8052,0.8052,0.0
2012-06-20,0.806,0.806,0.806,0.806,0.0
2012-06-21,0.80695,0.80695,0.80695,0.80695,0.0
2012-06-22,0.8042,0.8042,0.8042,0.8042,0.0
2012-06-25,0.80285,0.80285,0.80285,0.80285,0.0
2012-06-26,0.7996,0.7996,0.7996,0.7996,0.0
2012-06-27,0.7999,0.7999,0.7999,0.7999,0.0
2012-06-28,0.79885,0.79885,0.79885,0.79885,0.0
2012-06-29,0.8068,0.8068,0.8068,0.8068,0.0
2012-07-02,0.8041,0.8041,0.8041,0.8041,0.0
2012-07-03,0.80275,0.80275,0.80275,0.80275,0.0
2012-07-04,0.8032,0.8032,0.8032,0.8032,0.0
2012-07-05,0.7984,0.7984,0.7984,0.7984,0.0
2012-07-06,0.7965,0.7965,0.7965,0.7965,0.0
2012-07-09,0.7936,0.7936,0.7936,0.7936,0.0
2012-07-10,0.7921,0.7921,0.7921,0.7921,0.0
2012-07-11,0.78815,0.78815,0.78815,0.78815,0.0
2012-07-12,0.7886,0.7886,0.7886,0.7886,0.0
2012-07-13,0.7875,0.7875,0.7875,0.7875,0.0
2012-07-16,0.7844,0.7844,0.7844,0.7844,0.0
2012-07-17,0.78615,0.78615,0.78615,0.78615,0.0
2012-07-18,0.784,0.784,0.784,0.784,0.0
2012-07-19,0.783,0.783,0.783,0.783,0.0
2012-07-20,0.77835,0.77835,0.77835,0.77835,0.0
2012-07-23,0.7798,0.7798,0.7798,0.7798,0.0
2012-07-24,0.7785,0.7785,0.7785,0.7785,0.0
2012-07-25,0.7832,0.7832,0.7832,0.7832,0.0
2012-07-26,0.7828,0.7828,0.7828,0.7828,0.0
2012-07-27,0.78295,0.78295,0.78295,0.78295,0.0
2012-07-30,0.77985,0.77985,0.77985,0.77985,0.0
2012-07-31,0.78395,0.78395,0.78395,0.78395,0.0
2012-08-01,0.7875,0.7875,0.7875,0.7875,0.0
2012-08-02,0.7904,0.7904,0.7904,0.7904,0.0
2012-08-03,0.78745,0.78745,0.78745,0.78745,0.0
2012-08-06,0.795,0.795,0.795,0.795,0.0
2012-08-07,0.7934,0.7934,0.7934,0.7934,0.0
2012-08-08,0.7888,0.7888,0.7888,0.7888,0.0
2012-08-09,0.7871,0.7871,0.7871,0.7871,0.0
2012-08-10,0.7861,0.7861,0.7861,0.7861,0.0
2012-08-13,0.78615,0.78615,0.78615,0.78615,0.0
2012-08-14,0.786,0.786,0.786,0.786,0.0
2012-08-15,0.7826,0.7826,0.7826,0.7826,0.0
2012-08-16,0.78195,0.78195,0.78195,0.78195,0.0
2012-08-17,0.78515,0.78515,0.78515,0.78515,0.0
2012-08-20,0.78345,0.78345,0.78345,0.78345,0.0
2012-08-21,0.78835,0.78835,0.78835,0.78835,0.0
2012-08-22,0.78785,0.78785,0.78785,0.78785,0.0
2012-08-23,0.7911,0.7911,0.7911,0.7911,0.0
2012-08-24,0.7896,0.7896,0.7896,0.7896,0.0
2012-08-27,0.79244,0.79244,0.79244,0.79244,0.0
2012-08-28,0.7947,0.7947,0.7947,0.7947,0.0
2012-08-29,0.7918,0.7918,0.7918,0.7918,0.0
2012-08-30,0.7911,0.7911,0.7911,0.7911,0.0
2012-08-31,0.79525,0.79525,0.79525,0.79525,0.0
2012-09-03,0.7912,0.7912,0.7912,0.7912,0.0
2012-09-04,0.7921,0.7921,0.7921,0.7921,0.0
2012-09-05,0.79035,0.79035,0.79035,0.79035,0.0
2012-09-06,0.7936,0.7936,0.7936,0.7936,0.0
2012-09-07,0.7967,0.7967,0.7967,0.7967,0.0
2012-09-10,0.7997,0.7997,0.7997,0.7997,0.0
2012-09-11,0.7978,0.7978,0.7978,0.7978,0.0
2012-09-12,0.8017,0.8017,0.8017,0.8017,0.0
2012-09-13,0.80145,0.80145,0.80145,0.80145,0.0
2012-09-14,0.80745,0.80745,0.80745,0.80745,0.0
2012-09-17,0.80695,0.80695,0.80695,0.80695,0.0
2012-09-18,0.8035,0.8035,0.8035,0.8035,0.0
2012-09-19,0.8027,0.8027,0.8027,0.8027,0.0
2012-09-20,0.80017,0.80017,0.80017,0.80017,0.0
2012-09-21,0.7987,0.7987,0.7987,0.7987,0.0
2012-09-24,0.7968,0.7968,0.7968,0.7968,0.0
2012-09-25,0.7965,0.7965,0.7965,0.7965,0.0
2012-09-26,0.7949,0.7949,0.7949,0.7949,0.0
2012-09-27,0.7939,0.7939,0.7939,0.7939,0.0
2012-09-28,0.79805,0.79805,0.79805,0.79805,0.0
2012-10-01,0.7983,0.7983,0.7983,0.7983,0.0
2012-10-02,0.8006,0.8006,0.8006,0.8006,0.0
2012-10-03,0.80085,0.80085,0.80085,0.80085,0.0
2012-10-04,0.80395,0.80395,0.80395,0.80395,0.0
2012-10-05,0.80325,0.80325,0.80325,0.80325,0.0
2012-10-08,0.8084,0.8084,0.8084,0.8084,0.0
2012-10-09,0.8079,0.8079,0.8079,0.8079,0.0
2012-10-10,0.80495,0.80495,0.80495,0.80495,0.0
2012-10-11,0.80525,0.80525,0.80525,0.80525,0.0
2012-10-12,0.8065,0.8065,0.8065,0.8065,0.0
2012-10-15,0.80745,0.80745,0.80745,0.80745,0.0
2012-10-16,0.8097,0.8097,0.8097,0.8097,0.0
2012-10-17,0.8115,0.8115,0.8115,0.8115,0.0
2012-10-18,0.8119,0.8119,0.8119,0.8119,0.0
2012-10-19,0.81275,0.81275,0.81275,0.81275,0.0
2012-10-22,0.8145,0.8145,0.8145,0.8145,0.0
2012-10-23,0.81365,0.81365,0.81365,0.81365,0.0
2012-10-24,0.8083,0.8083,0.8083,0.8083,0.0
2012-10-25,0.8049,0.8049,0.8049,0.8049,0.0
2012-10-26,0.8012,0.8012,0.8012,0.8012,0.0
2012-10-29,0.80455,0.80455,0.80455,0.80455,0.0
2012-10-30,0.8062,0.8062,0.8062,0.8062,0.0
2012-10-31,0.80645,0.80645,0.80645,0.80645,0.0
2012-11-01,0.80315,0.80315,0.80315,0.80315,0.0
2012-11-02,0.8016,0.8016,0.8016,0.8016,0.0
2012-11-05,0.7999,0.7999,0.7999,0.7999,0.0
2012-11-06,0.80095,0.80095,0.80095,0.80095,0.0
2012-11-07,0.7984,0.7984,0.7984,0.7984,0.0
2012-11-08,0.79655,0.79655,0.79655,0.79655,0.0
2012-11-09,0.79725,0.79725,0.79725,0.79725,0.0
2012-11-12,0.802,0.802,0.802,0.802,0.0
2012-11-13,0.79965,0.79965,0.79965,0.79965,0.0
2012-11-14,0.8026,0.8026,0.8026,0.8026,0.0
2012-11-15,0.80545,0.80545,0.80545,0.80545,0.0
2012-11-16,0.80245,0.80245,0.80245,0.80245,0.0
2012-11-19,0.8032,0.8032,0.8032,0.8032,0.0
2012-11-20,0.80465,0.80465,0.80465,0.80465,0.0
2012-11-21,0.8037,0.8037,0.8037,0.8037,0.0
2012-11-22,0.8077,0.8077,0.8077,0.8077,0.0
2012-11-23,0.8101,0.8101,0.8101,0.8101,0.0
2012-11-26,0.80995,0.80995,0.80995,0.80995,0.0
2012-11-27,0.8081,0.8081,0.8081,0.8081,0.0
2012-11-28,0.80687,0.80687,0.80687,0.80687,0.0
2012-11-29,0.81053,0.81053,0.81053,0.81053,0.0
2012-11-30,0.8108,0.8108,0.8108,0.8108,0.0
2012-12-03,0.8121,0.8121,0.8121,0.8121,0.0
2012-12-04,0.8123,0.8123,0.8123,0.8123,0.0
2012-12-05,0.8119,0.8119,0.8119,0.8119,0.0
2012-12-06,0.81135,0.81135,0.81135,0.81135,0.0
2012-12-07,0.8061,0.8061,0.8061,0.8061,0.0
2012-12-10,0.8044,0.8044,0.8044,0.8044,0.0
2012-12-11,0.8074,0.8074,0.8074,0.8074,0.0
2012-12-12,0.80775,0.80775,0.80775,0.80775,0.0
2012-12-13,0.81005,0.81005,0.81005,0.81005,0.0
2012-12-14,0.8115,0.8115,0.8115,0.8115,0.0
2012-12-17,0.812,0.812,0.812,0.812,0.0
2012-12-18,0.8128,0.8128,0.8128,0.8128,0.0
2012-12-19,0.8161,0.8161,0.8161,0.8161,0.0
2012-12-20,0.8146,0.8146,0.8146,0.8146,0.0
2012-12-21,0.8142,0.8142,0.8142,0.8142,0.0
2012-12-24,0.8175,0.8175,0.8175,0.8175,0.0
2012-12-27,0.8199,0.8199,0.8199,0.8199,0.0
2012-12-28,0.81695,0.81695,0.81695,0.81695,0.0
2012-12-31,0.8161,0.8161,0.8161,0.8161,0.0
2013-01-02,0.814,0.814,0.814,0.814,0.0
2013-01-03,0.81075,0.81075,0.81075,0.81075,0.0
2013-01-04,0.8123,0.8123,0.8123,0.8123,0.0
2013-01-07,0.8117,0.8117,0.8117,0.8117,0.0
2013-01-08,0.8145,0.8145,0.8145,0.8145,0.0
2013-01-09,0.81505,0.81505,0.81505,0.81505,0.0
2013-01-10,0.8172,0.8172,0.8172,0.8172,0.0
2013-01-11,0.8232,0.8232,0.8232,0.8232,0.0
2013-01-14,0.8312,0.8312,0.8312,0.8312,0.0
2013-01-15,0.83025,0.83025,0.83025,0.83025,0.0
2013-01-16,0.8301,0.8301,0.8301,0.8301,0.0
2013-01-17,0.8341,0.8341,0.8341,0.8341,0.0
2013-01-18,0.8372,0.8372,0.8372,0.8372,0.0
2013-01-21,0.839,0.839,0.839,0.839,0.0
2013-01-22,0.83965,0.83965,0.83965,0.83965,0.0
2013-01-23,0.8407,0.8407,0.8407,0.8407,0.0
2013-01-24,0.8439,0.8439,0.8439,0.8439,0.0
2013-01-25,0.8514,0.8514,0.8514,0.8514,0.0
2013-01-28,0.8545,0.8545,0.8545,0.8545,0.0
2013-01-29,0.8536,0.8536,0.8536,0.8536,0.0
2013-01-30,0.8583,0.8583,0.8583,0.8583,0.0
2013-01-31,0.857,0.857,0.857,0.857,0.0
2013-02-01,0.8617,0.8617,0.8617,0.8617,0.0
2013-02-04,0.8619,0.8619,0.8619,0.8619,0.0
2013-02-05,0.8599,0.8599,0.8599,0.8599,0.0
2013-02-06,0.8631,0.8631,0.8631,0.8631,0.0
2013-02-07,0.8624,0.8624,0.8624,0.8624,0.0
2013-02-08,0.84635,0.84635,0.84635,0.84635,0.0
2013-02-11,0.8535,0.8535,0.8535,0.8535,0.0
2013-02-12,0.8615,0.8615,0.8615,0.8615,0.0
2013-02-13,0.866,0.866,0.866,0.866,0.0
2013-02-14,0.8594,0.8594,0.8594,0.8594,0.0
2013-02-15,0.8604,0.8604,0.8604,0.8604,0.0
2013-02-18,0.8619,0.8619,0.8619,0.8619,0.0
2013-02-19,0.8631,0.8631,0.8631,0.8631,0.0
2013-02-20,0.8733,0.8733,0.8733,0.8733,0.0
2013-02-21,0.8642,0.8642,0.8642,0.8642,0.0
2013-02-22,0.86205,0.86205,0.86205,0.86205,0.0
2013-02-25,0.8789,0.8789,0.8789,0.8789,0.0
2013-02-26,0.8633,0.8633,0.8633,0.8633,0.0
2013-02-27,0.86405,0.86405,0.86405,0.86405,0.0
2013-02-28,0.863,0.863,0.863,0.863,0.0
2013-03-01,0.8647,0.8647,0.8647,0.8647,0.0
2013-03-04,0.864,0.864,0.864,0.864,0.0
2013-03-05,0.8598,0.8598,0.8598,0.8598,0.0
2013-03-06,0.8644,0.8644,0.8644,0.8644,0.0
2013-03-07,0.865,0.865,0.865,0.865,0.0
2013-03-08,0.871,0.871,0.871,0.871,0.0
2013-03-11,0.87335,0.87335,0.87335,0.87335,0.0
2013-03-12,0.8763,0.8763,0.8763,0.8763,0.0
2013-03-13,0.8678,0.8678,0.8678,0.8678,0.0
2013-03-14,0.8657,0.8657,0.8657,0.8657,0.0
2013-03-15,0.864,0.864,0.864,0.864,0.0
2013-03-18,0.8562,0.8562,0.8562,0.8562,0.0
2013-03-19,0.85585,0.85585,0.85585,0.85585,0.0
2013-03-20,0.8552,0.8552,0.8552,0.8552,0.0
2013-03-21,0.85165,0.85165,0.85165,0.85165,0.0
2013-03-22,0.8528,0.8528,0.8528,0.8528,0.0
2013-03-25,0.8516,0.8516,0.8516,0.8516,0.0
2013-03-26,0.849,0.849,0.849,0.849,0.0
2013-03-27,0.84515,0.84515,0.84515,0.84515,0.0
2013-03-28,0.8456,0.8456,0.8456,0.8456,0.0
2013-04-02,0.8469,0.8469,0.8469,0.8469,0.0
2013-04-03,0.8484,0.8484,0.8484,0.8484,0.0
2013-04-04,0.84745,0.84745,0.84745,0.84745,0.0
2013-04-05,0.8491,0.8491,0.8491,0.8491,0.0
2013-04-08,0.85095,0.85095,0.85095,0.85095,0.0
2013-04-09,0.85175,0.85175,0.85175,0.85175,0.0
2013-04-10,0.8548,0.8548,0.8548,0.8548,0.0
2013-04-11,0.852,0.852,0.852,0.852,0.0
2013-04-12,0.8497,0.8497,0.8497,0.8497,0.0
2013-04-15,0.8529,0.8529,0.8529,0.8529,0.0
2013-04-16,0.8569,0.8569,0.8569,0.8569,0.0
2013-04-17,0.8613,0.8613,0.8613,0.8613,0.0
2013-04-18,0.8548,0.8548,0.8548,0.8548,0.0
2013-04-19,0.8544,0.8544,0.8544,0.8544,0.0
2013-04-22,0.8563,0.8563,0.8563,0.8563,0.0
2013-04-23,0.85165,0.85165,0.85165,0.85165,0.0
2013-04-24,0.8525,0.8525,0.8525,0.8525,0.0
2013-04-25,0.8458,0.8458,0.8458,0.8458,0.0
2013-04-26,0.84,0.84,0.84,0.84,0.0
2013-04-29,0.844,0.844,0.844,0.844,0.0
2013-04-30,0.8443,0.8443,0.8443,0.8443,0.0
2013-05-02,0.8466,0.8466,0.8466,0.8466,0.0
2013-05-03,0.8431,0.8431,0.8431,0.8431,0.0
2013-05-06,0.8431,0.8431,0.8431,0.8431,0.0
2013-05-07,0.8442,0.8442,0.8442,0.8442,0.0
2013-05-08,0.8469,0.8469,0.8469,0.8469,0.0
2013-05-09,0.84435,0.84435,0.84435,0.84435,0.0
2013-05-10,0.8443,0.8443,0.8443,0.8443,0.0
2013-05-13,0.8441,0.8441,0.8441,0.8441,0.0
2013-05-14,0.84815,0.84815,0.84815,0.84815,0.0
2013-05-15,0.8464,0.8464,0.8464,0.8464,0.0
2013-05-16,0.8455,0.8455,0.8455,0.8455,0.0
2013-05-17,0.84475,0.84475,0.84475,0.84475,0.0
2013-05-20,0.8456,0.8456,0.8456,0.8456,0.0
2013-05-21,0.8491,0.8491,0.8491,0.8491,0.0
2013-05-22,0.8557,0.8557,0.8557,0.8557,0.0
2013-05-23,0.85515,0.85515,0.85515,0.85515,0.0
2013-05-24,0.85695,0.85695,0.85695,0.85695,0.0
2013-05-27,0.8556,0.8556,0.8556,0.8556,0.0
2013-05-28,0.8553,0.8553,0.8553,0.8553,0.0
2013-05-29,0.85695,0.85695,0.85695,0.85695,0.0
2013-05-30,0.8557,0.8557,0.8557,0.8557,0.0
2013-05-31,0.85365,0.85365,0.85365,0.85365,0.0
2013-06-03,0.8518,0.8518,0.8518,0.8518,0.0
2013-06-04,0.8558,0.8558,0.8558,0.8558,0.0
2013-06-05,0.85105,0.85105,0.85105,0.85105,0.0
2013-06-06,0.8491,0.8491,0.8491,0.8491,0.0
2013-06-07,0.8513,0.8513,0.8513,0.8513,0.0
2013-06-10,0.8504,0.8504,0.8504,0.8504,0.0
2013-06-11,0.8539,0.8539,0.8539,0.8539,0.0
2013-06-12,0.84825,0.84825,0.84825,0.84825,0.0
2013-06-13,0.8495,0.8495,0.8495,0.8495,0.0
2013-06-14,0.8515,0.8515,0.8515,0.8515,0.0
2013-06-17,0.84755,0.84755,0.84755,0.84755,0.0
2013-06-18,0.8562,0.8562,0.8562,0.8562,0.0
2013-06-19,0.8558,0.8558,0.8558,0.8558,0.0
2013-06-20,0.8545,0.8545,0.8545,0.8545,0.0
2013-06-21,0.8533,0.8533,0.8533,0.8533,0.0
2013-06-24,0.85115,0.85115,0.85115,0.85115,0.0
2013-06-25,0.8486,0.8486,0.8486,0.8486,0.0
2013-06-26,0.8482,0.8482,0.8482,0.8482,0.0
2013-06-27,0.8531,0.8531,0.8531,0.8531,0.0
2013-06-28,0.8572,0.8572,0.8572,0.8572,0.0
2013-07-01,0.85625,0.85625,0.85625,0.85625,0.0
2013-07-02,0.8579,0.8579,0.8579,0.8579,0.0
2013-07-03,0.8492,0.8492,0.8492,0.8492,0.0
2013-07-04,0.8598,0.8598,0.8598,0.8598,0.0
2013-07-05,0.86055,0.86055,0.86055,0.86055,0.0
2013-07-08,0.8616,0.8616,0.8616,0.8616,0.0
2013-07-09,0.865,0.865,0.865,0.865,0.0
2013-07-10,0.8602,0.8602,0.8602,0.8602,0.0
2013-07-11,0.8629,0.8629,0.8629,0.8629,0.0
2013-07-12,0.8627,0.8627,0.8627,0.8627,0.0
2013-07-15,0.8647,0.8647,0.8647,0.8647,0.0
2013-07-16,0.8693,0.8693,0.8693,0.8693,0.0
2013-07-17,0.86315,0.86315,0.86315,0.86315,0.0
2013-07-18,0.8609,0.8609,0.8609,0.8609,0.0
2013-07-19,0.85995,0.85995,0.85995,0.85995,0.0
2013-07-22,0.859,0.859,0.859,0.859,0.0
2013-07-23,0.85955,0.85955,0.85955,0.85955,0.0
2013-07-24,0.8626,0.8626,0.8626,0.8626,0.0
2013-07-25,0.8637,0.8637,0.8637,0.8637,0.0
2013-07-26,0.86105,0.86105,0.86105,0.86105,0.0
2013-07-29,0.8634,0.8634,0.8634,0.8634,0.0
2013-07-30,0.86735,0.86735,0.86735,0.86735,0.0
2013-07-31,0.8735,0.8735,0.8735,0.8735,0.0
2013-08-01,0.8692,0.8692,0.8692,0.8692,0.0
2013-08-02,0.87135,0.87135,0.87135,0.87135,0.0
2013-08-05,0.86425,0.86425,0.86425,0.86425,0.0
2013-08-06,0.86575,0.86575,0.86575,0.86575,0.0
2013-08-07,0.85955,0.85955,0.85955,0.85955,0.0
2013-08-08,0.862,0.862,0.862,0.862,0.0
2013-08-09,0.86135,0.86135,0.86135,0.86135,0.0
2013-08-12,0.8586,0.8586,0.8586,0.8586,0.0
2013-08-13,0.85955,0.85955,0.85955,0.85955,0.0
2013-08-14,0.8544,0.8544,0.8544,0.8544,0.0
2013-08-15,0.8533,0.8533,0.8533,0.8533,0.0
2013-08-16,0.85325,0.85325,0.85325,0.85325,0.0
2013-08-19,0.8529,0.8529,0.8529,0.8529,0.0
2013-08-20,0.8549,0.8549,0.8549,0.8549,0.0
2013-08-21,0.85295,0.85295,0.85295,0.85295,0.0
2013-08-22,0.85505,0.85505,0.85505,0.85505,0.0
2013-08-23,0.8591,0.8591,0.8591,0.8591,0.0
2013-08-26,0.8585,0.8585,0.8585,0.8585,0.0
2013-08-27,0.8609,0.8609,0.8609,0.8609,0.0
2013-08-28,0.8632,0.8632,0.8632,0.8632,0.0
2013-08-29,0.8549,0.8549,0.8549,0.8549,0.0
2013-08-30,0.85395,0.85395,0.85395,0.85395,0.0
2013-09-02,0.84775,0.84775,0.84775,0.84775,0.0
2013-09-03,0.8473,0.8473,0.8473,0.8473,0.0
2013-09-04,0.8438,0.8438,0.8438,0.8438,0.0
2013-09-05,0.8431,0.8431,0.8431,0.8431,0.0
2013-09-06,0.842,0.842,0.842,0.842,0.0
2013-09-09,0.8413,0.8413,0.8413,0.8413,0.0
2013-09-10,0.8438,0.8438,0.8438,0.8438,0.0
2013-09-11,0.8414,0.8414,0.8414,0.8414,0.0
2013-09-12,0.841,0.841,0.841,0.841,0.0
2013-09-13,0.8399,0.8399,0.8399,0.8399,0.0
2013-09-16,0.8385,0.8385,0.8385,0.8385,0.0
2013-09-17,0.8397,0.8397,0.8397,0.8397,0.0
2013-09-18,0.8358,0.8358,0.8358,0.8358,0.0
2013-09-19,0.842,0.842,0.842,0.842,0.0
2013-09-20,0.8436,0.8436,0.8436,0.8436,0.0
2013-09-23,0.84115,0.84115,0.84115,0.84115,0.0
2013-09-24,0.84431,0.84431,0.84431,0.84431,0.0
2013-09-25,0.84165,0.84165,0.84165,0.84165,0.0
2013-09-26,0.8418,0.8418,0.8418,0.8418,0.0
2013-09-27,0.84,0.84,0.84,0.84,0.0
2013-09-30,0.83605,0.83605,0.83605,0.83605,0.0
2013-10-01,0.8345,0.8345,0.8345,0.8345,0.0
2013-10-02,0.8341,0.8341,0.8341,0.8341,0.0
2013-10-03,0.8394,0.8394,0.8394,0.8394,0.0
2013-10-04,0.8469,0.8469,0.8469,0.8469,0.0
2013-10-07,0.8437,0.8437,0.8437,0.8437,0.0
2013-10-08,0.84265,0.84265,0.84265,0.84265,0.0
2013-10-09,0.8464,0.8464,0.8464,0.8464,0.0
2013-10-10,0.8481,0.8481,0.8481,0.8481,0.0
2013-10-11,0.849,0.849,0.849,0.849,0.0
2013-10-14,0.8483,0.8483,0.8483,0.8483,0.0
2013-10-15,0.84635,0.84635,0.84635,0.84635,0.0
2013-10-16,0.8459,0.8459,0.8459,0.8459,0.0
2013-10-17,0.8476,0.8476,0.8476,0.8476,0.0
2013-10-18,0.84515,0.84515,0.84515,0.84515,0.0
2013-10-21,0.8465,0.8465,0.8465,0.8465,0.0
2013-10-22,0.8476,0.8476,0.8476,0.8476,0.0
2013-10-23,0.8516,0.8516,0.8516,0.8516,0.0
2013-10-24,0.8537,0.8537,0.8537,0.8537,0.0
2013-10-25,0.8519,0.8519,0.8519,0.8519,0.0
2013-10-28,0.8534,0.8534,0.8534,0.8534,0.0
2013-10-29,0.8567,0.8567,0.8567,0.8567,0.0
2013-10-30,0.8559,0.8559,0.8559,0.8559,0.0
2013-10-31,0.8502,0.8502,0.8502,0.8502,0.0
2013-11-01,0.84635,0.84635,0.84635,0.84635,0.0
2013-11-04,0.8456,0.8456,0.8456,0.8456,0.0
2013-11-05,0.8403,0.8403,0.8403,0.8403,0.0
2013-11-06,0.8403,0.8403,0.8403,0.8403,0.0
2013-11-07,0.8321,0.8321,0.8321,0.8321,0.0
2013-11-08,0.83525,0.83525,0.83525,0.83525,0.0
2013-11-11,0.8381,0.8381,0.8381,0.8381,0.0
2013-11-12,0.8447,0.8447,0.8447,0.8447,0.0
2013-11-13,0.8399,0.8399,0.8399,0.8399,0.0
2013-11-14,0.83715,0.83715,0.83715,0.83715,0.0
2013-11-15,0.8377,0.8377,0.8377,0.8377,0.0
2013-11-18,0.8388,0.8388,0.8388,0.8388,0.0
2013-11-19,0.8385,0.8385,0.8385,0.8385,0.0
2013-11-20,0.83765,0.83765,0.83765,0.83765,0.0
2013-11-21,0.835,0.835,0.835,0.835,0.0
2013-11-22,0.8344,0.8344,0.8344,0.8344,0.0
2013-11-25,0.8348,0.8348,0.8348,0.8348,0.0
2013-11-26,0.8383,0.8383,0.8383,0.8383,0.0
2013-11-27,0.83405,0.83405,0.83405,0.83405,0.0
2013-11-28,0.83215,0.83215,0.83215,0.83215,0.0
2013-11-29,0.83275,0.83275,0.83275,0.83275,0.0
2013-12-02,0.82605,0.82605,0.82605,0.82605,0.0
2013-12-03,0.8271,0.8271,0.8271,0.8271,0.0
2013-12-04,0.83,0.83,0.83,0.83,0.0
2013-12-05,0.8313,0.8313,0.8313,0.8313,0.0
2013-12-06,0.8358,0.8358,0.8358,0.8358,0.0
2013-12-09,0.83765,0.83765,0.83765,0.83765,0.0
2013-12-10,0.83645,0.83645,0.83645,0.83645,0.0
2013-12-11,0.84025,0.84025,0.84025,0.84025,0.0
2013-12-12,0.8397,0.8397,0.8397,0.8397,0.0
2013-12-13,0.8437,0.8437,0.8437,0.8437,0.0
2013-12-16,0.84385,0.84385,0.84385,0.84385,0.0
2013-12-17,0.8456,0.8456,0.8456,0.8456,0.0
2013-12-18,0.8401,0.8401,0.8401,0.8401,0.0
2013-12-19,0.8349,0.8349,0.8349,0.8349,0.0
2013-12-20,0.8348,0.8348,0.8348,0.8348,0.0
2013-12-23,0.8377,0.8377,0.8377,0.8377,0.0
2013-12-24,0.83603,0.83603,0.83603,0.83603,0.0
2013-12-27,0.83665,0.83665,0.83665,0.83665,0.0
2013-12-30,0.8364,0.8364,0.8364,0.8364,0.0
2013-12-31,0.8337,0.8337,0.8337,0.8337,0.0
2014-01-02,0.8282,0.8282,0.8282,0.8282,0.0
2014-01-03,0.83045,0.83045,0.83045,0.83045,0.0
2014-01-06,0.8303,0.8303,0.8303,0.8303,0.0
2014-01-07,0.83115,0.83115,0.83115,0.83115,0.0
2014-01-08,0.8277,0.8277,0.8277,0.8277,0.0
2014-01-09,0.82575,0.82575,0.82575,0.82575,0.0
2014-01-10,0.828,0.828,0.828,0.828,0.0
2014-01-13,0.8317,0.8317,0.8317,0.8317,0.0
2014-01-14,0.83145,0.83145,0.83145,0.83145,0.0
2014-01-15,0.8302,0.8302,0.8302,0.8302,0.0
2014-01-16,0.83215,0.83215,0.83215,0.83215,0.0
2014-01-17,0.8262,0.8262,0.8262,0.8262,0.0
2014-01-20,0.8262,0.8262,0.8262,0.8262,0.0
2014-01-21,0.8239,0.8239,0.8239,0.8239,0.0
2014-01-22,0.819,0.819,0.819,0.819,0.0
2014-01-23,0.82175,0.82175,0.82175,0.82175,0.0
2014-01-24,0.8291,0.8291,0.8291,0.8291,0.0
2014-01-27,0.82505,0.82505,0.82505,0.82505,0.0
2014-01-28,0.82285,0.82285,0.82285,0.82285,0.0
2014-01-29,0.8221,0.8221,0.8221,0.8221,0.0
2014-01-30,0.8238,0.8238,0.8238,0.8238,0.0
2014-01-31,0.82135,0.82135,0.82135,0.82135,0.0
2014-02-03,0.8259,0.8259,0.8259,0.8259,0.0
2014-02-04,0.82905,0.82905,0.82905,0.82905,0.0
2014-02-05,0.8322,0.8322,0.8322,0.8322,0.0
2014-02-06,0.82875,0.82875,0.82875,0.82875,0.0
2014-02-07,0.8314,0.8314,0.8314,0.8314,0.0
2014-02-10,0.8316,0.8316,0.8316,0.8316,0.0
2014-02-11,0.83075,0.83075,0.83075,0.83075,0.0
2014-02-12,0.8216,0.8216,0.8216,0.8216,0.0
2014-02-13,0.8215,0.8215,0.8215,0.8215,0.0
2014-02-14,0.82035,0.82035,0.82035,0.82035,0.0
2014-02-17,0.81885,0.81885,0.81885,0.81885,0.0
2014-02-18,0.8233,0.8233,0.8233,0.8233,0.0
2014-02-19,0.8251,0.8251,0.8251,0.8251,0.0
2014-02-20,0.822,0.822,0.822,0.822,0.0
2014-02-21,0.82183,0.82183,0.82183,0.82183,0.0
2014-02-24,0.82465,0.82465,0.82465,0.82465,0.0
2014-02-25,0.82395,0.82395,0.82395,0.82395,0.0
2014-02-26,0.8226,0.8226,0.8226,0.8226,0.0
2014-02-27,0.82035,0.82035,0.82035,0.82035,0.0
2014-02-28,0.82625,0.82625,0.82625,0.82625,0.0
2014-03-03,0.82305,0.82305,0.82305,0.82305,0.0
2014-03-04,0.8246,0.8246,0.8246,0.8246,0.0
2014-03-05,0.8217,0.8217,0.8217,0.8217,0.0
2014-03-06,0.8234,0.8234,0.8234,0.8234,0.0
2014-03-07,0.8285,0.8285,0.8285,0.8285,0.0
2014-03-10,0.8338,0.8338,0.8338,0.8338,0.0
2014-03-11,0.8336,0.8336,0.8336,0.8336,0.0
2014-03-12,0.8359,0.8359,0.8359,0.8359,0.0
2014-03-13,0.83545,0.83545,0.83545,0.83545,0.0
2014-03-14,0.83665,0.83665,0.83665,0.83665,0.0
2014-03-17,0.83675,0.83675,0.83675,0.83675,0.0
2014-03-18,0.8383,0.8383,0.8383,0.8383,0.0
2014-03-19,0.8368,0.8368,0.8368,0.8368,0.0
2014-03-20,0.83455,0.83455,0.83455,0.83455,0.0
2014-03-21,0.8357,0.8357,0.8357,0.8357,0.0
2014-03-24,0.8354,0.8354,0.8354,0.8354,0.0
2014-03-25,0.8348,0.8348,0.8348,0.8348,0.0
2014-03-26,0.8336,0.8336,0.8336,0.8336,0.0
2014-03-27,0.8277,0.8277,0.8277,0.8277,0.0
2014-03-28,0.8272,0.8272,0.8272,0.8272,0.0
2014-03-31,0.8282,0.8282,0.8282,0.8282,0.0
2014-04-01,0.8292,0.8292,0.8292,0.8292,0.0
2014-04-02,0.828,0.828,0.828,0.828,0.0
2014-04-03,0.8297,0.8297,0.8297,0.8297,0.0
2014-04-04,0.8267,0.8267,0.8267,0.8267,0.0
2014-04-07,0.8271,0.8271,0.8271,0.8271,0.0
2014-04-08,0.8242,0.8242,0.8242,0.8242,0.0
2014-04-09,0.82375,0.82375,0.82375,0.82375,0.0
2014-04-10,0.8272,0.8272,0.8272,0.8272,0.0
2014-04-11,0.8291,0.8291,0.8291,0.8291,0.0
2014-04-14,0.8274,0.8274,0.8274,0.8274,0.0
2014-04-15,0.8251,0.8251,0.8251,0.8251,0.0
2014-04-16,0.8239,0.8239,0.8239,0.8239,0.0
2014-04-17,0.8243,0.8243,0.8243,0.8243,0.0
2014-04-22,0.8205,0.8205,0.8205,0.8205,0.0
2014-04-23,0.8239,0.8239,0.8239,0.8239,0.0
2014-04-24,0.823,0.823,0.823,0.823,0.0
2014-04-25,0.82285,0.82285,0.82285,0.82285,0.0
2014-04-28,0.8228,0.8228,0.8228,0.8228,0.0
2014-04-29,0.8222,0.8222,0.8222,0.8222,0.0
2014-04-30,0.823,0.823,0.823,0.823,0.0
2014-05-02,0.8214,0.8214,0.8214,0.8214,0.0
2014-05-05,0.82293,0.82293,0.82293,0.82293,0.0
2014-05-06,0.82115,0.82115,0.82115,0.82115,0.0
2014-05-07,0.8207,0.8207,0.8207,0.8207,0.0
2014-05-08,0.8233,0.8233,0.8233,0.8233,0.0
2014-05-09,0.81725,0.81725,0.81725,0.81725,0.0
2014-05-12,0.81515,0.81515,0.81515,0.81515,0.0
2014-05-13,0.81395,0.81395,0.81395,0.81395,0.0
2014-05-14,0.8177,0.8177,0.8177,0.8177,0.0
2014-05-15,0.8152,0.8152,0.8152,0.8152,0.0
2014-05-16,0.8148,0.8148,0.8148,0.8148,0.0
2014-05-19,0.8146,0.8146,0.8146,0.8146,0.0
2014-05-20,0.814,0.814,0.814,0.814,0.0
2014-05-21,0.8094,0.8094,0.8094,0.8094,0.0
2014-05-22,0.8104,0.8104,0.8104,0.8104,0.0
2014-05-23,0.80935,0.80935,0.80935,0.80935,0.0
2014-05-26,0.8099,0.8099,0.8099,0.8099,0.0
2014-05-27,0.811,0.811,0.811,0.811,0.0
2014-05-28,0.8125,0.8125,0.8125,0.8125,0.0
2014-05-29,0.8145,0.8145,0.8145,0.8145,0.0
2014-05-30,0.8131,0.8131,0.8131,0.8131,0.0
2014-06-02,0.8129,0.8129,0.8129,0.8129,0.0
2014-06-03,0.8147,0.8147,0.8147,0.8147,0.0
2014-06-04,0.813,0.813,0.813,0.813,0.0
2014-06-05,0.8103,0.8103,0.8103,0.8103,0.0
2014-06-06,0.8108,0.8108,0.8108,0.8108,0.0
2014-06-09,0.80985,0.80985,0.80985,0.80985,0.0
2014-06-10,0.8075,0.8075,0.8075,0.8075,0.0
2014-06-11,0.807,0.807,0.807,0.807,0.0
2014-06-12,0.8039,0.8039,0.8039,0.8039,0.0
2014-06-13,0.7979,0.7979,0.7979,0.7979,0.0
2014-06-16,0.7974,0.7974,0.7974,0.7974,0.0
2014-06-17,0.7994,0.7994,0.7994,0.7994,0.0
2014-06-18,0.8005,0.8005,0.8005,0.8005,0.0
2014-06-19,0.79985,0.79985,0.79985,0.79985,0.0
2014-06-20,0.7975,0.7975,0.7975,0.7975,0.0
2014-06-23,0.7994,0.7994,0.7994,0.7994,0.0
2014-06-24,0.8015,0.8015,0.8015,0.8015,0.0
2014-06-25,0.80225,0.80225,0.80225,0.80225,0.0
2014-06-26,0.7991,0.7991,0.7991,0.7991,0.0
2014-06-27,0.79965,0.79965,0.79965,0.79965,0.0
2014-06-30,0.8015,0.8015,0.8015,0.8015,0.0
2014-07-01,0.7981,0.7981,0.7981,0.7981,0.0
2014-07-02,0.7958,0.7958,0.7958,0.7958,0.0
2014-07-03,0.7965,0.7965,0.7965,0.7965,0.0
2014-07-04,0.7926,0.7926,0.7926,0.7926,0.0
2014-07-07,0.79385,0.79385,0.79385,0.79385,0.0
2014-07-08,0.79385,0.79385,0.79385,0.79385,0.0
2014-07-09,0.79555,0.79555,0.79555,0.79555,0.0
2014-07-10,0.79505,0.79505,0.79505,0.79505,0.0
2014-07-11,0.7941,0.7941,0.7941,0.7941,0.0
2014-07-14,0.7966,0.7966,0.7966,0.7966,0.0
2014-07-15,0.7931,0.7931,0.7931,0.7931,0.0
2014-07-16,0.7903,0.7903,0.7903,0.7903,0.0
2014-07-17,0.7909,0.7909,0.7909,0.7909,0.0
2014-07-18,0.79155,0.79155,0.79155,0.79155,0.0
2014-07-21,0.7915,0.7915,0.7915,0.7915,0.0
2014-07-22,0.7905,0.7905,0.7905,0.7905,0.0
2014-07-23,0.7908,0.7908,0.7908,0.7908,0.0
2014-07-24,0.79215,0.79215,0.79215,0.79215,0.0
2014-07-25,0.79115,0.79115,0.79115,0.79115,0.0
2014-07-28,0.79055,0.79055,0.79055,0.79055,0.0
2014-07-29,0.7924,0.7924,0.7924,0.7924,0.0
2014-07-30,0.7917,0.7917,0.7917,0.7917,0.0
2014-07-31,0.7928,0.7928,0.7928,0.7928,0.0
2014-08-01,0.7961,0.7961,0.7961,0.7961,0.0
2014-08-04,0.7972,0.7972,0.7972,0.7972,0.0
2014-08-05,0.7939,0.7939,0.7939,0.7939,0.0
2014-08-06,0.79285,0.79285,0.79285,0.79285,0.0
2014-08-07,0.794,0.794,0.794,0.794,0.0
2014-08-08,0.7967,0.7967,0.7967,0.7967,0.0
2014-08-11,0.7976,0.7976,0.7976,0.7976,0.0
2014-08-12,0.7955,0.7955,0.7955,0.7955,0.0
2014-08-13,0.7997,0.7997,0.7997,0.7997,0.0
2014-08-14,0.8016,0.8016,0.8016,0.8016,0.0
2014-08-15,0.80215,0.80215,0.80215,0.80215,0.0
2014-08-18,0.8002,0.8002,0.8002,0.8002,0.0
2014-08-19,0.80265,0.80265,0.80265,0.80265,0.0
2014-08-20,0.7981,0.7981,0.7981,0.7981,0.0
2014-08-21,0.79925,0.79925,0.79925,0.79925,0.0
2014-08-22,0.8003,0.8003,0.8003,0.8003,0.0
2014-08-25,0.79567,0.79567,0.79567,0.79567,0.0
2014-08-26,0.79605,0.79605,0.79605,0.79605,0.0
2014-08-27,0.794,0.794,0.794,0.794,0.0
2014-08-28,0.7945,0.7945,0.7945,0.7945,0.0
2014-08-29,0.7953,0.7953,0.7953,0.7953,0.0
2014-09-01,0.79025,0.79025,0.79025,0.79025,0.0
2014-09-02,0.7933,0.7933,0.7933,0.7933,0.0
2014-09-03,0.79855,0.79855,0.79855,0.79855,0.0
2014-09-04,0.7932,0.7932,0.7932,0.7932,0.0
2014-09-05,0.79455,0.79455,0.79455,0.79455,0.0
2014-09-08,0.80235,0.80235,0.80235,0.80235,0.0
2014-09-09,0.8005,0.8005,0.8005,0.8005,0.0
2014-09-10,0.80125,0.80125,0.80125,0.80125,0.0
2014-09-11,0.7958,0.7958,0.7958,0.7958,0.0
2014-09-12,0.7966,0.7966,0.7966,0.7966,0.0
2014-09-15,0.79495,0.79495,0.79495,0.79495,0.0
2014-09-16,0.7992,0.7992,0.7992,0.7992,0.0
2014-09-17,0.7936,0.7936,0.7936,0.7936,0.0
2014-09-18,0.7883,0.7883,0.7883,0.7883,0.0
2014-09-19,0.7865,0.7865,0.7865,0.7865,0.0
2014-09-22,0.7866,0.7866,0.7866,0.7866,0.0
2014-09-23,0.786,0.786,0.786,0.786,0.0
2014-09-24,0.7823,0.7823,0.7823,0.7823,0.0
2014-09-25,0.7804,0.7804,0.7804,0.7804,0.0
2014-09-26,0.7807,0.7807,0.7807,0.7807,0.0
2014-09-29,0.7827,0.7827,0.7827,0.7827,0.0
2014-09-30,0.7773,0.7773,0.7773,0.7773,0.0
2014-10-01,0.7782,0.7782,0.7782,0.7782,0.0
2014-10-02,0.7824,0.7824,0.7824,0.7824,0.0
2014-10-03,0.78525,0.78525,0.78525,0.78525,0.0
2014-10-06,0.78575,0.78575,0.78575,0.78575,0.0
2014-10-07,0.784,0.784,0.784,0.784,0.0
2014-10-08,0.787,0.787,0.787,0.787,0.0
2014-10-09,0.7875,0.7875,0.7875,0.7875,0.0
2014-10-10,0.7882,0.7882,0.7882,0.7882,0.0
2014-10-13,0.788,0.788,0.788,0.788,0.0
2014-10-14,0.7945,0.7945,0.7945,0.7945,0.0
2014-10-15,0.7957,0.7957,0.7957,0.7957,0.0
2014-10-16,0.797,0.797,0.797,0.797,0.0
2014-10-17,0.7955,0.7955,0.7955,0.7955,0.0
2014-10-20,0.7914,0.7914,0.7914,0.7914,0.0
2014-10-21,0.79,0.79,0.79,0.79,0.0
2014-10-22,0.7909,0.7909,0.7909,0.7909,0.0
2014-10-23,0.7904,0.7904,0.7904,0.7904,0.0
2014-10-24,0.7887,0.7887,0.7887,0.7887,0.0
2014-10-27,0.7871,0.7871,0.7871,0.7871,0.0
2014-10-28,0.7881,0.7881,0.7881,0.7881,0.0
2014-10-29,0.79095,0.79095,0.79095,0.79095,0.0
2014-10-30,0.7872,0.7872,0.7872,0.7872,0.0
2014-10-31,0.78425,0.78425,0.78425,0.78425,0.0
2014-11-03,0.78085,0.78085,0.78085,0.78085,0.0
2014-11-04,0.7819,0.7819,0.7819,0.7819,0.0
2014-11-05,0.7843,0.7843,0.7843,0.7843,0.0
2014-11-06,0.78615,0.78615,0.78615,0.78615,0.0
2014-11-07,0.7834,0.7834,0.7834,0.7834,0.0
2014-11-10,0.7852,0.7852,0.7852,0.7852,0.0
2014-11-11,0.7836,0.7836,0.7836,0.7836,0.0
2014-11-12,0.788,0.788,0.788,0.788,0.0
2014-11-13,0.7912,0.7912,0.7912,0.7912,0.0
2014-11-14,0.7944,0.7944,0.7944,0.7944,0.0
2014-11-17,0.7989,0.7989,0.7989,0.7989,0.0
2014-11-18,0.7994,0.7994,0.7994,0.7994,0.0
2014-11-19,0.79965,0.79965,0.79965,0.79965,0.0
2014-11-20,0.7989,0.7989,0.7989,0.7989,0.0
2014-11-21,0.7921,0.7921,0.7921,0.7921,0.0
2014-11-24,0.7916,0.7916,0.7916,0.7916,0.0
2014-11-25,0.7929,0.7929,0.7929,0.7929,0.0
2014-11-26,0.79095,0.79095,0.79095,0.79095,0.0
2014-11-27,0.792,0.792,0.792,0.792,0.0
2014-11-28,0.7953,0.7953,0.7953,0.7953,0.0
2014-12-01,0.7927,0.7927,0.7927,0.7927,0.0
2014-12-02,0.7936,0.7936,0.7936,0.7936,0.0
2014-12-03,0.7862,0.7862,0.7862,0.7862,0.0
2014-12-04,0.7861,0.7861,0.7861,0.7861,0.0
2014-12-05,0.7881,0.7881,0.7881,0.7881,0.0
2014-12-08,0.7845,0.7845,0.7845,0.7845,0.0
2014-12-09,0.79015,0.79015,0.79015,0.79015,0.0
2014-12-10,0.78975,0.78975,0.78975,0.78975,0.0
2014-12-11,0.7927,0.7927,0.7927,0.7927,0.0
2014-12-12,0.7925,0.7925,0.7925,0.7925,0.0
2014-12-15,0.7936,0.7936,0.7936,0.7936,0.0
2014-12-16,0.7965,0.7965,0.7965,0.7965,0.0
2014-12-17,0.7932,0.7932,0.7932,0.7932,0.0
2014-12-18,0.7865,0.7865,0.7865,0.7865,0.0
2014-12-19,0.7847,0.7847,0.7847,0.7847,0.0
2014-12-22,0.7849,0.7849,0.7849,0.7849,0.0
2014-12-23,0.7867,0.7867,0.7867,0.7867,0.0
2014-12-24,0.7865,0.7865,0.7865,0.7865,0.0
2014-12-29,0.7842,0.7842,0.7842,0.7842,0.0
2014-12-30,0.7823,0.7823,0.7823,0.7823,0.0
2014-12-31,0.7789,0.7789,0.7789,0.7789,0.0
2015-01-02,0.78,0.78,0.78,0.78,0.0
2015-01-05,0.7827,0.7827,0.7827,0.7827,0.0
2015-01-06,0.7842,0.7842,0.7842,0.7842,0.0
2015-01-07,0.7823,0.7823,0.7823,0.7823,0.0
2015-01-08,0.7811,0.7811,0.7811,0.7811,0.0
2015-01-09,0.7799,0.7799,0.7799,0.7799,0.0
2015-01-12,0.7791,0.7791,0.7791,0.7791,0.0
2015-01-13,0.7767,0.7767,0.7767,0.7767,0.0
2015-01-14,0.7753,0.7753,0.7753,0.7753,0.0
2015-01-15,0.7672,0.7672,0.7672,0.7672,0.0
2015-01-16,0.7637,0.7637,0.7637,0.7637,0.0
2015-01-19,0.7664,0.7664,0.7664,0.7664,0.0
2015-01-20,0.7637,0.7637,0.7637,0.7637,0.0
2015-01-21,0.7671,0.7671,0.7671,0.7671,0.0
2015-01-22,0.7644,0.7644,0.7644,0.7644,0.0
2015-01-23,0.7473,0.7473,0.7473,0.7473,0.0
2015-01-26,0.74895,0.74895,0.74895,0.74895,0.0
2015-01-27,0.74725,0.74725,0.74725,0.74725,0.0
2015-01-28,0.7466,0.7466,0.7466,0.7466,0.0
2015-01-29,0.74775,0.74775,0.74775,0.74775,0.0
2015-01-30,0.7511,0.7511,0.7511,0.7511,0.0
2015-02-02,0.7526,0.7526,0.7526,0.7526,0.0
2015-02-03,0.75395,0.75395,0.75395,0.75395,0.0
2015-02-04,0.7516,0.7516,0.7516,0.7516,0.0
2015-02-05,0.7482,0.7482,0.7482,0.7482,0.0
2015-02-06,0.7473,0.7473,0.7473,0.7473,0.0
2015-02-09,0.7415,0.7415,0.7415,0.7415,0.0
2015-02-10,0.742,0.742,0.742,0.742,0.0
2015-02-11,0.7396,0.7396,0.7396,0.7396,0.0
2015-02-12,0.7376,0.7376,0.7376,0.7376,0.0
2015-02-13,0.7401,0.7401,0.7401,0.7401,0.0
2015-02-16,0.7421,0.7421,0.7421,0.7421,0.0
2015-02-17,0.7434,0.7434,0.7434,0.7434,0.0
2015-02-18,0.7372,0.7372,0.7372,0.7372,0.0
2015-02-19,0.7379,0.7379,0.7379,0.7379,0.0
2015-02-20,0.7348,0.7348,0.7348,0.7348,0.0
2015-02-23,0.7352,0.7352,0.7352,0.7352,0.0
2015-02-24,0.7344,0.7344,0.7344,0.7344,0.0
2015-02-25,0.7328,0.7328,0.7328,0.7328,0.0
2015-02-26,0.7301,0.7301,0.7301,0.7301,0.0
2015-02-27,0.7278,0.7278,0.7278,0.7278,0.0
2015-03-02,0.7294,0.7294,0.7294,0.7294,0.0
2015-03-03,0.7276,0.7276,0.7276,0.7276,0.0
2015-03-04,0.7259,0.7259,0.7259,0.7259,0.0
2015-03-05,0.7251,0.7251,0.7251,0.7251,0.0
2015-03-06,0.722,0.722,0.722,0.722,0.0
2015-03-09,0.7186,0.7186,0.7186,0.7186,0.0
2015-03-10,0.7128,0.7128,0.7128,0.7128,0.0
2015-03-11,0.70355,0.70355,0.70355,0.70355,0.0
2015-03-12,0.7091,0.7091,0.7091,0.7091,0.0
2015-03-13,0.71525,0.71525,0.71525,0.71525,0.0
2015-03-16,0.7131,0.7131,0.7131,0.7131,0.0
2015-03-17,0.71995,0.71995,0.71995,0.71995,0.0
2015-03-18,0.723,0.723,0.723,0.723,0.0
2015-03-19,0.7183,0.7183,0.7183,0.7183,0.0
2015-03-20,0.7255,0.7255,0.7255,0.7255,0.0
2015-03-23,0.7318,0.7318,0.7318,0.7318,0.0
2015-03-24,0.7344,0.7344,0.7344,0.7344,0.0
2015-03-25,0.7365,0.7365,0.7365,0.7365,0.0
2015-03-26,0.7371,0.7371,0.7371,0.7371,0.0
2015-03-27,0.7298,0.7298,0.7298,0.7298,0.0
2015-03-30,0.7328,0.7328,0.7328,0.7328,0.0
2015-03-31,0.7273,0.7273,0.7273,0.7273,0.0
2015-04-01,0.7285,0.7285,0.7285,0.7285,0.0
2015-04-02,0.7316,0.7316,0.7316,0.7316,0.0
2015-04-07,0.7286,0.7286,0.7286,0.7286,0.0
2015-04-08,0.7264,0.7264,0.7264,0.7264,0.0
2015-04-09,0.7268,0.7268,0.7268,0.7268,0.0
2015-04-10,0.7244,0.7244,0.7244,0.7244,0.0
2015-04-13,0.7215,0.7215,0.7215,0.7215,0.0
2015-04-14,0.7217,0.7217,0.7217,0.7217,0.0
2015-04-15,0.7168,0.7168,0.7168,0.7168,0.0
2015-04-16,0.7189,0.7189,0.7189,0.7189,0.0
2015-04-17,0.7199,0.7199,0.7199,0.7199,0.0
2015-04-20,0.71955,0.71955,0.71955,0.71955,0.0
2015-04-21,0.7187,0.7187,0.7187,0.7187,0.0
2015-04-22,0.7129,0.7129,0.7129,0.7129,0.0
2015-04-23,0.717,0.717,0.717,0.717,0.0
2015-04-24,0.7159,0.7159,0.7159,0.7159,0.0
2015-04-27,0.7162,0.7162,0.7162,0.7162,0.0
2015-04-28,0.715,0.715,0.715,0.715,0.0
2015-04-29,0.7161,0.7161,0.7161,0.7161,0.0
2015-04-30,0.7267,0.7267,0.7267,0.7267,0.0
2015-05-04,0.73788,0.73788,0.73788,0.73788,0.0
2015-05-05,0.735,0.735,0.735,0.735,0.0
2015-05-06,0.7376,0.7376,0.7376,0.7376,0.0
2015-05-07,0.7425,0.7425,0.7425,0.7425,0.0
2015-05-08,0.728,0.728,0.728,0.728,0.0
2015-05-11,0.7196,0.7196,0.7196,0.7196,0.0
2015-05-12,0.7164,0.7164,0.7164,0.7164,0.0
2015-05-13,0.7174,0.7174,0.7174,0.7174,0.0
2015-05-14,0.7231,0.7231,0.7231,0.7231,0.0
2015-05-15,0.7211,0.7211,0.7211,0.7211,0.0
2015-05-18,0.727,0.727,0.727,0.727,0.0
2015-05-19,0.72185,0.72185,0.72185,0.72185,0.0
2015-05-20,0.7157,0.7157,0.7157,0.7157,0.0
2015-05-21,0.7099,0.7099,0.7099,0.7099,0.0
2015-05-22,0.7138,0.7138,0.7138,0.7138,0.0
2015-05-25,0.71,0.71,0.71,0.71,0.0
2015-05-26,0.7096,0.7096,0.7096,0.7096,0.0
2015-05-27,0.707,0.707,0.707,0.707,0.0
2015-05-28,0.7124,0.7124,0.7124,0.7124,0.0
2015-05-29,0.719,0.719,0.719,0.719,0.0
2015-06-01,0.71925,0.71925,0.71925,0.71925,0.0
2015-06-02,0.7243,0.7243,0.7243,0.7243,0.0
2015-06-03,0.7275,0.7275,0.7275,0.7275,0.0
2015-06-04,0.7354,0.7354,0.7354,0.7354,0.0
2015-06-05,0.7317,0.7317,0.7317,0.7317,0.0
2015-06-08,0.7318,0.7318,0.7318,0.7318,0.0
2015-06-09,0.7354,0.7354,0.7354,0.7354,0.0
2015-06-10,0.7284,0.7284,0.7284,0.7284,0.0
2015-06-11,0.7266,0.7266,0.7266,0.7266,0.0
2015-06-12,0.7245,0.7245,0.7245,0.7245,0.0
2015-06-15,0.7234,0.7234,0.7234,0.7234,0.0
2015-06-16,0.7182,0.7182,0.7182,0.7182,0.0
2015-06-17,0.717,0.717,0.717,0.717,0.0
2015-06-18,0.7167,0.7167,0.7167,0.7167,0.0
2015-06-19,0.7134,0.7134,0.7134,0.7134,0.0
2015-06-22,0.7169,0.7169,0.7169,0.7169,0.0
2015-06-23,0.7101,0.7101,0.7101,0.7101,0.0
2015-06-24,0.7118,0.7118,0.7118,0.7118,0.0
2015-06-25,0.7126,0.7126,0.7126,0.7126,0.0
2015-06-26,0.7123,0.7123,0.7123,0.7123,0.0
2015-06-29,0.7085,0.7085,0.7085,0.7085,0.0
2015-06-30,0.7114,0.7114,0.7114,0.7114,0.0
2015-07-01,0.70905,0.70905,0.70905,0.70905,0.0
2015-07-02,0.7103,0.7103,0.7103,0.7103,0.0
2015-07-03,0.7102,0.7102,0.7102,0.7102,0.0
2015-07-06,0.708,0.708,0.708,0.708,0.0
2015-07-07,0.7077,0.7077,0.7077,0.7077,0.0
2015-07-08,0.7173,0.7173,0.7173,0.7173,0.0
2015-07-09,0.7176,0.7176,0.7176,0.7176,0.0
2015-07-10,0.7208,0.7208,0.7208,0.7208,0.0
2015-07-13,0.7115,0.7115,0.7115,0.7115,0.0
2015-07-14,0.7084,0.7084,0.7084,0.7084,0.0
2015-07-15,0.7045,0.7045,0.7045,0.7045,0.0
2015-07-16,0.6981,0.6981,0.6981,0.6981,0.0
2015-07-17,0.6983,0.6983,0.6983,0.6983,0.0
2015-07-20,0.6971,0.6971,0.6971,0.6971,0.0
2015-07-21,0.6987,0.6987,0.6987,0.6987,0.0
2015-07-22,0.6982,0.6982,0.6982,0.6982,0.0
2015-07-23,0.7044,0.7044,0.7044,0.7044,0.0
2015-07-24,0.7069,0.7069,0.7069,0.7069,0.0
2015-07-27,0.7127,0.7127,0.7127,0.7127,0.0
2015-07-28,0.7074,0.7074,0.7074,0.7074,0.0
2015-07-29,0.7053,0.7053,0.7053,0.7053,0.0
2015-07-30,0.701,0.701,0.701,0.701,0.0
2015-07-31,0.7041,0.7041,0.7041,0.7041,0.0
2015-08-03,0.7028,0.7028,0.7028,0.7028,0.0
2015-08-04,0.70275,0.70275,0.70275,0.70275,0.0
2015-08-05,0.6963,0.6963,0.6963,0.6963,0.0
2015-08-06,0.7014,0.7014,0.7014,0.7014,0.0
2015-08-07,0.7051,0.7051,0.7051,0.7051,0.0
2015-08-10,0.7071,0.7071,0.7071,0.7071,0.0
2015-08-11,0.7088,0.7088,0.7088,0.7088,0.0
2015-08-12,0.7149,0.7149,0.7149,0.7149,0.0
2015-08-13,0.7106,0.7106,0.7106,0.7106,0.0
2015-08-14,0.7145,0.7145,0.7145,0.7145,0.0
2015-08-17,0.7105,0.7105,0.7105,0.7105,0.0
2015-08-18,0.7042,0.7042,0.7042,0.7042,0.0
2015-08-19,0.7049,0.7049,0.7049,0.7049,0.0
2015-08-20,0.7138,0.7138,0.7138,0.7138,0.0
2015-08-21,0.7198,0.7198,0.7198,0.7198,0.0
2015-08-24,0.7302,0.7302,0.7302,0.7302,0.0
2015-08-25,0.729,0.729,0.729,0.729,0.0
2015-08-26,0.7314,0.7314,0.7314,0.7314,0.0
2015-08-27,0.7312,0.7312,0.7312,0.7312,0.0
2015-08-28,0.7321,0.7321,0.7321,0.7321,0.0
2015-08-31,0.72753,0.72753,0.72753,0.72753,0.0
2015-09-01,0.7328,0.7328,0.7328,0.7328,0.0
2015-09-02,0.7369,0.7369,0.7369,0.7369,0.0
2015-09-03,0.7345,0.7345,0.7345,0.7345,0.0
2015-09-04,0.7315,0.7315,0.7315,0.7315,0.0
2015-09-07,0.73035,0.73035,0.73035,0.73035,0.0
2015-09-08,0.7244,0.7244,0.7244,0.7244,0.0
2015-09-09,0.7251,0.7251,0.7251,0.7251,0.0
2015-09-10,0.72655,0.72655,0.72655,0.72655,0.0
2015-09-11,0.7306,0.7306,0.7306,0.7306,0.0
2015-09-14,0.7334,0.7334,0.7334,0.7334,0.0
2015-09-15,0.7346,0.7346,0.7346,0.7346,0.0
2015-09-16,0.72665,0.72665,0.72665,0.72665,0.0
2015-09-17,0.72865,0.72865,0.72865,0.72865,0.0
2015-09-18,0.7298,0.7298,0.7298,0.7298,0.0
2015-09-21,0.7243,0.7243,0.7243,0.7243,0.0
2015-09-22,0.7223,0.7223,0.7223,0.7223,0.0
2015-09-23,0.7297,0.7297,0.7297,0.7297,0.0
2015-09-24,0.7387,0.7387,0.7387,0.7387,0.0
2015-09-25,0.73475,0.73475,0.73475,0.73475,0.0
2015-09-28,0.7352,0.7352,0.7352,0.7352,0.0
2015-09-29,0.7391,0.7391,0.7391,0.7391,0.0
2015-09-30,0.7385,0.7385,0.7385,0.7385,0.0
2015-10-01,0.7367,0.7367,0.7367,0.7367,0.0
2015-10-02,0.7358,0.7358,0.7358,0.7358,0.0
2015-10-05,0.7402,0.7402,0.7402,0.7402,0.0
2015-10-06,0.7399,0.7399,0.7399,0.7399,0.0
2015-10-07,0.7358,0.7358,0.7358,0.7358,0.0
2015-10-08,0.7366,0.7366,0.7366,0.7366,0.0
2015-10-09,0.7407,0.7407,0.7407,0.7407,0.0
2015-10-12,0.7401,0.7401,0.7401,0.7401,0.0
2015-10-13,0.748,0.748,0.748,0.748,0.0
2015-10-14,0.7418,0.7418,0.7418,0.7418,0.0
2015-10-15,0.7397,0.7397,0.7397,0.7397,0.0
2015-10-16,0.7356,0.7356,0.7356,0.7356,0.0
2015-10-19,0.7317,0.7317,0.7317,0.7317,0.0
2015-10-20,0.7352,0.7352,0.7352,0.7352,0.0
2015-10-21,0.7349,0.7349,0.7349,0.7349,0.0
2015-10-22,0.7314,0.7314,0.7314,0.7314,0.0
2015-10-23,0.71955,0.71955,0.71955,0.71955,0.0
2015-10-26,0.7184,0.7184,0.7184,0.7184,0.0
2015-10-27,0.7214,0.7214,0.7214,0.7214,0.0
2015-10-28,0.7248,0.7248,0.7248,0.7248,0.0
2015-10-29,0.7167,0.7167,0.7167,0.7167,0.0
2015-10-30,0.7182,0.7182,0.7182,0.7182,0.0
2015-11-02,0.7132,0.7132,0.7132,0.7132,0.0
2015-11-03,0.71315,0.71315,0.71315,0.71315,0.0
2015-11-04,0.7094,0.7094,0.7094,0.7094,0.0
2015-11-05,0.7126,0.7126,0.7126,0.7126,0.0
2015-11-06,0.71765,0.71765,0.71765,0.71765,0.0
2015-11-09,0.7141,0.7141,0.7141,0.7141,0.0
2015-11-10,0.7084,0.7084,0.7084,0.7084,0.0
2015-11-11,0.706,0.706,0.706,0.706,0.0
2015-11-12,0.7064,0.7064,0.7064,0.7064,0.0
2015-11-13,0.70705,0.70705,0.70705,0.70705,0.0
2015-11-16,0.7058,0.7058,0.7058,0.7058,0.0
2015-11-17,0.7017,0.7017,0.7017,0.7017,0.0
2015-11-18,0.7009,0.7009,0.7009,0.7009,0.0
2015-11-19,0.6998,0.6998,0.6998,0.6998,0.0
2015-11-20,0.701,0.701,0.701,0.701,0.0
2015-11-23,0.7025,0.7025,0.7025,0.7025,0.0
2015-11-24,0.7062,0.7062,0.7062,0.7062,0.0
2015-11-25,0.70175,0.70175,0.70175,0.70175,0.0
2015-11-26,0.7028,0.7028,0.7028,0.7028,0.0
2015-11-27,0.7029,0.7029,0.7029,0.7029,0.0
2015-11-30,0.7048,0.7048,0.7048,0.7048,0.0
2015-12-01,0.7036,0.7036,0.7036,0.7036,0.0
2015-12-02,0.7059,0.7059,0.7059,0.7059,0.0
2015-12-03,0.7122,0.7122,0.7122,0.7122,0.0
2015-12-04,0.7201,0.7201,0.7201,0.7201,0.0
2015-12-07,0.7177,0.7177,0.7177,0.7177,0.0
2015-12-08,0.7271,0.7271,0.7271,0.7271,0.0
2015-12-09,0.7251,0.7251,0.7251,0.7251,0.0
2015-12-10,0.7235,0.7235,0.7235,0.7235,0.0
2015-12-11,0.7224,0.7224,0.7224,0.7224,0.0
2015-12-14,0.726,0.726,0.726,0.726,0.0
2015-12-15,0.7252,0.7252,0.7252,0.7252,0.0
2015-12-16,0.7283,0.7283,0.7283,0.7283,0.0
2015-12-17,0.7266,0.7266,0.7266,0.7266,0.0
2015-12-18,0.72666,0.72666,0.72666,0.72666,0.0
2015-12-21,0.72985,0.72985,0.72985,0.72985,0.0
2015-12-22,0.7362,0.7362,0.7362,0.7362,0.0
2015-12-23,0.733,0.733,0.733,0.733,0.0
2015-12-24,0.7342,0.7342,0.7342,0.7342,0.0
2015-12-28,0.73535,0.73535,0.73535,0.73535,0.0
2015-12-29,0.74005,0.74005,0.74005,0.74005,0.0
2015-12-30,0.73799,0.73799,0.73799,0.73799,0.0
2015-12-31,0.73395,0.73395,0.73395,0.73395,0.0
2016-01-04,0.7381,0.7381,0.7381,0.7381,0.0
2016-01-05,0.73235,0.73235,0.73235,0.73235,0.0
2016-01-06,0.7344,0.7344,0.7344,0.7344,0.0
2016-01-07,0.74545,0.74545,0.74545,0.74545,0.0
2016-01-08,0.74519,0.74519,0.74519,0.74519,0.0
2016-01-11,0.74705,0.74705,0.74705,0.74705,0.0
2016-01-12,0.7508,0.7508,0.7508,0.7508,0.0
2016-01-13,0.7502,0.7502,0.7502,0.7502,0.0
2016-01-14,0.75703,0.75703,0.75703,0.75703,0.0
2016-01-15,0.7615,0.7615,0.7615,0.7615,0.0
2016-01-18,0.76263,0.76263,0.76263,0.76263,0.0
2016-01-19,0.76473,0.76473,0.76473,0.76473,0.0
2016-01-20,0.77,0.77,0.77,0.77,0.0
2016-01-21,0.77182,0.77182,0.77182,0.77182,0.0
2016-01-22,0.75459,0.75459,0.75459,0.75459,0.0
2016-01-25,0.7589,0.7589,0.7589,0.7589,0.0
2016-01-26,0.76095,0.76095,0.76095,0.76095,0.0
2016-01-27,0.75965,0.75965,0.75965,0.75965,0.0
2016-01-28,0.76228,0.76228,0.76228,0.76228,0.0
2016-01-29,0.7641,0.7641,0.7641,0.7641,0.0
2016-02-01,0.761,0.761,0.761,0.761,0.0
2016-02-02,0.7586,0.7586,0.7586,0.7586,0.0
2016-02-03,0.7533,0.7533,0.7533,0.7533,0.0
2016-02-04,0.76595,0.76595,0.76595,0.76595,0.0
2016-02-05,0.76975,0.76975,0.76975,0.76975,0.0
2016-02-08,0.7724,0.7724,0.7724,0.7724,0.0
2016-02-09,0.77945,0.77945,0.77945,0.77945,0.0
2016-02-10,0.77328,0.77328,0.77328,0.77328,0.0
2016-02-11,0.7874,0.7874,0.7874,0.7874,0.0
2016-02-12,0.77735,0.77735,0.77735,0.77735,0.0
2016-02-15,0.772,0.772,0.772,0.772,0.0
2016-02-16,0.7758,0.7758,0.7758,0.7758,0.0
2016-02-17,0.77835,0.77835,0.77835,0.77835,0.0
2016-02-18,0.77143,0.77143,0.77143,0.77143,0.0
2016-02-19,0.77715,0.77715,0.77715,0.77715,0.0
2016-02-22,0.78243,0.78243,0.78243,0.78243,0.0
2016-02-23,0.77985,0.77985,0.77985,0.77985,0.0
2016-02-24,0.78935,0.78935,0.78935,0.78935,0.0
2016-02-25,0.7892,0.7892,0.7892,0.7892,0.0
2016-02-26,0.78745,0.78745,0.78745,0.78745,0.0
2016-02-29,0.7858,0.7858,0.7858,0.7858,0.0
2016-03-01,0.778,0.778,0.778,0.778,0.0
2016-03-02,0.7741,0.7741,0.7741,0.7741,0.0
2016-03-03,0.77435,0.77435,0.77435,0.77435,0.0
2016-03-04,0.77483,0.77483,0.77483,0.77483,0.0
2016-03-07,0.77438,0.77438,0.77438,0.77438,0.0
2016-03-08,0.77608,0.77608,0.77608,0.77608,0.0
2016-03-09,0.77135,0.77135,0.77135,0.77135,0.0
2016-03-10,0.76728,0.76728,0.76728,0.76728,0.0
2016-03-11,0.77595,0.77595,0.77595,0.77595,0.0
2016-03-14,0.77428,0.77428,0.77428,0.77428,0.0
2016-03-15,0.78358,0.78358,0.78358,0.78358,0.0
2016-03-16,0.7873,0.7873,0.7873,0.7873,0.0
2016-03-17,0.78218,0.78218,0.78218,0.78218,0.0
2016-03-18,0.77855,0.77855,0.77855,0.77855,0.0
2016-03-21,0.78303,0.78303,0.78303,0.78303,0.0
2016-03-22,0.7879,0.7879,0.7879,0.7879,0.0
2016-03-23,0.78985,0.78985,0.78985,0.78985,0.0
2016-03-24,0.78938,0.78938,0.78938,0.78938,0.0
2016-03-29,0.7845,0.7845,0.7845,0.7845,0.0
2016-03-30,0.7858,0.7858,0.7858,0.7858,0.0
2016-03-31,0.79155,0.79155,0.79155,0.79155,0.0
2016-04-01,0.7989,0.7989,0.7989,0.7989,0.0
2016-04-04,0.79738,0.79738,0.79738,0.79738,0.0
2016-04-05,0.8016,0.8016,0.8016,0.8016,0.0
2016-04-06,0.80808,0.80808,0.80808,0.80808,0.0
2016-04-07,0.80728,0.80728,0.80728,0.80728,0.0
2016-04-08,0.8073,0.8073,0.8073,0.8073,0.0
2016-04-11,0.8006,0.8006,0.8006,0.8006,0.0
2016-04-12,0.7984,0.7984,0.7984,0.7984,0.0
2016-04-13,0.79388,0.79388,0.79388,0.79388,0.0
2016-04-14,0.7956,0.7956,0.7956,0.7956,0.0
2016-04-15,0.79575,0.79575,0.79575,0.79575,0.0
2016-04-18,0.7978,0.7978,0.7978,0.7978,0.0
2016-04-19,0.78975,0.78975,0.78975,0.78975,0.0
2016-04-20,0.791,0.791,0.791,0.791,0.0
2016-04-21,0.78693,0.78693,0.78693,0.78693,0.0
2016-04-22,0.78335,0.78335,0.78335,0.78335,0.0
2016-04-25,0.7764,0.7764,0.7764,0.7764,0.0
2016-04-26,0.77483,0.77483,0.77483,0.77483,0.0
2016-04-27,0.77475,0.77475,0.77475,0.77475,0.0
2016-04-28,0.77838,0.77838,0.77838,0.77838,0.0
2016-04-29,0.78025,0.78025,0.78025,0.78025,0.0
2016-05-02,0.78248,0.78248,0.78248,0.78248,0.0
2016-05-03,0.79103,0.79103,0.79103,0.79103,0.0
2016-05-04,0.79284,0.79284,0.79284,0.79284,0.0
2016-05-05,0.7886,0.7886,0.7886,0.7886,0.0
2016-05-06,0.7885,0.7885,0.7885,0.7885,0.0
2016-05-09,0.78998,0.78998,0.78998,0.78998,0.0
2016-05-10,0.7876,0.7876,0.7876,0.7876,0.0
2016-05-11,0.78958,0.78958,0.78958,0.78958,0.0
2016-05-12,0.78888,0.78888,0.78888,0.78888,0.0
2016-05-13,0.78758,0.78758,0.78758,0.78758,0.0
2016-05-16,0.788,0.788,0.788,0.788,0.0
2016-05-17,0.7815,0.7815,0.7815,0.7815,0.0
2016-05-18,0.77485,0.77485,0.77485,0.77485,0.0
2016-05-19,0.76585,0.76585,0.76585,0.76585,0.0
2016-05-20,0.77008,0.77008,0.77008,0.77008,0.0
2016-05-23,0.77443,0.77443,0.77443,0.77443,0.0
2016-05-24,0.76513,0.76513,0.76513,0.76513,0.0
2016-05-25,0.75925,0.75925,0.75925,0.75925,0.0
2016-05-26,0.7597,0.7597,0.7597,0.7597,0.0
2016-05-27,0.76245,0.76245,0.76245,0.76245,0.0
2016-05-30,0.76125,0.76125,0.76125,0.76125,0.0
2016-05-31,0.76185,0.76185,0.76185,0.76185,0.0
2016-06-01,0.77358,0.77358,0.77358,0.77358,0.0
2016-06-02,0.77335,0.77335,0.77335,0.77335,0.0
2016-06-03,0.77285,0.77285,0.77285,0.77285,0.0
2016-06-06,0.7872,0.7872,0.7872,0.7872,0.0
2016-06-07,0.7788,0.7788,0.7788,0.7788,0.0
2016-06-08,0.78048,0.78048,0.78048,0.78048,0.0
2016-06-09,0.78438,0.78438,0.78438,0.78438,0.0
2016-06-10,0.7848,0.7848,0.7848,0.7848,0.0
2016-06-13,0.79515,0.79515,0.79515,0.79515,0.0
2016-06-14,0.79478,0.79478,0.79478,0.79478,0.0
2016-06-15,0.79158,0.79158,0.79158,0.79158,0.0
2016-06-16,0.79033,0.79033,0.79033,0.79033,0.0
2016-06-17,0.7877,0.7877,0.7877,0.7877,0.0
2016-06-20,0.77375,0.77375,0.77375,0.77375,0.0
2016-06-21,0.76755,0.76755,0.76755,0.76755,0.0
2016-06-22,0.76793,0.76793,0.76793,0.76793,0.0
2016-06-23,0.76595,0.76595,0.76595,0.76595,0.0
2016-06-24,0.8075,0.8075,0.8075,0.8075,0.0
2016-06-27,0.834,0.834,0.834,0.834,0.0
2016-06-28,0.8272,0.8272,0.8272,0.8272,0.0
2016-06-29,0.8255,0.8255,0.8255,0.8255,0.0
2016-06-30,0.8265,0.8265,0.8265,0.8265,0.0
2016-07-01,0.8383,0.8383,0.8383,0.8383,0.0
2016-07-04,0.83905,0.83905,0.83905,0.83905,0.0
2016-07-05,0.84997,0.84997,0.84997,0.84997,0.0
2016-07-06,0.853,0.853,0.853,0.853,0.0
2016-07-07,0.85085,0.85085,0.85085,0.85085,0.0
2016-07-08,0.85243,0.85243,0.85243,0.85243,0.0
2016-07-11,0.85097,0.85097,0.85097,0.85097,0.0
2016-07-12,0.84275,0.84275,0.84275,0.84275,0.0
2016-07-13,0.83398,0.83398,0.83398,0.83398,0.0
2016-07-14,0.83311,0.83311,0.83311,0.83311,0.0
2016-07-15,0.83275,0.83275,0.83275,0.83275,0.0
2016-07-18,0.83372,0.83372,0.83372,0.83372,0.0
2016-07-19,0.8395,0.8395,0.8395,0.8395,0.0
2016-07-20,0.83605,0.83605,0.83605,0.83605,0.0
2016-07-21,0.83595,0.83595,0.83595,0.83595,0.0
2016-07-22,0.84108,0.84108,0.84108,0.84108,0.0
2016-07-25,0.8367,0.8367,0.8367,0.8367,0.0
2016-07-26,0.8371,0.8371,0.8371,0.8371,0.0
2016-07-27,0.83875,0.83875,0.83875,0.83875,0.0
2016-07-28,0.8422,0.8422,0.8422,0.8422,0.0
2016-07-29,0.844,0.844,0.844,0.844,0.0
2016-08-01,0.8454,0.8454,0.8454,0.8454,0.0
2016-08-02,0.8431,0.8431,0.8431,0.8431,0.0
2016-08-03,0.8391,0.8391,0.8391,0.8391,0.0
2016-08-04,0.84603,0.84603,0.84603,0.84603,0.0
2016-08-05,0.8481,0.8481,0.8481,0.8481,0.0
2016-08-08,0.84955,0.84955,0.84955,0.84955,0.0
2016-08-09,0.85399,0.85399,0.85399,0.85399,0.0
2016-08-10,0.85541,0.85541,0.85541,0.85541,0.0
2016-08-11,0.86038,0.86038,0.86038,0.86038,0.0
2016-08-12,0.8605,0.8605,0.8605,0.8605,0.0
2016-08-15,0.86677,0.86677,0.86677,0.86677,0.0
2016-08-16,0.8706,0.8706,0.8706,0.8706,0.0
2016-08-17,0.8664,0.8664,0.8664,0.8664,0.0
2016-08-18,0.86073,0.86073,0.86073,0.86073,0.0
2016-08-19,0.86537,0.86537,0.86537,0.86537,0.0
2016-08-22,0.8624,0.8624,0.8624,0.8624,0.0
2016-08-23,0.85995,0.85995,0.85995,0.85995,0.0
2016-08-24,0.8513,0.8513,0.8513,0.8513,0.0
2016-08-25,0.8557,0.8557,0.8557,0.8557,0.0
2016-08-26,0.8545,0.8545,0.8545,0.8545,0.0
2016-08-29,0.85476,0.85476,0.85476,0.85476,0.0
2016-08-30,0.8517,0.8517,0.8517,0.8517,0.0
2016-08-31,0.84806,0.84806,0.84806,0.84806,0.0
2016-09-01,0.8405,0.8405,0.8405,0.8405,0.0
2016-09-02,0.8426,0.8426,0.8426,0.8426,0.0
2016-09-05,0.83643,0.83643,0.83643,0.83643,0.0
2016-09-06,0.83535,0.83535,0.83535,0.83535,0.0
2016-09-07,0.83968,0.83968,0.83968,0.83968,0.0
2016-09-08,0.8456,0.8456,0.8456,0.8456,0.0
2016-09-09,0.84558,0.84558,0.84558,0.84558,0.0
2016-09-12,0.84475,0.84475,0.84475,0.84475,0.0
2016-09-13,0.84763,0.84763,0.84763,0.84763,0.0
2016-09-14,0.85078,0.85078,0.85078,0.85078,0.0
2016-09-15,0.85198,0.85198,0.85198,0.85198,0.0
2016-09-16,0.85203,0.85203,0.85203,0.85203,0.0
2016-09-19,0.855,0.855,0.855,0.855,0.0
2016-09-20,0.86213,0.86213,0.86213,0.86213,0.0
2016-09-21,0.85693,0.85693,0.85693,0.85693,0.0
2016-09-22,0.85925,0.85925,0.85925,0.85925,0.0
2016-09-23,0.86435,0.86435,0.86435,0.86435,0.0
2016-09-26,0.8709,0.8709,0.8709,0.8709,0.0
2016-09-27,0.86413,0.86413,0.86413,0.86413,0.0
2016-09-28,0.86208,0.86208,0.86208,0.86208,0.0
2016-09-29,0.86138,0.86138,0.86138,0.86138,0.0
2016-09-30,0.86103,0.86103,0.86103,0.86103,0.0
2016-10-03,0.87318,0.87318,0.87318,0.87318,0.0
2016-10-04,0.8754,0.8754,0.8754,0.8754,0.0
2016-10-05,0.88155,0.88155,0.88155,0.88155,0.0
2016-10-06,0.88323,0.88323,0.88323,0.88323,0.0
2016-10-07,0.90353,0.90353,0.90353,0.90353,0.0
2016-10-10,0.9007,0.9007,0.9007,0.9007,0.0
2016-10-11,0.90233,0.90233,0.90233,0.90233,0.0
2016-10-12,0.8999,0.8999,0.8999,0.8999,0.0
2016-10-13,0.9043,0.9043,0.9043,0.9043,0.0
2016-10-14,0.8991,0.8991,0.8991,0.8991,0.0
2016-10-17,0.90485,0.90485,0.90485,0.90485,0.0
2016-10-18,0.89565,0.89565,0.89565,0.89565,0.0
2016-10-19,0.89338,0.89338,0.89338,0.89338,0.0
2016-10-20,0.89568,0.89568,0.89568,0.89568,0.0
2016-10-21,0.8932,0.8932,0.8932,0.8932,0.0
2016-10-24,0.89015,0.89015,0.89015,0.89015,0.0
2016-10-25,0.88998,0.88998,0.88998,0.88998,0.0
2016-10-26,0.89465,0.89465,0.89465,0.89465,0.0
2016-10-27,0.89158,0.89158,0.89158,0.89158,0.0
2016-10-28,0.89905,0.89905,0.89905,0.89905,0.0
2016-10-31,0.9005,0.9005,0.9005,0.9005,0.0
2016-11-01,0.90173,0.90173,0.90173,0.90173,0.0
2016-11-02,0.90063,0.90063,0.90063,0.90063,0.0
2016-11-03,0.88658,0.88658,0.88658,0.88658,0.0
2016-11-04,0.88808,0.88808,0.88808,0.88808,0.0
2016-11-07,0.8904,0.8904,0.8904,0.8904,0.0
2016-11-08,0.89088,0.89088,0.89088,0.89088,0.0
2016-11-09,0.8903,0.8903,0.8903,0.8903,0.0
2016-11-10,0.87785,0.87785,0.87785,0.87785,0.0
2016-11-11,0.86133,0.86133,0.86133,0.86133,0.0
2016-11-14,0.85985,0.85985,0.85985,0.85985,0.0
2016-11-15,0.86638,0.86638,0.86638,0.86638,0.0
2016-11-16,0.8611,0.8611,0.8611,0.8611,0.0
2016-11-17,0.86055,0.86055,0.86055,0.86055,0.0
2016-11-18,0.86218,0.86218,0.86218,0.86218,0.0
2016-11-21,0.85725,0.85725,0.85725,0.85725,0.0
2016-11-22,0.85423,0.85423,0.85423,0.85423,0.0
2016-11-23,0.85393,0.85393,0.85393,0.85393,0.0
2016-11-24,0.848,0.848,0.848,0.848,0.0
2016-11-25,0.85182,0.85182,0.85182,0.85182,0.0
2016-11-28,0.85303,0.85303,0.85303,0.85303,0.0
2016-11-29,0.84815,0.84815,0.84815,0.84815,0.0
2016-11-30,0.8525,0.8525,0.8525,0.8525,0.0
2016-12-01,0.84098,0.84098,0.84098,0.84098,0.0
2016-12-02,0.84303,0.84303,0.84303,0.84303,0.0
2016-12-05,0.84168,0.84168,0.84168,0.84168,0.0
2016-12-06,0.8421,0.8421,0.8421,0.8421,0.0
2016-12-07,0.85095,0.85095,0.85095,0.85095,0.0
2016-12-08,0.84995,0.84995,0.84995,0.84995,0.0
2016-12-09,0.83935,0.83935,0.83935,0.83935,0.0
2016-12-12,0.839,0.839,0.839,0.839,0.0
2016-12-13,0.83488,0.83488,0.83488,0.83488,0.0
2016-12-14,0.83963,0.83963,0.83963,0.83963,0.0
2016-12-15,0.83598,0.83598,0.83598,0.83598,0.0
2016-12-16,0.8389,0.8389,0.8389,0.8389,0.0
2016-12-19,0.8414,0.8414,0.8414,0.8414,0.0
2016-12-20,0.83978,0.83978,0.83978,0.83978,0.0
2016-12-21,0.8424,0.8424,0.8424,0.8424,0.0
2016-12-22,0.84645,0.84645,0.84645,0.84645,0.0
2016-12-23,0.85278,0.85278,0.85278,0.85278,0.0
2016-12-27,0.853,0.853,0.853,0.853,0.0
2016-12-28,0.85128,0.85128,0.85128,0.85128,0.0
2016-12-29,0.853,0.853,0.853,0.853,0.0
2016-12-30,0.85618,0.85618,0.85618,0.85618,0.0
2017-01-02,0.8514,0.8514,0.8514,0.8514,0.0
2017-01-03,0.84565,0.84565,0.84565,0.84565,0.0
2017-01-04,0.84945,0.84945,0.84945,0.84945,0.0
2017-01-05,0.8544,0.8544,0.8544,0.8544,0.0
2017-01-06,0.85648,0.85648,0.85648,0.85648,0.0
2017-01-09,0.8666,0.8666,0.8666,0.8666,0.0
2017-01-10,0.8694,0.8694,0.8694,0.8694,0.0
2017-01-11,0.86725,0.86725,0.86725,0.86725,0.0
2017-01-12,0.86843,0.86843,0.86843,0.86843,0.0
2017-01-13,0.87548,0.87548,0.87548,0.87548,0.0
2017-01-16,0.87808,0.87808,0.87808,0.87808,0.0
2017-01-17,0.8679,0.8679,0.8679,0.8679,0.0
2017-01-18,0.86833,0.86833,0.86833,0.86833,0.0
2017-01-19,0.86555,0.86555,0.86555,0.86555,0.0
2017-01-20,0.86595,0.86595,0.86595,0.86595,0.0
2017-01-23,0.86148,0.86148,0.86148,0.86148,0.0
2017-01-24,0.8635,0.8635,0.8635,0.8635,0.0
2017-01-25,0.85323,0.85323,0.85323,0.85323,0.0
2017-01-26,0.85143,0.85143,0.85143,0.85143,0.0
2017-01-27,0.8517,0.8517,0.8517,0.8517,0.0
2017-01-30,0.84935,0.84935,0.84935,0.84935,0.0
2017-01-31,0.86105,0.86105,0.86105,0.86105,0.0
2017-02-01,0.85418,0.85418,0.85418,0.85418,0.0
2017-02-02,0.86068,0.86068,0.86068,0.86068,0.0
2017-02-03,0.86013,0.86013,0.86013,0.86013,0.0
2017-02-06,0.8595,0.8595,0.8595,0.8595,0.0
2017-02-07,0.8633,0.8633,0.8633,0.8633,0.0
2017-02-08,0.85315,0.85315,0.85315,0.85315,0.0
2017-02-09,0.8509,0.8509,0.8509,0.8509,0.0
2017-02-10,0.8529,0.8529,0.8529,0.8529,0.0
2017-02-13,0.8489,0.8489,0.8489,0.8489,0.0
2017-02-14,0.85098,0.85098,0.85098,0.85098,0.0
2017-02-15,0.84998,0.84998,0.84998,0.84998,0.0
2017-02-16,0.8511,0.8511,0.8511,0.8511,0.0
2017-02-17,0.8572,0.8572,0.8572,0.8572,0.0
2017-02-20,0.85145,0.85145,0.85145,0.85145,0.0
2017-02-21,0.8486,0.8486,0.8486,0.8486,0.0
2017-02-22,0.8445,0.8445,0.8445,0.8445,0.0
2017-02-23,0.84628,0.84628,0.84628,0.84628,0.0
2017-02-24,0.84503,0.84503,0.84503,0.84503,0.0
2017-02-27,0.8528,0.8528,0.8528,0.8528,0.0
2017-02-28,0.85305,0.85305,0.85305,0.85305,0.0
2017-03-01,0.8555,0.8555,0.8555,0.8555,0.0
2017-03-02,0.8556,0.8556,0.8556,0.8556,0.0
2017-03-03,0.86355,0.86355,0.86355,0.86355,0.0
2017-03-06,0.863,0.863,0.863,0.863,0.0
2017-03-07,0.8671,0.8671,0.8671,0.8671,0.0
2017-03-08,0.86753,0.86753,0.86753,0.86753,0.0
2017-03-09,0.86653,0.86653,0.86653,0.86653,0.0
2017-03-10,0.8725,0.8725,0.8725,0.8725,0.0
2017-03-13,0.87258,0.87258,0.87258,0.87258,0.0
2017-03-14,0.87563,0.87563,0.87563,0.87563,0.0
2017-03-15,0.87073,0.87073,0.87073,0.87073,0.0
2017-03-16,0.8681,0.8681,0.8681,0.8681,0.0
2017-03-17,0.86868,0.86868,0.86868,0.86868,0.0
2017-03-20,0.86793,0.86793,0.86793,0.86793,0.0
2017-03-21,0.86753,0.86753,0.86753,0.86753,0.0
2017-03-22,0.8679,0.8679,0.8679,0.8679,0.0
2017-03-23,0.86273,0.86273,0.86273,0.86273,0.0
2017-03-24,0.866,0.866,0.866,0.866,0.0
2017-03-27,0.86403,0.86403,0.86403,0.86403,0.0
2017-03-28,0.86455,0.86455,0.86455,0.86455,0.0
2017-03-29,0.86385,0.86385,0.86385,0.86385,0.0
2017-03-30,0.8618,0.8618,0.8618,0.8618,0.0
2017-03-31,0.85553,0.85553,0.85553,0.85553,0.0
2017-04-03,0.8526,0.8526,0.8526,0.8526,0.0
2017-04-04,0.85623,0.85623,0.85623,0.85623,0.0
2017-04-05,0.8551,0.8551,0.8551,0.8551,0.0
2017-04-06,0.8559,0.8559,0.8559,0.8559,0.0
2017-04-07,0.85573,0.85573,0.85573,0.85573,0.0
2017-04-10,0.85335,0.85335,0.85335,0.85335,0.0
2017-04-11,0.8533,0.8533,0.8533,0.8533,0.0
2017-04-12,0.8484,0.8484,0.8484,0.8484,0.0
2017-04-13,0.84763,0.84763,0.84763,0.84763,0.0
2017-04-18,0.84375,0.84375,0.84375,0.84375,0.0
2017-04-19,0.8343,0.8343,0.8343,0.8343,0.0
2017-04-20,0.8392,0.8392,0.8392,0.8392,0.0
2017-04-21,0.8372,0.8372,0.8372,0.8372,0.0
2017-04-24,0.8483,0.8483,0.8483,0.8483,0.0
2017-04-25,0.84928,0.84928,0.84928,0.84928,0.0
2017-04-26,0.84903,0.84903,0.84903,0.84903,0.0
2017-04-27,0.8442,0.8442,0.8442,0.8442,0.0
2017-04-28,0.84473,0.84473,0.84473,0.84473,0.0
2017-05-02,0.8452,0.8452,0.8452,0.8452,0.0
2017-05-03,0.8444,0.8444,0.8444,0.8444,0.0
2017-05-04,0.84765,0.84765,0.84765,0.84765,0.0
2017-05-05,0.8471,0.8471,0.8471,0.8471,0.0
2017-05-08,0.84465,0.84465,0.84465,0.84465,0.0
2017-05-09,0.843,0.843,0.843,0.843,0.0
2017-05-10,0.83985,0.83985,0.83985,0.83985,0.0
2017-05-11,0.84485,0.84485,0.84485,0.84485,0.0
2017-05-12,0.84588,0.84588,0.84588,0.84588,0.0
2017-05-15,0.84928,0.84928,0.84928,0.84928,0.0
2017-05-16,0.85868,0.85868,0.85868,0.85868,0.0
2017-05-17,0.85745,0.85745,0.85745,0.85745,0.0
2017-05-18,0.85363,0.85363,0.85363,0.85363,0.0
2017-05-19,0.85908,0.85908,0.85908,0.85908,0.0
2017-05-22,0.86353,0.86353,0.86353,0.86353,0.0
2017-05-23,0.86463,0.86463,0.86463,0.86463,0.0
2017-05-24,0.8634,0.8634,0.8634,0.8634,0.0
2017-05-25,0.86528,0.86528,0.86528,0.86528,0.0
2017-05-26,0.8719,0.8719,0.8719,0.8719,0.0
2017-05-29,0.87093,0.87093,0.87093,0.87093,0.0
2017-05-30,0.86793,0.86793,0.86793,0.86793,0.0
2017-05-31,0.87365,0.87365,0.87365,0.87365,0.0
2017-06-01,0.8723,0.8723,0.8723,0.8723,0.0
2017-06-02,0.87268,0.87268,0.87268,0.87268,0.0
2017-06-05,0.8713,0.8713,0.8713,0.8713,0.0
2017-06-06,0.8723,0.8723,0.8723,0.8723,0.0
2017-06-07,0.86908,0.86908,0.86908,0.86908,0.0
2017-06-08,0.86755,0.86755,0.86755,0.86755,0.0
2017-06-09,0.87638,0.87638,0.87638,0.87638,0.0
2017-06-12,0.88545,0.88545,0.88545,0.88545,0.0
2017-06-13,0.88075,0.88075,0.88075,0.88075,0.0
2017-06-14,0.8796,0.8796,0.8796,0.8796,0.0
2017-06-15,0.8764,0.8764,0.8764,0.8764,0.0
2017-06-16,0.87453,0.87453,0.87453,0.87453,0.0
2017-06-19,0.87518,0.87518,0.87518,0.87518,0.0
2017-06-20,0.88143,0.88143,0.88143,0.88143,0.0
2017-06-21,0.8781,0.8781,0.8781,0.8781,0.0
2017-06-22,0.88168,0.88168,0.88168,0.88168,0.0
2017-06-23,0.87805,0.87805,0.87805,0.87805,0.0
2017-06-26,0.8783,0.8783,0.8783,0.8783,0.0
2017-06-27,0.8837,0.8837,0.8837,0.8837,0.0
2017-06-28,0.88525,0.88525,0.88525,0.88525,0.0
2017-06-29,0.8799,0.8799,0.8799,0.8799,0.0
2017-06-30,0.87933,0.87933,0.87933,0.87933,0.0
2017-07-03,0.87705,0.87705,0.87705,0.87705,0.0
2017-07-04,0.87805,0.87805,0.87805,0.87805,0.0
2017-07-05,0.87735,0.87735,0.87735,0.87735,0.0
2017-07-06,0.88013,0.88013,0.88013,0.88013,0.0
2017-07-07,0.88488,0.88488,0.88488,0.88488,0.0
2017-07-10,0.88443,0.88443,0.88443,0.88443,0.0
2017-07-11,0.88318,0.88318,0.88318,0.88318,0.0
2017-07-12,0.88925,0.88925,0.88925,0.88925,0.0
2017-07-13,0.88215,0.88215,0.88215,0.88215,0.0
2017-07-14,0.87983,0.87983,0.87983,0.87983,0.0
2017-07-17,0.87755,0.87755,0.87755,0.87755,0.0
2017-07-18,0.8878,0.8878,0.8878,0.8878,0.0
2017-07-19,0.88485,0.88485,0.88485,0.88485,0.0
2017-07-20,0.88718,0.88718,0.88718,0.88718,0.0
2017-07-21,0.8961,0.8961,0.8961,0.8961,0.0
2017-07-24,0.8935,0.8935,0.8935,0.8935,0.0
2017-07-25,0.89395,0.89395,0.89395,0.89395,0.0
2017-07-26,0.89275,0.89275,0.89275,0.89275,0.0
2017-07-27,0.88978,0.88978,0.88978,0.88978,0.0
2017-07-28,0.89568,0.89568,0.89568,0.89568,0.0
2017-07-31,0.8942,0.8942,0.8942,0.8942,0.0
2017-08-01,0.8944,0.8944,0.8944,0.8944,0.0
2017-08-02,0.89425,0.89425,0.89425,0.89425,0.0
2017-08-03,0.90318,0.90318,0.90318,0.90318,0.0
2017-08-04,0.9028,0.9028,0.9028,0.9028,0.0
2017-08-07,0.90435,0.90435,0.90435,0.90435,0.0
2017-08-08,0.90678,0.90678,0.90678,0.90678,0.0
2017-08-09,0.90338,0.90338,0.90338,0.90338,0.0
2017-08-10,0.90303,0.90303,0.90303,0.90303,0.0
2017-08-11,0.90645,0.90645,0.90645,0.90645,0.0
2017-08-14,0.90935,0.90935,0.90935,0.90935,0.0
2017-08-15,0.91145,0.91145,0.91145,0.91145,0.0
2017-08-16,0.90993,0.90993,0.90993,0.90993,0.0
2017-08-17,0.90895,0.90895,0.90895,0.90895,0.0
2017-08-18,0.91188,0.91188,0.91188,0.91188,0.0
2017-08-21,0.91318,0.91318,0.91318,0.91318,0.0
2017-08-22,0.91713,0.91713,0.91713,0.91713,0.0
2017-08-23,0.92133,0.92133,0.92133,0.92133,0.0
2017-08-24,0.92,0.92,0.92,0.92,0.0
2017-08-25,0.92083,0.92083,0.92083,0.92083,0.0
2017-08-28,0.92328,0.92328,0.92328,0.92328,0.0
2017-08-29,0.92965,0.92965,0.92965,0.92965,0.0
2017-08-30,0.92246,0.92246,0.92246,0.92246,0.0
2017-08-31,0.91973,0.91973,0.91973,0.91973,0.0
2017-09-01,0.92075,0.92075,0.92075,0.92075,0.0
2017-09-04,0.91855,0.91855,0.91855,0.91855,0.0
2017-09-05,0.9174,0.9174,0.9174,0.9174,0.0
2017-09-06,0.91428,0.91428,0.91428,0.91428,0.0
2017-09-07,0.91403,0.91403,0.91403,0.91403,0.0
2017-09-08,0.91268,0.91268,0.91268,0.91268,0.0
2017-09-11,0.90775,0.90775,0.90775,0.90775,0.0
2017-09-12,0.89878,0.89878,0.89878,0.89878,0.0
2017-09-13,0.90243,0.90243,0.90243,0.90243,0.0
2017-09-14,0.89123,0.89123,0.89123,0.89123,0.0
2017-09-15,0.88043,0.88043,0.88043,0.88043,0.0
2017-09-18,0.88253,0.88253,0.88253,0.88253,0.0
2017-09-19,0.88622,0.88622,0.88622,0.88622,0.0
2017-09-20,0.8868,0.8868,0.8868,0.8868,0.0
2017-09-21,0.8824,0.8824,0.8824,0.8824,0.0
2017-09-22,0.88155,0.88155,0.88155,0.88155,0.0
2017-09-25,0.87938,0.87938,0.87938,0.87938,0.0
2017-09-26,0.87775,0.87775,0.87775,0.87775,0.0
2017-09-27,0.87565,0.87565,0.87565,0.87565,0.0
2017-09-28,0.87635,0.87635,0.87635,0.87635,0.0
2017-09-29,0.88178,0.88178,0.88178,0.88178,0.0
2017-10-02,0.88418,0.88418,0.88418,0.88418,0.0
2017-10-03,0.88793,0.88793,0.88793,0.88793,0.0
2017-10-04,0.88768,0.88768,0.88768,0.88768,0.0
2017-10-05,0.89153,0.89153,0.89153,0.89153,0.0
2017-10-06,0.89535,0.89535,0.89535,0.89535,0.0
2017-10-09,0.89195,0.89195,0.89195,0.89195,0.0
2017-10-10,0.8941,0.8941,0.8941,0.8941,0.0
2017-10-11,0.8971,0.8971,0.8971,0.8971,0.0
2017-10-12,0.90235,0.90235,0.90235,0.90235,0.0
2017-10-13,0.8898,0.8898,0.8898,0.8898,0.0
2017-10-16,0.88753,0.88753,0.88753,0.88753,0.0
2017-10-17,0.89148,0.89148,0.89148,0.89148,0.0
2017-10-18,0.89283,0.89283,0.89283,0.89283,0.0
2017-10-19,0.89815,0.89815,0.89815,0.89815,0.0
2017-10-20,0.89623,0.89623,0.89623,0.89623,0.0
2017-10-23,0.8909,0.8909,0.8909,0.8909,0.0
2017-10-24,0.89303,0.89303,0.89303,0.89303,0.0
2017-10-25,0.88883,0.88883,0.88883,0.88883,0.0
2017-10-26,0.8901,0.8901,0.8901,0.8901,0.0
2017-10-27,0.88633,0.88633,0.88633,0.88633,0.0
2017-10-30,0.8798,0.8798,0.8798,0.8798,0.0
2017-10-31,0.87853,0.87853,0.87853,0.87853,0.0
2017-11-01,0.87385,0.87385,0.87385,0.87385,0.0
2017-11-02,0.8869,0.8869,0.8869,0.8869,0.0
2017-11-03,0.88923,0.88923,0.88923,0.88923,0.0
2017-11-06,0.8839,0.8839,0.8839,0.8839,0.0
2017-11-07,0.88038,0.88038,0.88038,0.88038,0.0
2017-11-08,0.88405,0.88405,0.88405,0.88405,0.0
2017-11-09,0.88633,0.88633,0.88633,0.88633,0.0
2017-11-10,0.8837,0.8837,0.8837,0.8837,0.0
2017-11-13,0.89018,0.89018,0.89018,0.89018,0.0
2017-11-14,0.89585,0.89585,0.89585,0.89585,0.0
2017-11-15,0.8991,0.8991,0.8991,0.8991,0.0
2017-11-16,0.89183,0.89183,0.89183,0.89183,0.0
2017-11-17,0.89385,0.89385,0.89385,0.89385,0.0
2017-11-20,0.8894,0.8894,0.8894,0.8894,0.0
2017-11-21,0.88498,0.88498,0.88498,0.88498,0.0
2017-11-22,0.8881,0.8881,0.8881,0.8881,0.0
2017-11-23,0.89005,0.89005,0.89005,0.89005,0.0
2017-11-24,0.8912,0.8912,0.8912,0.8912,0.0
2017-11-27,0.89375,0.89375,0.89375,0.89375,0.0
2017-11-28,0.89538,0.89538,0.89538,0.89538,0.0
2017-11-29,0.88293,0.88293,0.88293,0.88293,0.0
2017-11-30,0.87985,0.87985,0.87985,0.87985,0.0
2017-12-01,0.88115,0.88115,0.88115,0.88115,0.0
2017-12-04,0.87725,0.87725,0.87725,0.87725,0.0
2017-12-05,0.88183,0.88183,0.88183,0.88183,0.0
2017-12-06,0.88335,0.88335,0.88335,0.88335,0.0
2017-12-07,0.88068,0.88068,0.88068,0.88068,0.0
2017-12-08,0.87525,0.87525,0.87525,0.87525,0.0
2017-12-11,0.8825,0.8825,0.8825,0.8825,0.0
2017-12-12,0.88068,0.88068,0.88068,0.88068,0.0
2017-12-13,0.87905,0.87905,0.87905,0.87905,0.0
2017-12-14,0.88163,0.88163,0.88163,0.88163,0.0
2017-12-15,0.88253,0.88253,0.88253,0.88253,0.0
2017-12-18,0.88208,0.88208,0.88208,0.88208,0.0
2017-12-19,0.885,0.885,0.885,0.885,0.0
2017-12-20,0.8832,0.8832,0.8832,0.8832,0.0
2017-12-21,0.88763,0.88763,0.88763,0.88763,0.0
2017-12-22,0.88568,0.88568,0.88568,0.88568,0.0
2017-12-27,0.88593,0.88593,0.88593,0.88593,0.0
2017-12-28,0.88768,0.88768,0.88768,0.88768,0.0
2017-12-29,0.88723,0.88723,0.88723,0.88723,0.0
2018-01-02,0.88953,0.88953,0.88953,0.88953,0.0
2018-01-03,0.8864,0.8864,0.8864,0.8864,0.0
2018-01-04,0.89103,0.89103,0.89103,0.89103,0.0
2018-01-05,0.88883,0.88883,0.88883,0.88883,0.0
2018-01-08,0.88413,0.88413,0.88413,0.88413,0.0
2018-01-09,0.8827,0.8827,0.8827,0.8827,0.0
2018-01-10,0.8867,0.8867,0.8867,0.8867,0.0
2018-01-11,0.89075,0.89075,0.89075,0.89075,0.0
2018-01-12,0.88983,0.88983,0.88983,0.88983,0.0
2018-01-15,0.89043,0.89043,0.89043,0.89043,0.0
2018-01-16,0.8886,0.8886,0.8886,0.8886,0.0
2018-01-17,0.88568,0.88568,0.88568,0.88568,0.0
2018-01-18,0.88208,0.88208,0.88208,0.88208,0.0
2018-01-19,0.88365,0.88365,0.88365,0.88365,0.0
2018-01-22,0.88085,0.88085,0.88085,0.88085,0.0
2018-01-23,0.8783,0.8783,0.8783,0.8783,0.0
2018-01-24,0.87183,0.87183,0.87183,0.87183,0.0
2018-01-25,0.87038,0.87038,0.87038,0.87038,0.0
2018-01-26,0.87335,0.87335,0.87335,0.87335,0.0
2018-01-29,0.8794,0.8794,0.8794,0.8794,0.0
2018-01-30,0.8793,0.8793,0.8793,0.8793,0.0
2018-01-31,0.8791,0.8791,0.8791,0.8791,0.0
2018-02-01,0.8752,0.8752,0.8752,0.8752,0.0
2018-02-02,0.8785,0.8785,0.8785,0.8785,0.0
2018-02-05,0.88568,0.88568,0.88568,0.88568,0.0
2018-02-06,0.88885,0.88885,0.88885,0.88885,0.0
2018-02-07,0.88675,0.88675,0.88675,0.88675,0.0
2018-02-08,0.87513,0.87513,0.87513,0.87513,0.0
2018-02-09,0.8874,0.8874,0.8874,0.8874,0.0
2018-02-12,0.886,0.886,0.886,0.886,0.0
2018-02-13,0.88935,0.88935,0.88935,0.88935,0.0
2018-02-14,0.8904,0.8904,0.8904,0.8904,0.0
2018-02-15,0.8866,0.8866,0.8866,0.8866,0.0
2018-02-16,0.88803,0.88803,0.88803,0.88803,0.0
2018-02-19,0.8859,0.8859,0.8859,0.8859,0.0
2018-02-20,0.88168,0.88168,0.88168,0.88168,0.0
2018-02-21,0.88463,0.88463,0.88463,0.88463,0.0
2018-02-22,0.88343,0.88343,0.88343,0.88343,0.0
2018-02-23,0.8794,0.8794,0.8794,0.8794,0.0
2018-02-26,0.8782,0.8782,0.8782,0.8782,0.0
2018-02-27,0.884,0.884,0.884,0.884,0.0
2018-02-28,0.88415,0.88415,0.88415,0.88415,0.0
2018-03-01,0.8852,0.8852,0.8852,0.8852,0.0
2018-03-02,0.8932,0.8932,0.8932,0.8932,0.0
2018-03-05,0.8907,0.8907,0.8907,0.8907,0.0
2018-03-06,0.89165,0.89165,0.89165,0.89165,0.0
2018-03-07,0.89513,0.89513,0.89513,0.89513,0.0
2018-03-08,0.89465,0.89465,0.89465,0.89465,0.0
2018-03-09,0.88893,0.88893,0.88893,0.88893,0.0
2018-03-12,0.8859,0.8859,0.8859,0.8859,0.0
2018-03-13,0.8865,0.8865,0.8865,0.8865,0.0
2018-03-14,0.8863,0.8863,0.8863,0.8863,0.0
2018-03-15,0.8848,0.8848,0.8848,0.8848,0.0
2018-03-16,0.88253,0.88253,0.88253,0.88253,0.0
2018-03-19,0.87593,0.87593,0.87593,0.87593,0.0
2018-03-20,0.87715,0.87715,0.87715,0.87715,0.0
2018-03-21,0.87403,0.87403,0.87403,0.87403,0.0
2018-03-22,0.872,0.872,0.872,0.872,0.0
2018-03-23,0.87285,0.87285,0.87285,0.87285,0.0
2018-03-26,0.87248,0.87248,0.87248,0.87248,0.0
2018-03-27,0.8794,0.8794,0.8794,0.8794,0.0
2018-03-28,0.87605,0.87605,0.87605,0.87605,0.0
2018-03-29,0.8749,0.8749,0.8749,0.8749,0.0
2018-04-03,0.87523,0.87523,0.87523,0.87523,0.0
2018-04-04,0.87573,0.87573,0.87573,0.87573,0.0
2018-04-05,0.87395,0.87395,0.87395,0.87395,0.0
2018-04-06,0.87295,0.87295,0.87295,0.87295,0.0
2018-04-09,0.87088,0.87088,0.87088,0.87088,0.0
2018-04-10,0.87183,0.87183,0.87183,0.87183,0.0
2018-04-11,0.8736,0.8736,0.8736,0.8736,0.0
2018-04-12,0.86745,0.86745,0.86745,0.86745,0.0
2018-04-13,0.864,0.864,0.864,0.864,0.0
2018-04-16,0.86465,0.86465,0.86465,0.86465,0.0
2018-04-17,0.8628,0.8628,0.8628,0.8628,0.0
2018-04-18,0.87105,0.87105,0.87105,0.87105,0.0
2018-04-19,0.86975,0.86975,0.86975,0.86975,0.0
2018-04-20,0.87608,0.87608,0.87608,0.87608,0.0
2018-04-23,0.8764,0.8764,0.8764,0.8764,0.0
2018-04-24,0.87468,0.87468,0.87468,0.87468,0.0
2018-04-25,0.8738,0.8738,0.8738,0.8738,0.0
2018-04-26,0.871,0.871,0.871,0.871,0.0
2018-04-27,0.877,0.877,0.877,0.877,0.0
2018-04-30,0.8796,0.8796,0.8796,0.8796,0.0
2018-05-02,0.8804,0.8804,0.8804,0.8804,0.0
2018-05-03,0.8818,0.8818,0.8818,0.8818,0.0
2018-05-04,0.88235,0.88235,0.88235,0.88235,0.0
2018-05-07,0.8801,0.8801,0.8801,0.8801,0.0
2018-05-08,0.8793,0.8793,0.8793,0.8793,0.0
2018-05-09,0.87445,0.87445,0.87445,0.87445,0.0
2018-05-10,0.8781,0.8781,0.8781,0.8781,0.0
2018-05-11,0.88,0.88,0.88,0.88,0.0
2018-05-14,0.8824,0.8824,0.8824,0.8824,0.0
2018-05-15,0.879,0.879,0.879,0.879,0.0
2018-05-16,0.87418,0.87418,0.87418,0.87418,0.0
2018-05-17,0.8735,0.8735,0.8735,0.8735,0.0
2018-05-18,0.87325,0.87325,0.87325,0.87325,0.0
2018-05-21,0.8764,0.8764,0.8764,0.8764,0.0
2018-05-22,0.87688,0.87688,0.87688,0.87688,0.0
2018-05-23,0.87953,0.87953,0.87953,0.87953,0.0
2018-05-24,0.87475,0.87475,0.87475,0.87475,0.0
2018-05-25,0.8754,0.8754,0.8754,0.8754,0.0
2018-05-28,0.87465,0.87465,0.87465,0.87465,0.0
2018-05-29,0.87143,0.87143,0.87143,0.87143,0.0
2018-05-30,0.875,0.875,0.875,0.875,0.0
2018-05-31,0.8768,0.8768,0.8768,0.8768,0.0
2018-06-01,0.8768,0.8768,0.8768,0.8768,0.0
2018-06-04,0.87673,0.87673,0.87673,0.87673,0.0
2018-06-05,0.8739,0.8739,0.8739,0.8739,0.0
2018-06-06,0.87683,0.87683,0.87683,0.87683,0.0
2018-06-07,0.88123,0.88123,0.88123,0.88123,0.0
2018-06-08,0.87733,0.87733,0.87733,0.87733,0.0
2018-06-11,0.8818,0.8818,0.8818,0.8818,0.0
2018-06-12,0.88175,0.88175,0.88175,0.88175,0.0
2018-06-13,0.8821,0.8821,0.8821,0.8821,0.0
2018-06-14,0.87683,0.87683,0.87683,0.87683,0.0
2018-06-15,0.8732,0.8732,0.8732,0.8732,0.0
2018-06-18,0.87655,0.87655,0.87655,0.87655,0.0
2018-06-19,0.87693,0.87693,0.87693,0.87693,0.0
2018-06-20,0.87878,0.87878,0.87878,0.87878,0.0
2018-06-21,0.8737,0.8737,0.8737,0.8737,0.0
2018-06-22,0.87663,0.87663,0.87663,0.87663,0.0
2018-06-25,0.8804,0.8804,0.8804,0.8804,0.0
2018-06-26,0.8816,0.8816,0.8816,0.8816,0.0
2018-06-27,0.88173,0.88173,0.88173,0.88173,0.0
2018-06-28,0.8852,0.8852,0.8852,0.8852,0.0
2018-06-29,0.88605,0.88605,0.88605,0.88605,0.0
2018-07-02,0.8865,0.8865,0.8865,0.8865,0.0
2018-07-03,0.8835,0.8835,0.8835,0.8835,0.0
2018-07-04,0.88108,0.88108,0.88108,0.88108,0.0
2018-07-05,0.8831,0.8831,0.8831,0.8831,0.0
2018-07-06,0.88595,0.88595,0.88595,0.88595,0.0
2018-07-09,0.88345,0.88345,0.88345,0.88345,0.0
2018-07-10,0.88338,0.88338,0.88338,0.88338,0.0
2018-07-11,0.88482,0.88482,0.88482,0.88482,0.0
2018-07-12,0.88263,0.88263,0.88263,0.88263,0.0
2018-07-13,0.88488,0.88488,0.88488,0.88488,0.0
2018-07-16,0.8827,0.8827,0.8827,0.8827,0.0
2018-07-17,0.88725,0.88725,0.88725,0.88725,0.0
2018-07-18,0.89118,0.89118,0.89118,0.89118,0.0
2018-07-19,0.89298,0.89298,0.89298,0.89298,0.0
2018-07-20,0.89445,0.89445,0.89445,0.89445,0.0
2018-07-23,0.8917,0.8917,0.8917,0.8917,0.0
2018-07-24,0.89178,0.89178,0.89178,0.89178,0.0
2018-07-25,0.88855,0.88855,0.88855,0.88855,0.0
2018-07-26,0.8886,0.8886,0.8886,0.8886,0.0
2018-07-27,0.88823,0.88823,0.88823,0.88823,0.0
2018-07-30,0.8907,0.8907,0.8907,0.8907,0.0
2018-07-31,0.8922,0.8922,0.8922,0.8922,0.0
2018-08-01,0.8904,0.8904,0.8904,0.8904,0.0
2018-08-02,0.89145,0.89145,0.89145,0.89145,0.0
2018-08-03,0.8905,0.8905,0.8905,0.8905,0.0
2018-08-06,0.8928,0.8928,0.8928,0.8928,0.0
2018-08-07,0.89483,0.89483,0.89483,0.89483,0.0
2018-08-08,0.90085,0.90085,0.90085,0.90085,0.0
2018-08-09,0.8994,0.8994,0.8994,0.8994,0.0
2018-08-10,0.89675,0.89675,0.89675,0.89675,0.0
2018-08-13,0.8933,0.8933,0.8933,0.8933,0.0
2018-08-14,0.893,0.893,0.893,0.893,0.0
2018-08-15,0.8913,0.8913,0.8913,0.8913,0.0
2018-08-16,0.89498,0.89498,0.89498,0.89498,0.0
2018-08-17,0.89575,0.89575,0.89575,0.89575,0.0
2018-08-20,0.89478,0.89478,0.89478,0.89478,0.0
2018-08-21,0.8974,0.8974,0.8974,0.8974,0.0
2018-08-22,0.89928,0.89928,0.89928,0.89928,0.0
2018-08-23,0.89878,0.89878,0.89878,0.89878,0.0
2018-08-24,0.902,0.902,0.902,0.902,0.0
2018-08-27,0.90365,0.90365,0.90365,0.90365,0.0
2018-08-28,0.9068,0.9068,0.9068,0.9068,0.0
2018-08-29,0.905,0.905,0.905,0.905,0.0
2018-08-30,0.89758,0.89758,0.89758,0.89758,0.0
2018-08-31,0.8974,0.8974,0.8974,0.8974,0.0
2018-09-03,0.90158,0.90158,0.90158,0.90158,0.0
2018-09-04,0.90058,0.90058,0.90058,0.90058,0.0
2018-09-05,0.90328,0.90328,0.90328,0.90328,0.0
2018-09-06,0.89824,0.89824,0.89824,0.89824,0.0
2018-09-07,0.89275,0.89275,0.89275,0.89275,0.0
2018-09-10,0.8934,0.8934,0.8934,0.8934,0.0
2018-09-11,0.89068,0.89068,0.89068,0.89068,0.0
2018-09-12,0.89028,0.89028,0.89028,0.89028,0.0
2018-09-13,0.89,0.89,0.89,0.89,0.0
2018-09-14,0.89228,0.89228,0.89228,0.89228,0.0
2018-09-17,0.88875,0.88875,0.88875,0.88875,0.0
2018-09-18,0.88963,0.88963,0.88963,0.88963,0.0
2018-09-19,0.88813,0.88813,0.88813,0.88813,0.0
2018-09-20,0.8859,0.8859,0.8859,0.8859,0.0
2018-09-21,0.894,0.894,0.894,0.894,0.0
2018-09-24,0.89458,0.89458,0.89458,0.89458,0.0
2018-09-25,0.89425,0.89425,0.89425,0.89425,0.0
2018-09-26,0.8908,0.8908,0.8908,0.8908,0.0
2018-09-27,0.88973,0.88973,0.88973,0.88973,0.0
2018-09-28,0.8873,0.8873,0.8873,0.8873,0.0
2018-10-01,0.89078,0.89078,0.89078,0.89078,0.0
2018-10-02,0.89043,0.89043,0.89043,0.89043,0.0
2018-10-03,0.88895,0.88895,0.88895,0.88895,0.0
2018-10-04,0.8858,0.8858,0.8858,0.8858,0.0
2018-10-05,0.88165,0.88165,0.88165,0.88165,0.0
2018-10-08,0.8801,0.8801,0.8801,0.8801,0.0
2018-10-09,0.8768,0.8768,0.8768,0.8768,0.0
2018-10-10,0.87448,0.87448,0.87448,0.87448,0.0
2018-10-11,0.8749,0.8749,0.8749,0.8749,0.0
2018-10-12,0.8764,0.8764,0.8764,0.8764,0.0
2018-10-15,0.88045,0.88045,0.88045,0.88045,0.0
2018-10-16,0.87593,0.87593,0.87593,0.87593,0.0
2018-10-17,0.87945,0.87945,0.87945,0.87945,0.0
2018-10-18,0.87843,0.87843,0.87843,0.87843,0.0
2018-10-19,0.8802,0.8802,0.8802,0.8802,0.0
2018-10-22,0.88425,0.88425,0.88425,0.88425,0.0
2018-10-23,0.88103,0.88103,0.88103,0.88103,0.0
2018-10-24,0.88233,0.88233,0.88233,0.88233,0.0
2018-10-25,0.88533,0.88533,0.88533,0.88533,0.0
2018-10-26,0.8868,0.8868,0.8868,0.8868,0.0
2018-10-29,0.88788,0.88788,0.88788,0.88788,0.0
2018-10-30,0.89148,0.89148,0.89148,0.89148,0.0
2018-10-31,0.88873,0.88873,0.88873,0.88873,0.0
2018-11-01,0.88173,0.88173,0.88173,0.88173,0.0
2018-11-02,0.8787,0.8787,0.8787,0.8787,0.0
2018-11-05,0.87535,0.87535,0.87535,0.87535,0.0
2018-11-06,0.87313,0.87313,0.87313,0.87313,0.0
2018-11-07,0.87403,0.87403,0.87403,0.87403,0.0
2018-11-08,0.87163,0.87163,0.87163,0.87163,0.0
2018-11-09,0.87053,0.87053,0.87053,0.87053,0.0
2018-11-12,0.87563,0.87563,0.87563,0.87563,0.0
2018-11-13,0.86945,0.86945,0.86945,0.86945,0.0
2018-11-14,0.87048,0.87048,0.87048,0.87048,0.0
2018-11-15,0.8837,0.8837,0.8837,0.8837,0.0
2018-11-16,0.8835,0.8835,0.8835,0.8835,0.0
2018-11-19,0.89083,0.89083,0.89083,0.89083,0.0
2018-11-20,0.88908,0.88908,0.88908,0.88908,0.0
2018-11-21,0.89108,0.89108,0.89108,0.89108,0.0
2018-11-22,0.88598,0.88598,0.88598,0.88598,0.0
2018-11-23,0.8848,0.8848,0.8848,0.8848,0.0
2018-11-26,0.8844,0.8844,0.8844,0.8844,0.0
2018-11-27,0.88748,0.88748,0.88748,0.88748,0.0
2018-11-28,0.88245,0.88245,0.88245,0.88245,0.0
2018-11-29,0.89135,0.89135,0.89135,0.89135,0.0
2018-11-30,0.89068,0.89068,0.89068,0.89068,0.0
2018-12-03,0.8915,0.8915,0.8915,0.8915,0.0
2018-12-04,0.89058,0.89058,0.89058,0.89058,0.0
2018-12-05,0.88885,0.88885,0.88885,0.88885,0.0
2018-12-06,0.8893,0.8893,0.8893,0.8893,0.0
2018-12-07,0.89085,0.89085,0.89085,0.89085,0.0
2018-12-10,0.90245,0.90245,0.90245,0.90245,0.0
2018-12-11,0.90228,0.90228,0.90228,0.90228,0.0
2018-12-12,0.90135,0.90135,0.90135,0.90135,0.0
2018-12-13,0.89848,0.89848,0.89848,0.89848,0.0
2018-12-14,0.89835,0.89835,0.89835,0.89835,0.0
2018-12-17,0.8989,0.8989,0.8989,0.8989,0.0
2018-12-18,0.89715,0.89715,0.89715,0.89715,0.0
2018-12-19,0.90318,0.90318,0.90318,0.90318,0.0
2018-12-20,0.90335,0.90335,0.90335,0.90335,0.0
2018-12-21,0.90215,0.90215,0.90215,0.90215,0.0
2018-12-24,0.90038,0.90038,0.90038,0.90038,0.0
2018-12-27,0.90073,0.90073,0.90073,0.90073,0.0
2018-12-28,0.90273,0.90273,0.90273,0.90273,0.0
2018-12-31,0.89453,0.89453,0.89453,0.89453,0.0
2019-01-02,0.90165,0.90165,0.90165,0.90165,0.0
2019-01-03,0.90312,0.90312,0.90312,0.90312,0.0
2019-01-04,0.89988,0.89988,0.89988,0.89988,0.0
2019-01-07,0.8972,0.8972,0.8972,0.8972,0.0
2019-01-08,0.89743,0.89743,0.89743,0.89743,0.0
2019-01-09,0.89913,0.89913,0.89913,0.89913,0.0
2019-01-10,0.90423,0.90423,0.90423,0.90423,0.0
2019-01-11,0.90015,0.90015,0.90015,0.90015,0.0
2019-01-14,0.89263,0.89263,0.89263,0.89263,0.0
2019-01-15,0.89025,0.89025,0.89025,0.89025,0.0
2019-01-16,0.8859,0.8859,0.8859,0.8859,0.0
2019-01-17,0.8826,0.8826,0.8826,0.8826,0.0
2019-01-18,0.88125,0.88125,0.88125,0.88125,0.0
2019-01-21,0.88303,0.88303,0.88303,0.88303,0.0
2019-01-22,0.88,0.88,0.88,0.88,0.0
2019-01-23,0.87213,0.87213,0.87213,0.87213,0.0
2019-01-24,0.87085,0.87085,0.87085,0.87085,0.0
2019-01-25,0.8658,0.8658,0.8658,0.8658,0.0
2019-01-28,0.86888,0.86888,0.86888,0.86888,0.0
2019-01-29,0.86735,0.86735,0.86735,0.86735,0.0
2019-01-30,0.87341,0.87341,0.87341,0.87341,0.0
2019-01-31,0.87578,0.87578,0.87578,0.87578,0.0
2019-02-01,0.87888,0.87888,0.87888,0.87888,0.0
2019-02-04,0.87678,0.87678,0.87678,0.87678,0.0
2019-02-05,0.87803,0.87803,0.87803,0.87803,0.0
2019-02-06,0.8787,0.8787,0.8787,0.8787,0.0
2019-02-07,0.8775,0.8775,0.8775,0.8775,0.0
2019-02-08,0.8749,0.8749,0.8749,0.8749,0.0
2019-02-11,0.87615,0.87615,0.87615,0.87615,0.0
2019-02-12,0.87705,0.87705,0.87705,0.87705,0.0
2019-02-13,0.87553,0.87553,0.87553,0.87553,0.0
2019-02-14,0.87945,0.87945,0.87945,0.87945,0.0
2019-02-15,0.87938,0.87938,0.87938,0.87938,0.0
2019-02-18,0.8762,0.8762,0.8762,0.8762,0.0
2019-02-19,0.87185,0.87185,0.87185,0.87185,0.0
2019-02-20,0.86945,0.86945,0.86945,0.86945,0.0
2019-02-21,0.86805,0.86805,0.86805,0.86805,0.0
2019-02-22,0.87263,0.87263,0.87263,0.87263,0.0
2019-02-25,0.86828,0.86828,0.86828,0.86828,0.0
2019-02-26,0.86055,0.86055,0.86055,0.86055,0.0
2019-02-27,0.85503,0.85503,0.85503,0.85503,0.0
2019-02-28,0.85835,0.85835,0.85835,0.85835,0.0
2019-03-01,0.85968,0.85968,0.85968,0.85968,0.0
2019-03-04,0.85775,0.85775,0.85775,0.85775,0.0
2019-03-05,0.86358,0.86358,0.86358,0.86358,0.0
2019-03-06,0.8597,0.8597,0.8597,0.8597,0.0
2019-03-07,0.8588,0.8588,0.8588,0.8588,0.0
2019-03-08,0.85905,0.85905,0.85905,0.85905,0.0
2019-03-11,0.8624,0.8624,0.8624,0.8624,0.0
2019-03-12,0.86145,0.86145,0.86145,0.86145,0.0
2019-03-13,0.8588,0.8588,0.8588,0.8588,0.0
2019-03-14,0.85228,0.85228,0.85228,0.85228,0.0
2019-03-15,0.85415,0.85415,0.85415,0.85415,0.0
2019-03-18,0.8566,0.8566,0.8566,0.8566,0.0
2019-03-19,0.85548,0.85548,0.85548,0.85548,0.0
2019-03-20,0.8628,0.8628,0.8628,0.8628,0.0
2019-03-21,0.8665,0.8665,0.8665,0.8665,0.0
2019-03-22,0.8589,0.8589,0.8589,0.8589,0.0
2019-03-25,0.85638,0.85638,0.85638,0.85638,0.0
2019-03-26,0.8533,0.8533,0.8533,0.8533,0.0
2019-03-27,0.85118,0.85118,0.85118,0.85118,0.0
2019-03-28,0.85555,0.85555,0.85555,0.85555,0.0
2019-03-29,0.8583,0.8583,0.8583,0.8583,0.0
2019-04-01,0.85658,0.85658,0.85658,0.85658,0.0
2019-04-02,0.86,0.86,0.86,0.86,0.0
2019-04-03,0.8539,0.8539,0.8539,0.8539,0.0
2019-04-04,0.85418,0.85418,0.85418,0.85418,0.0
2019-04-05,0.85938,0.85938,0.85938,0.85938,0.0
2019-04-08,0.86183,0.86183,0.86183,0.86183,0.0
2019-04-09,0.86335,0.86335,0.86335,0.86335,0.0
2019-04-10,0.86083,0.86083,0.86083,0.86083,0.0
2019-04-11,0.86168,0.86168,0.86168,0.86168,0.0
2019-04-12,0.8629,0.8629,0.8629,0.8629,0.0
2019-04-15,0.86305,0.86305,0.86305,0.86305,0.0
2019-04-16,0.8639,0.8639,0.8639,0.8639,0.0
2019-04-17,0.86593,0.86593,0.86593,0.86593,0.0
2019-04-18,0.8647,0.8647,0.8647,0.8647,0.0
2019-04-23,0.8645,0.8645,0.8645,0.8645,0.0
2019-04-24,0.86545,0.86545,0.86545,0.86545,0.0
2019-04-25,0.86435,0.86435,0.86435,0.86435,0.0
2019-04-26,0.8634,0.8634,0.8634,0.8634,0.0
2019-04-29,0.8634,0.8634,0.8634,0.8634,0.0
2019-04-30,0.86248,0.86248,0.86248,0.86248,0.0
2019-05-02,0.8593,0.8593,0.8593,0.8593,0.0
2019-05-03,0.85785,0.85785,0.85785,0.85785,0.0
2019-05-06,0.8547,0.8547,0.8547,0.8547,0.0
2019-05-07,0.85645,0.85645,0.85645,0.85645,0.0
2019-05-08,0.86095,0.86095,0.86095,0.86095,0.0
2019-05-09,0.8612,0.8612,0.8612,0.8612,0.0
2019-05-10,0.8625,0.8625,0.8625,0.8625,0.0
2019-05-13,0.8635,0.8635,0.8635,0.8635,0.0
2019-05-14,0.86723,0.86723,0.86723,0.86723,0.0
2019-05-15,0.8682,0.8682,0.8682,0.8682,0.0
2019-05-16,0.87463,0.87463,0.87463,0.87463,0.0
2019-05-17,0.87595,0.87595,0.87595,0.87595,0.0
2019-05-20,0.8762,0.8762,0.8762,0.8762,0.0
2019-05-21,0.8761,0.8761,0.8761,0.8761,0.0
2019-05-22,0.8828,0.8828,0.8828,0.8828,0.0
2019-05-23,0.881,0.881,0.881,0.881,0.0
2019-05-24,0.88318,0.88318,0.88318,0.88318,0.0
2019-05-27,0.88225,0.88225,0.88225,0.88225,0.0
2019-05-28,0.88373,0.88373,0.88373,0.88373,0.0
2019-05-29,0.88225,0.88225,0.88225,0.88225,0.0
2019-05-30,0.88178,0.88178,0.88178,0.88178,0.0
2019-05-31,0.88693,0.88693,0.88693,0.88693,0.0
2019-06-03,0.88618,0.88618,0.88618,0.88618,0.0
2019-06-04,0.88738,0.88738,0.88738,0.88738,0.0
2019-06-05,0.88631,0.88631,0.88631,0.88631,0.0
2019-06-06,0.88558,0.88558,0.88558,0.88558,0.0
2019-06-07,0.88675,0.88675,0.88675,0.88675,0.0
2019-06-10,0.89248,0.89248,0.89248,0.89248,0.0
2019-06-11,0.89085,0.89085,0.89085,0.89085,0.0
2019-06-12,0.88805,0.88805,0.88805,0.88805,0.0
2019-06-13,0.88948,0.88948,0.88948,0.88948,0.0
2019-06-14,0.89093,0.89093,0.89093,0.89093,0.0
2019-06-17,0.89208,0.89208,0.89208,0.89208,0.0
2019-06-18,0.89403,0.89403,0.89403,0.89403,0.0
2019-06-19,0.8902,0.8902,0.8902,0.8902,0.0
2019-06-20,0.89155,0.89155,0.89155,0.89155,0.0
2019-06-21,0.89425,0.89425,0.89425,0.89425,0.0
2019-06-24,0.89365,0.89365,0.89365,0.89365,0.0
2019-06-25,0.89485,0.89485,0.89485,0.89485,0.0
2019-06-26,0.89603,0.89603,0.89603,0.89603,0.0
2019-06-27,0.89428,0.89428,0.89428,0.89428,0.0
2019-06-28,0.89655,0.89655,0.89655,0.89655,0.0
2019-07-01,0.89718,0.89718,0.89718,0.89718,0.0
2019-07-02,0.89443,0.89443,0.89443,0.89443,0.0
2019-07-03,0.8975,0.8975,0.8975,0.8975,0.0
2019-07-04,0.8973,0.8973,0.8973,0.8973,0.0
2019-07-05,0.89703,0.89703,0.89703,0.89703,0.0
2019-07-08,0.89625,0.89625,0.89625,0.89625,0.0
2019-07-09,0.89975,0.89975,0.89975,0.89975,0.0
2019-07-10,0.89928,0.89928,0.89928,0.89928,0.0
2019-07-11,0.8979,0.8979,0.8979,0.8979,0.0
2019-07-12,0.89788,0.89788,0.89788,0.89788,0.0
2019-07-15,0.89873,0.89873,0.89873,0.89873,0.0
2019-07-16,0.9026,0.9026,0.9026,0.9026,0.0
2019-07-17,0.9034,0.9034,0.9034,0.9034,0.0
2019-07-18,0.89853,0.89853,0.89853,0.89853,0.0
2019-07-19,0.89635,0.89635,0.89635,0.89635,0.0
2019-07-22,0.89968,0.89968,0.89968,0.89968,0.0
2019-07-23,0.8983,0.8983,0.8983,0.8983,0.0
2019-07-24,0.89143,0.89143,0.89143,0.89143,0.0
2019-07-25,0.88963,0.88963,0.88963,0.88963,0.0
2019-07-26,0.89633,0.89633,0.89633,0.89633,0.0
2019-07-29,0.90443,0.90443,0.90443,0.90443,0.0
2019-07-30,0.91653,0.91653,0.91653,0.91653,0.0
2019-07-31,0.91623,0.91623,0.91623,0.91623,0.0
2019-08-01,0.9115,0.9115,0.9115,0.9115,0.0
2019-08-02,0.91505,0.91505,0.91505,0.91505,0.0
2019-08-05,0.9188,0.9188,0.9188,0.9188,0.0
2019-08-06,0.9183,0.9183,0.9183,0.9183,0.0
2019-08-07,0.92353,0.92353,0.92353,0.92353,0.0
2019-08-08,0.92115,0.92115,0.92115,0.92115,0.0
2019-08-09,0.9282,0.9282,0.9282,0.9282,0.0
2019-08-12,0.92615,0.92615,0.92615,0.92615,0.0
2019-08-13,0.9283,0.9283,0.9283,0.9283,0.0
2019-08-14,0.92673,0.92673,0.92673,0.92673,0.0
2019-08-15,0.91863,0.91863,0.91863,0.91863,0.0
2019-08-16,0.91033,0.91033,0.91033,0.91033,0.0
2019-08-19,0.91583,0.91583,0.91583,0.91583,0.0
2019-08-20,0.91623,0.91623,0.91623,0.91623,0.0
2019-08-21,0.91545,0.91545,0.91545,0.91545,0.0
2019-08-22,0.9115,0.9115,0.9115,0.9115,0.0
2019-08-23,0.90453,0.90453,0.90453,0.90453,0.0
2019-08-26,0.90808,0.90808,0.90808,0.90808,0.0
2019-08-27,0.90435,0.90435,0.90435,0.90435,0.0
2019-08-28,0.90823,0.90823,0.90823,0.90823,0.0
2019-08-29,0.90531,0.90531,0.90531,0.90531,0.0
2019-08-30,0.90565,0.90565,0.90565,0.90565,0.0
2019-09-02,0.9082,0.9082,0.9082,0.9082,0.0
2019-09-03,0.90885,0.90885,0.90885,0.90885,0.0
2019-09-04,0.90255,0.90255,0.90255,0.90255,0.0
2019-09-05,0.8958,0.8958,0.8958,0.8958,0.0
2019-09-06,0.89635,0.89635,0.89635,0.89635,0.0
2019-09-09,0.89275,0.89275,0.89275,0.89275,0.0
2019-09-10,0.893,0.893,0.893,0.893,0.0
2019-09-11,0.89133,0.89133,0.89133,0.89133,0.0
2019-09-12,0.8892,0.8892,0.8892,0.8892,0.0
2019-09-13,0.89093,0.89093,0.89093,0.89093,0.0
2019-09-16,0.8851,0.8851,0.8851,0.8851,0.0
2019-09-17,0.88813,0.88813,0.88813,0.88813,0.0
2019-09-18,0.8872,0.8872,0.8872,0.8872,0.0
2019-09-19,0.88735,0.88735,0.88735,0.88735,0.0
2019-09-20,0.8823,0.8823,0.8823,0.8823,0.0
2019-09-23,0.88343,0.88343,0.88343,0.88343,0.0
2019-09-24,0.88153,0.88153,0.88153,0.88153,0.0
2019-09-25,0.88668,0.88668,0.88668,0.88668,0.0
2019-09-26,0.88505,0.88505,0.88505,0.88505,0.0
2019-09-27,0.88778,0.88778,0.88778,0.88778,0.0
2019-09-30,0.88573,0.88573,0.88573,0.88573,0.0
2019-10-01,0.88955,0.88955,0.88955,0.88955,0.0
2019-10-02,0.8897,0.8897,0.8897,0.8897,0.0
2019-10-03,0.8879,0.8879,0.8879,0.8879,0.0
2019-10-04,0.89045,0.89045,0.89045,0.89045,0.0
2019-10-07,0.89155,0.89155,0.89155,0.89155,0.0
2019-10-08,0.89795,0.89795,0.89795,0.89795,0.0
2019-10-09,0.8985,0.8985,0.8985,0.8985,0.0
2019-10-10,0.90155,0.90155,0.90155,0.90155,0.0
2019-10-11,0.87518,0.87518,0.87518,0.87518,0.0
2019-10-14,0.87983,0.87983,0.87983,0.87983,0.0
2019-10-15,0.87058,0.87058,0.87058,0.87058,0.0
2019-10-16,0.8656,0.8656,0.8656,0.8656,0.0
2019-10-17,0.8684,0.8684,0.8684,0.8684,0.0
2019-10-18,0.86435,0.86435,0.86435,0.86435,0.0
2019-10-21,0.8593,0.8593,0.8593,0.8593,0.0
2019-10-22,0.86065,0.86065,0.86065,0.86065,0.0
2019-10-23,0.86408,0.86408,0.86408,0.86408,0.0
2019-10-24,0.86288,0.86288,0.86288,0.86288,0.0
2019-10-25,0.86598,0.86598,0.86598,0.86598,0.0
2019-10-28,0.86328,0.86328,0.86328,0.86328,0.0
2019-10-29,0.86328,0.86328,0.86328,0.86328,0.0
2019-10-30,0.862,0.862,0.862,0.862,0.0
2019-10-31,0.86133,0.86133,0.86133,0.86133,0.0
2019-11-01,0.86008,0.86008,0.86008,0.86008,0.0
2019-11-04,0.86368,0.86368,0.86368,0.86368,0.0
2019-11-05,0.86113,0.86113,0.86113,0.86113,0.0
2019-11-06,0.86033,0.86033,0.86033,0.86033,0.0
2019-11-07,0.86442,0.86442,0.86442,0.86442,0.0
2019-11-08,0.86158,0.86158,0.86158,0.86158,0.0
2019-11-11,0.85743,0.85743,0.85743,0.85743,0.0
2019-11-12,0.8582,0.8582,0.8582,0.8582,0.0
2019-11-13,0.8576,0.8576,0.8576,0.8576,0.0
2019-11-14,0.85643,0.85643,0.85643,0.85643,0.0
2019-11-15,0.8566,0.8566,0.8566,0.8566,0.0
2019-11-18,0.8533,0.8533,0.8533,0.8533,0.0
2019-11-19,0.85573,0.85573,0.85573,0.85573,0.0
2019-11-20,0.85715,0.85715,0.85715,0.85715,0.0
2019-11-21,0.85548,0.85548,0.85548,0.85548,0.0
2019-11-22,0.8598,0.8598,0.8598,0.8598,0.0
2019-11-25,0.85515,0.85515,0.85515,0.85515,0.0
2019-11-26,0.85715,0.85715,0.85715,0.85715,0.0
2019-11-27,0.8545,0.8545,0.8545,0.8545,0.0
2019-11-28,0.8518,0.8518,0.8518,0.8518,0.0
2019-11-29,0.85225,0.85225,0.85225,0.85225,0.0
2019-12-02,0.85218,0.85218,0.85218,0.85218,0.0
2019-12-03,0.852,0.852,0.852,0.852,0.0
2019-12-04,0.8461,0.8461,0.8461,0.8461,0.0
2019-12-05,0.8447,0.8447,0.8447,0.8447,0.0
2019-12-06,0.84453,0.84453,0.84453,0.84453,0.0
2019-12-09,0.84195,0.84195,0.84195,0.84195,0.0
2019-12-10,0.84073,0.84073,0.84073,0.84073,0.0
2019-12-11,0.84245,0.84245,0.84245,0.84245,0.0
2019-12-12,0.8456,0.8456,0.8456,0.8456,0.0
2019-12-13,0.83508,0.83508,0.83508,0.83508,0.0
2019-12-16,0.83415,0.83415,0.83415,0.83415,0.0
2019-12-17,0.84748,0.84748,0.84748,0.84748,0.0
2019-12-18,0.85055,0.85055,0.85055,0.85055,0.0
2019-12-19,0.85073,0.85073,0.85073,0.85073,0.0
2019-12-20,0.85133,0.85133,0.85133,0.85133,0.0
2019-12-23,0.85708,0.85708,0.85708,0.85708,0.0
2019-12-24,0.85533,0.85533,0.85533,0.85533,0.0
2019-12-27,0.8513,0.8513,0.8513,0.8513,0.0
2019-12-30,0.85208,0.85208,0.85208,0.85208,0.0
2019-12-31,0.8508,0.8508,0.8508,0.8508,0.0
2020-01-02,0.84828,0.84828,0.84828,0.84828,0.0
2020-01-03,0.85115,0.85115,0.85115,0.85115,0.0
2020-01-06,0.85215,0.85215,0.85215,0.85215,0.0
2020-01-07,0.85183,0.85183,0.85183,0.85183,0.0
2020-01-08,0.84868,0.84868,0.84868,0.84868,0.0
2020-01-09,0.85285,0.85285,0.85285,0.85285,0.0
2020-01-10,0.8481,0.8481,0.8481,0.8481,0.0
2020-01-13,0.8576,0.8576,0.8576,0.8576,0.0
2020-01-14,0.85618,0.85618,0.85618,0.85618,0.0
2020-01-15,0.85683,0.85683,0.85683,0.85683,0.0
2020-01-16,0.8547,0.8547,0.8547,0.8547,0.0
2020-01-17,0.85105,0.85105,0.85105,0.85105,0.0
2020-01-20,0.85275,0.85275,0.85275,0.85275,0.0
2020-01-21,0.8503,0.8503,0.8503,0.8503,0.0
2020-01-22,0.84445,0.84445,0.84445,0.84445,0.0
2020-01-23,0.84498,0.84498,0.84498,0.84498,0.0
2020-01-24,0.84313,0.84313,0.84313,0.84313,0.0
2020-01-27,0.84358,0.84358,0.84358,0.84358,0.0
2020-01-28,0.84603,0.84603,0.84603,0.84603,0.0
2020-01-29,0.8458,0.8458,0.8458,0.8458,0.0
2020-01-30,0.84183,0.84183,0.84183,0.84183,0.0
2020-01-31,0.84175,0.84175,0.84175,0.84175,0.0
2020-02-03,0.84775,0.84775,0.84775,0.84775,0.0
2020-02-04,0.8488,0.8488,0.8488,0.8488,0.0
2020-02-05,0.84444,0.84444,0.84444,0.84444,0.0
2020-02-06,0.84835,0.84835,0.84835,0.84835,0.0
2020-02-07,0.8472,0.8472,0.8472,0.8472,0.0
2020-02-10,0.84628,0.84628,0.84628,0.84628,0.0
2020-02-11,0.84325,0.84325,0.84325,0.84325,0.0
2020-02-12,0.84058,0.84058,0.84058,0.84058,0.0
2020-02-13,0.83375,0.83375,0.83375,0.83375,0.0
2020-02-14,0.83208,0.83208,0.83208,0.83208,0.0
2020-02-17,0.83238,0.83238,0.83238,0.83238,0.0
2020-02-18,0.82985,0.82985,0.82985,0.82985,0.0
2020-02-19,0.83148,0.83148,0.83148,0.83148,0.0
2020-02-20,0.8384,0.8384,0.8384,0.8384,0.0
2020-02-21,0.8351,0.8351,0.8351,0.8351,0.0
2020-02-24,0.83833,0.83833,0.83833,0.83833,0.0
2020-02-25,0.8363,0.8363,0.8363,0.8363,0.0
2020-02-26,0.8415,0.8415,0.8415,0.8415,0.0
2020-02-27,0.84995,0.84995,0.84995,0.84995,0.0
2020-02-28,0.85315,0.85315,0.85315,0.85315,0.0
2020-03-02,0.87113,0.87113,0.87113,0.87113,0.0
2020-03-03,0.8701,0.8701,0.8701,0.8701,0.0
2020-03-04,0.8685,0.8685,0.8685,0.8685,0.0
2020-03-05,0.8667,0.8667,0.8667,0.8667,0.0
2020-03-06,0.87165,0.87165,0.87165,0.87165,0.0
2020-03-09,0.87383,0.87383,0.87383,0.87383,0.0
2020-03-10,0.87385,0.87385,0.87385,0.87385,0.0
2020-03-11,0.8769,0.8769,0.8769,0.8769,0.0
2020-03-12,0.88623,0.88623,0.88623,0.88623,0.0
2020-03-13,0.8907,0.8907,0.8907,0.8907,0.0
2020-03-16,0.90918,0.90918,0.90918,0.90918,0.0
2020-03-17,0.90823,0.90823,0.90823,0.90823,0.0
2020-03-18,0.9219,0.9219,0.9219,0.9219,0.0
2020-03-19,0.92985,0.92985,0.92985,0.92985,0.0
2020-03-20,0.91028,0.91028,0.91028,0.91028,0.0
2020-03-23,0.9297,0.9297,0.9297,0.9297,0.0
2020-03-24,0.921,0.921,0.921,0.921,0.0
2020-03-25,0.91503,0.91503,0.91503,0.91503,0.0
2020-03-26,0.91348,0.91348,0.91348,0.91348,0.0
2020-03-27,0.89743,0.89743,0.89743,0.89743,0.0
2020-03-30,0.889,0.889,0.889,0.889,0.0
2020-03-31,0.88643,0.88643,0.88643,0.88643,0.0
2020-04-01,0.8846,0.8846,0.8846,0.8846,0.0
2020-04-02,0.87738,0.87738,0.87738,0.87738,0.0
2020-04-03,0.8785,0.8785,0.8785,0.8785,0.0
2020-04-06,0.878,0.878,0.878,0.878,0.0
2020-04-07,0.88093,0.88093,0.88093,0.88093,0.0
2020-04-08,0.87948,0.87948,0.87948,0.87948,0.0
2020-04-09,0.87565,0.87565,0.87565,0.87565,0.0
2020-04-14,0.87253,0.87253,0.87253,0.87253,0.0
2020-04-15,0.87385,0.87385,0.87385,0.87385,0.0
2020-04-16,0.87163,0.87163,0.87163,0.87163,0.0
2020-04-17,0.86978,0.86978,0.86978,0.86978,0.0
2020-04-20,0.87343,0.87343,0.87343,0.87343,0.0
2020-04-21,0.8812,0.8812,0.8812,0.8812,0.0
2020-04-22,0.8792,0.8792,0.8792,0.8792,0.0
2020-04-23,0.872,0.872,0.872,0.872,0.0
2020-04-24,0.87498,0.87498,0.87498,0.87498,0.0
2020-04-27,0.87263,0.87263,0.87263,0.87263,0.0
2020-04-28,0.87078,0.87078,0.87078,0.87078,0.0
2020-04-29,0.87378,0.87378,0.87378,0.87378,0.0
2020-04-30,0.86905,0.86905,0.86905,0.86905,0.0
2020-05-04,0.87898,0.87898,0.87898,0.87898,0.0
2020-05-05,0.8706,0.8706,0.8706,0.8706,0.0
2020-05-06,0.87253,0.87253,0.87253,0.87253,0.0
2020-05-07,0.87478,0.87478,0.87478,0.87478,0.0
2020-05-08,0.87535,0.87535,0.87535,0.87535,0.0
2020-05-11,0.87875,0.87875,0.87875,0.87875,0.0
2020-05-12,0.87773,0.87773,0.87773,0.87773,0.0
2020-05-13,0.88245,0.88245,0.88245,0.88245,0.0
2020-05-14,0.88495,0.88495,0.88495,0.88495,0.0
2020-05-15,0.88738,0.88738,0.88738,0.88738,0.0
2020-05-18,0.89153,0.89153,0.89153,0.89153,0.0
2020-05-19,0.89535,0.89535,0.89535,0.89535,0.0
2020-05-20,0.89358,0.89358,0.89358,0.89358,0.0
2020-05-21,0.89943,0.89943,0.89943,0.89943,0.0
2020-05-22,0.89563,0.89563,0.89563,0.89563,0.0
2020-05-25,0.89515,0.89515,0.89515,0.89515,0.0
2020-05-26,0.88878,0.88878,0.88878,0.88878,0.0
2020-05-27,0.89595,0.89595,0.89595,0.89595,0.0
2020-05-28,0.89728,0.89728,0.89728,0.89728,0.0
2020-05-29,0.90088,0.90088,0.90088,0.90088,0.0
2020-06-01,0.89673,0.89673,0.89673,0.89673,0.0
2020-06-02,0.89083,0.89083,0.89083,0.89083,0.0
2020-06-03,0.89065,0.89065,0.89065,0.89065,0.0
2020-06-04,0.89685,0.89685,0.89685,0.89685,0.0
2020-06-05,0.89448,0.89448,0.89448,0.89448,0.0
2020-06-08,0.89173,0.89173,0.89173,0.89173,0.0
2020-06-09,0.8912,0.8912,0.8912,0.8912,0.0
2020-06-10,0.88963,0.88963,0.88963,0.88963,0.0
2020-06-11,0.89665,0.89665,0.89665,0.89665,0.0
2020-06-12,0.89653,0.89653,0.89653,0.89653,0.0
2020-06-15,0.89648,0.89648,0.89648,0.89648,0.0
2020-06-16,0.8937,0.8937,0.8937,0.8937,0.0
2020-06-17,0.89448,0.89448,0.89448,0.89448,0.0
2020-06-18,0.90028,0.90028,0.90028,0.90028,0.0
2020-06-19,0.90505,0.90505,0.90505,0.90505,0.0
2020-06-22,0.90328,0.90328,0.90328,0.90328,0.0
2020-06-23,0.9063,0.9063,0.9063,0.9063,0.0
2020-06-24,0.90343,0.90343,0.90343,0.90343,0.0
2020-06-25,0.90133,0.90133,0.90133,0.90133,0.0
2020-06-26,0.90575,0.90575,0.90575,0.90575,0.0
2020-06-29,0.9154,0.9154,0.9154,0.9154,0.0
2020-06-30,0.91243,0.91243,0.91243,0.91243,0.0
2020-07-01,0.9043,0.9043,0.9043,0.9043,0.0
2020-07-02,0.90225,0.90225,0.90225,0.90225,0.0
2020-07-03,0.9012,0.9012,0.9012,0.9012,0.0
2020-07-06,0.90505,0.90505,0.90505,0.90505,0.0
2020-07-07,0.9015,0.9015,0.9015,0.9015,0.0
2020-07-08,0.89923,0.89923,0.89923,0.89923,0.0
2020-07-09,0.89655,0.89655,0.89655,0.89655,0.0
2020-07-10,0.8957,0.8957,0.8957,0.8957,0.0
2020-07-13,0.89938,0.89938,0.89938,0.89938,0.0
2020-07-14,0.90778,0.90778,0.90778,0.90778,0.0
2020-07-15,0.9054,0.9054,0.9054,0.9054,0.0
2020-07-16,0.90875,0.90875,0.90875,0.90875,0.0
2020-07-17,0.91078,0.91078,0.91078,0.91078,0.0
2020-07-20,0.90575,0.90575,0.90575,0.90575,0.0
2020-07-21,0.90055,0.90055,0.90055,0.90055,0.0
2020-07-22,0.91123,0.91123,0.91123,0.91123,0.0
2020-07-23,0.91195,0.91195,0.91195,0.91195,0.0
2020-07-24,0.90985,0.90985,0.90985,0.90985,0.0
2020-07-27,0.9134,0.9134,0.9134,0.9134,0.0
2020-07-28,0.90968,0.90968,0.90968,0.90968,0.0
2020-07-29,0.90385,0.90385,0.90385,0.90385,0.0
2020-07-30,0.90268,0.90268,0.90268,0.90268,0.0
2020-07-31,0.90053,0.90053,0.90053,0.90053,0.0
2020-08-03,0.90013,0.90013,0.90013,0.90013,0.0
2020-08-04,0.90335,0.90335,0.90335,0.90335,0.0
2020-08-05,0.90265,0.90265,0.90265,0.90265,0.0
2020-08-06,0.90033,0.90033,0.90033,0.90033,0.0
2020-08-07,0.90373,0.90373,0.90373,0.90373,0.0
2020-08-10,0.90155,0.90155,0.90155,0.90155,0.0
2020-08-11,0.89843,0.89843,0.89843,0.89843,0.0
2020-08-12,0.90475,0.90475,0.90475,0.90475,0.0
2020-08-13,0.90373,0.90373,0.90373,0.90373,0.0
2020-08-14,0.90173,0.90173,0.90173,0.90173,0.0
2020-08-17,0.90625,0.90625,0.90625,0.90625,0.0
2020-08-18,0.90375,0.90375,0.90375,0.90375,0.0
2020-08-19,0.90345,0.90345,0.90345,0.90345,0.0
2020-08-20,0.90173,0.90173,0.90173,0.90173,0.0
2020-08-21,0.89755,0.89755,0.89755,0.89755,0.0
2020-08-24,0.90175,0.90175,0.90175,0.90175,0.0
2020-08-25,0.89945,0.89945,0.89945,0.89945,0.0
2020-08-26,0.8969,0.8969,0.8969,0.8969,0.0
2020-08-27,0.89505,0.89505,0.89505,0.89505,0.0
2020-08-28,0.89468,0.89468,0.89468,0.89468,0.0
2020-08-31,0.89605,0.89605,0.89605,0.89605,0.0
2020-09-01,0.88975,0.88975,0.88975,0.88975,0.0
2020-09-02,0.8884,0.8884,0.8884,0.8884,0.0
2020-09-03,0.89135,0.89135,0.89135,0.89135,0.0
2020-09-04,0.89325,0.89325,0.89325,0.89325,0.0
2020-09-07,0.89835,0.89835,0.89835,0.89835,0.0
2020-09-08,0.90453,0.90453,0.90453,0.90453,0.0
2020-09-09,0.91213,0.91213,0.91213,0.91213,0.0
2020-09-10,0.9159,0.9159,0.9159,0.9159,0.0
2020-09-11,0.92408,0.92408,0.92408,0.92408,0.0
2020-09-14,0.9219,0.9219,0.9219,0.9219,0.0
2020-09-15,0.92095,0.92095,0.92095,0.92095,0.0
2020-09-16,0.91423,0.91423,0.91423,0.91423,0.0
2020-09-17,0.9153,0.9153,0.9153,0.9153,0.0
2020-09-18,0.91318,0.91318,0.91318,0.91318,0.0
2020-09-21,0.91608,0.91608,0.91608,0.91608,0.0
2020-09-22,0.91743,0.91743,0.91743,0.91743,0.0
2020-09-23,0.91885,0.91885,0.91885,0.91885,0.0
2020-09-24,0.91228,0.91228,0.91228,0.91228,0.0
2020-09-25,0.91343,0.91343,0.91343,0.91343,0.0
2020-09-28,0.90508,0.90508,0.90508,0.90508,0.0
2020-09-29,0.90963,0.90963,0.90963,0.90963,0.0
2020-09-30,0.91235,0.91235,0.91235,0.91235,0.0
2020-10-01,0.90723,0.90723,0.90723,0.90723,0.0
2020-10-02,0.90673,0.90673,0.90673,0.90673,0.0
2020-10-05,0.9081,0.9081,0.9081,0.9081,0.0
2020-10-06,0.91058,0.91058,0.91058,0.91058,0.0
2020-10-07,0.91413,0.91413,0.91413,0.91413,0.0
2020-10-08,0.91035,0.91035,0.91035,0.91035,0.0
2020-10-09,0.91167,0.91167,0.91167,0.91167,0.0
2020-10-12,0.90598,0.90598,0.90598,0.90598,0.0
2020-10-13,0.90591,0.90591,0.90591,0.90591,0.0
2020-10-14,0.90395,0.90395,0.90395,0.90395,0.0
2020-10-15,0.90535,0.90535,0.90535,0.90535,0.0
2020-10-16,0.90915,0.90915,0.90915,0.90915,0.0
2020-10-19,0.90588,0.90588,0.90588,0.90588,0.0
2020-10-20,0.91329,0.91329,0.91329,0.91329,0.0
2020-10-21,0.90754,0.90754,0.90754,0.90754,0.0
2020-10-22,0.90273,0.90273,0.90273,0.90273,0.0
2020-10-23,0.90675,0.90675,0.90675,0.90675,0.0
2020-10-26,0.90755,0.90755,0.90755,0.90755,0.0
2020-10-27,0.90718,0.90718,0.90718,0.90718,0.0
2020-10-28,0.90662,0.90662,0.90662,0.90662,0.0
2020-10-29,0.9043,0.9043,0.9043,0.9043,0.0
2020-10-30,0.90208,0.90208,0.90208,0.90208,0.0
2020-11-02,0.90053,0.90053,0.90053,0.90053,0.0
2020-11-03,0.90042,0.90042,0.90042,0.90042,0.0
2020-11-04,0.89954,0.89954,0.89954,0.89954,0.0
2020-11-05,0.9045,0.9045,0.9045,0.9045,0.0
2020-11-06,0.9043,0.9043,0.9043,0.9043,0.0
2020-11-09,0.90224,0.90224,0.90224,0.90224,0.0
2020-11-10,0.89183,0.89183,0.89183,0.89183,0.0
2020-11-11,0.88935,0.88935,0.88935,0.88935,0.0
2020-11-12,0.89765,0.89765,0.89765,0.89765,0.0
2020-11-13,0.89683,0.89683,0.89683,0.89683,0.0
2020-11-16,0.89819,0.89819,0.89819,0.89819,0.0
2020-11-17,0.89585,0.89585,0.89585,0.89585,0.0
2020-11-18,0.89373,0.89373,0.89373,0.89373,0.0
2020-11-19,0.89378,0.89378,0.89378,0.89378,0.0
2020-11-20,0.89393,0.89393,0.89393,0.89393,0.0
2020-11-23,0.88888,0.88888,0.88888,0.88888,0.0
2020-11-24,0.89012,0.89012,0.89012,0.89012,0.0
2020-11-25,0.89129,0.89129,0.89129,0.89129,0.0
2020-11-26,0.89129,0.89129,0.89129,0.89129,0.0
2020-11-27,0.89442,0.89442,0.89442,0.89442,0.0
2020-11-30,0.89845,0.89845,0.89845,0.89845,0.0
2020-12-01,0.89798,0.89798,0.89798,0.89798,0.0
2020-12-02,0.9049,0.9049,0.9049,0.9049,0.0
2020-12-03,0.90358,0.90358,0.90358,0.90358,0.0
2020-12-04,0.90282,0.90282,0.90282,0.90282,0.0
2020-12-07,0.91215,0.91215,0.91215,0.91215,0.0
2020-12-08,0.91143,0.91143,0.91143,0.91143,0.0
2020-12-09,0.9,0.9,0.9,0.9,0.0
2020-12-10,0.911,0.911,0.911,0.911,0.0
2020-12-11,0.92294,0.92294,0.92294,0.92294,0.0
2020-12-14,0.907,0.907,0.907,0.907,0.0
2020-12-15,0.90795,0.90795,0.90795,0.90795,0.0
2020-12-16,0.8995,0.8995,0.8995,0.8995,0.0
2020-12-17,0.9005,0.9005,0.9005,0.9005,0.0
2020-12-18,0.90828,0.90828,0.90828,0.90828,0.0
2020-12-21,0.9161,0.9161,0.9161,0.9161,0.0
2020-12-22,0.91148,0.91148,0.91148,0.91148,0.0
2020-12-23,0.907,0.907,0.907,0.907,0.0
2020-12-24,0.89795,0.89795,0.89795,0.89795,0.0
2020-12-28,0.90408,0.90408,0.90408,0.90408,0.0
2020-12-29,0.90863,0.90863,0.90863,0.90863,0.0
2020-12-30,0.90307,0.90307,0.90307,0.90307,0.0
2020-12-31,0.89903,0.89903,0.89903,0.89903,0.0
2021-01-04,0.9016,0.9016,0.9016,0.9016,0.0
2021-01-05,0.90333,0.90333,0.90333,0.90333,0.0
2021-01-06,0.90635,0.90635,0.90635,0.90635,0.0
2021-01-07,0.9019,0.9019,0.9019,0.9019,0.0
2021-01-08,0.90128,0.90128,0.90128,0.90128,0.0
2021-01-11,0.90235,0.90235,0.90235,0.90235,0.0
2021-01-12,0.8944,0.8944,0.8944,0.8944,0.0
2021-01-13,0.88983,0.88983,0.88983,0.88983,0.0
2021-01-14,0.88943,0.88943,0.88943,0.88943,0.0
2021-01-15,0.88998,0.88998,0.88998,0.88998,0.0
2021-01-18,0.89073,0.89073,0.89073,0.89073,0.0
2021-01-19,0.891,0.891,0.891,0.891,0.0
2021-01-20,0.88563,0.88563,0.88563,0.88563,0.0
2021-01-21,0.88625,0.88625,0.88625,0.88625,0.0
2021-01-22,0.89045,0.89045,0.89045,0.89045,0.0
2021-01-25,0.888,0.888,0.888,0.888,0.0
2021-01-26,0.88698,0.88698,0.88698,0.88698,0.0
2021-01-27,0.88395,0.88395,0.88395,0.88395,0.0
2021-01-28,0.88603,0.88603,0.88603,0.88603,0.0
2021-01-29,0.88383,0.88383,0.88383,0.88383,0.0
2021-02-01,0.882,0.882,0.882,0.882,0.0
2021-02-02,0.88075,0.88075,0.88075,0.88075,0.0
2021-02-03,0.88145,0.88145,0.88145,0.88145,0.0
2021-02-04,0.87693,0.87693,0.87693,0.87693,0.0
2021-02-05,0.87538,0.87538,0.87538,0.87538,0.0
2021-02-08,0.87833,0.87833,0.87833,0.87833,0.0
2021-02-09,0.87828,0.87828,0.87828,0.87828,0.0
2021-02-10,0.8765,0.8765,0.8765,0.8765,0.0
2021-02-11,0.87755,0.87755,0.87755,0.87755,0.0
2021-02-12,0.87753,0.87753,0.87753,0.87753,0.0
2021-02-15,0.87225,0.87225,0.87225,0.87225,0.0
2021-02-16,0.87333,0.87333,0.87333,0.87333,0.0
2021-02-17,0.8696,0.8696,0.8696,0.8696,0.0
2021-02-18,0.8654,0.8654,0.8654,0.8654,0.0
2021-02-19,0.86508,0.86508,0.86508,0.86508,0.0
2021-02-22,0.8653,0.8653,0.8653,0.8653,0.0
2021-02-23,0.86308,0.86308,0.86308,0.86308,0.0
2021-02-24,0.8603,0.8603,0.8603,0.8603,0.0
2021-02-25,0.86408,0.86408,0.86408,0.86408,0.0
2021-02-26,0.87053,0.87053,0.87053,0.87053,0.0
2021-03-01,0.86558,0.86558,0.86558,0.86558,0.0
2021-03-02,0.86433,0.86433,0.86433,0.86433,0.0
2021-03-03,0.86351,0.86351,0.86351,0.86351,0.0
2021-03-04,0.8627,0.8627,0.8627,0.8627,0.0
2021-03-05,0.863,0.863,0.863,0.863,0.0
2021-03-08,0.85728,0.85728,0.85728,0.85728,0.0
2021-03-09,0.85704,0.85704,0.85704,0.85704,0.0
2021-03-10,0.85655,0.85655,0.85655,0.85655,0.0
2021-03-11,0.8567,0.8567,0.8567,0.8567,0.0
2021-03-12,0.85835,0.85835,0.85835,0.85835,0.0
2021-03-15,0.8567,0.8567,0.8567,0.8567,0.0
2021-03-16,0.85945,0.85945,0.85945,0.85945,0.0
2021-03-17,0.85668,0.85668,0.85668,0.85668,0.0
2021-03-18,0.85575,0.85575,0.85575,0.85575,0.0
2021-03-19,0.85763,0.85763,0.85763,0.85763,0.0
2021-03-22,0.86233,0.86233,0.86233,0.86233,0.0
2021-03-23,0.86198,0.86198,0.86198,0.86198,0.0
2021-03-24,0.8625,0.8625,0.8625,0.8625,0.0
2021-03-25,0.86068,0.86068,0.86068,0.86068,0.0
2021-03-26,0.85503,0.85503,0.85503,0.85503,0.0
2021-03-29,0.8512,0.8512,0.8512,0.8512,0.0
2021-03-30,0.85378,0.85378,0.85378,0.85378,0.0
2021-03-31,0.85209,0.85209,0.85209,0.85209,0.0
2021-04-01,0.85195,0.85195,0.85195,0.85195,0.0
2021-04-06,0.85358,0.85358,0.85358,0.85358,0.0
2021-04-07,0.86065,0.86065,0.86065,0.86065,0.0
2021-04-08,0.8629,0.8629,0.8629,0.8629,0.0
2021-04-09,0.86658,0.86658,0.86658,0.86658,0.0
2021-04-12,0.86518,0.86518,0.86518,0.86518,0.0
2021-04-13,0.86698,0.86698,0.86698,0.86698,0.0
2021-04-14,0.86918,0.86918,0.86918,0.86918,0.0
2021-04-15,0.86753,0.86753,0.86753,0.86753,0.0
2021-04-16,0.86793,0.86793,0.86793,0.86793,0.0
2021-04-19,0.86355,0.86355,0.86355,0.86355,0.0
2021-04-20,0.86295,0.86295,0.86295,0.86295,0.0
2021-04-21,0.8625,0.8625,0.8625,0.8625,0.0
2021-04-22,0.86855,0.86855,0.86855,0.86855,0.0
2021-04-23,0.86905,0.86905,0.86905,0.86905,0.0
2021-04-26,0.86975,0.86975,0.86975,0.86975,0.0
2021-04-27,0.86895,0.86895,0.86895,0.86895,0.0
2021-04-28,0.86988,0.86988,0.86988,0.86988,0.0
2021-04-29,0.8691,0.8691,0.8691,0.8691,0.0
2021-04-30,0.86863,0.86863,0.86863,0.86863,0.0
2021-05-03,0.86838,0.86838,0.86838,0.86838,0.0
2021-05-04,0.8677,0.8677,0.8677,0.8677,0.0
2021-05-05,0.86274,0.86274,0.86274,0.86274,0.0
2021-05-06,0.86708,0.86708,0.86708,0.86708,0.0
2021-05-07,0.8681,0.8681,0.8681,0.8681,0.0
2021-05-10,0.86195,0.86195,0.86195,0.86195,0.0
2021-05-11,0.86013,0.86013,0.86013,0.86013,0.0
2021-05-12,0.85798,0.85798,0.85798,0.85798,0.0
2021-05-13,0.86063,0.86063,0.86063,0.86063,0.0
2021-05-14,0.86083,0.86083,0.86083,0.86083,0.0
2021-05-17,0.86215,0.86215,0.86215,0.86215,0.0
2021-05-18,0.85998,0.85998,0.85998,0.85998,0.0
2021-05-19,0.86233,0.86233,0.86233,0.86233,0.0
2021-05-20,0.864,0.864,0.864,0.864,0.0
2021-05-21,0.8587,0.8587,0.8587,0.8587,0.0
2021-05-24,0.86408,0.86408,0.86408,0.86408,0.0
2021-05-25,0.86573,0.86573,0.86573,0.86573,0.0
2021-05-26,0.8633,0.8633,0.8633,0.8633,0.0
2021-05-27,0.86068,0.86068,0.86068,0.86068,0.0
2021-05-28,0.85765,0.85765,0.85765,0.85765,0.0
2021-05-31,0.86013,0.86013,0.86013,0.86013,0.0
2021-06-01,0.86285,0.86285,0.86285,0.86285,0.0
2021-06-02,0.86125,0.86125,0.86125,0.86125,0.0
2021-06-03,0.85955,0.85955,0.85955,0.85955,0.0
2021-06-04,0.8569,0.8569,0.8569,0.8569,0.0
2021-06-07,0.85825,0.85825,0.85825,0.85825,0.0
2021-06-08,0.861,0.861,0.861,0.861,0.0
2021-06-09,0.86053,0.86053,0.86053,0.86053,0.0
2021-06-10,0.86293,0.86293,0.86293,0.86293,0.0
2021-06-11,0.8571,0.8571,0.8571,0.8571,0.0
2021-06-14,0.85898,0.85898,0.85898,0.85898,0.0
2021-06-15,0.8615,0.8615,0.8615,0.8615,0.0
2021-06-16,0.8583,0.8583,0.8583,0.8583,0.0
2021-06-17,0.85525,0.85525,0.85525,0.85525,0.0
2021-06-18,0.85785,0.85785,0.85785,0.85785,0.0
2021-06-21,0.8567,0.8567,0.8567,0.8567,0.0
2021-06-22,0.8556,0.8556,0.8556,0.8556,0.0
2021-06-23,0.85435,0.85435,0.85435,0.85435,0.0
2021-06-24,0.85883,0.85883,0.85883,0.85883,0.0
2021-06-25,0.8595,0.8595,0.8595,0.8595,0.0
2021-06-28,0.8571,0.8571,0.8571,0.8571,0.0
2021-06-29,0.85948,0.85948,0.85948,0.85948,0.0
2021-06-30,0.85805,0.85805,0.85805,0.85805,0.0
2021-07-01,0.86033,0.86033,0.86033,0.86033,0.0
2021-07-02,0.86003,0.86003,0.86003,0.86003,0.0
2021-07-05,0.85665,0.85665,0.85665,0.85665,0.0
2021-07-06,0.8545,0.8545,0.8545,0.8545,0.0
2021-07-07,0.855,0.855,0.855,0.855,0.0
2021-07-08,0.86133,0.86133,0.86133,0.86133,0.0
2021-07-09,0.85758,0.85758,0.85758,0.85758,0.0
2021-07-12,0.8557,0.8557,0.8557,0.8557,0.0
2021-07-13,0.85518,0.85518,0.85518,0.85518,0.0
2021-07-14,0.85158,0.85158,0.85158,0.85158,0.0
2021-07-15,0.85188,0.85188,0.85188,0.85188,0.0
2021-07-16,0.85298,0.85298,0.85298,0.85298,0.0
2021-07-19,0.85913,0.85913,0.85913,0.85913,0.0
2021-07-20,0.86545,0.86545,0.86545,0.86545,0.0
2021-07-21,0.86363,0.86363,0.86363,0.86363,0.0
2021-07-22,0.85563,0.85563,0.85563,0.85563,0.0
2021-07-23,0.85543,0.85543,0.85543,0.85543,0.0
2021-07-26,0.85468,0.85468,0.85468,0.85468,0.0
2021-07-27,0.85503,0.85503,0.85503,0.85503,0.0
2021-07-28,0.85095,0.85095,0.85095,0.85095,0.0
2021-07-29,0.8508,0.8508,0.8508,0.8508,0.0
2021-07-30,0.8514,0.8514,0.8514,0.8514,0.0
2021-08-02,0.85568,0.85568,0.85568,0.85568,0.0
2021-08-03,0.85355,0.85355,0.85355,0.85355,0.0
2021-08-04,0.85153,0.85153,0.85153,0.85153,0.0
2021-08-05,0.8506,0.8506,0.8506,0.8506,0.0
2021-08-06,0.8484,0.8484,0.8484,0.8484,0.0
2021-08-09,0.84745,0.84745,0.84745,0.84745,0.0
2021-08-10,0.84568,0.84568,0.84568,0.84568,0.0
2021-08-11,0.84698,0.84698,0.84698,0.84698,0.0
2021-08-12,0.84743,0.84743,0.84743,0.84743,0.0
2021-08-13,0.85093,0.85093,0.85093,0.85093,0.0
2021-08-16,0.84873,0.84873,0.84873,0.84873,0.0
2021-08-17,0.85323,0.85323,0.85323,0.85323,0.0
2021-08-18,0.85183,0.85183,0.85183,0.85183,0.0
2021-08-19,0.85523,0.85523,0.85523,0.85523,0.0
2021-08-20,0.8575,0.8575,0.8575,0.8575,0.0
2021-08-23,0.85635,0.85635,0.85635,0.85635,0.0
2021-08-24,0.85578,0.85578,0.85578,0.85578,0.0
2021-08-25,0.8559,0.8559,0.8559,0.8559,0.0
2021-08-26,0.85718,0.85718,0.85718,0.85718,0.0
2021-08-27,0.85703,0.85703,0.85703,0.85703,0.0
2021-08-30,0.85748,0.85748,0.85748,0.85748,0.0
2021-08-31,0.85875,0.85875,0.85875,0.85875,0.0
2021-09-01,0.85863,0.85863,0.85863,0.85863,0.0
2021-09-02,0.85915,0.85915,0.85915,0.85915,0.0
2021-09-03,0.8584,0.8584,0.8584,0.8584,0.0
2021-09-06,0.8571,0.8571,0.8571,0.8571,0.0
2021-09-07,0.86115,0.86115,0.86115,0.86115,0.0
2021-09-08,0.85873,0.85873,0.85873,0.85873,0.0
2021-09-09,0.85555,0.85555,0.85555,0.85555,0.0
2021-09-10,0.8526,0.8526,0.8526,0.8526,0.0
2021-09-13,0.8512,0.8512,0.8512,0.8512,0.0
2021-09-14,0.8526,0.8526,0.8526,0.8526,0.0
2021-09-15,0.8551,0.8551,0.8551,0.8551,0.0
2021-09-16,0.85025,0.85025,0.85025,0.85025,0.0
2021-09-17,0.85363,0.85363,0.85363,0.85363,0.0
2021-09-20,0.85705,0.85705,0.85705,0.85705,0.0
2021-09-21,0.85855,0.85855,0.85855,0.85855,0.0
2021-09-22,0.86,0.86,0.86,0.86,0.0
2021-09-23,0.85495,0.85495,0.85495,0.85495,0.0
2021-09-24,0.85703,0.85703,0.85703,0.85703,0.0
2021-09-27,0.8542,0.8542,0.8542,0.8542,0.0
2021-09-28,0.8595,0.8595,0.8595,0.8595,0.0
2021-09-29,0.86443,0.86443,0.86443,0.86443,0.0
2021-09-30,0.86053,0.86053,0.86053,0.86053,0.0
2021-10-01,0.85653,0.85653,0.85653,0.85653,0.0
2021-10-04,0.8553,0.8553,0.8553,0.8553,0.0
2021-10-05,0.85173,0.85173,0.85173,0.85173,0.0
2021-10-06,0.8497,0.8497,0.8497,0.8497,0.0
2021-10-07,0.85023,0.85023,0.85023,0.85023,0.0
2021-10-08,0.8489,0.8489,0.8489,0.8489,0.0
2021-10-11,0.84878,0.84878,0.84878,0.84878,0.0
2021-10-12,0.84755,0.84755,0.84755,0.84755,0.0
2021-10-13,0.84898,0.84898,0.84898,0.84898,0.0
2021-10-14,0.84618,0.84618,0.84618,0.84618,0.0
2021-10-15,0.84368,0.84368,0.84368,0.84368,0.0
2021-10-18,0.84438,0.84438,0.84438,0.84438,0.0
2021-10-19,0.84275,0.84275,0.84275,0.84275,0.0
2021-10-20,0.84503,0.84503,0.84503,0.84503,0.0
2021-10-21,0.8429,0.8429,0.8429,0.8429,0.0
2021-10-22,0.8437,0.8437,0.8437,0.8437,0.0
2021-10-25,0.8438,0.8438,0.8438,0.8438,0.0
2021-10-26,0.84178,0.84178,0.84178,0.84178,0.0
2021-10-27,0.8453,0.8453,0.8453,0.8453,0.0
2021-10-28,0.84373,0.84373,0.84373,0.84373,0.0
2021-10-29,0.8449,0.8449,0.8449,0.8449,0.0
2021-11-01,0.84575,0.84575,0.84575,0.84575,0.0
2021-11-02,0.84955,0.84955,0.84955,0.84955,0.0
2021-11-03,0.84823,0.84823,0.84823,0.84823,0.0
2021-11-04,0.8535,0.8535,0.8535,0.8535,0.0
2021-11-05,0.85545,0.85545,0.85545,0.85545,0.0
2021-11-08,0.85478,0.85478,0.85478,0.85478,0.0
2021-11-09,0.8538,0.8538,0.8538,0.8538,0.0
2021-11-10,0.85548,0.85548,0.85548,0.85548,0.0
2021-11-11,0.85538,0.85538,0.85538,0.85538,0.0
2021-11-12,0.85505,0.85505,0.85505,0.85505,0.0
2021-11-15,0.85165,0.85165,0.85165,0.85165,0.0
2021-11-16,0.84533,0.84533,0.84533,0.84533,0.0
2021-11-17,0.8409,0.8409,0.8409,0.8409,0.0
2021-11-18,0.84173,0.84173,0.84173,0.84173,0.0
2021-11-19,0.83928,0.83928,0.83928,0.83928,0.0
2021-11-22,0.83923,0.83923,0.83923,0.83923,0.0
2021-11-23,0.84185,0.84185,0.84185,0.84185,0.0
2021-11-24,0.83935,0.83935,0.83935,0.83935,0.0
2021-11-25,0.84295,0.84295,0.84295,0.84295,0.0
2021-11-26,0.8462,0.8462,0.8462,0.8462,0.0
2021-11-29,0.84583,0.84583,0.84583,0.84583,0.0
2021-11-30,0.85173,0.85173,0.85173,0.85173,0.0
2021-12-01,0.85,0.85,0.85,0.85,0.0
2021-12-02,0.85135,0.85135,0.85135,0.85135,0.0
2021-12-03,0.85048,0.85048,0.85048,0.85048,0.0
2021-12-06,0.85128,0.85128,0.85128,0.85128,0.0
2021-12-07,0.84933,0.84933,0.84933,0.84933,0.0
2021-12-08,0.85603,0.85603,0.85603,0.85603,0.0
2021-12-09,0.8574,0.8574,0.8574,0.8574,0.0
2021-12-10,0.85355,0.85355,0.85355,0.85355,0.0
2021-12-13,0.85158,0.85158,0.85158,0.85158,0.0
2021-12-14,0.85345,0.85345,0.85345,0.85345,0.0
2021-12-15,0.8498,0.8498,0.8498,0.8498,0.0
2021-12-16,0.84835,0.84835,0.84835,0.84835,0.0
2021-12-17,0.85208,0.85208,0.85208,0.85208,0.0
2021-12-20,0.85205,0.85205,0.85205,0.85205,0.0
2021-12-21,0.8528,0.8528,0.8528,0.8528,0.0
2021-12-22,0.849,0.849,0.849,0.849,0.0
2021-12-23,0.84228,0.84228,0.84228,0.84228,0.0
2021-12-24,0.84389,0.84389,0.84389,0.84389,0.0
2021-12-27,0.8433,0.8433,0.8433,0.8433,0.0
2021-12-28,0.84248,0.84248,0.84248,0.84248,0.0
2021-12-29,0.84115,0.84115,0.84115,0.84115,0.0
2021-12-30,0.8393,0.8393,0.8393,0.8393,0.0
2021-12-31,0.84028,0.84028,0.84028,0.84028,0.0
2022-01-03,0.84135,0.84135,0.84135,0.84135,0.0
2022-01-04,0.83618,0.83618,0.83618,0.83618,0.0
2022-01-05,0.83546,0.83546,0.83546,0.83546,0.0
2022-01-06,0.83593,0.83593,0.83593,0.83593,0.0
2022-01-07,0.8343,0.8343,0.8343,0.8343,0.0
2022-01-10,0.83398,0.83398,0.83398,0.83398,0.0
2022-01-11,0.83475,0.83475,0.83475,0.83475,0.0
2022-01-12,0.83338,0.83338,0.83338,0.83338,0.0
2022-01-13,0.83545,0.83545,0.83545,0.83545,0.0
2022-01-14,0.83508,0.83508,0.83508,0.83508,0.0
2022-01-17,0.83573,0.83573,0.83573,0.83573,0.0
2022-01-18,0.83673,0.83673,0.83673,0.83673,0.0
2022-01-19,0.83168,0.83168,0.83168,0.83168,0.0
2022-01-20,0.83265,0.83265,0.83265,0.83265,0.0
2022-01-21,0.83633,0.83633,0.83633,0.83633,0.0
2022-01-24,0.83803,0.83803,0.83803,0.83803,0.0
2022-01-25,0.83713,0.83713,0.83713,0.83713,0.0
2022-01-26,0.83458,0.83458,0.83458,0.83458,0.0
2022-01-27,0.83368,0.83368,0.83368,0.83368,0.0
2022-01-28,0.83178,0.83178,0.83178,0.83178,0.0
2022-01-31,0.83153,0.83153,0.83153,0.83153,0.0
2022-02-01,0.83498,0.83498,0.83498,0.83498,0.0
2022-02-02,0.83395,0.83395,0.83395,0.83395,0.0
2022-02-03,0.83208,0.83208,0.83208,0.83208,0.0
2022-02-04,0.84593,0.84593,0.84593,0.84593,0.0
2022-02-07,0.84685,0.84685,0.84685,0.84685,0.0
2022-02-08,0.84363,0.84363,0.84363,0.84363,0.0
2022-02-09,0.84255,0.84255,0.84255,0.84255,0.0
2022-02-10,0.84248,0.84248,0.84248,0.84248,0.0
2022-02-11,0.83958,0.83958,0.83958,0.83958,0.0
2022-02-14,0.8372,0.8372,0.8372,0.8372,0.0
2022-02-15,0.83765,0.83765,0.83765,0.83765,0.0
2022-02-16,0.8394,0.8394,0.8394,0.8394,0.0
2022-02-17,0.83493,0.83493,0.83493,0.83493,0.0
2022-02-18,0.83425,0.83425,0.83425,0.83425,0.0
2022-02-21,0.83298,0.83298,0.83298,0.83298,0.0
2022-02-22,0.83685,0.83685,0.83685,0.83685,0.0
2022-02-23,0.83463,0.83463,0.83463,0.83463,0.0
2022-02-24,0.83463,0.83463,0.83463,0.83463,0.0
2022-02-25,0.8374,0.8374,0.8374,0.8374,0.0
2022-02-28,0.8355,0.8355,0.8355,0.8355,0.0
2022-03-01,0.8329,0.8329,0.8329,0.8329,0.0
2022-03-02,0.83316,0.83316,0.83316,0.83316,0.0
2022-03-03,0.82773,0.82773,0.82773,0.82773,0.0
2022-03-04,0.82388,0.82388,0.82388,0.82388,0.0
2022-03-07,0.82625,0.82625,0.82625,0.82625,0.0
2022-03-08,0.83185,0.83185,0.83185,0.83185,0.0
2022-03-09,0.8357,0.8357,0.8357,0.8357,0.0
2022-03-10,0.84175,0.84175,0.84175,0.84175,0.0
2022-03-11,0.8397,0.8397,0.8397,0.8397,0.0
2022-03-14,0.83915,0.83915,0.83915,0.83915,0.0
2022-03-15,0.84053,0.84053,0.84053,0.84053,0.0
2022-03-16,0.83988,0.83988,0.83988,0.83988,0.0
2022-03-17,0.84315,0.84315,0.84315,0.84315,0.0
2022-03-18,0.83925,0.83925,0.83925,0.83925,0.0
2022-03-21,0.83775,0.83775,0.83775,0.83775,0.0
2022-03-22,0.83228,0.83228,0.83228,0.83228,0.0
2022-03-23,0.8328,0.8328,0.8328,0.8328,0.0
2022-03-24,0.83288,0.83288,0.83288,0.83288,0.0
2022-03-25,0.8338,0.8338,0.8338,0.8338,0.0
2022-03-28,0.83643,0.83643,0.83643,0.83643,0.0
2022-03-29,0.8444,0.8444,0.8444,0.8444,0.0
2022-03-30,0.84563,0.84563,0.84563,0.84563,0.0
2022-03-31,0.84595,0.84595,0.84595,0.84595,0.0
2022-04-01,0.84145,0.84145,0.84145,0.84145,0.0
2022-04-04,0.8389,0.8389,0.8389,0.8389,0.0
2022-04-05,0.8349,0.8349,0.8349,0.8349,0.0
2022-04-06,0.83473,0.83473,0.83473,0.83473,0.0
2022-04-07,0.8345,0.8345,0.8345,0.8345,0.0
2022-04-08,0.83355,0.83355,0.83355,0.83355,0.0
2022-04-11,0.83693,0.83693,0.83693,0.83693,0.0
2022-04-12,0.83455,0.83455,0.83455,0.83455,0.0
2022-04-13,0.8328,0.8328,0.8328,0.8328,0.0
2022-04-14,0.82908,0.82908,0.82908,0.82908,0.0
2022-04-19,0.82955,0.82955,0.82955,0.82955,0.0
2022-04-20,0.82965,0.82965,0.82965,0.82965,0.0
2022-04-21,0.83523,0.83523,0.83523,0.83523,0.0
2022-04-22,0.83925,0.83925,0.83925,0.83925,0.0
2022-04-25,0.8433,0.8433,0.8433,0.8433,0.0
2022-04-26,0.84135,0.84135,0.84135,0.84135,0.0
2022-04-27,0.84215,0.84215,0.84215,0.84215,0.0
2022-04-28,0.8435,0.8435,0.8435,0.8435,0.0
2022-04-29,0.83908,0.83908,0.83908,0.83908,0.0
2022-05-02,0.8381,0.8381,0.8381,0.8381,0.0
2022-05-03,0.8413,0.8413,0.8413,0.8413,0.0
2022-05-04,0.84194,0.84194,0.84194,0.84194,0.0
2022-05-05,0.8519,0.8519,0.8519,0.8519,0.0
2022-05-06,0.85625,0.85625,0.85625,0.85625,0.0
2022-05-09,0.85235,0.85235,0.85235,0.85235,0.0
2022-05-10,0.85595,0.85595,0.85595,0.85595,0.0
2022-05-11,0.85393,0.85393,0.85393,0.85393,0.0
2022-05-12,0.85293,0.85293,0.85293,0.85293,0.0
2022-05-13,0.85115,0.85115,0.85115,0.85115,0.0
2022-05-16,0.85045,0.85045,0.85045,0.85045,0.0
2022-05-17,0.844,0.844,0.844,0.844,0.0
2022-05-18,0.8467,0.8467,0.8467,0.8467,0.0
2022-05-19,0.84728,0.84728,0.84728,0.84728,0.0
2022-05-20,0.8482,0.8482,0.8482,0.8482,0.0
2022-05-23,0.84783,0.84783,0.84783,0.84783,0.0
2022-05-24,0.8575,0.8575,0.8575,0.8575,0.0
2022-05-25,0.85295,0.85295,0.85295,0.85295,0.0
2022-05-26,0.85073,0.85073,0.85073,0.85073,0.0
2022-05-27,0.84875,0.84875,0.84875,0.84875,0.0
2022-05-30,0.8515,0.8515,0.8515,0.8515,0.0
2022-05-31,0.85138,0.85138,0.85138,0.85138,0.0
2022-06-01,0.85158,0.85158,0.85158,0.85158,0.0
2022-06-02,0.85195,0.85195,0.85195,0.85195,0.0
2022-06-03,0.8542,0.8542,0.8542,0.8542,0.0
2022-06-06,0.85415,0.85415,0.85415,0.85415,0.0
2022-06-07,0.85365,0.85365,0.85365,0.85365,0.0
2022-06-08,0.85575,0.85575,0.85575,0.85575,0.0
2022-06-09,0.85653,0.85653,0.85653,0.85653,0.0
2022-06-10,0.85048,0.85048,0.85048,0.85048,0.0
2022-06-13,0.8585,0.8585,0.8585,0.8585,0.0
2022-06-14,0.86578,0.86578,0.86578,0.86578,0.0
2022-06-15,0.86328,0.86328,0.86328,0.86328,0.0
2022-06-16,0.8555,0.8555,0.8555,0.8555,0.0
2022-06-17,0.855,0.855,0.855,0.855,0.0
2022-06-20,0.85748,0.85748,0.85748,0.85748,0.0
2022-06-21,0.8601,0.8601,0.8601,0.8601,0.0
2022-06-22,0.85885,0.85885,0.85885,0.85885,0.0
2022-06-23,0.85818,0.85818,0.85818,0.85818,0.0
2022-06-24,0.85773,0.85773,0.85773,0.85773,0.0
2022-06-27,0.862,0.862,0.862,0.862,0.0
2022-06-28,0.8635,0.8635,0.8635,0.8635,0.0
2022-06-29,0.86461,0.86461,0.86461,0.86461,0.0
2022-06-30,0.8582,0.8582,0.8582,0.8582,0.0
2022-07-01,0.86648,0.86648,0.86648,0.86648,0.0
2022-07-04,0.8596,0.8596,0.8596,0.8596,0.0
2022-07-05,0.85845,0.85845,0.85845,0.85845,0.0
2022-07-06,0.85676,0.85676,0.85676,0.85676,0.0
2022-07-07,0.85105,0.85105,0.85105,0.85105,0.0
2022-07-08,0.84585,0.84585,0.84585,0.84585,0.0
2022-07-11,0.8454,0.8454,0.8454,0.8454,0.0
2022-07-12,0.84823,0.84823,0.84823,0.84823,0.0
2022-07-13,0.84371,0.84371,0.84371,0.84371,0.0
2022-07-14,0.8456,0.8456,0.8456,0.8456,0.0
2022-07-15,0.84988,0.84988,0.84988,0.84988,0.0
2022-07-18,0.84708,0.84708,0.84708,0.84708,0.0
2022-07-19,0.85303,0.85303,0.85303,0.85303,0.0
2022-07-20,0.85178,0.85178,0.85178,0.85178,0.0
2022-07-21,0.85545,0.85545,0.85545,0.85545,0.0
2022-07-22,0.85141,0.85141,0.85141,0.85141,0.0
2022-07-25,0.84813,0.84813,0.84813,0.84813,0.0
2022-07-26,0.84558,0.84558,0.84558,0.84558,0.0
2022-07-27,0.84138,0.84138,0.84138,0.84138,0.0
2022-07-28,0.83586,0.83586,0.83586,0.83586,0.0
2022-07-29,0.8399,0.8399,0.8399,0.8399,0.0
2022-08-01,0.837,0.837,0.837,0.837,0.0
2022-08-02,0.83665,0.83665,0.83665,0.83665,0.0
2022-08-03,0.83629,0.83629,0.83629,0.83629,0.0
2022-08-04,0.84231,0.84231,0.84231,0.84231,0.0
2022-08-05,0.84268,0.84268,0.84268,0.84268,0.0
2022-08-08,0.84165,0.84165,0.84165,0.84165,0.0
2022-08-09,0.8452,0.8452,0.8452,0.8452,0.0
2022-08-10,0.84608,0.84608,0.84608,0.84608,0.0
2022-08-11,0.84575,0.84575,0.84575,0.84575,0.0
2022-08-12,0.84715,0.84715,0.84715,0.84715,0.0
2022-08-15,0.84375,0.84375,0.84375,0.84375,0.0
2022-08-16,0.84218,0.84218,0.84218,0.84218,0.0
2022-08-17,0.84208,0.84208,0.84208,0.84208,0.0
2022-08-18,0.84391,0.84391,0.84391,0.84391,0.0
2022-08-19,0.84938,0.84938,0.84938,0.84938,0.0
2022-08-22,0.84658,0.84658,0.84658,0.84658,0.0
2022-08-23,0.84343,0.84343,0.84343,0.84343,0.0
2022-08-24,0.84283,0.84283,0.84283,0.84283,0.0
2022-08-25,0.84293,0.84293,0.84293,0.84293,0.0
2022-08-26,0.8459,0.8459,0.8459,0.8459,0.0
2022-08-29,0.8542,0.8542,0.8542,0.8542,0.0
2022-08-30,0.85645,0.85645,0.85645,0.85645,0.0
2022-08-31,0.86035,0.86035,0.86035,0.86035,0.0
2022-09-01,0.86473,0.86473,0.86473,0.86473,0.0
2022-09-02,0.86478,0.86478,0.86478,0.86478,0.0
2022-09-05,0.86358,0.86358,0.86358,0.86358,0.0
2022-09-06,0.85743,0.85743,0.85743,0.85743,0.0
2022-09-07,0.8651,0.8651,0.8651,0.8651,0.0
2022-09-08,0.86656,0.86656,0.86656,0.86656,0.0
2022-09-09,0.8686,0.8686,0.8686,0.8686,0.0
2022-09-12,0.86778,0.86778,0.86778,0.86778,0.0
2022-09-13,0.86793,0.86793,0.86793,0.86793,0.0
2022-09-14,0.86498,0.86498,0.86498,0.86498,0.0
2022-09-15,0.86934,0.86934,0.86934,0.86934,0.0
2022-09-16,0.874,0.874,0.874,0.874,0.0
2022-09-19,0.87785,0.87785,0.87785,0.87785,0.0
2022-09-20,0.87395,0.87395,0.87395,0.87395,0.0
2022-09-21,0.87335,0.87335,0.87335,0.87335,0.0
2022-09-22,0.87256,0.87256,0.87256,0.87256,0.0
2022-09-23,0.88201,0.88201,0.88201,0.88201,0.0
2022-09-26,0.89404,0.89404,0.89404,0.89404,0.0
2022-09-27,0.89275,0.89275,0.89275,0.89275,0.0
2022-09-28,0.90268,0.90268,0.90268,0.90268,0.0
2022-09-29,0.89485,0.89485,0.89485,0.89485,0.0
2022-09-30,0.883,0.883,0.883,0.883,0.0
2022-10-03,0.8707,0.8707,0.8707,0.8707,0.0
2022-10-04,0.87273,0.87273,0.87273,0.87273,0.0
2022-10-05,0.8734,0.8734,0.8734,0.8734,0.0
2022-10-06,0.87583,0.87583,0.87583,0.87583,0.0
2022-10-07,0.87383,0.87383,0.87383,0.87383,0.0
2022-10-10,0.8773,0.8773,0.8773,0.8773,0.0
2022-10-11,0.87703,0.87703,0.87703,0.87703,0.0
2022-10-12,0.8784,0.8784,0.8784,0.8784,0.0
2022-10-13,0.86513,0.86513,0.86513,0.86513,0.0
2022-10-14,0.86823,0.86823,0.86823,0.86823,0.0
2022-10-17,0.8625,0.8625,0.8625,0.8625,0.0
2022-10-18,0.86928,0.86928,0.86928,0.86928,0.0
2022-10-19,0.86993,0.86993,0.86993,0.86993,0.0
2022-10-20,0.87258,0.87258,0.87258,0.87258,0.0
2022-10-21,0.87728,0.87728,0.87728,0.87728,0.0
2022-10-24,0.8707,0.8707,0.8707,0.8707,0.0
2022-10-25,0.87143,0.87143,0.87143,0.87143,0.0
2022-10-26,0.86603,0.86603,0.86603,0.86603,0.0
2022-10-27,0.86745,0.86745,0.86745,0.86745,0.0
2022-10-28,0.8612,0.8612,0.8612,0.8612,0.0
2022-10-31,0.86115,0.86115,0.86115,0.86115,0.0
2022-11-01,0.86058,0.86058,0.86058,0.86058,0.0
2022-11-02,0.861,0.861,0.861,0.861,0.0
2022-11-03,0.87228,0.87228,0.87228,0.87228,0.0
2022-11-04,0.87478,0.87478,0.87478,0.87478,0.0
2022-11-07,0.87135,0.87135,0.87135,0.87135,0.0
2022-11-08,0.87378,0.87378,0.87378,0.87378,0.0
2022-11-09,0.87774,0.87774,0.87774,0.87774,0.0
2022-11-10,0.87298,0.87298,0.87298,0.87298,0.0
2022-11-11,0.87538,0.87538,0.87538,0.87538,0.0
2022-11-14,0.87513,0.87513,0.87513,0.87513,0.0
2022-11-15,0.87455,0.87455,0.87455,0.87455,0.0
2022-11-16,0.87483,0.87483,0.87483,0.87483,0.0
2022-11-17,0.87475,0.87475,0.87475,0.87475,0.0
2022-11-18,0.87063,0.87063,0.87063,0.87063,0.0
2022-11-21,0.86793,0.86793,0.86793,0.86793,0.0
2022-11-22,0.86358,0.86358,0.86358,0.86358,0.0
2022-11-23,0.86369,0.86369,0.86369,0.86369,0.0
2022-11-24,0.85933,0.85933,0.85933,0.85933,0.0
2022-11-25,0.85885,0.85885,0.85885,0.85885,0.0
2022-11-28,0.86606,0.86606,0.86606,0.86606,0.0
2022-11-29,0.86218,0.86218,0.86218,0.86218,0.0
2022-11-30,0.86488,0.86488,0.86488,0.86488,0.0
2022-12-01,0.85715,0.85715,0.85715,0.85715,0.0
2022-12-02,0.85855,0.85855,0.85855,0.85855,0.0
2022-12-05,0.86085,0.86085,0.86085,0.86085,0.0
2022-12-06,0.8617,0.8617,0.8617,0.8617,0.0
2022-12-07,0.86408,0.86408,0.86408,0.86408,0.0
2022-12-08,0.86258,0.86258,0.86258,0.86258,0.0
2022-12-09,0.8595,0.8595,0.8595,0.8595,0.0
2022-12-12,0.86006,0.86006,0.86006,0.86006,0.0
2022-12-13,0.85753,0.85753,0.85753,0.85753,0.0
2022-12-14,0.86118,0.86118,0.86118,0.86118,0.0
2022-12-15,0.86194,0.86194,0.86194,0.86194,0.0
2022-12-16,0.87233,0.87233,0.87233,0.87233,0.0
2022-12-19,0.87118,0.87118,0.87118,0.87118,0.0
2022-12-20,0.8753,0.8753,0.8753,0.8753,0.0
2022-12-21,0.87651,0.87651,0.87651,0.87651,0.0
2022-12-22,0.88243,0.88243,0.88243,0.88243,0.0
2022-12-23,0.8803,0.8803,0.8803,0.8803,0.0
2022-12-27,0.88333,0.88333,0.88333,0.88333,0.0
2022-12-28,0.88058,0.88058,0.88058,0.88058,0.0
2022-12-29,0.88549,0.88549,0.88549,0.88549,0.0
2022-12-30,0.88693,0.88693,0.88693,0.88693,0.0
2023-01-02,0.8863,0.8863,0.8863,0.8863,0.0
2023-01-03,0.88048,0.88048,0.88048,0.88048,0.0
2023-01-04,0.88076,0.88076,0.88076,0.88076,0.0
2023-01-05,0.88303,0.88303,0.88303,0.88303,0.0
2023-01-06,0.88475,0.88475,0.88475,0.88475,0.0
2023-01-09,0.88048,0.88048,0.88048,0.88048,0.0
2023-01-10,0.8833,0.8833,0.8833,0.8833,0.0
2023-01-11,0.88673,0.88673,0.88673,0.88673,0.0
2023-01-12,0.8869,0.8869,0.8869,0.8869,0.0
2023-01-13,0.888,0.888,0.888,0.888,0.0
2023-01-16,0.88758,0.88758,0.88758,0.88758,0.0
2023-01-17,0.88595,0.88595,0.88595,0.88595,0.0
2023-01-18,0.8753,0.8753,0.8753,0.8753,0.0
2023-01-19,0.87648,0.87648,0.87648,0.87648,0.0
2023-01-20,0.876,0.876,0.876,0.876,0.0
2023-01-23,0.8797,0.8797,0.8797,0.8797,0.0
2023-01-24,0.88368,0.88368,0.88368,0.88368,0.0
2023-01-25,0.88248,0.88248,0.88248,0.88248,0.0
2023-01-26,0.87945,0.87945,0.87945,0.87945,0.0
2023-01-27,0.87885,0.87885,0.87885,0.87885,0.0
2023-01-30,0.87978,0.87978,0.87978,0.87978,0.0
2023-01-31,0.88073,0.88073,0.88073,0.88073,0.0
2023-02-01,0.88413,0.88413,0.88413,0.88413,0.0
2023-02-02,0.89289,0.89289,0.89289,0.89289,0.0
2023-02-03,0.8925,0.8925,0.8925,0.8925,0.0
2023-02-06,0.89278,0.89278,0.89278,0.89278,0.0
2023-02-07,0.89338,0.89338,0.89338,0.89338,0.0
2023-02-08,0.888,0.888,0.888,0.888,0.0
2023-02-09,0.88515,0.88515,0.88515,0.88515,0.0
2023-02-10,0.88348,0.88348,0.88348,0.88348,0.0
2023-02-13,0.88281,0.88281,0.88281,0.88281,0.0
2023-02-14,0.88125,0.88125,0.88125,0.88125,0.0
2023-02-15,0.88825,0.88825,0.88825,0.88825,0.0
2023-02-16,0.88883,0.88883,0.88883,0.88883,0.0
2023-02-17,0.88888,0.88888,0.88888,0.88888,0.0
2023-02-20,0.88738,0.88738,0.88738,0.88738,0.0
2023-02-21,0.87925,0.87925,0.87925,0.87925,0.0
2023-02-22,0.87945,0.87945,0.87945,0.87945,0.0
2023-02-23,0.8814,0.8814,0.8814,0.8814,0.0
2023-02-24,0.88245,0.88245,0.88245,0.88245,0.0
2023-02-27,0.88073,0.88073,0.88073,0.88073,0.0
2023-02-28,0.87701,0.87701,0.87701,0.87701,0.0
2023-03-01,0.88574,0.88574,0.88574,0.88574,0.0
2023-03-02,0.88785,0.88785,0.88785,0.88785,0.0
2023-03-03,0.8853,0.8853,0.8853,0.8853,0.0
2023-03-06,0.8863,0.8863,0.8863,0.8863,0.0
2023-03-07,0.88968,0.88968,0.88968,0.88968,0.0
2023-03-08,0.89074,0.89074,0.89074,0.89074,0.0
2023-03-09,0.88814,0.88814,0.88814,0.88814,0.0
2023-03-10,0.88258,0.88258,0.88258,0.88258,0.0
2023-03-13,0.8837,0.8837,0.8837,0.8837,0.0
2023-03-14,0.88054,0.88054,0.88054,0.88054,0.0
2023-03-15,0.87243,0.87243,0.87243,0.87243,0.0
2023-03-16,0.8782,0.8782,0.8782,0.8782,0.0
2023-03-17,0.87488,0.87488,0.87488,0.87488,0.0
2023-03-20,0.8756,0.8756,0.8756,0.8756,0.0
2023-03-21,0.88033,0.88033,0.88033,0.88033,0.0
2023-03-22,0.87925,0.87925,0.87925,0.87925,0.0
2023-03-23,0.88523,0.88523,0.88523,0.88523,0.0
2023-03-24,0.8794,0.8794,0.8794,0.8794,0.0
2023-03-27,0.87818,0.87818,0.87818,0.87818,0.0
2023-03-28,0.87938,0.87938,0.87938,0.87938,0.0
2023-03-29,0.87988,0.87988,0.87988,0.87988,0.0
2023-03-30,0.88164,0.88164,0.88164,0.88164,0.0
2023-03-31,0.8792,0.8792,0.8792,0.8792,0.0
2023-04-03,0.8779,0.8779,0.8779,0.8779,0.0
2023-04-04,0.87333,0.87333,0.87333,0.87333,0.0
2023-04-05,0.87685,0.87685,0.87685,0.87685,0.0
2023-04-06,0.87495,0.87495,0.87495,0.87495,0.0
2023-04-11,0.87738,0.87738,0.87738,0.87738,0.0
2023-04-12,0.88038,0.88038,0.88038,0.88038,0.0
2023-04-13,0.88058,0.88058,0.88058,0.88058,0.0
2023-04-14,0.8844,0.8844,0.8844,0.8844,0.0
2023-04-17,0.88373,0.88373,0.88373,0.88373,0.0
2023-04-18,0.88143,0.88143,0.88143,0.88143,0.0
2023-04-19,0.88108,0.88108,0.88108,0.88108,0.0
2023-04-20,0.88153,0.88153,0.88153,0.88153,0.0
2023-04-21,0.8857,0.8857,0.8857,0.8857,0.0
2023-04-24,0.88463,0.88463,0.88463,0.88463,0.0
2023-04-25,0.88645,0.88645,0.88645,0.88645,0.0
2023-04-26,0.8856,0.8856,0.8856,0.8856,0.0
2023-04-27,0.88428,0.88428,0.88428,0.88428,0.0
2023-04-28,0.8805,0.8805,0.8805,0.8805,0.0
2023-05-02,0.87868,0.87868,0.87868,0.87868,0.0
2023-05-03,0.88265,0.88265,0.88265,0.88265,0.0
2023-05-04,0.88015,0.88015,0.88015,0.88015,0.0
2023-05-05,0.87378,0.87378,0.87378,0.87378,0.0
2023-05-08,0.87228,0.87228,0.87228,0.87228,0.0
2023-05-09,0.8699,0.8699,0.8699,0.8699,0.0
2023-05-10,0.86813,0.86813,0.86813,0.86813,0.0
2023-05-11,0.86795,0.86795,0.86795,0.86795,0.0
2023-05-12,0.8702,0.8702,0.8702,0.8702,0.0
2023-05-15,0.86943,0.86943,0.86943,0.86943,0.0
2023-05-16,0.86938,0.86938,0.86938,0.86938,0.0
2023-05-17,0.86895,0.86895,0.86895,0.86895,0.0
2023-05-18,0.8689,0.8689,0.8689,0.8689,0.0
2023-05-19,0.8684,0.8684,0.8684,0.8684,0.0
2023-05-22,0.86846,0.86846,0.86846,0.86846,0.0
2023-05-23,0.86993,0.86993,0.86993,0.86993,0.0
2023-05-24,0.86993,0.86993,0.86993,0.86993,0.0
2023-05-25,0.86793,0.86793,0.86793,0.86793,0.0
2023-05-26,0.86813,0.86813,0.86813,0.86813,0.0
2023-05-29,0.86805,0.86805,0.86805,0.86805,0.0
2023-05-30,0.86365,0.86365,0.86365,0.86365,0.0
2023-05-31,0.86405,0.86405,0.86405,0.86405,0.0
2023-06-01,0.85823,0.85823,0.85823,0.85823,0.0
2023-06-02,0.8593,0.8593,0.8593,0.8593,0.0
2023-06-05,0.86323,0.86323,0.86323,0.86323,0.0
2023-06-06,0.86103,0.86103,0.86103,0.86103,0.0
2023-06-07,0.8597,0.8597,0.8597,0.8597,0.0
2023-06-08,0.86113,0.86113,0.86113,0.86113,0.0
2023-06-09,0.85795,0.85795,0.85795,0.85795,0.0
2023-06-12,0.85678,0.85678,0.85678,0.85678,0.0
2023-06-13,0.8585,0.8585,0.8585,0.8585,0.0
2023-06-14,0.85455,0.85455,0.85455,0.85455,0.0
2023-06-15,0.85555,0.85555,0.85555,0.85555,0.0
2023-06-16,0.85428,0.85428,0.85428,0.85428,0.0
2023-06-19,0.85268,0.85268,0.85268,0.85268,0.0
2023-06-20,0.85705,0.85705,0.85705,0.85705,0.0
2023-06-21,0.85828,0.85828,0.85828,0.85828,0.0
2023-06-22,0.86115,0.86115,0.86115,0.86115,0.0
2023-06-23,0.85479,0.85479,0.85479,0.85479,0.0
2023-06-26,0.85878,0.85878,0.85878,0.85878,0.0
2023-06-27,0.8599,0.8599,0.8599,0.8599,0.0
2023-06-28,0.8642,0.8642,0.8642,0.8642,0.0
2023-06-29,0.864,0.864,0.864,0.864,0.0
2023-06-30,0.85828,0.85828,0.85828,0.85828,0.0
2023-07-03,0.8598,0.8598,0.8598,0.8598,0.0
2023-07-04,0.85673,0.85673,0.85673,0.85673,0.0
2023-07-05,0.85685,0.85685,0.85685,0.85685,0.0
2023-07-06,0.8531,0.8531,0.8531,0.8531,0.0
2023-07-07,0.85298,0.85298,0.85298,0.85298,0.0
2023-07-10,0.85733,0.85733,0.85733,0.85733,0.0
2023-07-11,0.8511,0.8511,0.8511,0.8511,0.0
2023-07-12,0.85378,0.85378,0.85378,0.85378,0.0
2023-07-13,0.85553,0.85553,0.85553,0.85553,0.0
2023-07-14,0.8559,0.8559,0.8559,0.8559,0.0
2023-07-17,0.85873,0.85873,0.85873,0.85873,0.0
2023-07-18,0.85838,0.85838,0.85838,0.85838,0.0
2023-07-19,0.86918,0.86918,0.86918,0.86918,0.0
2023-07-20,0.8692,0.8692,0.8692,0.8692,0.0
2023-07-21,0.86706,0.86706,0.86706,0.86706,0.0
2023-07-24,0.8635,0.8635,0.8635,0.8635,0.0
2023-07-25,0.86148,0.86148,0.86148,0.86148,0.0
2023-07-26,0.85695,0.85695,0.85695,0.85695,0.0
2023-07-27,0.85885,0.85885,0.85885,0.85885,0.0
2023-07-28,0.8556,0.8556,0.8556,0.8556,0.0
2023-07-31,0.85765,0.85765,0.85765,0.85765,0.0
2023-08-01,0.85865,0.85865,0.85865,0.85865,0.0
2023-08-02,0.86038,0.86038,0.86038,0.86038,0.0
2023-08-03,0.86468,0.86468,0.86468,0.86468,0.0
2023-08-04,0.86193,0.86193,0.86193,0.86193,0.0
2023-08-07,0.86163,0.86163,0.86163,0.86163,0.0
2023-08-08,0.86158,0.86158,0.86158,0.86158,0.0
2023-08-09,0.8618,0.8618,0.8618,0.8618,0.0
2023-08-10,0.86313,0.86313,0.86313,0.86313,0.0
2023-08-11,0.86415,0.86415,0.86415,0.86415,0.0
2023-08-14,0.86215,0.86215,0.86215,0.86215,0.0
2023-08-15,0.85955,0.85955,0.85955,0.85955,0.0
2023-08-16,0.85645,0.85645,0.85645,0.85645,0.0
2023-08-17,0.85395,0.85395,0.85395,0.85395,0.0
2023-08-18,0.85493,0.85493,0.85493,0.85493,0.0
2023-08-21,0.85475,0.85475,0.85475,0.85475,0.0
2023-08-22,0.85288,0.85288,0.85288,0.85288,0.0
2023-08-23,0.85653,0.85653,0.85653,0.85653,0.0
2023-08-24,0.8565,0.8565,0.8565,0.8565,0.0
2023-08-25,0.85643,0.85643,0.85643,0.85643,0.0
2023-08-28,0.85815,0.85815,0.85815,0.85815,0.0
2023-08-29,0.8586,0.8586,0.8586,0.8586,0.0
2023-08-30,0.8592,0.8592,0.8592,0.8592,0.0
2023-08-31,0.85718,0.85718,0.85718,0.85718,0.0
2023-09-01,0.85538,0.85538,0.85538,0.85538,0.0
2023-09-04,0.8555,0.8555,0.8555,0.8555,0.0
2023-09-05,0.85535,0.85535,0.85535,0.85535,0.0
2023-09-06,0.85503,0.85503,0.85503,0.85503,0.0
2023-09-07,0.859,0.859,0.859,0.859,0.0
2023-09-08,0.85735,0.85735,0.85735,0.85735,0.0
2023-09-11,0.8565,0.8565,0.8565,0.8565,0.0
2023-09-12,0.85925,0.85925,0.85925,0.85925,0.0
2023-09-13,0.8609,0.8609,0.8609,0.8609,0.0
2023-09-14,0.85995,0.85995,0.85995,0.85995,0.0
2023-09-15,0.85878,0.85878,0.85878,0.85878,0.0
2023-09-18,0.86141,0.86141,0.86141,0.86141,0.0
2023-09-19,0.86263,0.86263,0.86263,0.86263,0.0
2023-09-20,0.8653,0.8653,0.8653,0.8653,0.0
2023-09-21,0.86713,0.86713,0.86713,0.86713,0.0
2023-09-22,0.86795,0.86795,0.86795,0.86795,0.0
2023-09-25,0.86965,0.86965,0.86965,0.86965,0.0
2023-09-26,0.8702,0.8702,0.8702,0.8702,0.0
2023-09-27,0.8681,0.8681,0.8681,0.8681,0.0
2023-09-28,0.86333,0.86333,0.86333,0.86333,0.0
2023-09-29,0.86458,0.86458,0.86458,0.86458,0.0
2023-10-02,0.86628,0.86628,0.86628,0.86628,0.0
2023-10-03,0.86775,0.86775,0.86775,0.86775,0.0
2023-10-04,0.86588,0.86588,0.86588,0.86588,0.0
2023-10-05,0.86605,0.86605,0.86605,0.86605,0.0
2023-10-06,0.8651,0.8651,0.8651,0.8651,0.0
2023-10-09,0.8652,0.8652,0.8652,0.8652,0.0
2023-10-10,0.8639,0.8639,0.8639,0.8639,0.0
2023-10-11,0.86265,0.86265,0.86265,0.86265,0.0
2023-10-12,0.8626,0.8626,0.8626,0.8626,0.0
2023-10-13,0.86415,0.86415,0.86415,0.86415,0.0
2023-10-16,0.86545,0.86545,0.86545,0.86545,0.0
2023-10-17,0.8682,0.8682,0.8682,0.8682,0.0
2023-10-18,0.8661,0.8661,0.8661,0.8661,0.0
2023-10-19,0.87098,0.87098,0.87098,0.87098,0.0
2023-10-20,0.87213,0.87213,0.87213,0.87213,0.0
2023-10-23,0.87153,0.87153,0.87153,0.87153,0.0
2023-10-24,0.87025,0.87025,0.87025,0.87025,0.0
2023-10-25,0.8724,0.8724,0.8724,0.8724,0.0
2023-10-26,0.8717,0.8717,0.8717,0.8717,0.0
2023-10-27,0.87023,0.87023,0.87023,0.87023,0.0
2023-10-30,0.87345,0.87345,0.87345,0.87345,0.0
2023-10-31,0.87366,0.87366,0.87366,0.87366,0.0
2023-11-01,0.86945,0.86945,0.86945,0.86945,0.0
2023-11-02,0.87305,0.87305,0.87305,0.87305,0.0
2023-11-03,0.86983,0.86983,0.86983,0.86983,0.0
2023-11-06,0.8664,0.8664,0.8664,0.8664,0.0
2023-11-07,0.86855,0.86855,0.86855,0.86855,0.0
2023-11-08,0.87015,0.87015,0.87015,0.87015,0.0
2023-11-09,0.87205,0.87205,0.87205,0.87205,0.0
2023-11-10,0.87435,0.87435,0.87435,0.87435,0.0
2023-11-13,0.87155,0.87155,0.87155,0.87155,0.0
2023-11-14,0.8723,0.8723,0.8723,0.8723,0.0
2023-11-15,0.87188,0.87188,0.87188,0.87188,0.0
2023-11-16,0.8752,0.8752,0.8752,0.8752,0.0
2023-11-17,0.87395,0.87395,0.87395,0.87395,0.0
2023-11-20,0.8763,0.8763,0.8763,0.8763,0.0
2023-11-21,0.87326,0.87326,0.87326,0.87326,0.0
2023-11-22,0.8703,0.8703,0.8703,0.8703,0.0
2023-11-23,0.8694,0.8694,0.8694,0.8694,0.0
2023-11-24,0.86818,0.86818,0.86818,0.86818,0.0
2023-11-27,0.86671,0.86671,0.86671,0.86671,0.0
2023-11-28,0.8682,0.8682,0.8682,0.8682,0.0
2023-11-29,0.86525,0.86525,0.86525,0.86525,0.0
2023-11-30,0.86368,0.86368,0.86368,0.86368,0.0
2023-12-01,0.86045,0.86045,0.86045,0.86045,0.0
2023-12-04,0.8579,0.8579,0.8579,0.8579,0.0
2023-12-05,0.85723,0.85723,0.85723,0.85723,0.0
2023-12-06,0.8561,0.8561,0.8561,0.8561,0.0
2023-12-07,0.8575,0.8575,0.8575,0.8575,0.0
2023-12-08,0.8569,0.8569,0.8569,0.8569,0.0
2023-12-11,0.8558,0.8558,0.8558,0.8558,0.0
2023-12-12,0.85928,0.85928,0.85928,0.85928,0.0
2023-12-13,0.8612,0.8612,0.8612,0.8612,0.0
2023-12-14,0.85955,0.85955,0.85955,0.85955,0.0
2023-12-15,0.85833,0.85833,0.85833,0.85833,0.0
2023-12-18,0.86263,0.86263,0.86263,0.86263,0.0
2023-12-19,0.86095,0.86095,0.86095,0.86095,0.0
2023-12-20,0.86555,0.86555,0.86555,0.86555,0.0
2023-12-21,0.86805,0.86805,0.86805,0.86805,0.0
2023-12-22,0.8666,0.8666,0.8666,0.8666,0.0
2023-12-27,0.8683,0.8683,0.8683,0.8683,0.0
2023-12-28,0.8706,0.8706,0.8706,0.8706,0.0
2023-12-29,0.86905,0.86905,0.86905,0.86905,0.0
2024-01-02,0.86645,0.86645,0.86645,0.86645,0.0
2024-01-03,0.8647,0.8647,0.8647,0.8647,0.0
2024-01-04,0.86278,0.86278,0.86278,0.86278,0.0
2024-01-05,0.8621,0.8621,0.8621,0.8621,0.0
2024-01-08,0.8615,0.8615,0.8615,0.8615,0.0
2024-01-09,0.85938,0.85938,0.85938,0.85938,0.0
2024-01-10,0.86023,0.86023,0.86023,0.86023,0.0
2024-01-11,0.86145,0.86145,0.86145,0.86145,0.0
2024-01-12,0.8595,0.8595,0.8595,0.8595,0.0
2024-01-15,0.86075,0.86075,0.86075,0.86075,0.0
2024-01-16,0.86078,0.86078,0.86078,0.86078,0.0
2024-01-17,0.85818,0.85818,0.85818,0.85818,0.0
2024-01-18,0.85773,0.85773,0.85773,0.85773,0.0
2024-01-19,0.85825,0.85825,0.85825,0.85825,0.0
2024-01-22,0.85575,0.85575,0.85575,0.85575,0.0
2024-01-23,0.85493,0.85493,0.85493,0.85493,0.0
2024-01-24,0.85543,0.85543,0.85543,0.85543,0.0
2024-01-25,0.85538,0.85538,0.85538,0.85538,0.0
2024-01-26,0.85368,0.85368,0.85368,0.85368,0.0
2024-01-29,0.8525,0.8525,0.8525,0.8525,0.0
2024-01-30,0.85628,0.85628,0.85628,0.85628,0.0
2024-01-31,0.85435,0.85435,0.85435,0.85435,0.0
2024-02-01,0.85353,0.85353,0.85353,0.85353,0.0
2024-02-02,0.85263,0.85263,0.85263,0.85263,0.0
2024-02-05,0.85595,0.85595,0.85595,0.85595,0.0
2024-02-06,0.8546,0.8546,0.8546,0.8546,0.0
2024-02-07,0.85305,0.85305,0.85305,0.85305,0.0
2024-02-08,0.85378,0.85378,0.85378,0.85378,0.0
2024-02-09,0.8544,0.8544,0.8544,0.8544,0.0
2024-02-12,0.85391,0.85391,0.85391,0.85391,0.0
2024-02-13,0.85098,0.85098,0.85098,0.85098,0.0
2024-02-14,0.85258,0.85258,0.85258,0.85258,0.0
2024-02-15,0.85635,0.85635,0.85635,0.85635,0.0
2024-02-16,0.85605,0.85605,0.85605,0.85605,0.0
2024-02-19,0.85448,0.85448,0.85448,0.85448,0.0
2024-02-20,0.8566,0.8566,0.8566,0.8566,0.0
2024-02-21,0.85619,0.85619,0.85619,0.85619,0.0
2024-02-22,0.85625,0.85625,0.85625,0.85625,0.0
2024-02-23,0.8534,0.8534,0.8534,0.8534,0.0
2024-02-26,0.85495,0.85495,0.85495,0.85495,0.0
2024-02-27,0.8562,0.8562,0.8562,0.8562,0.0
2024-02-28,0.85548,0.85548,0.85548,0.85548,0.0
2024-02-29,0.85655,0.85655,0.85655,0.85655,0.0
2024-03-01,0.85588,0.85588,0.85588,0.85588,0.0
2024-03-04,0.85583,0.85583,0.85583,0.85583,0.0
2024-03-05,0.85543,0.85543,0.85543,0.85543,0.0
2024-03-06,0.85498,0.85498,0.85498,0.85498,0.0
2024-03-07,0.85445,0.85445,0.85445,0.85445,0.0
2024-03-08,0.85168,0.85168,0.85168,0.85168,0.0
2024-03-11,0.85208,0.85208,0.85208,0.85208,0.0
2024-03-12,0.85458,0.85458,0.85458,0.85458,0.0
2024-03-13,0.85451,0.85451,0.85451,0.85451,0.0
2024-03-14,0.8542,0.8542,0.8542,0.8542,0.0
2024-03-15,0.8541,0.8541,0.8541,0.8541,0.0
2024-03-18,0.85525,0.85525,0.85525,0.85525,0.0
2024-03-19,0.85445,0.85445,0.85445,0.85445,0.0
2024-03-20,0.85438,0.85438,0.85438,0.85438,0.0
2024-03-21,0.85678,0.85678,0.85678,0.85678,0.0
2024-03-22,0.85795,0.85795,0.85795,0.85795,0.0
2024-03-25,0.85698,0.85698,0.85698,0.85698,0.0
2024-03-26,0.85846,0.85846,0.85846,0.85846,0.0
2024-03-27,0.85768,0.85768,0.85768,0.85768,0.0
2024-03-28,0.8551,0.8551,0.8551,0.8551,0.0
2024-04-02,0.8551,0.8551,0.8551,0.8551,0.0
2024-04-03,0.85713,0.85713,0.85713,0.85713,0.0
2024-04-04,0.85788,0.85788,0.85788,0.85788,0.0
2024-04-05,0.85773,0.85773,0.85773,0.85773,0.0
2024-04-08,0.85795,0.85795,0.85795,0.85795,0.0
2024-04-09,0.85663,0.85663,0.85663,0.85663,0.0
2024-04-10,0.85515,0.85515,0.85515,0.85515,0.0
2024-04-11,0.85525,0.85525,0.85525,0.85525,0.0
2024-04-12,0.85424,0.85424,0.85424,0.85424,0.0
2024-04-15,0.85405,0.85405,0.85405,0.85405,0.0
2024-04-16,0.8544,0.8544,0.8544,0.8544,0.0
2024-04-17,0.854,0.854,0.854,0.854,0.0
2024-04-18,0.85628,0.85628,0.85628,0.85628,0.0
2024-04-19,0.8562,0.8562,0.8562,0.8562,0.0
2024-04-22,0.86328,0.86328,0.86328,0.86328,0.0
2024-04-23,0.8605,0.8605,0.8605,0.8605,0.0
2024-04-24,0.85945,0.85945,0.85945,0.85945,0.0
2024-04-25,0.85675,0.85675,0.85675,0.85675,0.0
2024-04-26,0.85643,0.85643,0.85643,0.85643,0.0
2024-04-29,0.85493,0.85493,0.85493,0.85493,0.0
2024-04-30,0.85478,0.85478,0.85478,0.85478,0.0
2024-05-02,0.85538,0.85538,0.85538,0.85538,0.0
2024-05-03,0.85573,0.85573,0.85573,0.85573,0.0
2024-05-06,0.8566,0.8566,0.8566,0.8566,0.0
2024-05-07,0.85805,0.85805,0.85805,0.85805,0.0
2024-05-08,0.86083,0.86083,0.86083,0.86083,0.0
2024-05-09,0.85995,0.85995,0.85995,0.85995,0.0
2024-05-10,0.86055,0.86055,0.86055,0.86055,0.0
2024-05-13,0.86023,0.86023,0.86023,0.86023,0.0
2024-05-14,0.85983,0.85983,0.85983,0.85983,0.0
2024-05-15,0.8584,0.8584,0.8584,0.8584,0.0
2024-05-16,0.8585,0.8585,0.8585,0.8585,0.0
2024-05-17,0.85685,0.85685,0.85685,0.85685,0.0
2024-05-20,0.85548,0.85548,0.85548,0.85548,0.0
2024-05-21,0.8544,0.8544,0.8544,0.8544,0.0
2024-05-22,0.85165,0.85165,0.85165,0.85165,0.0
2024-05-23,0.85175,0.85175,0.85175,0.85175,0.0
2024-05-24,0.85241,0.85241,0.85241,0.85241,0.0
2024-05-27,0.8507,0.8507,0.8507,0.8507,0.0
2024-05-28,0.8508,0.8508,0.8508,0.8508,0.0
2024-05-29,0.8513,0.8513,0.8513,0.8513,0.0
2024-05-30,0.85105,0.85105,0.85105,0.85105,0.0
2024-05-31,0.85365,0.85365,0.85365,0.85365,0.0
2024-06-03,0.85175,0.85175,0.85175,0.85175,0.0
2024-06-04,0.85143,0.85143,0.85143,0.85143,0.0
2024-06-05,0.85048,0.85048,0.85048,0.85048,0.0
2024-06-06,0.85088,0.85088,0.85088,0.85088,0.0
2024-06-07,0.8512,0.8512,0.8512,0.8512,0.0
2024-06-10,0.84565,0.84565,0.84565,0.84565,0.0
2024-06-11,0.84198,0.84198,0.84198,0.84198,0.0
2024-06-12,0.84365,0.84365,0.84365,0.84365,0.0
2024-06-13,0.84468,0.84468,0.84468,0.84468,0.0
2024-06-14,0.84205,0.84205,0.84205,0.84205,0.0
2024-06-17,0.84573,0.84573,0.84573,0.84573,0.0
2024-06-18,0.8454,0.8454,0.8454,0.8454,0.0
2024-06-19,0.84455,0.84455,0.84455,0.84455,0.0
2024-06-20,0.84513,0.84513,0.84513,0.84513,0.0
2024-06-21,0.84531,0.84531,0.84531,0.84531,0.0
2024-06-24,0.8473,0.8473,0.8473,0.8473,0.0
2024-06-25,0.84465,0.84465,0.84465,0.84465,0.0
2024-06-26,0.84453,0.84453,0.84453,0.84453,0.0
2024-06-27,0.8459,0.8459,0.8459,0.8459,0.0
2024-06-28,0.84638,0.84638,0.84638,0.84638,0.0
2024-07-01,0.8479,0.8479,0.8479,0.8479,0.0
2024-07-02,0.84755,0.84755,0.84755,0.84755,0.0
2024-07-03,0.8468,0.8468,0.8468,0.8468,0.0
2024-07-04,0.84663,0.84663,0.84663,0.84663,0.0
2024-07-05,0.84613,0.84613,0.84613,0.84613,0.0
2024-07-08,0.8441,0.8441,0.8441,0.8441,0.0
2024-07-09,0.84491,0.84491,0.84491,0.84491,0.0
2024-07-10,0.84518,0.84518,0.84518,0.84518,0.0
2024-07-11,0.84305,0.84305,0.84305,0.84305,0.0
2024-07-12,0.84029,0.84029,0.84029,0.84029,0.0
2024-07-15,0.84045,0.84045,0.84045,0.84045,0.0
2024-07-16,0.84058,0.84058,0.84058,0.84058,0.0
2024-07-17,0.83915,0.83915,0.83915,0.83915,0.0
2024-07-18,0.84175,0.84175,0.84175,0.84175,0.0
2024-07-19,0.8428,0.8428,0.8428,0.8428,0.0
2024-07-22,0.84215,0.84215,0.84215,0.84215,0.0
2024-07-23,0.84073,0.84073,0.84073,0.84073,0.0
2024-07-24,0.83973,0.83973,0.83973,0.83973,0.0
2024-07-25,0.8428,0.8428,0.8428,0.8428,0.0
2024-07-26,0.84378,0.84378,0.84378,0.84378,0.0
2024-07-29,0.84345,0.84345,0.84345,0.84345,0.0
2024-07-30,0.8426,0.8426,0.8426,0.8426,0.0
2024-07-31,0.8438,0.8438,0.8438,0.8438,0.0
2024-08-01,0.84328,0.84328,0.84328,0.84328,0.0
2024-08-02,0.85,0.85,0.85,0.85,0.0
2024-08-05,0.85878,0.85878,0.85878,0.85878,0.0
2024-08-06,0.85998,0.85998,0.85998,0.85998,0.0
2024-08-07,0.85808,0.85808,0.85808,0.85808,0.0
2024-08-08,0.86093,0.86093,0.86093,0.86093,0.0
2024-08-09,0.85708,0.85708,0.85708,0.85708,0.0
2024-08-12,0.85554,0.85554,0.85554,0.85554,0.0
2024-08-13,0.85458,0.85458,0.85458,0.85458,0.0
2024-08-14,0.85783,0.85783,0.85783,0.85783,0.0
2024-08-15,0.85615,0.85615,0.85615,0.85615,0.0
2024-08-16,0.85128,0.85128,0.85128,0.85128,0.0
2024-08-19,0.85243,0.85243,0.85243,0.85243,0.0
2024-08-20,0.85194,0.85194,0.85194,0.85194,0.0
2024-08-21,0.85303,0.85303,0.85303,0.85303,0.0
2024-08-22,0.84943,0.84943,0.84943,0.84943,0.0
2024-08-23,0.84733,0.84733,0.84733,0.84733,0.0
2024-08-26,0.84645,0.84645,0.84645,0.84645,0.0
2024-08-27,0.84438,0.84438,0.84438,0.84438,0.0
2024-08-28,0.84163,0.84163,0.84163,0.84163,0.0
2024-08-29,0.84175,0.84175,0.84175,0.84175,0.0
2024-08-30,0.8412,0.8412,0.8412,0.8412,0.0
2024-09-02,0.84218,0.84218,0.84218,0.84218,0.0
2024-09-03,0.84085,0.84085,0.84085,0.84085,0.0
2024-09-04,0.84248,0.84248,0.84248,0.84248,0.0
2024-09-05,0.84318,0.84318,0.84318,0.84318,0.0
2024-09-06,0.84293,0.84293,0.84293,0.84293,0.0
2024-09-09,0.84365,0.84365,0.84365,0.84365,0.0
2024-09-10,0.84265,0.84265,0.84265,0.84265,0.0
2024-09-11,0.84375,0.84375,0.84375,0.84375,0.0
2024-09-12,0.8446,0.8446,0.8446,0.8446,0.0
2024-09-13,0.84475,0.84475,0.84475,0.84475,0.0
2024-09-16,0.84278,0.84278,0.84278,0.84278,0.0
2024-09-17,0.84278,0.84278,0.84278,0.84278,0.0
2024-09-18,0.84225,0.84225,0.84225,0.84225,0.0
2024-09-19,0.83953,0.83953,0.83953,0.83953,0.0
2024-09-20,0.8391,0.8391,0.8391,0.8391,0.0
2024-09-23,0.83518,0.83518,0.83518,0.83518,0.0
2024-09-24,0.8322,0.8322,0.8322,0.8322,0.0
2024-09-25,0.83653,0.83653,0.83653,0.83653,0.0
2024-09-26,0.83428,0.83428,0.83428,0.83428,0.0
2024-09-27,0.83338,0.83338,0.83338,0.83338,0.0
2024-09-30,0.83543,0.83543,0.83543,0.83543,0.0
2024-10-01,0.83193,0.83193,0.83193,0.83193,0.0
2024-10-02,0.83288,0.83288,0.83288,0.83288,0.0
2024-10-03,0.84258,0.84258,0.84258,0.84258,0.0
2024-10-04,0.83735,0.83735,0.83735,0.83735,0.0
2024-10-07,0.83918,0.83918,0.83918,0.83918,0.0
2024-10-08,0.83778,0.83778,0.83778,0.83778,0.0
2024-10-09,0.8374,0.8374,0.8374,0.8374,0.0
2024-10-10,0.83686,0.83686,0.83686,0.83686,0.0
2024-10-11,0.83705,0.83705,0.83705,0.83705,0.0
2024-10-14,0.83665,0.83665,0.83665,0.83665,0.0
2024-10-15,0.83355,0.83355,0.83355,0.83355,0.0
2024-10-16,0.83605,0.83605,0.83605,0.83605,0.0
2024-10-17,0.83455,0.83455,0.83455,0.83455,0.0
2024-10-18,0.83165,0.83165,0.83165,0.83165,0.0
2024-10-21,0.83315,0.83315,0.83315,0.83315,0.0
2024-10-22,0.8334,0.8334,0.8334,0.8334,0.0
2024-10-23,0.83148,0.83148,0.83148,0.83148,0.0
2024-10-24,0.8321,0.8321,0.8321,0.8321,0.0
2024-10-25,0.83358,0.83358,0.83358,0.83358,0.0
2024-10-28,0.8329,0.8329,0.8329,0.8329,0.0
2024-10-29,0.8302,0.8302,0.8302,0.8302,0.0
2024-10-30,0.83425,0.83425,0.83425,0.83425,0.0
2024-10-31,0.83753,0.83753,0.83753,0.83753,0.0
2024-11-01,0.83998,0.83998,0.83998,0.83998,0.0
2024-11-04,0.84063,0.84063,0.84063,0.84063,0.0
2024-11-05,0.8392,0.8392,0.8392,0.8392,0.0
2024-11-06,0.83223,0.83223,0.83223,0.83223,0.0
2024-11-07,0.83185,0.83185,0.83185,0.83185,0.0
2024-11-08,0.83188,0.83188,0.83188,0.83188,0.0
2024-11-11,0.8268,0.8268,0.8268,0.8268,0.0
2024-11-12,0.82835,0.82835,0.82835,0.82835,0.0
2024-11-13,0.83413,0.83413,0.83413,0.83413,0.0
2024-11-14,0.83158,0.83158,0.83158,0.83158,0.0
2024-11-15,0.83455,0.83455,0.83455,0.83455,0.0
2024-11-18,0.8356,0.8356,0.8356,0.8356,0.0
2024-11-19,0.83638,0.83638,0.83638,0.83638,0.0
2024-11-20,0.8338,0.8338,0.8338,0.8338,0.0
2024-11-21,0.83273,0.83273,0.83273,0.83273,0.0
2024-11-22,0.83205,0.83205,0.83205,0.83205,0.0
2024-11-25,0.83465,0.83465,0.83465,0.83465,0.0
2024-11-26,0.8348,0.8348,0.8348,0.8348,0.0
2024-11-27,0.834,0.834,0.834,0.834,0.0
2024-11-28,0.8323,0.8323,0.8323,0.8323,0.0
2024-11-29,0.83205,0.83205,0.83205,0.83205,0.0
2024-12-02,0.82898,0.82898,0.82898,0.82898,0.0
2024-12-03,0.83123,0.83123,0.83123,0.83123,0.0
2024-12-04,0.8283,0.8283,0.8283,0.8283,0.0
2024-12-05,0.828,0.828,0.828,0.828,0.0
2024-12-06,0.82855,0.82855,0.82855,0.82855,0.0
2024-12-09,0.82805,0.82805,0.82805,0.82805,0.0
2024-12-10,0.82555,0.82555,0.82555,0.82555,0.0
2024-12-11,0.82458,0.82458,0.82458,0.82458,0.0
2024-12-12,0.82428,0.82428,0.82428,0.82428,0.0
2024-12-13,0.83043,0.83043,0.83043,0.83043,0.0
2024-12-16,0.82945,0.82945,0.82945,0.82945,0.0
2024-12-17,0.82648,0.82648,0.82648,0.82648,0.0
2024-12-18,0.8252,0.8252,0.8252,0.8252,0.0
2024-12-19,0.82445,0.82445,0.82445,0.82445,0.0
2024-12-20,0.82965,0.82965,0.82965,0.82965,0.0
2024-12-23,0.82995,0.82995,0.82995,0.82995,0.0
2024-12-24,0.82805,0.82805,0.82805,0.82805,0.0
2024-12-27,0.83098,0.83098,0.83098,0.83098,0.0
2024-12-30,0.8295,0.8295,0.8295,0.8295,0.0
2024-12-31,0.82918,0.82918,0.82918,0.82918,0.0
2025-01-02,0.83118,0.83118,0.83118,0.83118,0.0
2025-01-03,0.82993,0.82993,0.82993,0.82993,0.0
2025-01-06,0.83098,0.83098,0.83098,0.83098,0.0
2025-01-07,0.82915,0.82915,0.82915,0.82915,0.0
2025-01-08,0.83403,0.83403,0.83403,0.83403,0.0
2025-01-09,0.83808,0.83808,0.83808,0.83808,0.0
2025-01-10,0.83693,0.83693,0.83693,0.83693,0.0
2025-01-13,0.8416,0.8416,0.8416,0.8416,0.0
2025-01-14,0.84288,0.84288,0.84288,0.84288,0.0
2025-01-15,0.84313,0.84313,0.84313,0.84313,0.0
2025-01-16,0.84258,0.84258,0.84258,0.84258,0.0
2025-01-17,0.84453,0.84453,0.84453,0.84453,0.0
2025-01-20,0.84588,0.84588,0.84588,0.84588,0.0
2025-01-21,0.84553,0.84553,0.84553,0.84553,0.0
2025-01-22,0.84466,0.84466,0.84466,0.84466,0.0
2025-01-23,0.84468,0.84468,0.84468,0.84468,0.0
2025-01-24,0.84413,0.84413,0.84413,0.84413,0.0
2025-01-27,0.84106,0.84106,0.84106,0.84106,0.0
2025-01-28,0.83868,0.83868,0.83868,0.83868,0.0
2025-01-29,0.83723,0.83723,0.83723,0.83723,0.0
2025-01-30,0.83685,0.83685,0.83685,0.83685,0.0
2025-01-31,0.83608,0.83608,0.83608,0.83608,0.0
2025-02-03,0.83136,0.83136,0.83136,0.83136,0.0
2025-02-04,0.83188,0.83188,0.83188,0.83188,0.0
2025-02-05,0.83085,0.83085,0.83085,0.83085,0.0
2025-02-06,0.83688,0.83688,0.83688,0.83688,0.0
2025-02-07,0.83353,0.83353,0.83353,0.83353,0.0
2025-02-10,0.83283,0.83283,0.83283,0.83283,0.0
2025-02-11,0.83355,0.83355,0.83355,0.83355,0.0
2025-02-12,0.83338,0.83338,0.83338,0.83338,0.0
2025-02-13,0.83313,0.83313,0.83313,0.83313,0.0
2025-02-14,0.83215,0.83215,0.83215,0.83215,0.0
2025-02-17,0.83133,0.83133,0.83133,0.83133,0.0
2025-02-18,0.83025,0.83025,0.83025,0.83025,0.0
2025-02-19,0.82838,0.82838,0.82838,0.82838,0.0
2025-02-20,0.82823,0.82823,0.82823,0.82823,0.0
2025-02-21,0.8276,0.8276,0.8276,0.8276,0.0
2025-02-24,0.8283,0.8283,0.8283,0.8283,0.0
2025-02-25,0.82908,0.82908,0.82908,0.82908,0.0
2025-02-26,0.82868,0.82868,0.82868,0.82868,0.0
2025-02-27,0.82673,0.82673,0.82673,0.82673,0.0
2025-02-28,0.82608,0.82608,0.82608,0.82608,0.0
2025-03-03,0.8253,0.8253,0.8253,0.8253,0.0
2025-03-04,0.82788,0.82788,0.82788,0.82788,0.0
2025-03-05,0.835,0.835,0.835,0.835,0.0
2025-03-06,0.8379,0.8379,0.8379,0.8379,0.0
2025-03-07,0.84088,0.84088,0.84088,0.84088,0.0
2025-03-10,0.83849,0.83849,0.83849,0.83849,0.0
2025-03-11,0.84374,0.84374,0.84374,0.84374,0.0
2025-03-12,0.84078,0.84078,0.84078,0.84078,0.0
2025-03-13,0.83778,0.83778,0.83778,0.83778,0.0
2025-03-14,0.84183,0.84183,0.84183,0.84183,0.0
2025-03-17,0.84026,0.84026,0.84026,0.84026,0.0
2025-03-18,0.84173,0.84173,0.84173,0.84173,0.0
2025-03-19,0.84078,0.84078,0.84078,0.84078,0.0
2025-03-20,0.8369,0.8369,0.8369,0.8369,0.0
2025-03-21,0.83765,0.83765,0.83765,0.83765,0.0
2025-03-24,0.83663,0.83663,0.83663,0.83663,0.0
2025-03-25,0.83565,0.83565,0.83565,0.83565,0.0
2025-03-26,0.83623,0.83623,0.83623,0.83623,0.0
2025-03-27,0.83318,0.83318,0.83318,0.83318,0.0
2025-03-28,0.83358,0.83358,0.83358,0.83358,0.0
2025-03-31,0.83536,0.83536,0.83536,0.83536,0.0
2025-04-01,0.83665,0.83665,0.83665,0.83665,0.0
2025-04-02,0.83455,0.83455,0.83455,0.83455,0.0
2025-04-03,0.84163,0.84163,0.84163,0.84163,0.0
2025-04-04,0.84985,0.84985,0.84985,0.84985,0.0
2025-04-07,0.85588,0.85588,0.85588,0.85588,0.0
2025-04-08,0.85644,0.85644,0.85644,0.85644,0.0
2025-04-09,0.86435,0.86435,0.86435,0.86435,0.0
2025-04-10,0.85755,0.85755,0.85755,0.85755,0.0
2025-04-11,0.86678,0.86678,0.86678,0.86678,0.0
2025-04-14,0.86383,0.86383,0.86383,0.86383,0.0
2025-04-15,0.8557,0.8557,0.8557,0.8557,0.0
2025-04-16,0.85618,0.85618,0.85618,0.85618,0.0
2025-04-17,0.85873,0.85873,0.85873,0.85873,0.0
2025-04-22,0.85858,0.85858,0.85858,0.85858,0.0
2025-04-23,0.85793,0.85793,0.85793,0.85793,0.0
2025-04-24,0.855,0.855,0.855,0.855,0.0
2025-04-25,0.8531,0.8531,0.8531,0.8531,0.0
2025-04-28,0.8514,0.8514,0.8514,0.8514,0.0
2025-04-29,0.8498,0.8498,0.8498,0.8498,0.0
2025-04-30,0.8518,0.8518,0.8518,0.8518,0.0
2025-05-02,0.8533,0.8533,0.8533,0.8533,0.0
2025-05-05,0.8515,0.8515,0.8515,0.8515,0.0
2025-05-06,0.8469,0.8469,0.8469,0.8469,0.0
2025-05-07,0.8511,0.8511,0.8511,0.8511,0.0
2025-05-08,0.8476,0.8476,0.8476,0.8476,0.0
2025-05-09,0.8477,0.8477,0.8477,0.8477,0.0
2025-05-12,0.8429,0.8429,0.8429,0.8429,0.0
2025-05-13,0.8406,0.8406,0.8406,0.8406,0.0
2025-05-14,0.8415,0.8415,0.8415,0.8415,0.0
2025-05-15,0.8424,0.8424,0.8424,0.8424,0.0
2025-05-16,0.8427,0.8427,0.8427,0.8427,0.0
2025-05-19,0.8419,0.8419,0.8419,0.8419,0.0
2025-05-20,0.8418,0.8418,0.8418,0.8418,0.0
2025-05-21,0.8446,0.8446,0.8446,0.8446,0.0
2025-05-22,0.8427,0.8427,0.8427,0.8427,0.0
2025-05-23,0.8382,0.8382,0.8382,0.8382,0.0
2025-05-26,0.8392,0.8392,0.8392,0.8392,0.0
2025-05-27,0.8381,0.8381,0.8381,0.8381,0.0
2025-05-28,0.8398,0.8398,0.8398,0.8398,0.0
2025-05-29,0.8377,0.8377,0.8377,0.8377,0.0
2025-05-30,0.8412,0.8412,0.8412,0.8412,0.0
2025-06-02,0.8434,0.8434,0.8434,0.8434,0.0
2025-06-03,0.8436,0.8436,0.8436,0.8436,0.0
2025-06-04,0.8421,0.8421,0.8421,0.8421,0.0
2025-06-05,0.8419,0.8419,0.8419,0.8419,0.0
2025-06-06,0.8426,0.8426,0.8426,0.8426,0.0
2025-06-09,0.8424,0.8424,0.8424,0.8424,0.0
2025-06-10,0.8464,0.8464,0.8464,0.8464,0.0
2025-06-11,0.8476,0.8476,0.8476,0.8476,0.0
2025-06-12,0.8538,0.8538,0.8538,0.8538,0.0
2025-06-13,0.8505,0.8505,0.8505,0.8505,0.0
2025-06-16,0.8523,0.8523,0.8523,0.8523,0.0
2025-06-17,0.8525,0.8525,0.8525,0.8525,0.0
2025-06-18,0.8552,0.8552,0.8552,0.8552,0.0
2025-06-19,0.8541,0.8541,0.8541,0.8541,0.0
2025-06-20,0.8537,0.8537,0.8537,0.8537,0.0
2025-06-23,0.8567,0.8567,0.8567,0.8567,0.0
2025-06-24,0.8527,0.8527,0.8527,0.8527,0.0
2025-06-25,0.8526,0.8526,0.8526,0.8526,0.0
2025-06-26,0.8535,0.8535,0.8535,0.8535,0.0
2025-06-27,0.8529,0.8529,0.8529,0.8529,0.0
2025-06-30,0.8555,0.8555,0.8555,0.8555,0.0
2025-07-01,0.8588,0.8588,0.8588,0.8588,0.0
2025-07-02,0.8605,0.8605,0.8605,0.8605,0.0
2025-07-03,0.8629,0.8629,0.8629,0.8629,0.0
2025-07-04,0.8625,0.8625,0.8625,0.8625,0.0
2025-07-07,0.8611,0.8611,0.8611,0.8611,0.0
2025-07-08,0.8632,0.8632,0.8632,0.8632,0.0
2025-07-09,0.8613,0.8613,0.8613,0.8613,0.0
2025-07-10,0.8627,0.8627,0.8627,0.8627,0.0
2025-07-11,0.8657,0.8657,0.8657,0.8657,0.0
2025-07-14,0.8667,0.8667,0.8667,0.8667,0.0
2025-07-15,0.8679,0.8679,0.8679,0.8679,0.0
2025-07-16,0.8659,0.8659,0.8659,0.8659,0.0
2025-07-17,0.8644,0.8644,0.8644,0.8644,0.0
2025-07-18,0.8656,0.8656,0.8656,0.8656,0.0
2025-07-21,0.8656,0.8656,0.8656,0.8656,0.0
2025-07-22,0.8675,0.8675,0.8675,0.8675,0.0
2025-07-23,0.8665,0.8665,0.8665,0.8665,0.0
2025-07-24,0.8675,0.8675,0.8675,0.8675,0.0
2025-07-25,0.8715,0.8715,0.8715,0.8715,0.0
2025-07-28,0.8679,0.8679,0.8679,0.8679,0.0
2025-07-29,0.865,0.865,0.865,0.865,0.0
2025-07-30,0.8622,0.8622,0.8622,0.8622,0.0
2025-07-31,0.8649,0.8649,0.8649,0.8649,0.0
2025-08-01,0.8665,0.8665,0.8665,0.8665,0.0
2025-08-04,0.8704,0.8704,0.8704,0.8704,0.0
2025-08-05,0.8693,0.8693,0.8693,0.8693,0.0
2025-08-06,0.8717,0.8717,0.8717,0.8717,0.0
2025-08-07,0.8673,0.8673,0.8673,0.8673,0.0
2025-08-08,0.8671,0.8671,0.8671,0.8671,0.0
2025-08-11,0.8656,0.8656,0.8656,0.8656,0.0
2025-08-12,0.8621,0.8621,0.8621,0.8621,0.0
2025-08-13,0.8631,0.8631,0.8631,0.8631,0.0
2025-08-14,0.861,0.861,0.861,0.861,0.0
2025-08-15,0.8622,0.8622,0.8622,0.8622,0.0
2025-08-18,0.8621,0.8621,0.8621,0.8621,0.0
2025-08-19,0.864,0.864,0.864,0.864,0.0
2025-08-20,0.8645,0.8645,0.8645,0.8645,0.0
2025-08-21,0.8654,0.8654,0.8654,0.8654,0.0
2025-08-22,0.8653,0.8653,0.8653,0.8653,0.0
2025-08-25,0.8659,0.8659,0.8659,0.8659,0.0
2025-08-26,0.8642,0.8642,0.8642,0.8642,0.0
2025-08-27,0.8626,0.8626,0.8626,0.8626,0.0
2025-08-28,0.8637,0.8637,0.8637,0.8637,0.0
2025-08-29,0.8668,0.8668,0.8668,0.8668,0.0
2025-09-01,0.8662,0.8662,0.8662,0.8662,0.0
2025-09-02,0.8702,0.8702,0.8702,0.8702,0.0
2025-09-03,0.8687,0.8687,0.8687,0.8687,0.0
2025-09-04,0.8663,0.8663,0.8663,0.8663,0.0
2025-09-05,0.8678,0.8678,0.8678,0.8678,0.0
2025-09-08,0.8669,0.8669,0.8669,0.8669,0.0
2025-09-09,0.8663,0.8663,0.8663,0.8663,0.0
2025-09-10,0.865,0.865,0.865,0.865,0.0
2025-09-11,0.8647,0.8647,0.8647,0.8647,0.0
2025-09-12,0.8653,0.8653,0.8653,0.8653,0.0
2025-09-15,0.8641,0.8641,0.8641,0.8641,0.0
2025-09-16,0.8656,0.8656,0.8656,0.8656,0.0
2025-09-17,0.8675,0.8675,0.8675,0.8675,0.0
2025-09-18,0.868,0.868,0.868,0.868,0.0
2025-09-19,0.8708,0.8708,0.8708,0.8708,0.0
2025-09-22,0.8729,0.8729,0.8729,0.8729,0.0
2025-09-23,0.8729,0.8729,0.8729,0.8729,0.0
2025-09-24,0.8731,0.8731,0.8731,0.8731,0.0
2025-09-25,0.8748,0.8748,0.8748,0.8748,0.0
2025-09-26,0.874,0.874,0.874,0.874,0.0
2025-09-29,0.8723,0.8723,0.8723,0.8723,0.0
2025-09-30,0.8734,0.8734,0.8734,0.8734,0.0
2025-10-01,0.8704,0.8704,0.8704,0.8704,0.0
2025-10-02,0.8721,0.8721,0.8721,0.8721,0.0
2025-10-03,0.8726,0.8726,0.8726,0.8726,0.0
2025-10-06,0.8695,0.8695,0.8695,0.8695,0.0
2025-10-07,0.8703,0.8703,0.8703,0.8703,0.0
2025-10-08,0.8671,0.8671,0.8671,0.8671,0.0
2025-10-09,0.8683,0.8683,0.8683,0.8683,0.0
2025-10-10,0.8709,0.8709,0.8709,0.8709,0.0
2025-10-13,0.8677,0.8677,0.8677,0.8677,0.0
2025-10-14,0.8712,0.8712,0.8712,0.8712,0.0
2025-10-15,0.8705,0.8705,0.8705,0.8705,0.0
2025-10-16,0.8676,0.8676,0.8676,0.8676,0.0
2025-10-17,0.8695,0.8695,0.8695,0.8695,0.0
2025-10-20,0.8691,0.8691,0.8691,0.8691,0.0
2025-10-21,0.8678,0.8678,0.8678,0.8678,0.0
2025-10-22,0.8689,0.8689,0.8689,0.8689,0.0
2025-10-23,0.8691,0.8691,0.8691,0.8691,0.0
2025-10-24,0.8726,0.8726,0.8726,0.8726,0.0
2025-10-27,0.8721,0.8721,0.8721,0.8721,0.0
2025-10-28,0.876,0.876,0.876,0.876,0.0
2025-10-29,0.8807,0.8807,0.8807,0.8807,0.0
2025-10-30,0.8801,0.8801,0.8801,0.8801,0.0
2025-10-31,0.8816,0.8816,0.8816,0.8816,0.0
2025-11-03,0.8765,0.8765,0.8765,0.8765,0.0
2025-11-04,0.8795,0.8795,0.8795,0.8795,0.0
2025-11-05,0.881,0.881,0.881,0.881,0.0
2025-11-06,0.8807,0.8807,0.8807,0.8807,0.0
2025-11-07,0.8811,0.8811,0.8811,0.8811,0.0
2025-11-10,0.8778,0.8778,0.8778,0.8778,0.0
2025-11-11,0.8804,0.8804,0.8804,0.8804,0.0
2025-11-12,0.8823,0.8823,0.8823,0.8823,0.0
2025-11-13,0.8819,0.8819,0.8819,0.8819,0.0
2025-11-14,0.8846,0.8846,0.8846,0.8846,0.0
2025-11-17,0.8795,0.8795,0.8795,0.8795,0.0
2025-11-18,0.8821,0.8821,0.8821,0.8821,0.0
2025-11-19,0.8827,0.8827,0.8827,0.8827,0.0
2025-11-20,0.8815,0.8815,0.8815,0.8815,0.0
2025-11-21,0.8803,0.8803,0.8803,0.8803,0.0
2025-11-24,0.8804,0.8804,0.8804,0.8804,0.0
2025-11-25,0.8788,0.8788,0.8788,0.8788,0.0
2025-11-26,0.8776,0.8776,0.8776,0.8776,0.0
2025-11-27,0.8754,0.8754,0.8754,0.8754,0.0
2025-11-28,0.8752,0.8752,0.8752,0.8752,0.0
2025-12-01,0.8778,0.8778,0.8778,0.8778,0.0
2025-12-02,0.8796,0.8796,0.8796,0.8796,0.0
2025-12-03,0.8766,0.8766,0.8766,0.8766,0.0
2025-12-04,0.8745,0.8745,0.8745,0.8745,0.0
2025-12-05,0.8727,0.8727,0.8727,0.8727,0.0
2025-12-08,0.8746,0.8746,0.8746,0.8746,0.0
2025-12-09,0.8735,0.8735,0.8735,0.8735,0.0
2025-12-10,0.8741,0.8741,0.8741,0.8741,0.0
2025-12-11,0.8751,0.8751,0.8751,0.8751,0.0
2025-12-12,0.8767,0.8767,0.8767,0.8767,0.0
2025-12-15,0.8779,0.8779,0.8779,0.8779,0.0
2025-12-16,0.8764,0.8764,0.8764,0.8764,0.0
2025-12-17,0.8785,0.8785,0.8785,0.8785,0.0
2025-12-18,0.8746,0.8746,0.8746,0.8746,0.0
2025-12-19,0.876,0.876,0.876,0.876,0.0
2025-12-22,0.8742,0.8742,0.8742,0.8742,0.0
2025-12-23,0.8729,0.8729,0.8729,0.8729,0.0
2025-12-24,0.8729,0.8729,0.8729,0.8729,0.0
2025-12-29,0.8726,0.8726,0.8726,0.8726,0.0
2025-12-30,0.8712,0.8712,0.8712,0.8712,0.0
2025-12-31,0.8726,0.8726,0.8726,0.8726,0.0
2026-01-02,0.8719,0.8719,0.8719,0.8719,0.0
2026-01-05,0.8676,0.8676,0.8676,0.8676,0.0
2026-01-06,0.8663,0.8663,0.8663,0.8663,0.0
2026-01-07,0.8664,0.8664,0.8664,0.8664,0.0
2026-01-08,0.8687,0.8687,0.8687,0.8687,0.0
2026-01-09,0.8677,0.8677,0.8677,0.8677,0.0
2026-01-12,0.8674,0.8674,0.8674,0.8674,0.0
2026-01-13,0.866,0.866,0.866,0.866,0.0
2026-01-14,0.8668,0.8668,0.8668,0.8668,0.0
2026-01-15,0.8674,0.8674,0.8674,0.8674,0.0
2026-01-16,0.867,0.867,0.867,0.867,0.0
2026-01-19,0.8671,0.8671,0.8671,0.8671,0.0
2026-01-20,0.8722,0.8722,0.8722,0.8722,0.0
2026-01-21,0.8744,0.8744,0.8744,0.8744,0.0
2026-01-22,0.8722,0.8722,0.8722,0.8722,0.0
2026-01-23,0.8681,0.8681,0.8681,0.8681,0.0
2026-01-26,0.8675,0.8675,0.8675,0.8675,0.0
2026-01-27,0.8683,0.8683,0.8683,0.8683,0.0
2026-01-28,0.8685,0.8685,0.8685,0.8685,0.0
2026-01-29,0.8662,0.8662,0.8662,0.8662,0.0
2026-01-30,0.8662,0.8662,0.8662,0.8662,0.0
2026-02-02,0.8658,0.8658,0.8658,0.8658,0.0
2026-02-03,0.8623,0.8623,0.8623,0.8623,0.0
2026-02-04,0.8616,0.8616,0.8616,0.8616,0.0
2026-02-05,0.8691,0.8691,0.8691,0.8691,0.0
2026-02-06,0.8679,0.8679,0.8679,0.8679,0.0
2026-02-09,0.8701,0.8701,0.8701,0.8701,0.0
2026-02-10,0.8695,0.8695,0.8695,0.8695,0.0
2026-02-11,0.8699,0.8699,0.8699,0.8699,0.0
2026-02-12,0.8711,0.8711,0.8711,0.8711,0.0
2026-02-13,0.8716,0.8716,0.8716,0.8716,0.0
2026-02-16,0.869,0.869,0.869,0.869,0.0
2026-02-17,0.8733,0.8733,0.8733,0.8733,0.0
2026-02-18,0.8724,0.8724,0.8724,0.8724,0.0
2026-02-19,0.8738,0.8738,0.8738,0.8738,0.0
2026-02-20,0.8728,0.8728,0.8728,0.8728,0.0
2026-02-23,0.8734,0.8734,0.8734,0.8734,0.0
2026-02-24,0.8731,0.8731,0.8731,0.8731,0.0
2026-02-25,0.8714,0.8714,0.8714,0.8714,0.0
2026-02-26,0.8719,0.8719,0.8719,0.8719,0.0
2026-02-27,0.8763,0.8763,0.8763,0.8763,0.0
2026-03-02,0.8739,0.8739,0.8739,0.8739,0.0
2026-03-03,0.8717,0.8717,0.8717,0.8717,0.0
2026-03-04,0.8705,0.8705,0.8705,0.8705,0.0
2026-03-05,0.8695,0.8695,0.8695,0.8695,0.0
2026-03-06,0.86693,0.86693,0.86693,0.86693,0.0
2026-03-09,0.8653,0.8653,0.8653,0.8653,0.0
2026-03-10,0.86545,0.86545,0.86545,0.86545,0.0
2026-03-11,0.86363,0.86363,0.86363,0.86363,0.0
2026-03-12,0.86243,0.86243,0.86243,0.86243,0.0
2026-03-13,0.86503,0.86503,0.86503,0.86503,0.0
2026-03-16,0.86408,0.86408,0.86408,0.86408,0.0
2026-03-17,0.8643,0.8643,0.8643,0.8643,0.0
2026-03-18,0.86393,0.86393,0.86393,0.86393,0.0
2026-03-19,0.86388,0.86388,0.86388,0.86388,0.0
2026-03-20,0.86438,0.86438,0.86438,0.86438,0.0
2026-03-23,0.8642,0.8642,0.8642,0.8642,0.0
2026-03-24,0.86541,0.86541,0.86541,0.86541,0.0
2026-03-25,0.86558,0.86558,0.86558,0.86558,0.0
2026-03-26,0.86515,0.86515,0.86515,0.86515,0.0
2026-03-27,0.8672,0.8672,0.8672,0.8672,0.0
2026-03-30,0.86803,0.86803,0.86803,0.86803,0.0
2026-03-31,0.86833,0.86833,0.86833,0.86833,0.0
2026-04-01,0.87113,0.87113,0.87113,0.87113,0.0
2026-04-02,0.87253,0.87253,0.87253,0.87253,0.0
2026-04-07,0.87258,0.87258,0.87258,0.87258,0.0
2026-04-08,0.86893,0.86893,0.86893,0.86893,0.0
2026-04-09,0.87053,0.87053,0.87053,0.87053,0.0
2026-04-10,0.87105,0.87105,0.87105,0.87105,0.0
2026-04-13,0.87058,0.87058,0.87058,0.87058,0.0
2026-04-14,0.86913,0.86913,0.86913,0.86913,0.0
2026-04-15,0.86935,0.86935,0.86935,0.86935,0.0
2026-04-16,0.86993,0.86993,0.86993,0.86993,0.0
2026-04-17,0.87168,0.87168,0.87168,0.87168,0.0
2026-04-20,0.87045,0.87045,0.87045,0.87045,0.0
2026-04-21,0.87035,0.87035,0.87035,0.87035,0.0
2026-04-22,0.86903,0.86903,0.86903,0.86903,0.0
2026-04-23,0.86575,0.86575,0.86575,0.86575,0.0
2026-04-24,0.86803,0.86803,0.86803,0.86803,0.0
2026-04-27,0.8658,0.8658,0.8658,0.8658,0.0
2026-04-28,0.86715,0.86715,0.86715,0.86715,0.0
2026-04-29,0.86643,0.86643,0.86643,0.86643,0.0
2026-04-30,0.86625,0.86625,0.86625,0.86625,0.0
2026-05-04,0.86358,0.86358,0.86358,0.86358,0.0
2026-05-05,0.86343,0.86343,0.86343,0.86343,0.0
2026-05-06,0.8637,0.8637,0.8637,0.8637,0.0
2026-05-07,0.8641,0.8641,0.8641,0.8641,0.0
2026-05-08,0.8641,0.8641,0.8641,0.8641,0.0
2026-05-11,0.86488,0.86488,0.86488,0.86488,0.0
2026-05-12,0.86803,0.86803,0.86803,0.86803,0.0
2026-05-13,0.86713,0.86713,0.86713,0.86713,0.0
2026-05-14,0.86618,0.86618,0.86618,0.86618,0.0
2026-05-15,0.8705,0.8705,0.8705,0.8705,0.0
2026-05-18,0.8702,0.8702,0.8702,0.8702,0.0
2026-05-19,0.86671,0.86671,0.86671,0.86671,0.0
2026-05-20,0.86555,0.86555,0.86555,0.86555,0.0
2026-05-21,0.86433,0.86433,0.86433,0.86433,0.0
2026-05-22,0.86418,0.86418,0.86418,0.86418,0.0
2026-05-25,0.86255,0.86255,0.86255,0.86255,0.0
2026-05-26,0.86375,0.86375,0.86375,0.86375,0.0
2026-05-27,0.86618,0.86618,0.86618,0.86618,0.0
2026-05-28,0.86665,0.86665,0.86665,0.86665,0.0
2026-05-29,0.86723,0.86723,0.86723,0.86723,0.0
2026-06-01,0.86493,0.86493,0.86493,0.86493,0.0
2026-06-02,0.86465,0.86465,0.86465,0.86465,0.0
2026-06-03,0.8637,0.8637,0.8637,0.8637,0.0
2026-06-04,0.8649,0.8649,0.8649,0.8649,0.0
2026-06-05,0.86433,0.86433,0.86433,0.86433,0.0
2026-06-08,0.8636,0.8636,0.8636,0.8636,0.0
2026-06-09,0.8634,0.8634,0.8634,0.8634,0.0
2026-06-10,0.86228,0.86228,0.86228,0.86228,0.0
2026-06-11,0.8633,0.8633,0.8633,0.8633,0.0
2026-06-12,0.86305,0.86305,0.86305,0.86305,0.0
2026-06-15,0.86483,0.86483,0.86483,0.86483,0.0
2026-06-16,0.86471,0.86471,0.86471,0.86471,0.0
2026-06-17,0.86463,0.86463,0.86463,0.86463,0.0
2026-06-18,0.86638,0.86638,0.86638,0.86638,0.0
2026-06-19,0.86653,0.86653,0.86653,0.86653,0.0
2026-06-22,0.86468,0.86468,0.86468,0.86468,0.0
2026-06-23,0.862,0.862,0.862,0.862,0.0
2026-06-24,0.86165,0.86165,0.86165,0.86165,0.0
2026-06-25,0.86183,0.86183,0.86183,0.86183,0.0
2026-06-26,0.86253,0.86253,0.86253,0.86253,0.0
2026-06-29,0.86215,0.86215,0.86215,0.86215,0.0
2026-06-30,0.86178,0.86178,0.86178,0.86178,0.0
2026-07-01,0.85973,0.85973,0.85973,0.85973,0.0
2026-07-02,0.85665,0.85665,0.85665,0.85665,0.0
2026-07-03,0.8572,0.8572,0.8572,0.8572,0.0
2026-07-06,0.85538,0.85538,0.85538,0.85538,0.0
2026-07-07,0.85411,0.85411,0.85411,0.85411,0.0
2026-07-08,0.85435,0.85435,0.85435,0.85435,0.0
2026-07-09,0.85363,0.85363,0.85363,0.85363,0.0
2026-07-10,0.85155,0.85155,0.85155,0.85155,0.0
2026-07-13,0.8533,0.8533,0.8533,0.8533,0.0
2026-07-14,0.85215,0.85215,0.85215,0.85215,0.0
2026-07-15,0.85093,0.85093,0.85093,0.85093,0.0
2026-07-16,0.84873,0.84873,0.84873,0.84873,0.0
2026-07-17,0.85098,0.85098,0.85098,0.85098,0.0
2026-07-20,0.84888,0.84888,0.84888,0.84888,0.0
2026-07-21,0.85205,0.85205,0.85205,0.85205,0.0
2026-07-22,0.8534,0.8534,0.8534,0.8534,0.0
2026-07-23,0.85318,0.85318,0.85318,0.85318,0.0
2026-07-24,0.85388,0.85388,0.85388,0.85388,0.0
2026-07-27,0.85524,0.85524,0.85524,0.85524,0.0
2026-07-28,0.8555,0.8555,0.8555,0.8555,0.0
2026-07-29,0.85635,0.85635,0.85635,0.85635,0.0
2026-07-30,0.85715,0.85715,0.85715,0.85715,0.0
2026-07-31,0.85573,0.85573,0.85573,0.85573,0.0
2026-08-03,0.85633,0.85633,0.85633,0.85633,0.0
2026-08-04,0.85639,0.85639,0.85639,0.85639,0.0
2026-08-05,0.8572,0.8572,0.8572,0.8572,0.0
2026-08-06,0.85705,0.85705,0.85705,0.85705,0.0
2026-08-07,0.85765,0.85765,0.85765,0.85765,0.0
2026-08-10,0.85565,0.85565,0.85565,0.85565,0.0
2026-08-11,0.85483,0.85483,0.85483,0.85483,0.0
