timestamp,open,high,low,close,volume
2006-12-29,156.93,156.93,156.93,156.93,0.0
2007-01-02,157.76,157.76,157.76,157.76,0.0
2007-01-03,157.76,157.76,157.76,157.76,0.0
2007-01-04,156.11,156.11,156.11,156.11,0.0
2007-01-05,154.55,154.55,154.55,154.55,0.0
2007-01-08,154.42,154.42,154.42,154.42,0.0
2007-01-09,155.26,155.26,155.26,155.26,0.0
2007-01-10,154.99,154.99,154.99,154.99,0.0
2007-01-11,156.16,156.16,156.16,156.16,0.0
2007-01-12,155.24,155.24,155.24,155.24,0.0
2007-01-15,156.0,156.0,156.0,156.0,0.0
2007-01-16,156.27,156.27,156.27,156.27,0.0
2007-01-17,155.75,155.75,155.75,155.75,0.0
2007-01-18,156.79,156.79,156.79,156.79,0.0
2007-01-19,157.13,157.13,157.13,157.13,0.0
2007-01-22,157.53,157.53,157.53,157.53,0.0
2007-01-23,158.02,158.02,158.02,158.02,0.0
2007-01-24,158.06,158.06,158.06,158.06,0.0
2007-01-25,156.88,156.88,156.88,156.88,0.0
2007-01-26,156.71,156.71,156.71,156.71,0.0
2007-01-29,157.7,157.7,157.7,157.7,0.0
2007-01-30,157.99,157.99,157.99,157.99,0.0
2007-01-31,157.27,157.27,157.27,157.27,0.0
2007-02-01,156.85,156.85,156.85,156.85,0.0
2007-02-02,157.63,157.63,157.63,157.63,0.0
2007-02-05,155.85,155.85,155.85,155.85,0.0
2007-02-06,155.56,155.56,155.56,155.56,0.0
2007-02-07,156.74,156.74,156.74,156.74,0.0
2007-02-08,157.68,157.68,157.68,157.68,0.0
2007-02-09,158.06,158.06,158.06,158.06,0.0
2007-02-12,157.94,157.94,157.94,157.94,0.0
2007-02-13,157.99,157.99,157.99,157.99,0.0
2007-02-14,158.55,158.55,158.55,158.55,0.0
2007-02-15,157.78,157.78,157.78,157.78,0.0
2007-02-16,156.27,156.27,156.27,156.27,0.0
2007-02-19,157.01,157.01,157.01,157.01,0.0
2007-02-20,158.01,158.01,158.01,158.01,0.0
2007-02-21,158.91,158.91,158.91,158.91,0.0
2007-02-22,159.0,159.0,159.0,159.0,0.0
2007-02-23,159.35,159.35,159.35,159.35,0.0
2007-02-26,158.7,158.7,158.7,158.7,0.0
2007-02-27,157.68,157.68,157.68,157.68,0.0
2007-02-28,156.45,156.45,156.45,156.45,0.0
2007-03-01,155.42,155.42,155.42,155.42,0.0
2007-03-02,153.91,153.91,153.91,153.91,0.0
2007-03-05,150.93,150.93,150.93,150.93,0.0
2007-03-06,152.69,152.69,152.69,152.69,0.0
2007-03-07,152.81,152.81,152.81,152.81,0.0
2007-03-08,154.02,154.02,154.02,154.02,0.0
2007-03-09,154.28,154.28,154.28,154.28,0.0
2007-03-12,154.44,154.44,154.44,154.44,0.0
2007-03-13,154.14,154.14,154.14,154.14,0.0
2007-03-14,153.66,153.66,153.66,153.66,0.0
2007-03-15,155.09,155.09,155.09,155.09,0.0
2007-03-16,155.62,155.62,155.62,155.62,0.0
2007-03-19,156.17,156.17,156.17,156.17,0.0
2007-03-20,156.15,156.15,156.15,156.15,0.0
2007-03-21,156.64,156.64,156.64,156.64,0.0
2007-03-22,157.27,157.27,157.27,157.27,0.0
2007-03-23,156.65,156.65,156.65,156.65,0.0
2007-03-26,157.05,157.05,157.05,157.05,0.0
2007-03-27,157.91,157.91,157.91,157.91,0.0
2007-03-28,156.38,156.38,156.38,156.38,0.0
2007-03-29,156.75,156.75,156.75,156.75,0.0
2007-03-30,157.32,157.32,157.32,157.32,0.0
2007-04-02,157.35,157.35,157.35,157.35,0.0
2007-04-03,158.53,158.53,158.53,158.53,0.0
2007-04-04,158.7,158.7,158.7,158.7,0.0
2007-04-05,159.0,159.0,159.0,159.0,0.0
2007-04-10,160.05,160.05,160.05,160.05,0.0
2007-04-11,160.0,160.0,160.0,160.0,0.0
2007-04-12,160.62,160.62,160.62,160.62,0.0
2007-04-13,160.55,160.55,160.55,160.55,0.0
2007-04-16,161.96,161.96,161.96,161.96,0.0
2007-04-17,161.81,161.81,161.81,161.81,0.0
2007-04-18,160.77,160.77,160.77,160.77,0.0
2007-04-19,160.13,160.13,160.13,160.13,0.0
2007-04-20,161.45,161.45,161.45,161.45,0.0
2007-04-23,160.91,160.91,160.91,160.91,0.0
2007-04-24,161.39,161.39,161.39,161.39,0.0
2007-04-25,161.95,161.95,161.95,161.95,0.0
2007-04-26,162.26,162.26,162.26,162.26,0.0
2007-04-27,162.76,162.76,162.76,162.76,0.0
2007-04-30,162.82,162.82,162.82,162.82,0.0
2007-05-02,163.28,163.28,163.28,163.28,0.0
2007-05-03,163.47,163.47,163.47,163.47,0.0
2007-05-04,163.15,163.15,163.15,163.15,0.0
2007-05-07,163.31,163.31,163.31,163.31,0.0
2007-05-08,162.29,162.29,162.29,162.29,0.0
2007-05-09,162.35,162.35,162.35,162.35,0.0
2007-05-10,162.86,162.86,162.86,162.86,0.0
2007-05-11,161.46,161.46,161.46,161.46,0.0
2007-05-14,163.06,163.06,163.06,163.06,0.0
2007-05-15,163.08,163.08,163.08,163.08,0.0
2007-05-16,163.64,163.64,163.64,163.64,0.0
2007-05-17,163.77,163.77,163.77,163.77,0.0
2007-05-18,163.0,163.0,163.0,163.0,0.0
2007-05-21,163.32,163.32,163.32,163.32,0.0
2007-05-22,163.47,163.47,163.47,163.47,0.0
2007-05-23,163.85,163.85,163.85,163.85,0.0
2007-05-24,163.2,163.2,163.2,163.2,0.0
2007-05-25,163.5,163.5,163.5,163.5,0.0
2007-05-28,163.71,163.71,163.71,163.71,0.0
2007-05-29,164.23,164.23,164.23,164.23,0.0
2007-05-30,163.26,163.26,163.26,163.26,0.0
2007-05-31,163.56,163.56,163.56,163.56,0.0
2007-06-01,163.81,163.81,163.81,163.81,0.0
2007-06-04,164.34,164.34,164.34,164.34,0.0
2007-06-05,164.42,164.42,164.42,164.42,0.0
2007-06-06,163.67,163.67,163.67,163.67,0.0
2007-06-07,163.43,163.43,163.43,163.43,0.0
2007-06-08,162.4,162.4,162.4,162.4,0.0
2007-06-11,162.55,162.55,162.55,162.55,0.0
2007-06-12,162.56,162.56,162.56,162.56,0.0
2007-06-13,162.52,162.52,162.52,162.52,0.0
2007-06-14,163.56,163.56,163.56,163.56,0.0
2007-06-15,164.42,164.42,164.42,164.42,0.0
2007-06-18,165.46,165.46,165.46,165.46,0.0
2007-06-19,165.46,165.46,165.46,165.46,0.0
2007-06-20,165.88,165.88,165.88,165.88,0.0
2007-06-21,165.5,165.5,165.5,165.5,0.0
2007-06-22,166.75,166.75,166.75,166.75,0.0
2007-06-25,166.21,166.21,166.21,166.21,0.0
2007-06-26,165.78,165.78,165.78,165.78,0.0
2007-06-27,164.69,164.69,164.69,164.69,0.0
2007-06-28,165.61,165.61,165.61,165.61,0.0
2007-06-29,166.63,166.63,166.63,166.63,0.0
2007-07-02,166.66,166.66,166.66,166.66,0.0
2007-07-03,166.63,166.63,166.63,166.63,0.0
2007-07-04,166.87,166.87,166.87,166.87,0.0
2007-07-05,167.1,167.1,167.1,167.1,0.0
2007-07-06,167.57,167.57,167.57,167.57,0.0
2007-07-09,168.13,168.13,168.13,168.13,0.0
2007-07-10,167.86,167.86,167.86,167.86,0.0
2007-07-11,167.39,167.39,167.39,167.39,0.0
2007-07-12,168.39,168.39,168.39,168.39,0.0
2007-07-13,168.68,168.68,168.68,168.68,0.0
2007-07-16,167.84,167.84,167.84,167.84,0.0
2007-07-17,168.07,168.07,168.07,168.07,0.0
2007-07-18,168.3,168.3,168.3,168.3,0.0
2007-07-19,168.66,168.66,168.66,168.66,0.0
2007-07-20,168.46,168.46,168.46,168.46,0.0
2007-07-23,167.58,167.58,167.58,167.58,0.0
2007-07-24,167.22,167.22,167.22,167.22,0.0
2007-07-25,165.55,165.55,165.55,165.55,0.0
2007-07-26,164.52,164.52,164.52,164.52,0.0
2007-07-27,162.12,162.12,162.12,162.12,0.0
2007-07-30,161.58,161.58,161.58,161.58,0.0
2007-07-31,163.59,163.59,163.59,163.59,0.0
2007-08-01,161.9,161.9,161.9,161.9,0.0
2007-08-02,162.8,162.8,162.8,162.8,0.0
2007-08-03,163.24,163.24,163.24,163.24,0.0
2007-08-06,162.88,162.88,162.88,162.88,0.0
2007-08-07,163.67,163.67,163.67,163.67,0.0
2007-08-08,164.5,164.5,164.5,164.5,0.0
2007-08-09,162.68,162.68,162.68,162.68,0.0
2007-08-10,160.37,160.37,160.37,160.37,0.0
2007-08-13,161.47,161.47,161.47,161.47,0.0
2007-08-14,160.74,160.74,160.74,160.74,0.0
2007-08-15,157.39,157.39,157.39,157.39,0.0
2007-08-16,153.19,153.19,153.19,153.19,0.0
2007-08-17,152.74,152.74,152.74,152.74,0.0
2007-08-20,155.14,155.14,155.14,155.14,0.0
2007-08-21,154.98,154.98,154.98,154.98,0.0
2007-08-22,155.32,155.32,155.32,155.32,0.0
2007-08-23,158.26,158.26,158.26,158.26,0.0
2007-08-24,157.7,157.7,157.7,157.7,0.0
2007-08-27,158.63,158.63,158.63,158.63,0.0
2007-08-28,157.55,157.55,157.55,157.55,0.0
2007-08-29,156.48,156.48,156.48,156.48,0.0
2007-08-30,157.33,157.33,157.33,157.33,0.0
2007-08-31,159.25,159.25,159.25,159.25,0.0
2007-09-03,157.86,157.86,157.86,157.86,0.0
2007-09-04,156.84,156.84,156.84,156.84,0.0
2007-09-05,157.11,157.11,157.11,157.11,0.0
2007-09-06,157.32,157.32,157.32,157.32,0.0
2007-09-07,157.79,157.79,157.79,157.79,0.0
2007-09-10,156.64,156.64,156.64,156.64,0.0
2007-09-11,157.31,157.31,157.31,157.31,0.0
2007-09-12,158.14,158.14,158.14,158.14,0.0
2007-09-13,159.52,159.52,159.52,159.52,0.0
2007-09-14,159.2,159.2,159.2,159.2,0.0
2007-09-17,159.45,159.45,159.45,159.45,0.0
2007-09-18,160.16,160.16,160.16,160.16,0.0
2007-09-19,161.8,161.8,161.8,161.8,0.0
2007-09-20,161.43,161.43,161.43,161.43,0.0
2007-09-21,162.46,162.46,162.46,162.46,0.0
2007-09-24,162.35,162.35,162.35,162.35,0.0
2007-09-25,161.24,161.24,161.24,161.24,0.0
2007-09-26,162.93,162.93,162.93,162.93,0.0
2007-09-27,163.29,163.29,163.29,163.29,0.0
2007-09-28,163.55,163.55,163.55,163.55,0.0
2007-10-01,164.76,164.76,164.76,164.76,0.0
2007-10-02,163.92,163.92,163.92,163.92,0.0
2007-10-03,164.86,164.86,164.86,164.86,0.0
2007-10-04,164.51,164.51,164.51,164.51,0.0
2007-10-05,164.6,164.6,164.6,164.6,0.0
2007-10-08,165.49,165.49,165.49,165.49,0.0
2007-10-09,164.54,164.54,164.54,164.54,0.0
2007-10-10,166.05,166.05,166.05,166.05,0.0
2007-10-11,166.96,166.96,166.96,166.96,0.0
2007-10-12,166.51,166.51,166.51,166.51,0.0
2007-10-15,167.52,167.52,167.52,167.52,0.0
2007-10-16,165.17,165.17,165.17,165.17,0.0
2007-10-17,166.27,166.27,166.27,166.27,0.0
2007-10-18,165.0,165.0,165.0,165.0,0.0
2007-10-19,164.86,164.86,164.86,164.86,0.0
2007-10-22,161.4,161.4,161.4,161.4,0.0
2007-10-23,163.5,163.5,163.5,163.5,0.0
2007-10-24,162.67,162.67,162.67,162.67,0.0
2007-10-25,163.64,163.64,163.64,163.64,0.0
2007-10-26,164.5,164.5,164.5,164.5,0.0
2007-10-29,165.17,165.17,165.17,165.17,0.0
2007-10-30,165.41,165.41,165.41,165.41,0.0
2007-10-31,166.49,166.49,166.49,166.49,0.0
2007-11-01,166.29,166.29,166.29,166.29,0.0
2007-11-02,166.88,166.88,166.88,166.88,0.0
2007-11-05,165.39,165.39,165.39,165.39,0.0
2007-11-06,166.9,166.9,166.9,166.9,0.0
2007-11-07,166.07,166.07,166.07,166.07,0.0
2007-11-08,165.9,165.9,165.9,165.9,0.0
2007-11-09,163.22,163.22,163.22,163.22,0.0
2007-11-12,159.55,159.55,159.55,159.55,0.0
2007-11-13,160.96,160.96,160.96,160.96,0.0
2007-11-14,163.26,163.26,163.26,163.26,0.0
2007-11-15,161.98,161.98,161.98,161.98,0.0
2007-11-16,161.98,161.98,161.98,161.98,0.0
2007-11-19,161.58,161.58,161.58,161.58,0.0
2007-11-20,162.85,162.85,162.85,162.85,0.0
2007-11-21,160.92,160.92,160.92,160.92,0.0
2007-11-22,161.22,161.22,161.22,161.22,0.0
2007-11-23,159.87,159.87,159.87,159.87,0.0
2007-11-26,160.96,160.96,160.96,160.96,0.0
2007-11-27,160.11,160.11,160.11,160.11,0.0
2007-11-28,162.02,162.02,162.02,162.02,0.0
2007-11-29,162.26,162.26,162.26,162.26,0.0
2007-11-30,163.43,163.43,163.43,163.43,0.0
2007-12-03,161.82,161.82,161.82,161.82,0.0
2007-12-04,161.85,161.85,161.85,161.85,0.0
2007-12-05,162.33,162.33,162.33,162.33,0.0
2007-12-06,161.55,161.55,161.55,161.55,0.0
2007-12-07,163.38,163.38,163.38,163.38,0.0
2007-12-10,164.53,164.53,164.53,164.53,0.0
2007-12-11,164.24,164.24,164.24,164.24,0.0
2007-12-12,163.41,163.41,163.41,163.41,0.0
2007-12-13,164.21,164.21,164.21,164.21,0.0
2007-12-14,163.99,163.99,163.99,163.99,0.0
2007-12-17,163.12,163.12,163.12,163.12,0.0
2007-12-18,163.44,163.44,163.44,163.44,0.0
2007-12-19,162.54,162.54,162.54,162.54,0.0
2007-12-20,162.3,162.3,162.3,162.3,0.0
2007-12-21,163.27,163.27,163.27,163.27,0.0
2007-12-24,164.25,164.25,164.25,164.25,0.0
2007-12-27,166.22,166.22,166.22,166.22,0.0
2007-12-28,166.13,166.13,166.13,166.13,0.0
2007-12-31,164.93,164.93,164.93,164.93,0.0
2008-01-02,163.83,163.83,163.83,163.83,0.0
2008-01-03,160.68,160.68,160.68,160.68,0.0
2008-01-04,160.86,160.86,160.86,160.86,0.0
2008-01-07,160.65,160.65,160.65,160.65,0.0
2008-01-08,161.23,161.23,161.23,161.23,0.0
2008-01-09,160.61,160.61,160.61,160.61,0.0
2008-01-10,161.08,161.08,161.08,161.08,0.0
2008-01-11,161.18,161.18,161.18,161.18,0.0
2008-01-14,160.55,160.55,160.55,160.55,0.0
2008-01-15,160.02,160.02,160.02,160.02,0.0
2008-01-16,157.29,157.29,157.29,157.29,0.0
2008-01-17,157.07,157.07,157.07,157.07,0.0
2008-01-18,157.7,157.7,157.7,157.7,0.0
2008-01-21,153.85,153.85,153.85,153.85,0.0
2008-01-22,154.13,154.13,154.13,154.13,0.0
2008-01-23,153.5,153.5,153.5,153.5,0.0
2008-01-24,156.3,156.3,156.3,156.3,0.0
2008-01-25,158.35,158.35,158.35,158.35,0.0
2008-01-28,157.67,157.67,157.67,157.67,0.0
2008-01-29,158.02,158.02,158.02,158.02,0.0
2008-01-30,158.39,158.39,158.39,158.39,0.0
2008-01-31,157.93,157.93,157.93,157.93,0.0
2008-02-01,158.51,158.51,158.51,158.51,0.0
2008-02-04,158.5,158.5,158.5,158.5,0.0
2008-02-05,157.79,157.79,157.79,157.79,0.0
2008-02-06,155.58,155.58,155.58,155.58,0.0
2008-02-07,154.59,154.59,154.59,154.59,0.0
2008-02-08,155.89,155.89,155.89,155.89,0.0
2008-02-11,155.42,155.42,155.42,155.42,0.0
2008-02-12,156.18,156.18,156.18,156.18,0.0
2008-02-13,156.83,156.83,156.83,156.83,0.0
2008-02-14,158.22,158.22,158.22,158.22,0.0
2008-02-15,157.78,157.78,157.78,157.78,0.0
2008-02-18,158.36,158.36,158.36,158.36,0.0
2008-02-19,158.64,158.64,158.64,158.64,0.0
2008-02-20,158.32,158.32,158.32,158.32,0.0
2008-02-21,159.27,159.27,159.27,159.27,0.0
2008-02-22,158.76,158.76,158.76,158.76,0.0
2008-02-25,159.71,159.71,159.71,159.71,0.0
2008-02-26,160.45,160.45,160.45,160.45,0.0
2008-02-27,159.95,159.95,159.95,159.95,0.0
2008-02-28,160.57,160.57,160.57,160.57,0.0
2008-02-29,158.03,158.03,158.03,158.03,0.0
2008-03-03,156.79,156.79,156.79,156.79,0.0
2008-03-04,156.78,156.78,156.78,156.78,0.0
2008-03-05,157.65,157.65,157.65,157.65,0.0
2008-03-06,158.55,158.55,158.55,158.55,0.0
2008-03-07,157.47,157.47,157.47,157.47,0.0
2008-03-10,156.87,156.87,156.87,156.87,0.0
2008-03-11,158.37,158.37,158.37,158.37,0.0
2008-03-12,158.45,158.45,158.45,158.45,0.0
2008-03-13,156.45,156.45,156.45,156.45,0.0
2008-03-14,157.07,157.07,157.07,157.07,0.0
2008-03-17,152.5,152.5,152.5,152.5,0.0
2008-03-18,154.42,154.42,154.42,154.42,0.0
2008-03-19,156.16,156.16,156.16,156.16,0.0
2008-03-20,153.2,153.2,153.2,153.2,0.0
2008-03-25,155.9,155.9,155.9,155.9,0.0
2008-03-26,155.89,155.89,155.89,155.89,0.0
2008-03-27,157.53,157.53,157.53,157.53,0.0
2008-03-28,157.86,157.86,157.86,157.86,0.0
2008-03-31,157.37,157.37,157.37,157.37,0.0
2008-04-01,157.55,157.55,157.55,157.55,0.0
2008-04-02,159.4,159.4,159.4,159.4,0.0
2008-04-03,159.75,159.75,159.75,159.75,0.0
2008-04-04,160.88,160.88,160.88,160.88,0.0
2008-04-07,161.13,161.13,161.13,161.13,0.0
2008-04-08,160.75,160.75,160.75,160.75,0.0
2008-04-09,161.36,161.36,161.36,161.36,0.0
2008-04-10,159.18,159.18,159.18,159.18,0.0
2008-04-11,159.83,159.83,159.83,159.83,0.0
2008-04-14,159.38,159.38,159.38,159.38,0.0
2008-04-15,159.87,159.87,159.87,159.87,0.0
2008-04-16,161.41,161.41,161.41,161.41,0.0
2008-04-17,162.74,162.74,162.74,162.74,0.0
2008-04-18,163.99,163.99,163.99,163.99,0.0
2008-04-21,164.43,164.43,164.43,164.43,0.0
2008-04-22,164.43,164.43,164.43,164.43,0.0
2008-04-23,164.3,164.3,164.3,164.3,0.0
2008-04-24,163.07,163.07,163.07,163.07,0.0
2008-04-25,163.01,163.01,163.01,163.01,0.0
2008-04-28,163.55,163.55,163.55,163.55,0.0
2008-04-29,161.73,161.73,161.73,161.73,0.0
2008-04-30,162.62,162.62,162.62,162.62,0.0
2008-05-02,161.94,161.94,161.94,161.94,0.0
2008-05-05,162.73,162.73,162.73,162.73,0.0
2008-05-06,162.25,162.25,162.25,162.25,0.0
2008-05-07,162.55,162.55,162.55,162.55,0.0
2008-05-08,160.15,160.15,160.15,160.15,0.0
2008-05-09,158.81,158.81,158.81,158.81,0.0
2008-05-12,160.42,160.42,160.42,160.42,0.0
2008-05-13,160.71,160.71,160.71,160.71,0.0
2008-05-14,162.48,162.48,162.48,162.48,0.0
2008-05-15,162.61,162.61,162.61,162.61,0.0
2008-05-16,162.29,162.29,162.29,162.29,0.0
2008-05-19,162.04,162.04,162.04,162.04,0.0
2008-05-20,162.84,162.84,162.84,162.84,0.0
2008-05-21,162.82,162.82,162.82,162.82,0.0
2008-05-22,162.71,162.71,162.71,162.71,0.0
2008-05-23,162.97,162.97,162.97,162.97,0.0
2008-05-26,162.97,162.97,162.97,162.97,0.0
2008-05-27,163.65,163.65,163.65,163.65,0.0
2008-05-28,164.07,164.07,164.07,164.07,0.0
2008-05-29,163.76,163.76,163.76,163.76,0.0
2008-05-30,163.74,163.74,163.74,163.74,0.0
2008-06-02,162.64,162.64,162.64,162.64,0.0
2008-06-03,163.0,163.0,163.0,163.0,0.0
2008-06-04,161.82,161.82,161.82,161.82,0.0
2008-06-05,163.46,163.46,163.46,163.46,0.0
2008-06-06,165.75,165.75,165.75,165.75,0.0
2008-06-09,166.76,166.76,166.76,166.76,0.0
2008-06-10,165.77,165.77,165.77,165.77,0.0
2008-06-11,166.37,166.37,166.37,166.37,0.0
2008-06-12,166.08,166.08,166.08,166.08,0.0
2008-06-13,166.05,166.05,166.05,166.05,0.0
2008-06-16,167.26,167.26,167.26,167.26,0.0
2008-06-17,167.59,167.59,167.59,167.59,0.0
2008-06-18,167.62,167.62,167.62,167.62,0.0
2008-06-19,166.94,166.94,166.94,166.94,0.0
2008-06-20,167.83,167.83,167.83,167.83,0.0
2008-06-23,167.46,167.46,167.46,167.46,0.0
2008-06-24,168.0,168.0,168.0,168.0,0.0
2008-06-25,168.4,168.4,168.4,168.4,0.0
2008-06-26,169.23,169.23,169.23,169.23,0.0
2008-06-27,167.08,167.08,167.08,167.08,0.0
2008-06-30,166.44,166.44,166.44,166.44,0.0
2008-07-01,166.57,166.57,166.57,166.57,0.0
2008-07-02,168.41,168.41,168.41,168.41,0.0
2008-07-03,168.62,168.62,168.62,168.62,0.0
2008-07-04,167.31,167.31,167.31,167.31,0.0
2008-07-07,168.47,168.47,168.47,168.47,0.0
2008-07-08,167.96,167.96,167.96,167.96,0.0
2008-07-09,168.87,168.87,168.87,168.87,0.0
2008-07-10,168.5,168.5,168.5,168.5,0.0
2008-07-11,168.35,168.35,168.35,168.35,0.0
2008-07-14,169.24,169.24,169.24,169.24,0.0
2008-07-15,167.48,167.48,167.48,167.48,0.0
2008-07-16,165.66,165.66,165.66,165.66,0.0
2008-07-17,167.43,167.43,167.43,167.43,0.0
2008-07-18,169.03,169.03,169.03,169.03,0.0
2008-07-21,169.65,169.65,169.65,169.65,0.0
2008-07-22,169.26,169.26,169.26,169.26,0.0
2008-07-23,169.75,169.75,169.75,169.75,0.0
2008-07-24,168.92,168.92,168.92,168.92,0.0
2008-07-25,168.77,168.77,168.77,168.77,0.0
2008-07-28,169.63,169.63,169.63,169.63,0.0
2008-07-29,169.33,169.33,169.33,169.33,0.0
2008-07-30,168.2,168.2,168.2,168.2,0.0
2008-07-31,169.02,169.02,169.02,169.02,0.0
2008-08-01,167.44,167.44,167.44,167.44,0.0
2008-08-04,168.39,168.39,168.39,168.39,0.0
2008-08-05,167.06,167.06,167.06,167.06,0.0
2008-08-06,168.16,168.16,168.16,168.16,0.0
2008-08-07,169.16,169.16,169.16,169.16,0.0
2008-08-08,165.61,165.61,165.61,165.61,0.0
2008-08-11,164.73,164.73,164.73,164.73,0.0
2008-08-12,163.97,163.97,163.97,163.97,0.0
2008-08-13,162.05,162.05,162.05,162.05,0.0
2008-08-14,163.36,163.36,163.36,163.36,0.0
2008-08-15,162.7,162.7,162.7,162.7,0.0
2008-08-18,162.2,162.2,162.2,162.2,0.0
2008-08-19,161.11,161.11,161.11,161.11,0.0
2008-08-20,162.22,162.22,162.22,162.22,0.0
2008-08-21,160.35,160.35,160.35,160.35,0.0
2008-08-22,162.55,162.55,162.55,162.55,0.0
2008-08-25,162.32,162.32,162.32,162.32,0.0
2008-08-26,160.19,160.19,160.19,160.19,0.0
2008-08-27,160.98,160.98,160.98,160.98,0.0
2008-08-28,161.44,161.44,161.44,161.44,0.0
2008-08-29,160.22,160.22,160.22,160.22,0.0
2008-09-01,157.72,157.72,157.72,157.72,0.0
2008-09-02,158.01,158.01,158.01,158.01,0.0
2008-09-03,156.75,156.75,156.75,156.75,0.0
2008-09-04,156.76,156.76,156.76,156.76,0.0
2008-09-05,151.54,151.54,151.54,151.54,0.0
2008-09-08,154.42,154.42,154.42,154.42,0.0
2008-09-09,152.9,152.9,152.9,152.9,0.0
2008-09-10,150.52,150.52,150.52,150.52,0.0
2008-09-11,148.69,148.69,148.69,148.69,0.0
2008-09-12,150.91,150.91,150.91,150.91,0.0
2008-09-15,149.87,149.87,149.87,149.87,0.0
2008-09-16,148.07,148.07,148.07,148.07,0.0
2008-09-17,150.26,150.26,150.26,150.26,0.0
2008-09-18,151.96,151.96,151.96,151.96,0.0
2008-09-19,153.03,153.03,153.03,153.03,0.0
2008-09-22,155.2,155.2,155.2,155.2,0.0
2008-09-23,155.42,155.42,155.42,155.42,0.0
2008-09-24,155.57,155.57,155.57,155.57,0.0
2008-09-25,155.91,155.91,155.91,155.91,0.0
2008-09-26,154.13,154.13,154.13,154.13,0.0
2008-09-29,152.3,152.3,152.3,152.3,0.0
2008-09-30,150.47,150.47,150.47,150.47,0.0
2008-10-01,149.55,149.55,149.55,149.55,0.0
2008-10-02,146.45,146.45,146.45,146.45,0.0
2008-10-03,145.09,145.09,145.09,145.09,0.0
2008-10-06,140.78,140.78,140.78,140.78,0.0
2008-10-07,139.51,139.51,139.51,139.51,0.0
2008-10-08,138.42,138.42,138.42,138.42,0.0
2008-10-09,137.84,137.84,137.84,137.84,0.0
2008-10-10,134.68,134.68,134.68,134.68,0.0
2008-10-13,136.63,136.63,136.63,136.63,0.0
2008-10-14,141.25,141.25,141.25,141.25,0.0
2008-10-15,138.18,138.18,138.18,138.18,0.0
2008-10-16,135.91,135.91,135.91,135.91,0.0
2008-10-17,135.57,135.57,135.57,135.57,0.0
2008-10-20,136.45,136.45,136.45,136.45,0.0
2008-10-21,133.06,133.06,133.06,133.06,0.0
2008-10-22,126.88,126.88,126.88,126.88,0.0
2008-10-23,124.41,124.41,124.41,124.41,0.0
2008-10-24,117.4,117.4,117.4,117.4,0.0
2008-10-27,115.75,115.75,115.75,115.75,0.0
2008-10-28,119.42,119.42,119.42,119.42,0.0
2008-10-29,124.0,124.0,124.0,124.0,0.0
2008-10-30,128.73,128.73,128.73,128.73,0.0
2008-10-31,124.97,124.97,124.97,124.97,0.0
2008-11-03,126.38,126.38,126.38,126.38,0.0
2008-11-04,127.35,127.35,127.35,127.35,0.0
2008-11-05,127.4,127.4,127.4,127.4,0.0
2008-11-06,124.86,124.86,124.86,124.86,0.0
2008-11-07,124.29,124.29,124.29,124.29,0.0
2008-11-10,127.89,127.89,127.89,127.89,0.0
2008-11-11,124.77,124.77,124.77,124.77,0.0
2008-11-12,121.81,121.81,121.81,121.81,0.0
2008-11-13,120.34,120.34,120.34,120.34,0.0
2008-11-14,122.17,122.17,122.17,122.17,0.0
2008-11-17,121.93,121.93,121.93,121.93,0.0
2008-11-18,121.92,121.92,121.92,121.92,0.0
2008-11-19,122.07,122.07,122.07,122.07,0.0
2008-11-20,119.87,119.87,119.87,119.87,0.0
2008-11-21,119.3,119.3,119.3,119.3,0.0
2008-11-24,122.52,122.52,122.52,122.52,0.0
2008-11-25,123.08,123.08,123.08,123.08,0.0
2008-11-26,123.1,123.1,123.1,123.1,0.0
2008-11-27,123.04,123.04,123.04,123.04,0.0
2008-11-28,121.46,121.46,121.46,121.46,0.0
2008-12-01,118.42,118.42,118.42,118.42,0.0
2008-12-02,118.56,118.56,118.56,118.56,0.0
2008-12-03,117.39,117.39,117.39,117.39,0.0
2008-12-04,117.1,117.1,117.1,117.1,0.0
2008-12-05,116.91,116.91,116.91,116.91,0.0
2008-12-08,120.1,120.1,120.1,120.1,0.0
2008-12-09,118.85,118.85,118.85,118.85,0.0
2008-12-10,119.77,119.77,119.77,119.77,0.0
2008-12-11,120.67,120.67,120.67,120.67,0.0
2008-12-12,120.21,120.21,120.21,120.21,0.0
2008-12-15,122.42,122.42,122.42,122.42,0.0
2008-12-16,123.2,123.2,123.2,123.2,0.0
2008-12-17,124.35,124.35,124.35,124.35,0.0
2008-12-18,129.22,129.22,129.22,129.22,0.0
2008-12-19,124.74,124.74,124.74,124.74,0.0
2008-12-22,125.66,125.66,125.66,125.66,0.0
2008-12-23,126.03,126.03,126.03,126.03,0.0
2008-12-24,126.65,126.65,126.65,126.65,0.0
2008-12-29,128.98,128.98,128.98,128.98,0.0
2008-12-30,127.4,127.4,127.4,127.4,0.0
2008-12-31,126.14,126.14,126.14,126.14,0.0
2009-01-02,126.64,126.64,126.64,126.64,0.0
2009-01-05,126.81,126.81,126.81,126.81,0.0
2009-01-06,125.84,125.84,125.84,125.84,0.0
2009-01-07,126.77,126.77,126.77,126.77,0.0
2009-01-08,124.34,124.34,124.34,124.34,0.0
2009-01-09,124.4,124.4,124.4,124.4,0.0
2009-01-12,120.48,120.48,120.48,120.48,0.0
2009-01-13,118.54,118.54,118.54,118.54,0.0
2009-01-14,117.66,117.66,117.66,117.66,0.0
2009-01-15,116.97,116.97,116.97,116.97,0.0
2009-01-16,120.11,120.11,120.11,120.11,0.0
2009-01-19,119.16,119.16,119.16,119.16,0.0
2009-01-20,116.9,116.9,116.9,116.9,0.0
2009-01-21,116.11,116.11,116.11,116.11,0.0
2009-01-22,114.98,114.98,114.98,114.98,0.0
2009-01-23,113.65,113.65,113.65,113.65,0.0
2009-01-26,115.82,115.82,115.82,115.82,0.0
2009-01-27,117.59,117.59,117.59,117.59,0.0
2009-01-28,118.57,118.57,118.57,118.57,0.0
2009-01-29,118.07,118.07,118.07,118.07,0.0
2009-01-30,114.98,114.98,114.98,114.98,0.0
2009-02-02,114.04,114.04,114.04,114.04,0.0
2009-02-03,115.02,115.02,115.02,115.02,0.0
2009-02-04,114.28,114.28,114.28,114.28,0.0
2009-02-05,115.04,115.04,115.04,115.04,0.0
2009-02-06,116.7,116.7,116.7,116.7,0.0
2009-02-09,119.21,119.21,119.21,119.21,0.0
2009-02-10,118.39,118.39,118.39,118.39,0.0
2009-02-11,116.5,116.5,116.5,116.5,0.0
2009-02-12,115.46,115.46,115.46,115.46,0.0
2009-02-13,117.59,117.59,117.59,117.59,0.0
2009-02-16,117.33,117.33,117.33,117.33,0.0
2009-02-17,116.2,116.2,116.2,116.2,0.0
2009-02-18,116.83,116.83,116.83,116.83,0.0
2009-02-19,118.99,118.99,118.99,118.99,0.0
2009-02-20,118.62,118.62,118.62,118.62,0.0
2009-02-23,121.09,121.09,121.09,121.09,0.0
2009-02-24,122.4,122.4,122.4,122.4,0.0
2009-02-25,123.76,123.76,123.76,123.76,0.0
2009-02-26,125.33,125.33,125.33,125.33,0.0
2009-02-27,123.23,123.23,123.23,123.23,0.0
2009-03-02,122.52,122.52,122.52,122.52,0.0
2009-03-03,123.64,123.64,123.64,123.64,0.0
2009-03-04,124.67,124.67,124.67,124.67,0.0
2009-03-05,124.71,124.71,124.71,124.71,0.0
2009-03-06,122.53,122.53,122.53,122.53,0.0
2009-03-09,124.4,124.4,124.4,124.4,0.0
2009-03-10,125.45,125.45,125.45,125.45,0.0
2009-03-11,125.35,125.35,125.35,125.35,0.0
2009-03-12,124.3,124.3,124.3,124.3,0.0
2009-03-13,127.03,127.03,127.03,127.03,0.0
2009-03-16,128.51,128.51,128.51,128.51,0.0
2009-03-17,128.1,128.1,128.1,128.1,0.0
2009-03-18,128.94,128.94,128.94,128.94,0.0
2009-03-19,129.67,129.67,129.67,129.67,0.0
2009-03-20,129.87,129.87,129.87,129.87,0.0
2009-03-23,131.12,131.12,131.12,131.12,0.0
2009-03-24,132.68,132.68,132.68,132.68,0.0
2009-03-25,132.24,132.24,132.24,132.24,0.0
2009-03-26,133.63,133.63,133.63,133.63,0.0
2009-03-27,129.91,129.91,129.91,129.91,0.0
2009-03-30,127.93,127.93,127.93,127.93,0.0
2009-03-31,131.17,131.17,131.17,131.17,0.0
2009-04-01,130.86,130.86,130.86,130.86,0.0
2009-04-02,133.48,133.48,133.48,133.48,0.0
2009-04-03,134.08,134.08,134.08,134.08,0.0
2009-04-06,136.02,136.02,136.02,136.02,0.0
2009-04-07,132.8,132.8,132.8,132.8,0.0
2009-04-08,132.37,132.37,132.37,132.37,0.0
2009-04-09,133.05,133.05,133.05,133.05,0.0
2009-04-14,132.57,132.57,132.57,132.57,0.0
2009-04-15,130.7,130.7,130.7,130.7,0.0
2009-04-16,130.5,130.5,130.5,130.5,0.0
2009-04-17,129.67,129.67,129.67,129.67,0.0
2009-04-20,127.8,127.8,127.8,127.8,0.0
2009-04-21,126.82,126.82,126.82,126.82,0.0
2009-04-22,126.85,126.85,126.85,126.85,0.0
2009-04-23,128.28,128.28,128.28,128.28,0.0
2009-04-24,128.3,128.3,128.3,128.3,0.0
2009-04-27,126.82,126.82,126.82,126.82,0.0
2009-04-28,125.08,125.08,125.08,125.08,0.0
2009-04-29,128.53,128.53,128.53,128.53,0.0
2009-04-30,130.34,130.34,130.34,130.34,0.0
2009-05-04,131.52,131.52,131.52,131.52,0.0
2009-05-05,132.59,132.59,132.59,132.59,0.0
2009-05-06,131.17,131.17,131.17,131.17,0.0
2009-05-07,132.72,132.72,132.72,132.72,0.0
2009-05-08,133.36,133.36,133.36,133.36,0.0
2009-05-11,132.82,132.82,132.82,132.82,0.0
2009-05-12,132.9,132.9,132.9,132.9,0.0
2009-05-13,130.9,130.9,130.9,130.9,0.0
2009-05-14,129.41,129.41,129.41,129.41,0.0
2009-05-15,128.67,128.67,128.67,128.67,0.0
2009-05-18,129.28,129.28,129.28,129.28,0.0
2009-05-19,130.91,130.91,130.91,130.91,0.0
2009-05-20,131.06,131.06,131.06,131.06,0.0
2009-05-21,130.84,130.84,130.84,130.84,0.0
2009-05-22,131.41,131.41,131.41,131.41,0.0
2009-05-25,133.22,133.22,133.22,133.22,0.0
2009-05-26,132.06,132.06,132.06,132.06,0.0
2009-05-27,132.48,132.48,132.48,132.48,0.0
2009-05-28,134.38,134.38,134.38,134.38,0.0
2009-05-29,135.22,135.22,135.22,135.22,0.0
2009-06-01,134.89,134.89,134.89,134.89,0.0
2009-06-02,136.09,136.09,136.09,136.09,0.0
2009-06-03,136.33,136.33,136.33,136.33,0.0
2009-06-04,136.32,136.32,136.32,136.32,0.0
2009-06-05,137.48,137.48,137.48,137.48,0.0
2009-06-08,136.53,136.53,136.53,136.53,0.0
2009-06-09,136.8,136.8,136.8,136.8,0.0
2009-06-10,138.03,138.03,138.03,138.03,0.0
2009-06-11,137.39,137.39,137.39,137.39,0.0
2009-06-12,137.55,137.55,137.55,137.55,0.0
2009-06-15,136.08,136.08,136.08,136.08,0.0
2009-06-16,134.78,134.78,134.78,134.78,0.0
2009-06-17,133.28,133.28,133.28,133.28,0.0
2009-06-18,133.57,133.57,133.57,133.57,0.0
2009-06-19,134.84,134.84,134.84,134.84,0.0
2009-06-22,133.02,133.02,133.02,133.02,0.0
2009-06-23,133.49,133.49,133.49,133.49,0.0
2009-06-24,133.77,133.77,133.77,133.77,0.0
2009-06-25,134.34,134.34,134.34,134.34,0.0
2009-06-26,134.5,134.5,134.5,134.5,0.0
2009-06-29,134.03,134.03,134.03,134.03,0.0
2009-06-30,135.51,135.51,135.51,135.51,0.0
2009-07-01,136.53,136.53,136.53,136.53,0.0
2009-07-02,135.95,135.95,135.95,135.95,0.0
2009-07-03,134.32,134.32,134.32,134.32,0.0
2009-07-06,132.44,132.44,132.44,132.44,0.0
2009-07-07,133.61,133.61,133.61,133.61,0.0
2009-07-08,131.02,131.02,131.02,131.02,0.0
2009-07-09,130.05,130.05,130.05,130.05,0.0
2009-07-10,128.21,128.21,128.21,128.21,0.0
2009-07-13,129.03,129.03,129.03,129.03,0.0
2009-07-14,130.34,130.34,130.34,130.34,0.0
2009-07-15,131.57,131.57,131.57,131.57,0.0
2009-07-16,132.63,132.63,132.63,132.63,0.0
2009-07-17,132.06,132.06,132.06,132.06,0.0
2009-07-20,134.44,134.44,134.44,134.44,0.0
2009-07-21,134.1,134.1,134.1,134.1,0.0
2009-07-22,132.49,132.49,132.49,132.49,0.0
2009-07-23,134.23,134.23,134.23,134.23,0.0
2009-07-24,134.92,134.92,134.92,134.92,0.0
2009-07-27,135.61,135.61,135.61,135.61,0.0
2009-07-28,134.53,134.53,134.53,134.53,0.0
2009-07-29,133.86,133.86,133.86,133.86,0.0
2009-07-30,133.89,133.89,133.89,133.89,0.0
2009-07-31,135.33,135.33,135.33,135.33,0.0
2009-08-03,135.86,135.86,135.86,135.86,0.0
2009-08-04,136.22,136.22,136.22,136.22,0.0
2009-08-05,137.38,137.38,137.38,137.38,0.0
2009-08-06,137.31,137.31,137.31,137.31,0.0
2009-08-07,136.89,136.89,136.89,136.89,0.0
2009-08-10,138.01,138.01,138.01,138.01,0.0
2009-08-11,136.72,136.72,136.72,136.72,0.0
2009-08-12,135.77,135.77,135.77,135.77,0.0
2009-08-13,137.52,137.52,137.52,137.52,0.0
2009-08-14,135.61,135.61,135.61,135.61,0.0
2009-08-17,132.94,132.94,132.94,132.94,0.0
2009-08-18,134.12,134.12,134.12,134.12,0.0
2009-08-19,132.55,132.55,132.55,132.55,0.0
2009-08-20,134.11,134.11,134.11,134.11,0.0
2009-08-21,134.19,134.19,134.19,134.19,0.0
2009-08-24,135.57,135.57,135.57,135.57,0.0
2009-08-25,135.05,135.05,135.05,135.05,0.0
2009-08-26,134.32,134.32,134.32,134.32,0.0
2009-08-27,133.61,133.61,133.61,133.61,0.0
2009-08-28,134.75,134.75,134.75,134.75,0.0
2009-08-31,133.1,133.1,133.1,133.1,0.0
2009-09-01,133.26,133.26,133.26,133.26,0.0
2009-09-02,131.63,131.63,131.63,131.63,0.0
2009-09-03,132.47,132.47,132.47,132.47,0.0
2009-09-04,132.45,132.45,132.45,132.45,0.0
2009-09-07,133.33,133.33,133.33,133.33,0.0
2009-09-08,133.57,133.57,133.57,133.57,0.0
2009-09-09,134.13,134.13,134.13,134.13,0.0
2009-09-10,133.92,133.92,133.92,133.92,0.0
2009-09-11,132.62,132.62,132.62,132.62,0.0
2009-09-14,132.3,132.3,132.3,132.3,0.0
2009-09-15,133.26,133.26,133.26,133.26,0.0
2009-09-16,132.6,132.6,132.6,132.6,0.0
2009-09-17,134.38,134.38,134.38,134.38,0.0
2009-09-18,134.17,134.17,134.17,134.17,0.0
2009-09-21,135.46,135.46,135.46,135.46,0.0
2009-09-22,135.09,135.09,135.09,135.09,0.0
2009-09-23,134.96,134.96,134.96,134.96,0.0
2009-09-24,133.85,133.85,133.85,133.85,0.0
2009-09-25,132.59,132.59,132.59,132.59,0.0
2009-09-28,131.15,131.15,131.15,131.15,0.0
2009-09-29,130.91,130.91,130.91,130.91,0.0
2009-09-30,131.07,131.07,131.07,131.07,0.0
2009-10-01,130.78,130.78,130.78,130.78,0.0
2009-10-02,129.95,129.95,129.95,129.95,0.0
2009-10-05,131.41,131.41,131.41,131.41,0.0
2009-10-06,131.21,131.21,131.21,131.21,0.0
2009-10-07,130.68,130.68,130.68,130.68,0.0
2009-10-08,130.46,130.46,130.46,130.46,0.0
2009-10-09,131.12,131.12,131.12,131.12,0.0
2009-10-12,132.99,132.99,132.99,132.99,0.0
2009-10-13,133.02,133.02,133.02,133.02,0.0
2009-10-14,133.39,133.39,133.39,133.39,0.0
2009-10-15,134.07,134.07,134.07,134.07,0.0
2009-10-16,135.6,135.6,135.6,135.6,0.0
2009-10-19,135.66,135.66,135.66,135.66,0.0
2009-10-20,135.53,135.53,135.53,135.53,0.0
2009-10-21,135.82,135.82,135.82,135.82,0.0
2009-10-22,136.9,136.9,136.9,136.9,0.0
2009-10-23,137.97,137.97,137.97,137.97,0.0
2009-10-26,138.09,138.09,138.09,138.09,0.0
2009-10-27,136.91,136.91,136.91,136.91,0.0
2009-10-28,134.76,134.76,134.76,134.76,0.0
2009-10-29,135.13,135.13,135.13,135.13,0.0
2009-10-30,134.66,134.66,134.66,134.66,0.0
2009-11-02,132.95,132.95,132.95,132.95,0.0
2009-11-03,132.25,132.25,132.25,132.25,0.0
2009-11-04,134.3,134.3,134.3,134.3,0.0
2009-11-05,134.3,134.3,134.3,134.3,0.0
2009-11-06,134.76,134.76,134.76,134.76,0.0
2009-11-09,134.81,134.81,134.81,134.81,0.0
2009-11-10,134.51,134.51,134.51,134.51,0.0
2009-11-11,135.11,135.11,135.11,135.11,0.0
2009-11-12,134.32,134.32,134.32,134.32,0.0
2009-11-13,133.51,133.51,133.51,133.51,0.0
2009-11-16,134.02,134.02,134.02,134.02,0.0
2009-11-17,132.76,132.76,132.76,132.76,0.0
2009-11-18,133.39,133.39,133.39,133.39,0.0
2009-11-19,132.05,132.05,132.05,132.05,0.0
2009-11-20,131.87,131.87,131.87,131.87,0.0
2009-11-23,133.03,133.03,133.03,133.03,0.0
2009-11-24,132.57,132.57,132.57,132.57,0.0
2009-11-25,132.1,132.1,132.1,132.1,0.0
2009-11-26,130.7,130.7,130.7,130.7,0.0
2009-11-27,129.2,129.2,129.2,129.2,0.0
2009-11-30,129.77,129.77,129.77,129.77,0.0
2009-12-01,131.02,131.02,131.02,131.02,0.0
2009-12-02,131.55,131.55,131.55,131.55,0.0
2009-12-03,133.17,133.17,133.17,133.17,0.0
2009-12-04,133.08,133.08,133.08,133.08,0.0
2009-12-07,133.24,133.24,133.24,133.24,0.0
2009-12-08,130.74,130.74,130.74,130.74,0.0
2009-12-09,129.91,129.91,129.91,129.91,0.0
2009-12-10,130.03,130.03,130.03,130.03,0.0
2009-12-11,131.13,131.13,131.13,131.13,0.0
2009-12-14,129.55,129.55,129.55,129.55,0.0
2009-12-15,130.22,130.22,130.22,130.22,0.0
2009-12-16,130.61,130.61,130.61,130.61,0.0
2009-12-17,129.27,129.27,129.27,129.27,0.0
2009-12-18,129.68,129.68,129.68,129.68,0.0
2009-12-21,130.1,130.1,130.1,130.1,0.0
2009-12-22,130.83,130.83,130.83,130.83,0.0
2009-12-23,130.95,130.95,130.95,130.95,0.0
2009-12-24,131.73,131.73,131.73,131.73,0.0
2009-12-28,131.86,131.86,131.86,131.86,0.0
2009-12-29,132.44,132.44,132.44,132.44,0.0
2009-12-30,132.35,132.35,132.35,132.35,0.0
2009-12-31,133.16,133.16,133.16,133.16,0.0
2010-01-04,133.62,133.62,133.62,133.62,0.0
2010-01-05,132.54,132.54,132.54,132.54,0.0
2010-01-06,132.69,132.69,132.69,132.69,0.0
2010-01-07,133.5,133.5,133.5,133.5,0.0
2010-01-08,133.36,133.36,133.36,133.36,0.0
2010-01-11,134.23,134.23,134.23,134.23,0.0
2010-01-12,132.41,132.41,132.41,132.41,0.0
2010-01-13,133.02,133.02,133.02,133.02,0.0
2010-01-14,132.88,132.88,132.88,132.88,0.0
2010-01-15,130.76,130.76,130.76,130.76,0.0
2010-01-18,130.33,130.33,130.33,130.33,0.0
2010-01-19,129.79,129.79,129.79,129.79,0.0
2010-01-20,128.65,128.65,128.65,128.65,0.0
2010-01-21,129.14,129.14,129.14,129.14,0.0
2010-01-22,127.35,127.35,127.35,127.35,0.0
2010-01-25,127.74,127.74,127.74,127.74,0.0
2010-01-26,126.31,126.31,126.31,126.31,0.0
2010-01-27,125.95,125.95,125.95,125.95,0.0
2010-01-28,126.36,126.36,126.36,126.36,0.0
2010-01-29,126.15,126.15,126.15,126.15,0.0
2010-02-01,125.6,125.6,125.6,125.6,0.0
2010-02-02,126.2,126.2,126.2,126.2,0.0
2010-02-03,126.73,126.73,126.73,126.73,0.0
2010-02-04,125.68,125.68,125.68,125.68,0.0
2010-02-05,122.49,122.49,122.49,122.49,0.0
2010-02-08,122.07,122.07,122.07,122.07,0.0
2010-02-09,123.4,123.4,123.4,123.4,0.0
2010-02-10,123.01,123.01,123.01,123.01,0.0
2010-02-11,123.03,123.03,123.03,123.03,0.0
2010-02-12,122.33,122.33,122.33,122.33,0.0
2010-02-15,122.42,122.42,122.42,122.42,0.0
2010-02-16,122.68,122.68,122.68,122.68,0.0
2010-02-17,124.69,124.69,124.69,124.69,0.0
2010-02-18,123.3,123.3,123.3,123.3,0.0
2010-02-19,124.17,124.17,124.17,124.17,0.0
2010-02-22,124.38,124.38,124.38,124.38,0.0
2010-02-23,123.19,123.19,123.19,123.19,0.0
2010-02-24,122.16,122.16,122.16,122.16,0.0
2010-02-25,120.66,120.66,120.66,120.66,0.0
2010-02-26,120.92,120.92,120.92,120.92,0.0
2010-03-01,120.67,120.67,120.67,120.67,0.0
2010-03-02,120.68,120.68,120.68,120.68,0.0
2010-03-03,121.1,121.1,121.1,121.1,0.0
2010-03-04,120.86,120.86,120.86,120.86,0.0
2010-03-05,121.48,121.48,121.48,121.48,0.0
2010-03-08,123.48,123.48,123.48,123.48,0.0
2010-03-09,121.72,121.72,121.72,121.72,0.0
2010-03-10,123.16,123.16,123.16,123.16,0.0
2010-03-11,123.84,123.84,123.84,123.84,0.0
2010-03-12,124.57,124.57,124.57,124.57,0.0
2010-03-15,124.3,124.3,124.3,124.3,0.0
2010-03-16,124.22,124.22,124.22,124.22,0.0
2010-03-17,124.43,124.43,124.43,124.43,0.0
2010-03-18,123.33,123.33,123.33,123.33,0.0
2010-03-19,122.86,122.86,122.86,122.86,0.0
2010-03-22,121.25,121.25,121.25,121.25,0.0
2010-03-23,122.16,122.16,122.16,122.16,0.0
2010-03-24,122.62,122.62,122.62,122.62,0.0
2010-03-25,123.44,123.44,123.44,123.44,0.0
2010-03-26,124.0,124.0,124.0,124.0,0.0
2010-03-29,124.75,124.75,124.75,124.75,0.0
2010-03-30,124.8,124.8,124.8,124.8,0.0
2010-03-31,125.93,125.93,125.93,125.93,0.0
2010-04-01,126.28,126.28,126.28,126.28,0.0
2010-04-06,126.04,126.04,126.04,126.04,0.0
2010-04-07,125.04,125.04,125.04,125.04,0.0
2010-04-08,123.76,123.76,123.76,123.76,0.0
2010-04-09,125.34,125.34,125.34,125.34,0.0
2010-04-12,126.99,126.99,126.99,126.99,0.0
2010-04-13,126.34,126.34,126.34,126.34,0.0
2010-04-14,127.42,127.42,127.42,127.42,0.0
2010-04-15,126.18,126.18,126.18,126.18,0.0
2010-04-16,125.3,125.3,125.3,125.3,0.0
2010-04-19,123.5,123.5,123.5,123.5,0.0
2010-04-20,125.32,125.32,125.32,125.32,0.0
2010-04-21,124.65,124.65,124.65,124.65,0.0
2010-04-22,124.03,124.03,124.03,124.03,0.0
2010-04-23,125.11,125.11,125.11,125.11,0.0
2010-04-26,125.46,125.46,125.46,125.46,0.0
2010-04-27,124.7,124.7,124.7,124.7,0.0
2010-04-28,124.48,124.48,124.48,124.48,0.0
2010-04-29,124.76,124.76,124.76,124.76,0.0
2010-04-30,125.81,125.81,125.81,125.81,0.0
2010-05-03,124.95,124.95,124.95,124.95,0.0
2010-05-04,123.66,123.66,123.66,123.66,0.0
2010-05-05,122.66,122.66,122.66,122.66,0.0
2010-05-06,119.34,119.34,119.34,119.34,0.0
2010-05-07,117.84,117.84,117.84,117.84,0.0
2010-05-10,120.97,120.97,120.97,120.97,0.0
2010-05-11,117.38,117.38,117.38,117.38,0.0
2010-05-12,118.06,118.06,118.06,118.06,0.0
2010-05-13,116.99,116.99,116.99,116.99,0.0
2010-05-14,115.55,115.55,115.55,115.55,0.0
2010-05-17,114.17,114.17,114.17,114.17,0.0
2010-05-18,115.32,115.32,115.32,115.32,0.0
2010-05-19,112.49,112.49,112.49,112.49,0.0
2010-05-20,111.93,111.93,111.93,111.93,0.0
2010-05-21,112.08,112.08,112.08,112.08,0.0
2010-05-24,111.63,111.63,111.63,111.63,0.0
2010-05-25,109.53,109.53,109.53,109.53,0.0
2010-05-26,111.35,111.35,111.35,111.35,0.0
2010-05-27,110.79,110.79,110.79,110.79,0.0
2010-05-28,113.06,113.06,113.06,113.06,0.0
2010-05-31,112.62,112.62,112.62,112.62,0.0
2010-06-01,110.65,110.65,110.65,110.65,0.0
2010-06-02,112.36,112.36,112.36,112.36,0.0
2010-06-03,113.74,113.74,113.74,113.74,0.0
2010-06-04,111.73,111.73,111.73,111.73,0.0
2010-06-07,109.86,109.86,109.86,109.86,0.0
2010-06-08,109.32,109.32,109.32,109.32,0.0
2010-06-09,109.99,109.99,109.99,109.99,0.0
2010-06-10,109.84,109.84,109.84,109.84,0.0
2010-06-11,111.13,111.13,111.13,111.13,0.0
2010-06-14,112.43,112.43,112.43,112.43,0.0
2010-06-15,111.77,111.77,111.77,111.77,0.0
2010-06-16,112.15,112.15,112.15,112.15,0.0
2010-06-17,112.89,112.89,112.89,112.89,0.0
2010-06-18,112.12,112.12,112.12,112.12,0.0
2010-06-21,113.1,113.1,113.1,113.1,0.0
2010-06-22,111.09,111.09,111.09,111.09,0.0
2010-06-23,110.76,110.76,110.76,110.76,0.0
2010-06-24,109.59,109.59,109.59,109.59,0.0
2010-06-25,109.99,109.99,109.99,109.99,0.0
2010-06-28,110.25,110.25,110.25,110.25,0.0
2010-06-29,108.31,108.31,108.31,108.31,0.0
2010-06-30,108.79,108.79,108.79,108.79,0.0
2010-07-01,108.14,108.14,108.14,108.14,0.0
2010-07-02,109.88,109.88,109.88,109.88,0.0
2010-07-05,109.93,109.93,109.93,109.93,0.0
2010-07-06,110.46,110.46,110.46,110.46,0.0
2010-07-07,109.56,109.56,109.56,109.56,0.0
2010-07-08,111.49,111.49,111.49,111.49,0.0
2010-07-09,111.85,111.85,111.85,111.85,0.0
2010-07-12,111.35,111.35,111.35,111.35,0.0
2010-07-13,110.95,110.95,110.95,110.95,0.0
2010-07-14,112.49,112.49,112.49,112.49,0.0
2010-07-15,113.11,113.11,113.11,113.11,0.0
2010-07-16,112.54,112.54,112.54,112.54,0.0
2010-07-19,112.84,112.84,112.84,112.84,0.0
2010-07-20,111.5,111.5,111.5,111.5,0.0
2010-07-21,111.52,111.52,111.52,111.52,0.0
2010-07-22,111.57,111.57,111.57,111.57,0.0
2010-07-23,112.48,112.48,112.48,112.48,0.0
2010-07-26,112.31,112.31,112.31,112.31,0.0
2010-07-27,113.79,113.79,113.79,113.79,0.0
2010-07-28,114.01,114.01,114.01,114.01,0.0
2010-07-29,113.64,113.64,113.64,113.64,0.0
2010-07-30,112.62,112.62,112.62,112.62,0.0
2010-08-02,113.27,113.27,113.27,113.27,0.0
2010-08-03,113.51,113.51,113.51,113.51,0.0
2010-08-04,112.92,112.92,112.92,112.92,0.0
2010-08-05,113.66,113.66,113.66,113.66,0.0
2010-08-06,113.14,113.14,113.14,113.14,0.0
2010-08-09,113.48,113.48,113.48,113.48,0.0
2010-08-10,113.23,113.23,113.23,113.23,0.0
2010-08-11,110.56,110.56,110.56,110.56,0.0
2010-08-12,109.5,109.5,109.5,109.5,0.0
2010-08-13,109.78,109.78,109.78,109.78,0.0
2010-08-16,109.49,109.49,109.49,109.49,0.0
2010-08-17,109.66,109.66,109.66,109.66,0.0
2010-08-18,109.93,109.93,109.93,109.93,0.0
2010-08-19,109.82,109.82,109.82,109.82,0.0
2010-08-20,108.54,108.54,108.54,108.54,0.0
2010-08-23,108.23,108.23,108.23,108.23,0.0
2010-08-24,106.19,106.19,106.19,106.19,0.0
2010-08-25,106.49,106.49,106.49,106.49,0.0
2010-08-26,107.15,107.15,107.15,107.15,0.0
2010-08-27,107.74,107.74,107.74,107.74,0.0
2010-08-30,107.54,107.54,107.54,107.54,0.0
2010-08-31,107.07,107.07,107.07,107.07,0.0
2010-09-01,107.54,107.54,107.54,107.54,0.0
2010-09-02,107.81,107.81,107.81,107.81,0.0
2010-09-03,108.38,108.38,108.38,108.38,0.0
2010-09-06,108.42,108.42,108.42,108.42,0.0
2010-09-07,106.86,106.86,106.86,106.86,0.0
2010-09-08,106.41,106.41,106.41,106.41,0.0
2010-09-09,106.46,106.46,106.46,106.46,0.0
2010-09-10,106.84,106.84,106.84,106.84,0.0
2010-09-13,107.69,107.69,107.69,107.69,0.0
2010-09-14,107.04,107.04,107.04,107.04,0.0
2010-09-15,111.04,111.04,111.04,111.04,0.0
2010-09-16,111.93,111.93,111.93,111.93,0.0
2010-09-17,111.98,111.98,111.98,111.98,0.0
2010-09-20,112.07,112.07,112.07,112.07,0.0
2010-09-21,112.05,112.05,112.05,112.05,0.0
2010-09-22,113.14,113.14,113.14,113.14,0.0
2010-09-23,112.49,112.49,112.49,112.49,0.0
2010-09-24,113.2,113.2,113.2,113.2,0.0
2010-09-27,113.52,113.52,113.52,113.52,0.0
2010-09-28,113.22,113.22,113.22,113.22,0.0
2010-09-29,113.85,113.85,113.85,113.85,0.0
2010-09-30,113.68,113.68,113.68,113.68,0.0
2010-10-01,114.26,114.26,114.26,114.26,0.0
2010-10-04,114.1,114.1,114.1,114.1,0.0
2010-10-05,114.8,114.8,114.8,114.8,0.0
2010-10-06,114.98,114.98,114.98,114.98,0.0
2010-10-07,115.1,115.1,115.1,115.1,0.0
2010-10-08,114.21,114.21,114.21,114.21,0.0
2010-10-11,114.24,114.24,114.24,114.24,0.0
2010-10-12,113.35,113.35,113.35,113.35,0.0
2010-10-13,114.23,114.23,114.23,114.23,0.0
2010-10-14,114.43,114.43,114.43,114.43,0.0
2010-10-15,114.28,114.28,114.28,114.28,0.0
2010-10-18,113.0,113.0,113.0,113.0,0.0
2010-10-19,113.16,113.16,113.16,113.16,0.0
2010-10-20,112.59,112.59,112.59,112.59,0.0
2010-10-21,113.65,113.65,113.65,113.65,0.0
2010-10-22,113.18,113.18,113.18,113.18,0.0
2010-10-25,113.21,113.21,113.21,113.21,0.0
2010-10-26,113.11,113.11,113.11,113.11,0.0
2010-10-27,112.78,112.78,112.78,112.78,0.0
2010-10-28,112.57,112.57,112.57,112.57,0.0
2010-10-29,111.87,111.87,111.87,111.87,0.0
2010-11-01,111.94,111.94,111.94,111.94,0.0
2010-11-02,113.18,113.18,113.18,113.18,0.0
2010-11-03,113.67,113.67,113.67,113.67,0.0
2010-11-04,115.15,115.15,115.15,115.15,0.0
2010-11-05,114.41,114.41,114.41,114.41,0.0
2010-11-08,112.88,112.88,112.88,112.88,0.0
2010-11-09,112.44,112.44,112.44,112.44,0.0
2010-11-10,113.48,113.48,113.48,113.48,0.0
2010-11-11,112.78,112.78,112.78,112.78,0.0
2010-11-12,112.59,112.59,112.59,112.59,0.0
2010-11-15,113.31,113.31,113.31,113.31,0.0
2010-11-16,113.21,113.21,113.21,113.21,0.0
2010-11-17,112.5,112.5,112.5,112.5,0.0
2010-11-18,113.72,113.72,113.72,113.72,0.0
2010-11-19,114.09,114.09,114.09,114.09,0.0
2010-11-22,113.97,113.97,113.97,113.97,0.0
2010-11-23,112.5,112.5,112.5,112.5,0.0
2010-11-24,111.28,111.28,111.28,111.28,0.0
2010-11-25,111.35,111.35,111.35,111.35,0.0
2010-11-26,110.92,110.92,110.92,110.92,0.0
2010-11-29,110.73,110.73,110.73,110.73,0.0
2010-11-30,109.0,109.0,109.0,109.0,0.0
2010-12-01,110.37,110.37,110.37,110.37,0.0
2010-12-02,110.97,110.97,110.97,110.97,0.0
2010-12-03,110.86,110.86,110.86,110.86,0.0
2010-12-06,110.06,110.06,110.06,110.06,0.0
2010-12-07,110.43,110.43,110.43,110.43,0.0
2010-12-08,111.08,111.08,111.08,111.08,0.0
2010-12-09,111.02,111.02,111.02,111.02,0.0
2010-12-10,110.8,110.8,110.8,110.8,0.0
2010-12-13,111.55,111.55,111.55,111.55,0.0
2010-12-14,111.63,111.63,111.63,111.63,0.0
2010-12-15,111.88,111.88,111.88,111.88,0.0
2010-12-16,111.28,111.28,111.28,111.28,0.0
2010-12-17,111.26,111.26,111.26,111.26,0.0
2010-12-20,110.1,110.1,110.1,110.1,0.0
2010-12-21,110.0,110.0,110.0,110.0,0.0
2010-12-22,109.68,109.68,109.68,109.68,0.0
2010-12-23,108.95,108.95,108.95,108.95,0.0
2010-12-24,108.63,108.63,108.63,108.63,0.0
2010-12-27,108.89,108.89,108.89,108.89,0.0
2010-12-28,108.2,108.2,108.2,108.2,0.0
2010-12-29,107.99,107.99,107.99,107.99,0.0
2010-12-30,108.24,108.24,108.24,108.24,0.0
2010-12-31,108.65,108.65,108.65,108.65,0.0
2011-01-03,108.7,108.7,108.7,108.7,0.0
2011-01-04,110.2,110.2,110.2,110.2,0.0
2011-01-05,108.72,108.72,108.72,108.72,0.0
2011-01-06,108.92,108.92,108.92,108.92,0.0
2011-01-07,108.29,108.29,108.29,108.29,0.0
2011-01-10,107.17,107.17,107.17,107.17,0.0
2011-01-11,107.61,107.61,107.61,107.61,0.0
2011-01-12,108.17,108.17,108.17,108.17,0.0
2011-01-13,109.5,109.5,109.5,109.5,0.0
2011-01-14,110.71,110.71,110.71,110.71,0.0
2011-01-17,109.91,109.91,109.91,109.91,0.0
2011-01-18,110.29,110.29,110.29,110.29,0.0
2011-01-19,110.85,110.85,110.85,110.85,0.0
2011-01-20,110.93,110.93,110.93,110.93,0.0
2011-01-21,111.87,111.87,111.87,111.87,0.0
2011-01-24,112.46,112.46,112.46,112.46,0.0
2011-01-25,112.08,112.08,112.08,112.08,0.0
2011-01-26,112.47,112.47,112.47,112.47,0.0
2011-01-27,113.9,113.9,113.9,113.9,0.0
2011-01-28,112.76,112.76,112.76,112.76,0.0
2011-01-31,112.49,112.49,112.49,112.49,0.0
2011-02-01,112.19,112.19,112.19,112.19,0.0
2011-02-02,112.35,112.35,112.35,112.35,0.0
2011-02-03,112.46,112.46,112.46,112.46,0.0
2011-02-04,111.42,111.42,111.42,111.42,0.0
2011-02-07,111.52,111.52,111.52,111.52,0.0
2011-02-08,112.09,112.09,112.09,112.09,0.0
2011-02-09,112.65,112.65,112.65,112.65,0.0
2011-02-10,112.71,112.71,112.71,112.71,0.0
2011-02-11,113.01,113.01,113.01,113.01,0.0
2011-02-14,112.15,112.15,112.15,112.15,0.0
2011-02-15,113.21,113.21,113.21,113.21,0.0
2011-02-16,113.12,113.12,113.12,113.12,0.0
2011-02-17,113.39,113.39,113.39,113.39,0.0
2011-02-18,113.62,113.62,113.62,113.62,0.0
2011-02-21,113.68,113.68,113.68,113.68,0.0
2011-02-22,113.63,113.63,113.63,113.63,0.0
2011-02-23,113.69,113.69,113.69,113.69,0.0
2011-02-24,112.69,112.69,112.69,112.69,0.0
2011-02-25,112.52,112.52,112.52,112.52,0.0
2011-02-28,113.26,113.26,113.26,113.26,0.0
2011-03-01,113.39,113.39,113.39,113.39,0.0
2011-03-02,113.33,113.33,113.33,113.33,0.0
2011-03-03,113.43,113.43,113.43,113.43,0.0
2011-03-04,115.63,115.63,115.63,115.63,0.0
2011-03-07,115.15,115.15,115.15,115.15,0.0
2011-03-08,114.64,114.64,114.64,114.64,0.0
2011-03-09,115.14,115.14,115.14,115.14,0.0
2011-03-10,114.78,114.78,114.78,114.78,0.0
2011-03-11,113.24,113.24,113.24,113.24,0.0
2011-03-14,114.16,114.16,114.16,114.16,0.0
2011-03-15,112.39,112.39,112.39,112.39,0.0
2011-03-16,112.43,112.43,112.43,112.43,0.0
2011-03-17,110.42,110.42,110.42,110.42,0.0
2011-03-18,114.68,114.68,114.68,114.68,0.0
2011-03-21,115.04,115.04,115.04,115.04,0.0
2011-03-22,115.15,115.15,115.15,115.15,0.0
2011-03-23,114.42,114.42,114.42,114.42,0.0
2011-03-24,114.34,114.34,114.34,114.34,0.0
2011-03-25,114.57,114.57,114.57,114.57,0.0
2011-03-28,114.59,114.59,114.59,114.59,0.0
2011-03-29,115.6,115.6,115.6,115.6,0.0
2011-03-30,117.01,117.01,117.01,117.01,0.0
2011-03-31,117.61,117.61,117.61,117.61,0.0
2011-04-01,118.56,118.56,118.56,118.56,0.0
2011-04-04,119.56,119.56,119.56,119.56,0.0
2011-04-05,119.4,119.4,119.4,119.4,0.0
2011-04-06,121.82,121.82,121.82,121.82,0.0
2011-04-07,121.7,121.7,121.7,121.7,0.0
2011-04-08,122.8,122.8,122.8,122.8,0.0
2011-04-11,122.26,122.26,122.26,122.26,0.0
2011-04-12,121.87,121.87,121.87,121.87,0.0
2011-04-13,121.84,121.84,121.84,121.84,0.0
2011-04-14,119.85,119.85,119.85,119.85,0.0
2011-04-15,120.37,120.37,120.37,120.37,0.0
2011-04-18,118.25,118.25,118.25,118.25,0.0
2011-04-19,118.23,118.23,118.23,118.23,0.0
2011-04-20,120.13,120.13,120.13,120.13,0.0
2011-04-21,119.52,119.52,119.52,119.52,0.0
2011-04-26,119.43,119.43,119.43,119.43,0.0
2011-04-27,120.66,120.66,120.66,120.66,0.0
2011-04-28,120.97,120.97,120.97,120.97,0.0
2011-04-29,120.67,120.67,120.67,120.67,0.0
2011-05-02,120.85,120.85,120.85,120.85,0.0
2011-05-03,119.36,119.36,119.36,119.36,0.0
2011-05-04,120.62,120.62,120.62,120.62,0.0
2011-05-05,118.2,118.2,118.2,118.2,0.0
2011-05-06,116.5,116.5,116.5,116.5,0.0
2011-05-09,116.28,116.28,116.28,116.28,0.0
2011-05-10,115.72,115.72,115.72,115.72,0.0
2011-05-11,116.47,116.47,116.47,116.47,0.0
2011-05-12,114.54,114.54,114.54,114.54,0.0
2011-05-13,115.32,115.32,115.32,115.32,0.0
2011-05-16,114.35,114.35,114.35,114.35,0.0
2011-05-17,115.69,115.69,115.69,115.69,0.0
2011-05-18,115.45,115.45,115.45,115.45,0.0
2011-05-19,116.83,116.83,116.83,116.83,0.0
2011-05-20,116.27,116.27,116.27,116.27,0.0
2011-05-23,114.68,114.68,114.68,114.68,0.0
2011-05-24,115.45,115.45,115.45,115.45,0.0
2011-05-25,115.47,115.47,115.47,115.47,0.0
2011-05-26,115.95,115.95,115.95,115.95,0.0
2011-05-27,115.7,115.7,115.7,115.7,0.0
2011-05-30,115.36,115.36,115.36,115.36,0.0
2011-05-31,117.22,117.22,117.22,117.22,0.0
2011-06-01,117.11,117.11,117.11,117.11,0.0
2011-06-02,116.6,116.6,116.6,116.6,0.0
2011-06-03,116.89,116.89,116.89,116.89,0.0
2011-06-06,117.05,117.05,117.05,117.05,0.0
2011-06-07,117.55,117.55,117.55,117.55,0.0
2011-06-08,116.6,116.6,116.6,116.6,0.0
2011-06-09,116.86,116.86,116.86,116.86,0.0
2011-06-10,116.0,116.0,116.0,116.0,0.0
2011-06-13,115.39,115.39,115.39,115.39,0.0
2011-06-14,115.91,115.91,115.91,115.91,0.0
2011-06-15,115.54,115.54,115.54,115.54,0.0
2011-06-16,113.63,113.63,113.63,113.63,0.0
2011-06-17,114.71,114.71,114.71,114.71,0.0
2011-06-20,114.24,114.24,114.24,114.24,0.0
2011-06-21,115.2,115.2,115.2,115.2,0.0
2011-06-22,115.36,115.36,115.36,115.36,0.0
2011-06-23,114.58,114.58,114.58,114.58,0.0
2011-06-24,114.06,114.06,114.06,114.06,0.0
2011-06-27,114.74,114.74,114.74,114.74,0.0
2011-06-28,115.31,115.31,115.31,115.31,0.0
2011-06-29,116.93,116.93,116.93,116.93,0.0
2011-06-30,116.25,116.25,116.25,116.25,0.0
2011-07-01,116.92,116.92,116.92,116.92,0.0
2011-07-04,117.11,117.11,117.11,117.11,0.0
2011-07-05,117.23,117.23,117.23,117.23,0.0
2011-07-06,116.03,116.03,116.03,116.03,0.0
2011-07-07,115.64,115.64,115.64,115.64,0.0
2011-07-08,115.98,115.98,115.98,115.98,0.0
2011-07-11,113.16,113.16,113.16,113.16,0.0
2011-07-12,111.35,111.35,111.35,111.35,0.0
2011-07-13,111.65,111.65,111.65,111.65,0.0
2011-07-14,112.24,112.24,112.24,112.24,0.0
2011-07-15,111.97,111.97,111.97,111.97,0.0
2011-07-18,111.1,111.1,111.1,111.1,0.0
2011-07-19,111.77,111.77,111.77,111.77,0.0
2011-07-20,112.05,112.05,112.05,112.05,0.0
2011-07-21,112.09,112.09,112.09,112.09,0.0
2011-07-22,112.83,112.83,112.83,112.83,0.0
2011-07-25,112.46,112.46,112.46,112.46,0.0
2011-07-26,113.02,113.02,113.02,113.02,0.0
2011-07-27,112.46,112.46,112.46,112.46,0.0
2011-07-28,110.86,110.86,110.86,110.86,0.0
2011-07-29,110.59,110.59,110.59,110.59,0.0
2011-08-01,110.84,110.84,110.84,110.84,0.0
2011-08-02,109.61,109.61,109.61,109.61,0.0
2011-08-03,110.18,110.18,110.18,110.18,0.0
2011-08-04,113.24,113.24,113.24,113.24,0.0
2011-08-05,111.25,111.25,111.25,111.25,0.0
2011-08-08,110.79,110.79,110.79,110.79,0.0
2011-08-09,110.24,110.24,110.24,110.24,0.0
2011-08-10,109.84,109.84,109.84,109.84,0.0
2011-08-11,108.29,108.29,108.29,108.29,0.0
2011-08-12,109.07,109.07,109.07,109.07,0.0
2011-08-15,109.87,109.87,109.87,109.87,0.0
2011-08-16,110.12,110.12,110.12,110.12,0.0
2011-08-17,110.77,110.77,110.77,110.77,0.0
2011-08-18,110.08,110.08,110.08,110.08,0.0
2011-08-19,110.0,110.0,110.0,110.0,0.0
2011-08-22,110.65,110.65,110.65,110.65,0.0
2011-08-23,110.72,110.72,110.72,110.72,0.0
2011-08-24,110.51,110.51,110.51,110.51,0.0
2011-08-25,111.31,111.31,111.31,111.31,0.0
2011-08-26,110.41,110.41,110.41,110.41,0.0
2011-08-29,111.05,111.05,111.05,111.05,0.0
2011-08-30,110.55,110.55,110.55,110.55,0.0
2011-08-31,110.55,110.55,110.55,110.55,0.0
2011-09-01,110.08,110.08,110.08,110.08,0.0
2011-09-02,109.56,109.56,109.56,109.56,0.0
2011-09-05,108.56,108.56,108.56,108.56,0.0
2011-09-06,109.09,109.09,109.09,109.09,0.0
2011-09-07,108.38,108.38,108.38,108.38,0.0
2011-09-08,108.41,108.41,108.41,108.41,0.0
2011-09-09,107.48,107.48,107.48,107.48,0.0
2011-09-12,105.32,105.32,105.32,105.32,0.0
2011-09-13,105.01,105.01,105.01,105.01,0.0
2011-09-14,105.48,105.48,105.48,105.48,0.0
2011-09-15,105.67,105.67,105.67,105.67,0.0
2011-09-16,105.6,105.6,105.6,105.6,0.0
2011-09-19,104.62,104.62,104.62,104.62,0.0
2011-09-20,104.92,104.92,104.92,104.92,0.0
2011-09-21,104.07,104.07,104.07,104.07,0.0
2011-09-22,102.59,102.59,102.59,102.59,0.0
2011-09-23,102.32,102.32,102.32,102.32,0.0
2011-09-26,103.05,103.05,103.05,103.05,0.0
2011-09-27,103.83,103.83,103.83,103.83,0.0
2011-09-28,104.22,104.22,104.22,104.22,0.0
2011-09-29,104.46,104.46,104.46,104.46,0.0
2011-09-30,103.79,103.79,103.79,103.79,0.0
2011-10-03,102.39,102.39,102.39,102.39,0.0
2011-10-04,101.08,101.08,101.08,101.08,0.0
2011-10-05,102.25,102.25,102.25,102.25,0.0
2011-10-06,101.87,101.87,101.87,101.87,0.0
2011-10-07,103.02,103.02,103.02,103.02,0.0
2011-10-10,104.26,104.26,104.26,104.26,0.0
2011-10-11,104.26,104.26,104.26,104.26,0.0
2011-10-12,105.77,105.77,105.77,105.77,0.0
2011-10-13,105.48,105.48,105.48,105.48,0.0
2011-10-14,106.42,106.42,106.42,106.42,0.0
2011-10-17,106.43,106.43,106.43,106.43,0.0
2011-10-18,104.97,104.97,104.97,104.97,0.0
2011-10-19,106.19,106.19,106.19,106.19,0.0
2011-10-20,106.07,106.07,106.07,106.07,0.0
2011-10-21,105.82,105.82,105.82,105.82,0.0
2011-10-24,105.45,105.45,105.45,105.45,0.0
2011-10-25,105.98,105.98,105.98,105.98,0.0
2011-10-26,105.67,105.67,105.67,105.67,0.0
2011-10-27,106.39,106.39,106.39,106.39,0.0
2011-10-28,107.29,107.29,107.29,107.29,0.0
2011-10-31,109.22,109.22,109.22,109.22,0.0
2011-11-01,106.58,106.58,106.58,106.58,0.0
2011-11-02,107.78,107.78,107.78,107.78,0.0
2011-11-03,107.33,107.33,107.33,107.33,0.0
2011-11-04,107.55,107.55,107.55,107.55,0.0
2011-11-07,107.3,107.3,107.3,107.3,0.0
2011-11-08,107.51,107.51,107.51,107.51,0.0
2011-11-09,105.96,105.96,105.96,105.96,0.0
2011-11-10,105.66,105.66,105.66,105.66,0.0
2011-11-11,105.59,105.59,105.59,105.59,0.0
2011-11-14,105.18,105.18,105.18,105.18,0.0
2011-11-15,104.16,104.16,104.16,104.16,0.0
2011-11-16,103.77,103.77,103.77,103.77,0.0
2011-11-17,103.76,103.76,103.76,103.76,0.0
2011-11-18,104.06,104.06,104.06,104.06,0.0
2011-11-21,103.44,103.44,103.44,103.44,0.0
2011-11-22,104.15,104.15,104.15,104.15,0.0
2011-11-23,103.37,103.37,103.37,103.37,0.0
2011-11-24,103.07,103.07,103.07,103.07,0.0
2011-11-25,102.59,102.59,102.59,102.59,0.0
2011-11-28,103.82,103.82,103.82,103.82,0.0
2011-11-29,103.82,103.82,103.82,103.82,0.0
2011-11-30,104.0,104.0,104.0,104.0,0.0
2011-12-01,104.84,104.84,104.84,104.84,0.0
2011-12-02,105.25,105.25,105.25,105.25,0.0
2011-12-05,104.81,104.81,104.81,104.81,0.0
2011-12-06,104.15,104.15,104.15,104.15,0.0
2011-12-07,103.99,103.99,103.99,103.99,0.0
2011-12-08,103.72,103.72,103.72,103.72,0.0
2011-12-09,103.95,103.95,103.95,103.95,0.0
2011-12-12,103.12,103.12,103.12,103.12,0.0
2011-12-13,102.6,102.6,102.6,102.6,0.0
2011-12-14,101.44,101.44,101.44,101.44,0.0
2011-12-15,101.3,101.3,101.3,101.3,0.0
2011-12-16,101.7,101.7,101.7,101.7,0.0
2011-12-19,101.52,101.52,101.52,101.52,0.0
2011-12-20,101.88,101.88,101.88,101.88,0.0
2011-12-21,101.66,101.66,101.66,101.66,0.0
2011-12-22,101.93,101.93,101.93,101.93,0.0
2011-12-23,101.93,101.93,101.93,101.93,0.0
2011-12-27,101.75,101.75,101.75,101.75,0.0
2011-12-28,101.51,101.51,101.51,101.51,0.0
2011-12-29,100.24,100.24,100.24,100.24,0.0
2011-12-30,100.2,100.2,100.2,100.2,0.0
2012-01-02,99.52,99.52,99.52,99.52,0.0
2012-01-03,99.86,99.86,99.86,99.86,0.0
2012-01-04,99.43,99.43,99.43,99.43,0.0
2012-01-05,98.67,98.67,98.67,98.67,0.0
2012-01-06,98.56,98.56,98.56,98.56,0.0
2012-01-09,97.87,97.87,97.87,97.87,0.0
2012-01-10,98.39,98.39,98.39,98.39,0.0
2012-01-11,97.87,97.87,97.87,97.87,0.0
2012-01-12,97.92,97.92,97.92,97.92,0.0
2012-01-13,98.06,98.06,98.06,98.06,0.0
2012-01-16,97.25,97.25,97.25,97.25,0.0
2012-01-17,98.2,98.2,98.2,98.2,0.0
2012-01-18,98.53,98.53,98.53,98.53,0.0
2012-01-19,99.19,99.19,99.19,99.19,0.0
2012-01-20,99.53,99.53,99.53,99.53,0.0
2012-01-23,100.1,100.1,100.1,100.1,0.0
2012-01-24,100.89,100.89,100.89,100.89,0.0
2012-01-25,101.02,101.02,101.02,101.02,0.0
2012-01-26,101.98,101.98,101.98,101.98,0.0
2012-01-27,101.18,101.18,101.18,101.18,0.0
2012-01-30,100.53,100.53,100.53,100.53,0.0
2012-01-31,100.63,100.63,100.63,100.63,0.0
2012-02-01,100.29,100.29,100.29,100.29,0.0
2012-02-02,99.66,99.66,99.66,99.66,0.0
2012-02-03,100.3,100.3,100.3,100.3,0.0
2012-02-06,99.97,99.97,99.97,99.97,0.0
2012-02-07,100.67,100.67,100.67,100.67,0.0
2012-02-08,102.11,102.11,102.11,102.11,0.0
2012-02-09,102.63,102.63,102.63,102.63,0.0
2012-02-10,102.43,102.43,102.43,102.43,0.0
2012-02-13,102.86,102.86,102.86,102.86,0.0
2012-02-14,102.85,102.85,102.85,102.85,0.0
2012-02-15,102.73,102.73,102.73,102.73,0.0
2012-02-16,102.31,102.31,102.31,102.31,0.0
2012-02-17,104.39,104.39,104.39,104.39,0.0
2012-02-20,105.47,105.47,105.47,105.47,0.0
2012-02-21,105.38,105.38,105.38,105.38,0.0
2012-02-22,106.22,106.22,106.22,106.22,0.0
2012-02-23,106.72,106.72,106.72,106.72,0.0
2012-02-24,107.99,107.99,107.99,107.99,0.0
2012-02-27,107.81,107.81,107.81,107.81,0.0
2012-02-28,108.39,108.39,108.39,108.39,0.0
2012-02-29,107.92,107.92,107.92,107.92,0.0
2012-03-01,107.95,107.95,107.95,107.95,0.0
2012-03-02,107.74,107.74,107.74,107.74,0.0
2012-03-05,107.54,107.54,107.54,107.54,0.0
2012-03-06,106.66,106.66,106.66,106.66,0.0
2012-03-07,105.95,105.95,105.95,105.95,0.0
2012-03-08,108.18,108.18,108.18,108.18,0.0
2012-03-09,107.93,107.93,107.93,107.93,0.0
2012-03-12,107.79,107.79,107.79,107.79,0.0
2012-03-13,108.03,108.03,108.03,108.03,0.0
2012-03-14,109.16,109.16,109.16,109.16,0.0
2012-03-15,108.82,108.82,108.82,108.82,0.0
2012-03-16,109.81,109.81,109.81,109.81,0.0
2012-03-19,109.73,109.73,109.73,109.73,0.0
2012-03-20,110.48,110.48,110.48,110.48,0.0
2012-03-21,111.11,111.11,111.11,111.11,0.0
2012-03-22,109.4,109.4,109.4,109.4,0.0
2012-03-23,109.1,109.1,109.1,109.1,0.0
2012-03-26,109.82,109.82,109.82,109.82,0.0
2012-03-27,110.57,110.57,110.57,110.57,0.0
2012-03-28,110.74,110.74,110.74,110.74,0.0
2012-03-29,109.21,109.21,109.21,109.21,0.0
2012-03-30,109.56,109.56,109.56,109.56,0.0
2012-04-02,109.95,109.95,109.95,109.95,0.0
2012-04-03,109.3,109.3,109.3,109.3,0.0
2012-04-04,108.22,108.22,108.22,108.22,0.0
2012-04-05,107.06,107.06,107.06,107.06,0.0
2012-04-10,106.48,106.48,106.48,106.48,0.0
2012-04-11,106.18,106.18,106.18,106.18,0.0
2012-04-12,106.54,106.54,106.54,106.54,0.0
2012-04-13,106.49,106.49,106.49,106.49,0.0
2012-04-16,105.18,105.18,105.18,105.18,0.0
2012-04-17,105.96,105.96,105.96,105.96,0.0
2012-04-18,106.64,106.64,106.64,106.64,0.0
2012-04-19,106.92,106.92,106.92,106.92,0.0
2012-04-20,107.81,107.81,107.81,107.81,0.0
2012-04-23,106.51,106.51,106.51,106.51,0.0
2012-04-24,106.87,106.87,106.87,106.87,0.0
2012-04-25,107.35,107.35,107.35,107.35,0.0
2012-04-26,106.96,106.96,106.96,106.96,0.0
2012-04-27,106.75,106.75,106.75,106.75,0.0
2012-04-30,105.85,105.85,105.85,105.85,0.0
2012-05-02,105.31,105.31,105.31,105.31,0.0
2012-05-03,105.49,105.49,105.49,105.49,0.0
2012-05-04,105.41,105.41,105.41,105.41,0.0
2012-05-07,104.19,104.19,104.19,104.19,0.0
2012-05-08,104.01,104.01,104.01,104.01,0.0
2012-05-09,102.99,102.99,102.99,102.99,0.0
2012-05-10,103.31,103.31,103.31,103.31,0.0
2012-05-11,103.48,103.48,103.48,103.48,0.0
2012-05-14,102.64,102.64,102.64,102.64,0.0
2012-05-15,102.65,102.65,102.65,102.65,0.0
2012-05-16,102.53,102.53,102.53,102.53,0.0
2012-05-17,101.77,101.77,101.77,101.77,0.0
2012-05-18,100.95,100.95,100.95,100.95,0.0
2012-05-21,101.06,101.06,101.06,101.06,0.0
2012-05-22,101.99,101.99,101.99,101.99,0.0
2012-05-23,100.59,100.59,100.59,100.59,0.0
2012-05-24,99.75,99.75,99.75,99.75,0.0
2012-05-25,99.8,99.8,99.8,99.8,0.0
2012-05-28,99.75,99.75,99.75,99.75,0.0
2012-05-29,99.64,99.64,99.64,99.64,0.0
2012-05-30,98.38,98.38,98.38,98.38,0.0
2012-05-31,97.66,97.66,97.66,97.66,0.0
2012-06-01,96.25,96.25,96.25,96.25,0.0
2012-06-04,97.16,97.16,97.16,97.16,0.0
2012-06-05,97.25,97.25,97.25,97.25,0.0
2012-06-06,98.82,98.82,98.82,98.82,0.0
2012-06-07,100.08,100.08,100.08,100.08,0.0
2012-06-08,98.9,98.9,98.9,98.9,0.0
2012-06-11,99.6,99.6,99.6,99.6,0.0
2012-06-12,99.4,99.4,99.4,99.4,0.0
2012-06-13,99.8,99.8,99.8,99.8,0.0
2012-06-14,99.51,99.51,99.51,99.51,0.0
2012-06-15,99.24,99.24,99.24,99.24,0.0
2012-06-18,99.75,99.75,99.75,99.75,0.0
2012-06-19,99.57,99.57,99.57,99.57,0.0
2012-06-20,100.24,100.24,100.24,100.24,0.0
2012-06-21,101.46,101.46,101.46,101.46,0.0
2012-06-22,100.68,100.68,100.68,100.68,0.0
2012-06-25,99.57,99.57,99.57,99.57,0.0
2012-06-26,98.97,98.97,98.97,98.97,0.0
2012-06-27,99.49,99.49,99.49,99.49,0.0
2012-06-28,98.6,98.6,98.6,98.6,0.0
2012-06-29,100.13,100.13,100.13,100.13,0.0
2012-07-02,100.51,100.51,100.51,100.51,0.0
2012-07-03,100.26,100.26,100.26,100.26,0.0
2012-07-04,100.28,100.28,100.28,100.28,0.0
2012-07-05,99.14,99.14,99.14,99.14,0.0
2012-07-06,98.87,98.87,98.87,98.87,0.0
2012-07-09,97.81,97.81,97.81,97.81,0.0
2012-07-10,97.64,97.64,97.64,97.64,0.0
2012-07-11,97.14,97.14,97.14,97.14,0.0
2012-07-12,96.63,96.63,96.63,96.63,0.0
2012-07-13,96.6,96.6,96.6,96.6,0.0
2012-07-16,96.25,96.25,96.25,96.25,0.0
2012-07-17,97.14,97.14,97.14,97.14,0.0
2012-07-18,96.63,96.63,96.63,96.63,0.0
2012-07-19,96.51,96.51,96.51,96.51,0.0
2012-07-20,95.86,95.86,95.86,95.86,0.0
2012-07-23,94.72,94.72,94.72,94.72,0.0
2012-07-24,94.63,94.63,94.63,94.63,0.0
2012-07-25,94.97,94.97,94.97,94.97,0.0
2012-07-26,95.79,95.79,95.79,95.79,0.0
2012-07-27,96.29,96.29,96.29,96.29,0.0
2012-07-30,95.78,95.78,95.78,95.78,0.0
2012-07-31,96.03,96.03,96.03,96.03,0.0
2012-08-01,96.2,96.2,96.2,96.2,0.0
2012-08-02,96.64,96.64,96.64,96.64,0.0
2012-08-03,95.85,95.85,95.85,95.85,0.0
2012-08-06,96.99,96.99,96.99,96.99,0.0
2012-08-07,97.58,97.58,97.58,97.58,0.0
2012-08-08,96.68,96.68,96.68,96.68,0.0
2012-08-09,96.53,96.53,96.53,96.53,0.0
2012-08-10,96.12,96.12,96.12,96.12,0.0
2012-08-13,96.61,96.61,96.61,96.61,0.0
2012-08-14,97.14,97.14,97.14,97.14,0.0
2012-08-15,96.98,96.98,96.98,96.98,0.0
2012-08-16,97.38,97.38,97.38,97.38,0.0
2012-08-17,97.97,97.97,97.97,97.97,0.0
2012-08-20,97.82,97.82,97.82,97.82,0.0
2012-08-21,98.81,98.81,98.81,98.81,0.0
2012-08-22,98.65,98.65,98.65,98.65,0.0
2012-08-23,98.68,98.68,98.68,98.68,0.0
2012-08-24,98.16,98.16,98.16,98.16,0.0
2012-08-27,98.71,98.71,98.71,98.71,0.0
2012-08-28,98.59,98.59,98.59,98.59,0.0
2012-08-29,98.63,98.63,98.63,98.63,0.0
2012-08-30,98.63,98.63,98.63,98.63,0.0
2012-08-31,98.96,98.96,98.96,98.96,0.0
2012-09-03,98.43,98.43,98.43,98.43,0.0
2012-09-04,98.58,98.58,98.58,98.58,0.0
2012-09-05,98.67,98.67,98.67,98.67,0.0
2012-09-06,99.36,99.36,99.36,99.36,0.0
2012-09-07,100.26,100.26,100.26,100.26,0.0
2012-09-10,99.98,99.98,99.98,99.98,0.0
2012-09-11,99.7,99.7,99.7,99.7,0.0
2012-09-12,100.45,100.45,100.45,100.45,0.0
2012-09-13,100.24,100.24,100.24,100.24,0.0
2012-09-14,102.24,102.24,102.24,102.24,0.0
2012-09-17,102.61,102.61,102.61,102.61,0.0
2012-09-18,102.64,102.64,102.64,102.64,0.0
2012-09-19,102.38,102.38,102.38,102.38,0.0
2012-09-20,101.21,101.21,101.21,101.21,0.0
2012-09-21,101.58,101.58,101.58,101.58,0.0
2012-09-24,100.79,100.79,100.79,100.79,0.0
2012-09-25,100.57,100.57,100.57,100.57,0.0
2012-09-26,99.82,99.82,99.82,99.82,0.0
2012-09-27,99.98,99.98,99.98,99.98,0.0
2012-09-28,100.37,100.37,100.37,100.37,0.0
2012-10-01,100.42,100.42,100.42,100.42,0.0
2012-10-02,101.02,101.02,101.02,101.02,0.0
2012-10-03,101.1,101.1,101.1,101.1,0.0
2012-10-04,101.88,101.88,101.88,101.88,0.0
2012-10-05,102.02,102.02,102.02,102.02,0.0
2012-10-08,101.45,101.45,101.45,101.45,0.0
2012-10-09,101.35,101.35,101.35,101.35,0.0
2012-10-10,100.94,100.94,100.94,100.94,0.0
2012-10-11,101.26,101.26,101.26,101.26,0.0
2012-10-12,101.7,101.7,101.7,101.7,0.0
2012-10-15,102.1,102.1,102.1,102.1,0.0
2012-10-16,102.94,102.94,102.94,102.94,0.0
2012-10-17,103.23,103.23,103.23,103.23,0.0
2012-10-18,104.01,104.01,104.01,104.01,0.0
2012-10-19,103.27,103.27,103.27,103.27,0.0
2012-10-22,104.27,104.27,104.27,104.27,0.0
2012-10-23,103.84,103.84,103.84,103.84,0.0
2012-10-24,103.33,103.33,103.33,103.33,0.0
2012-10-25,104.15,104.15,104.15,104.15,0.0
2012-10-26,103.15,103.15,103.15,103.15,0.0
2012-10-29,102.69,102.69,102.69,102.69,0.0
2012-10-30,103.0,103.0,103.0,103.0,0.0
2012-10-31,103.78,103.78,103.78,103.78,0.0
2012-11-01,103.82,103.82,103.82,103.82,0.0
2012-11-02,103.55,103.55,103.55,103.55,0.0
2012-11-05,102.6,102.6,102.6,102.6,0.0
2012-11-06,102.6,102.6,102.6,102.6,0.0
2012-11-07,102.11,102.11,102.11,102.11,0.0
2012-11-08,101.74,101.74,101.74,101.74,0.0
2012-11-09,100.44,100.44,100.44,100.44,0.0
2012-11-12,101.13,101.13,101.13,101.13,0.0
2012-11-13,100.93,100.93,100.93,100.93,0.0
2012-11-14,102.0,102.0,102.0,102.0,0.0
2012-11-15,103.66,103.66,103.66,103.66,0.0
2012-11-16,103.44,103.44,103.44,103.44,0.0
2012-11-19,103.6,103.6,103.6,103.6,0.0
2012-11-20,104.39,104.39,104.39,104.39,0.0
2012-11-21,105.49,105.49,105.49,105.49,0.0
2012-11-22,106.42,106.42,106.42,106.42,0.0
2012-11-23,106.19,106.19,106.19,106.19,0.0
2012-11-26,106.47,106.47,106.47,106.47,0.0
2012-11-27,106.46,106.46,106.46,106.46,0.0
2012-11-28,105.44,105.44,105.44,105.44,0.0
2012-11-29,106.72,106.72,106.72,106.72,0.0
2012-11-30,107.37,107.37,107.37,107.37,0.0
2012-12-03,107.36,107.36,107.36,107.36,0.0
2012-12-04,107.28,107.28,107.28,107.28,0.0
2012-12-05,107.31,107.31,107.31,107.31,0.0
2012-12-06,107.66,107.66,107.66,107.66,0.0
2012-12-07,106.19,106.19,106.19,106.19,0.0
2012-12-10,106.23,106.23,106.23,106.23,0.0
2012-12-11,107.11,107.11,107.11,107.11,0.0
2012-12-12,108.12,108.12,108.12,108.12,0.0
2012-12-13,109.18,109.18,109.18,109.18,0.0
2012-12-14,109.55,109.55,109.55,109.55,0.0
2012-12-17,110.39,110.39,110.39,110.39,0.0
2012-12-18,110.53,110.53,110.53,110.53,0.0
2012-12-19,112.36,112.36,112.36,112.36,0.0
2012-12-20,111.52,111.52,111.52,111.52,0.0
2012-12-21,110.99,110.99,110.99,110.99,0.0
2012-12-24,111.64,111.64,111.64,111.64,0.0
2012-12-27,113.87,113.87,113.87,113.87,0.0
2012-12-28,113.5,113.5,113.5,113.5,0.0
2012-12-31,113.61,113.61,113.61,113.61,0.0
2013-01-02,115.38,115.38,115.38,115.38,0.0
2013-01-03,113.93,113.93,113.93,113.93,0.0
2013-01-04,114.96,114.96,114.96,114.96,0.0
2013-01-07,114.48,114.48,114.48,114.48,0.0
2013-01-08,114.56,114.56,114.56,114.56,0.0
2013-01-09,114.34,114.34,114.34,114.34,0.0
2013-01-10,115.76,115.76,115.76,115.76,0.0
2013-01-11,118.18,118.18,118.18,118.18,0.0
2013-01-14,119.1,119.1,119.1,119.1,0.0
2013-01-15,118.04,118.04,118.04,118.04,0.0
2013-01-16,117.06,117.06,117.06,117.06,0.0
2013-01-17,119.32,119.32,119.32,119.32,0.0
2013-01-18,119.87,119.87,119.87,119.87,0.0
2013-01-21,119.37,119.37,119.37,119.37,0.0
2013-01-22,118.18,118.18,118.18,118.18,0.0
2013-01-23,117.98,117.98,117.98,117.98,0.0
2013-01-24,119.73,119.73,119.73,119.73,0.0
2013-01-25,122.71,122.71,122.71,122.71,0.0
2013-01-28,122.21,122.21,122.21,122.21,0.0
2013-01-29,121.52,121.52,121.52,121.52,0.0
2013-01-30,123.55,123.55,123.55,123.55,0.0
2013-01-31,123.32,123.32,123.32,123.32,0.0
2013-02-01,125.78,125.78,125.78,125.78,0.0
2013-02-04,125.63,125.63,125.63,125.63,0.0
2013-02-05,126.33,126.33,126.33,126.33,0.0
2013-02-06,126.48,126.48,126.48,126.48,0.0
2013-02-07,126.88,126.88,126.88,126.88,0.0
2013-02-08,123.52,123.52,123.52,123.52,0.0
2013-02-11,125.12,125.12,125.12,125.12,0.0
2013-02-12,126.6,126.6,126.6,126.6,0.0
2013-02-13,125.95,125.95,125.95,125.95,0.0
2013-02-14,124.39,124.39,124.39,124.39,0.0
2013-02-15,124.03,124.03,124.03,124.03,0.0
2013-02-18,125.24,125.24,125.24,125.24,0.0
2013-02-19,124.81,124.81,124.81,124.81,0.0
2013-02-20,125.09,125.09,125.09,125.09,0.0
2013-02-21,122.85,122.85,122.85,122.85,0.0
2013-02-22,122.98,122.98,122.98,122.98,0.0
2013-02-25,125.0,125.0,125.0,125.0,0.0
2013-02-26,120.2,120.2,120.2,120.2,0.0
2013-02-27,120.06,120.06,120.06,120.06,0.0
2013-02-28,121.07,121.07,121.07,121.07,0.0
2013-03-01,120.53,120.53,120.53,120.53,0.0
2013-03-04,121.67,121.67,121.67,121.67,0.0
2013-03-05,121.45,121.45,121.45,121.45,0.0
2013-03-06,121.85,121.85,121.85,121.85,0.0
2013-03-07,122.8,122.8,122.8,122.8,0.0
2013-03-08,125.5,125.5,125.5,125.5,0.0
2013-03-11,124.91,124.91,124.91,124.91,0.0
2013-03-12,125.25,125.25,125.25,125.25,0.0
2013-03-13,124.59,124.59,124.59,124.59,0.0
2013-03-14,124.79,124.79,124.79,124.79,0.0
2013-03-15,125.56,125.56,125.56,125.56,0.0
2013-03-18,122.88,122.88,122.88,122.88,0.0
2013-03-19,123.49,123.49,123.49,123.49,0.0
2013-03-20,123.69,123.69,123.69,123.69,0.0
2013-03-21,122.95,122.95,122.95,122.95,0.0
2013-03-22,122.85,122.85,122.85,122.85,0.0
2013-03-25,122.55,122.55,122.55,122.55,0.0
2013-03-26,121.25,121.25,121.25,121.25,0.0
2013-03-27,120.3,120.3,120.3,120.3,0.0
2013-03-28,120.87,120.87,120.87,120.87,0.0
2013-04-02,119.79,119.79,119.79,119.79,0.0
2013-04-03,119.96,119.96,119.96,119.96,0.0
2013-04-04,122.31,122.31,122.31,122.31,0.0
2013-04-05,124.49,124.49,124.49,124.49,0.0
2013-04-08,128.46,128.46,128.46,128.46,0.0
2013-04-09,128.92,128.92,128.92,128.92,0.0
2013-04-10,129.69,129.69,129.69,129.69,0.0
2013-04-11,130.39,130.39,130.39,130.39,0.0
2013-04-12,129.54,129.54,129.54,129.54,0.0
2013-04-15,127.83,127.83,127.83,127.83,0.0
2013-04-16,128.37,128.37,128.37,128.37,0.0
2013-04-17,128.61,128.61,128.61,128.61,0.0
2013-04-18,128.4,128.4,128.4,128.4,0.0
2013-04-19,130.21,130.21,130.21,130.21,0.0
2013-04-22,130.0,130.0,130.0,130.0,0.0
2013-04-23,128.56,128.56,128.56,128.56,0.0
2013-04-24,129.46,129.46,129.46,129.46,0.0
2013-04-25,129.67,129.67,129.67,129.67,0.0
2013-04-26,128.13,128.13,128.13,128.13,0.0
2013-04-29,128.27,128.27,128.27,128.27,0.0
2013-04-30,127.35,127.35,127.35,127.35,0.0
2013-05-02,129.04,129.04,129.04,129.04,0.0
2013-05-03,128.6,128.6,128.6,128.6,0.0
2013-05-06,130.18,130.18,130.18,130.18,0.0
2013-05-07,129.98,129.98,129.98,129.98,0.0
2013-05-08,129.89,129.89,129.89,129.89,0.0
2013-05-09,129.8,129.8,129.8,129.8,0.0
2013-05-10,131.94,131.94,131.94,131.94,0.0
2013-05-13,132.01,132.01,132.01,132.01,0.0
2013-05-14,131.88,131.88,131.88,131.88,0.0
2013-05-15,132.04,132.04,132.04,132.04,0.0
2013-05-16,132.15,132.15,132.15,132.15,0.0
2013-05-17,131.87,131.87,131.87,131.87,0.0
2013-05-20,131.86,131.86,131.86,131.86,0.0
2013-05-21,132.33,132.33,132.33,132.33,0.0
2013-05-22,133.26,133.26,133.26,133.26,0.0
2013-05-23,131.07,131.07,131.07,131.07,0.0
2013-05-24,131.25,131.25,131.25,131.25,0.0
2013-05-27,130.59,130.59,130.59,130.59,0.0
2013-05-28,131.98,131.98,131.98,131.98,0.0
2013-05-29,130.9,130.9,130.9,130.9,0.0
2013-05-30,131.7,131.7,131.7,131.7,0.0
2013-05-31,130.47,130.47,130.47,130.47,0.0
2013-06-03,130.37,130.37,130.37,130.37,0.0
2013-06-04,131.28,131.28,131.28,131.28,0.0
2013-06-05,130.13,130.13,130.13,130.13,0.0
2013-06-06,129.96,129.96,129.96,129.96,0.0
2013-06-07,126.81,126.81,126.81,126.81,0.0
2013-06-10,130.47,130.47,130.47,130.47,0.0
2013-06-11,128.6,128.6,128.6,128.6,0.0
2013-06-12,128.3,128.3,128.3,128.3,0.0
2013-06-13,125.36,125.36,125.36,125.36,0.0
2013-06-14,126.37,126.37,126.37,126.37,0.0
2013-06-17,126.36,126.36,126.36,126.36,0.0
2013-06-18,127.55,127.55,127.55,127.55,0.0
2013-06-19,127.44,127.44,127.44,127.44,0.0
2013-06-20,129.26,129.26,129.26,129.26,0.0
2013-06-21,128.66,128.66,128.66,128.66,0.0
2013-06-24,128.54,128.54,128.54,128.54,0.0
2013-06-25,127.79,127.79,127.79,127.79,0.0
2013-06-26,127.33,127.33,127.33,127.33,0.0
2013-06-27,127.93,127.93,127.93,127.93,0.0
2013-06-28,129.39,129.39,129.39,129.39,0.0
2013-07-01,129.99,129.99,129.99,129.99,0.0
2013-07-02,130.08,130.08,130.08,130.08,0.0
2013-07-03,128.85,128.85,128.85,128.85,0.0
2013-07-04,129.64,129.64,129.64,129.64,0.0
2013-07-05,128.97,128.97,128.97,128.97,0.0
2013-07-08,130.04,130.04,130.04,130.04,0.0
2013-07-09,130.07,130.07,130.07,130.07,0.0
2013-07-10,128.44,128.44,128.44,128.44,0.0
2013-07-11,129.63,129.63,129.63,129.63,0.0
2013-07-12,129.75,129.75,129.75,129.75,0.0
2013-07-15,130.68,130.68,130.68,130.68,0.0
2013-07-16,130.35,130.35,130.35,130.35,0.0
2013-07-17,131.15,131.15,131.15,131.15,0.0
2013-07-18,131.22,131.22,131.22,131.22,0.0
2013-07-19,131.67,131.67,131.67,131.67,0.0
2013-07-22,131.47,131.47,131.47,131.47,0.0
2013-07-23,131.91,131.91,131.91,131.91,0.0
2013-07-24,132.6,132.6,132.6,132.6,0.0
2013-07-25,131.81,131.81,131.81,131.81,0.0
2013-07-26,130.84,130.84,130.84,130.84,0.0
2013-07-29,129.91,129.91,129.91,129.91,0.0
2013-07-30,129.99,129.99,129.99,129.99,0.0
2013-07-31,130.0,130.0,130.0,130.0,0.0
2013-08-01,130.69,130.69,130.69,130.69,0.0
2013-08-02,131.78,131.78,131.78,131.78,0.0
2013-08-05,130.62,130.62,130.62,130.62,0.0
2013-08-06,130.27,130.27,130.27,130.27,0.0
2013-08-07,129.21,129.21,129.21,129.21,0.0
2013-08-08,128.68,128.68,128.68,128.68,0.0
2013-08-09,128.96,128.96,128.96,128.96,0.0
2013-08-12,128.66,128.66,128.66,128.66,0.0
2013-08-13,130.27,130.27,130.27,130.27,0.0
2013-08-14,130.17,130.17,130.17,130.17,0.0
2013-08-15,130.48,130.48,130.48,130.48,0.0
2013-08-16,130.03,130.03,130.03,130.03,0.0
2013-08-19,130.72,130.72,130.72,130.72,0.0
2013-08-20,130.33,130.33,130.33,130.33,0.0
2013-08-21,130.52,130.52,130.52,130.52,0.0
2013-08-22,131.45,131.45,131.45,131.45,0.0
2013-08-23,132.35,132.35,132.35,132.35,0.0
2013-08-26,131.74,131.74,131.74,131.74,0.0
2013-08-27,130.07,130.07,130.07,130.07,0.0
2013-08-28,130.1,130.1,130.1,130.1,0.0
2013-08-29,130.34,130.34,130.34,130.34,0.0
2013-08-30,130.01,130.01,130.01,130.01,0.0
2013-09-02,131.09,131.09,131.09,131.09,0.0
2013-09-03,130.98,130.98,130.98,130.98,0.0
2013-09-04,131.06,131.06,131.06,131.06,0.0
2013-09-05,131.64,131.64,131.64,131.64,0.0
2013-09-06,130.71,130.71,130.71,130.71,0.0
2013-09-09,131.3,131.3,131.3,131.3,0.0
2013-09-10,132.8,132.8,132.8,132.8,0.0
2013-09-11,132.96,132.96,132.96,132.96,0.0
2013-09-12,132.18,132.18,132.18,132.18,0.0
2013-09-13,132.43,132.43,132.43,132.43,0.0
2013-09-16,132.05,132.05,132.05,132.05,0.0
2013-09-17,132.44,132.44,132.44,132.44,0.0
2013-09-18,132.18,132.18,132.18,132.18,0.0
2013-09-19,134.09,134.09,134.09,134.09,0.0
2013-09-20,134.57,134.57,134.57,134.57,0.0
2013-09-23,133.59,133.59,133.59,133.59,0.0
2013-09-24,132.92,132.92,132.92,132.92,0.0
2013-09-25,133.14,133.14,133.14,133.14,0.0
2013-09-26,133.41,133.41,133.41,133.41,0.0
2013-09-27,133.28,133.28,133.28,133.28,0.0
2013-09-30,131.78,131.78,131.78,131.78,0.0
2013-10-01,132.6,132.6,132.6,132.6,0.0
2013-10-02,131.76,131.76,131.76,131.76,0.0
2013-10-03,132.81,132.81,132.81,132.81,0.0
2013-10-04,132.03,132.03,132.03,132.03,0.0
2013-10-07,131.46,131.46,131.46,131.46,0.0
2013-10-08,131.94,131.94,131.94,131.94,0.0
2013-10-09,131.55,131.55,131.55,131.55,0.0
2013-10-10,132.37,132.37,132.37,132.37,0.0
2013-10-11,133.38,133.38,133.38,133.38,0.0
2013-10-14,133.19,133.19,133.19,133.19,0.0
2013-10-15,132.89,132.89,132.89,132.89,0.0
2013-10-16,133.38,133.38,133.38,133.38,0.0
2013-10-17,133.64,133.64,133.64,133.64,0.0
2013-10-18,133.73,133.73,133.73,133.73,0.0
2013-10-21,134.17,134.17,134.17,134.17,0.0
2013-10-22,134.52,134.52,134.52,134.52,0.0
2013-10-23,133.95,133.95,133.95,133.95,0.0
2013-10-24,134.32,134.32,134.32,134.32,0.0
2013-10-25,134.15,134.15,134.15,134.15,0.0
2013-10-28,134.65,134.65,134.65,134.65,0.0
2013-10-29,134.88,134.88,134.88,134.88,0.0
2013-10-30,135.11,135.11,135.11,135.11,0.0
2013-10-31,133.99,133.99,133.99,133.99,0.0
2013-11-01,132.9,132.9,132.9,132.9,0.0
2013-11-04,133.28,133.28,133.28,133.28,0.0
2013-11-05,132.59,132.59,132.59,132.59,0.0
2013-11-06,133.33,133.33,133.33,133.33,0.0
2013-11-07,132.0,132.0,132.0,132.0,0.0
2013-11-08,131.58,131.58,131.58,131.58,0.0
2013-11-11,132.86,132.86,132.86,132.86,0.0
2013-11-12,133.87,133.87,133.87,133.87,0.0
2013-11-13,133.27,133.27,133.27,133.27,0.0
2013-11-14,134.26,134.26,134.26,134.26,0.0
2013-11-15,134.99,134.99,134.99,134.99,0.0
2013-11-18,135.23,135.23,135.23,135.23,0.0
2013-11-19,134.89,134.89,134.89,134.89,0.0
2013-11-20,135.2,135.2,135.2,135.2,0.0
2013-11-21,135.83,135.83,135.83,135.83,0.0
2013-11-22,136.74,136.74,136.74,136.74,0.0
2013-11-25,137.57,137.57,137.57,137.57,0.0
2013-11-26,137.34,137.34,137.34,137.34,0.0
2013-11-27,138.43,138.43,138.43,138.43,0.0
2013-11-28,139.06,139.06,139.06,139.06,0.0
2013-11-29,139.21,139.21,139.21,139.21,0.0
2013-12-02,139.16,139.16,139.16,139.16,0.0
2013-12-03,139.31,139.31,139.31,139.31,0.0
2013-12-04,139.31,139.31,139.31,139.31,0.0
2013-12-05,138.73,138.73,138.73,138.73,0.0
2013-12-06,139.63,139.63,139.63,139.63,0.0
2013-12-09,141.33,141.33,141.33,141.33,0.0
2013-12-10,141.35,141.35,141.35,141.35,0.0
2013-12-11,141.22,141.22,141.22,141.22,0.0
2013-12-12,141.51,141.51,141.51,141.51,0.0
2013-12-13,141.93,141.93,141.93,141.93,0.0
2013-12-16,141.87,141.87,141.87,141.87,0.0
2013-12-17,141.61,141.61,141.61,141.61,0.0
2013-12-18,141.61,141.61,141.61,141.61,0.0
2013-12-19,142.55,142.55,142.55,142.55,0.0
2013-12-20,142.66,142.66,142.66,142.66,0.0
2013-12-23,142.38,142.38,142.38,142.38,0.0
2013-12-24,142.66,142.66,142.66,142.66,0.0
2013-12-27,145.02,145.02,145.02,145.02,0.0
2013-12-30,145.02,145.02,145.02,145.02,0.0
2013-12-31,144.72,144.72,144.72,144.72,0.0
2014-01-02,143.82,143.82,143.82,143.82,0.0
2014-01-03,142.46,142.46,142.46,142.46,0.0
2014-01-06,142.28,142.28,142.28,142.28,0.0
2014-01-07,142.43,142.43,142.43,142.43,0.0
2014-01-08,142.33,142.33,142.33,142.33,0.0
2014-01-09,142.92,142.92,142.92,142.92,0.0
2014-01-10,142.67,142.67,142.67,142.67,0.0
2014-01-13,141.37,141.37,141.37,141.37,0.0
2014-01-14,141.62,141.62,141.62,141.62,0.0
2014-01-15,141.86,141.86,141.86,141.86,0.0
2014-01-16,142.21,142.21,142.21,142.21,0.0
2014-01-17,141.8,141.8,141.8,141.8,0.0
2014-01-20,141.05,141.05,141.05,141.05,0.0
2014-01-21,141.58,141.58,141.58,141.58,0.0
2014-01-22,141.57,141.57,141.57,141.57,0.0
2014-01-23,141.99,141.99,141.99,141.99,0.0
2014-01-24,140.18,140.18,140.18,140.18,0.0
2014-01-27,140.39,140.39,140.39,140.39,0.0
2014-01-28,140.61,140.61,140.61,140.61,0.0
2014-01-29,139.73,139.73,139.73,139.73,0.0
2014-01-30,139.28,139.28,139.28,139.28,0.0
2014-01-31,138.13,138.13,138.13,138.13,0.0
2014-02-03,137.82,137.82,137.82,137.82,0.0
2014-02-04,137.05,137.05,137.05,137.05,0.0
2014-02-05,136.78,136.78,136.78,136.78,0.0
2014-02-06,136.93,136.93,136.93,136.93,0.0
2014-02-07,138.79,138.79,138.79,138.79,0.0
2014-02-10,139.26,139.26,139.26,139.26,0.0
2014-02-11,140.0,140.0,140.0,140.0,0.0
2014-02-12,138.89,138.89,138.89,138.89,0.0
2014-02-13,139.42,139.42,139.42,139.42,0.0
2014-02-14,139.48,139.48,139.48,139.48,0.0
2014-02-17,139.6,139.6,139.6,139.6,0.0
2014-02-18,140.77,140.77,140.77,140.77,0.0
2014-02-19,140.08,140.08,140.08,140.08,0.0
2014-02-20,139.91,139.91,139.91,139.91,0.0
2014-02-21,140.5,140.5,140.5,140.5,0.0
2014-02-24,140.69,140.69,140.69,140.69,0.0
2014-02-25,140.65,140.65,140.65,140.65,0.0
2014-02-26,140.5,140.5,140.5,140.5,0.0
2014-02-27,139.15,139.15,139.15,139.15,0.0
2014-02-28,140.63,140.63,140.63,140.63,0.0
2014-03-03,139.51,139.51,139.51,139.51,0.0
2014-03-04,140.2,140.2,140.2,140.2,0.0
2014-03-05,140.71,140.71,140.71,140.71,0.0
2014-03-06,141.22,141.22,141.22,141.22,0.0
2014-03-07,143.02,143.02,143.02,143.02,0.0
2014-03-10,143.39,143.39,143.39,143.39,0.0
2014-03-11,143.05,143.05,143.05,143.05,0.0
2014-03-12,142.68,142.68,142.68,142.68,0.0
2014-03-13,143.3,143.3,143.3,143.3,0.0
2014-03-14,140.63,140.63,140.63,140.63,0.0
2014-03-17,141.45,141.45,141.45,141.45,0.0
2014-03-18,141.1,141.1,141.1,141.1,0.0
2014-03-19,141.31,141.31,141.31,141.31,0.0
2014-03-20,140.85,140.85,140.85,140.85,0.0
2014-03-21,141.07,141.07,141.07,141.07,0.0
2014-03-24,141.05,141.05,141.05,141.05,0.0
2014-03-25,141.22,141.22,141.22,141.22,0.0
2014-03-26,141.25,141.25,141.25,141.25,0.0
2014-03-27,140.75,140.75,140.75,140.75,0.0
2014-03-28,140.9,140.9,140.9,140.9,0.0
2014-03-31,142.42,142.42,142.42,142.42,0.0
2014-04-01,142.53,142.53,142.53,142.53,0.0
2014-04-02,143.03,143.03,143.03,143.03,0.0
2014-04-03,143.12,143.12,143.12,143.12,0.0
2014-04-04,142.33,142.33,142.33,142.33,0.0
2014-04-07,141.65,141.65,141.65,141.65,0.0
2014-04-08,140.9,140.9,140.9,140.9,0.0
2014-04-09,140.73,140.73,140.73,140.73,0.0
2014-04-10,141.0,141.0,141.0,141.0,0.0
2014-04-11,140.69,140.69,140.69,140.69,0.0
2014-04-14,140.87,140.87,140.87,140.87,0.0
2014-04-15,140.62,140.62,140.62,140.62,0.0
2014-04-16,141.55,141.55,141.55,141.55,0.0
2014-04-17,141.57,141.57,141.57,141.57,0.0
2014-04-22,141.69,141.69,141.69,141.69,0.0
2014-04-23,141.46,141.46,141.46,141.46,0.0
2014-04-24,141.63,141.63,141.63,141.63,0.0
2014-04-25,141.05,141.05,141.05,141.05,0.0
2014-04-28,141.85,141.85,141.85,141.85,0.0
2014-04-29,142.03,142.03,142.03,142.03,0.0
2014-04-30,142.07,142.07,142.07,142.07,0.0
2014-05-02,142.06,142.06,142.06,142.06,0.0
2014-05-05,141.44,141.44,141.44,141.44,0.0
2014-05-06,141.89,141.89,141.89,141.89,0.0
2014-05-07,141.68,141.68,141.68,141.68,0.0
2014-05-08,141.95,141.95,141.95,141.95,0.0
2014-05-09,140.14,140.14,140.14,140.14,0.0
2014-05-12,140.31,140.31,140.31,140.31,0.0
2014-05-13,140.25,140.25,140.25,140.25,0.0
2014-05-14,139.65,139.65,139.65,139.65,0.0
2014-05-15,139.17,139.17,139.17,139.17,0.0
2014-05-16,138.95,138.95,138.95,138.95,0.0
2014-05-19,138.79,138.79,138.79,138.79,0.0
2014-05-20,138.88,138.88,138.88,138.88,0.0
2014-05-21,138.18,138.18,138.18,138.18,0.0
2014-05-22,138.96,138.96,138.96,138.96,0.0
2014-05-23,138.92,138.92,138.92,138.92,0.0
2014-05-26,138.97,138.97,138.97,138.97,0.0
2014-05-27,139.01,139.01,139.01,139.01,0.0
2014-05-28,138.73,138.73,138.73,138.73,0.0
2014-05-29,138.34,138.34,138.34,138.34,0.0
2014-05-30,138.36,138.36,138.36,138.36,0.0
2014-06-02,138.94,138.94,138.94,138.94,0.0
2014-06-03,139.64,139.64,139.64,139.64,0.0
2014-06-04,139.78,139.78,139.78,139.78,0.0
2014-06-05,139.24,139.24,139.24,139.24,0.0
2014-06-06,139.71,139.71,139.71,139.71,0.0
2014-06-09,139.39,139.39,139.39,139.39,0.0
2014-06-10,138.63,138.63,138.63,138.63,0.0
2014-06-11,138.19,138.19,138.19,138.19,0.0
2014-06-12,138.12,138.12,138.12,138.12,0.0
2014-06-13,138.08,138.08,138.08,138.08,0.0
2014-06-16,137.81,137.81,137.81,137.81,0.0
2014-06-17,138.4,138.4,138.4,138.4,0.0
2014-06-18,138.65,138.65,138.65,138.65,0.0
2014-06-19,138.82,138.82,138.82,138.82,0.0
2014-06-20,138.68,138.68,138.68,138.68,0.0
2014-06-23,138.46,138.46,138.46,138.46,0.0
2014-06-24,138.8,138.8,138.8,138.8,0.0
2014-06-25,138.73,138.73,138.73,138.73,0.0
2014-06-26,138.49,138.49,138.49,138.49,0.0
2014-06-27,138.09,138.09,138.09,138.09,0.0
2014-06-30,138.44,138.44,138.44,138.44,0.0
2014-07-01,138.98,138.98,138.98,138.98,0.0
2014-07-02,138.65,138.65,138.65,138.65,0.0
2014-07-03,139.06,139.06,139.06,139.06,0.0
2014-07-04,138.67,138.67,138.67,138.67,0.0
2014-07-07,138.53,138.53,138.53,138.53,0.0
2014-07-08,138.26,138.26,138.26,138.26,0.0
2014-07-09,138.38,138.38,138.38,138.38,0.0
2014-07-10,137.87,137.87,137.87,137.87,0.0
2014-07-11,137.75,137.75,137.75,137.75,0.0
2014-07-14,138.29,138.29,138.29,138.29,0.0
2014-07-15,138.28,138.28,138.28,138.28,0.0
2014-07-16,137.73,137.73,137.73,137.73,0.0
2014-07-17,137.27,137.27,137.27,137.27,0.0
2014-07-18,137.07,137.07,137.07,137.07,0.0
2014-07-21,136.97,136.97,136.97,136.97,0.0
2014-07-22,136.93,136.93,136.93,136.93,0.0
2014-07-23,136.51,136.51,136.51,136.51,0.0
2014-07-24,136.97,136.97,136.97,136.97,0.0
2014-07-25,136.97,136.97,136.97,136.97,0.0
2014-07-28,136.74,136.74,136.74,136.74,0.0
2014-07-29,137.04,137.04,137.04,137.04,0.0
2014-07-30,137.05,137.05,137.05,137.05,0.0
2014-07-31,137.66,137.66,137.66,137.66,0.0
2014-08-01,137.92,137.92,137.92,137.92,0.0
2014-08-04,137.72,137.72,137.72,137.72,0.0
2014-08-05,137.46,137.46,137.46,137.46,0.0
2014-08-06,136.58,136.58,136.58,136.58,0.0
2014-08-07,136.76,136.76,136.76,136.76,0.0
2014-08-08,136.45,136.45,136.45,136.45,0.0
2014-08-11,136.72,136.72,136.72,136.72,0.0
2014-08-12,136.49,136.49,136.49,136.49,0.0
2014-08-13,136.89,136.89,136.89,136.89,0.0
2014-08-14,136.99,136.99,136.99,136.99,0.0
2014-08-15,137.33,137.33,137.33,137.33,0.0
2014-08-18,137.22,137.22,137.22,137.22,0.0
2014-08-19,137.12,137.12,137.12,137.12,0.0
2014-08-20,137.23,137.23,137.23,137.23,0.0
2014-08-21,137.71,137.71,137.71,137.71,0.0
2014-08-22,137.7,137.7,137.7,137.7,0.0
2014-08-25,137.13,137.13,137.13,137.13,0.0
2014-08-26,137.15,137.15,137.15,137.15,0.0
2014-08-27,136.88,136.88,136.88,136.88,0.0
2014-08-28,136.68,136.68,136.68,136.68,0.0
2014-08-29,137.11,137.11,137.11,137.11,0.0
2014-09-01,136.97,136.97,136.97,136.97,0.0
2014-09-02,137.63,137.63,137.63,137.63,0.0
2014-09-03,138.11,138.11,138.11,138.11,0.0
2014-09-04,136.89,136.89,136.89,136.89,0.0
2014-09-05,136.27,136.27,136.27,136.27,0.0
2014-09-08,136.32,136.32,136.32,136.32,0.0
2014-09-09,136.9,136.9,136.9,136.9,0.0
2014-09-10,137.9,137.9,137.9,137.9,0.0
2014-09-11,138.38,138.38,138.38,138.38,0.0
2014-09-12,138.72,138.72,138.72,138.72,0.0
2014-09-15,138.48,138.48,138.48,138.48,0.0
2014-09-16,138.67,138.67,138.67,138.67,0.0
2014-09-17,139.05,139.05,139.05,139.05,0.0
2014-09-18,140.11,140.11,140.11,140.11,0.0
2014-09-19,139.84,139.84,139.84,139.84,0.0
2014-09-22,140.09,140.09,140.09,140.09,0.0
2014-09-23,139.87,139.87,139.87,139.87,0.0
2014-09-24,139.5,139.5,139.5,139.5,0.0
2014-09-25,138.88,138.88,138.88,138.88,0.0
2014-09-26,138.93,138.93,138.93,138.93,0.0
2014-09-29,138.97,138.97,138.97,138.97,0.0
2014-09-30,138.11,138.11,138.11,138.11,0.0
2014-10-01,138.53,138.53,138.53,138.53,0.0
2014-10-02,137.47,137.47,137.47,137.47,0.0
2014-10-03,137.46,137.46,137.46,137.46,0.0
2014-10-06,137.25,137.25,137.25,137.25,0.0
2014-10-07,136.9,136.9,136.9,136.9,0.0
2014-10-08,136.97,136.97,136.97,136.97,0.0
2014-10-09,137.37,137.37,137.37,137.37,0.0
2014-10-10,136.27,136.27,136.27,136.27,0.0
2014-10-13,135.95,135.95,135.95,135.95,0.0
2014-10-14,135.29,135.29,135.29,135.29,0.0
2014-10-15,135.5,135.5,135.5,135.5,0.0
2014-10-16,134.95,134.95,134.95,134.95,0.0
2014-10-17,136.45,136.45,136.45,136.45,0.0
2014-10-20,136.62,136.62,136.62,136.62,0.0
2014-10-21,136.2,136.2,136.2,136.2,0.0
2014-10-22,135.79,135.79,135.79,135.79,0.0
2014-10-23,136.42,136.42,136.42,136.42,0.0
2014-10-24,136.64,136.64,136.64,136.64,0.0
2014-10-27,136.76,136.76,136.76,136.76,0.0
2014-10-28,137.45,137.45,137.45,137.45,0.0
2014-10-29,137.75,137.75,137.75,137.75,0.0
2014-10-30,137.27,137.27,137.27,137.27,0.0
2014-10-31,140.18,140.18,140.18,140.18,0.0
2014-11-03,142.19,142.19,142.19,142.19,0.0
2014-11-04,141.96,141.96,141.96,141.96,0.0
2014-11-05,143.21,143.21,143.21,143.21,0.0
2014-11-06,143.33,143.33,143.33,143.33,0.0
2014-11-07,142.89,142.89,142.89,142.89,0.0
2014-11-10,142.56,142.56,142.56,142.56,0.0
2014-11-11,143.88,143.88,143.88,143.88,0.0
2014-11-12,143.63,143.63,143.63,143.63,0.0
2014-11-13,143.87,143.87,143.87,143.87,0.0
2014-11-14,144.94,144.94,144.94,144.94,0.0
2014-11-17,145.3,145.3,145.3,145.3,0.0
2014-11-18,145.91,145.91,145.91,145.91,0.0
2014-11-19,147.45,147.45,147.45,147.45,0.0
2014-11-20,148.25,148.25,148.25,148.25,0.0
2014-11-21,146.46,146.46,146.46,146.46,0.0
2014-11-24,146.82,146.82,146.82,146.82,0.0
2014-11-25,146.66,146.66,146.66,146.66,0.0
2014-11-26,146.91,146.91,146.91,146.91,0.0
2014-11-27,146.67,146.67,146.67,146.67,0.0
2014-11-28,147.69,147.69,147.69,147.69,0.0
2014-12-01,147.62,147.62,147.62,147.62,0.0
2014-12-02,148.08,148.08,148.08,148.08,0.0
2014-12-03,147.2,147.2,147.2,147.2,0.0
2014-12-04,147.64,147.64,147.64,147.64,0.0
2014-12-05,149.03,149.03,149.03,149.03,0.0
2014-12-08,148.45,148.45,148.45,148.45,0.0
2014-12-09,148.02,148.02,148.02,148.02,0.0
2014-12-10,147.33,147.33,147.33,147.33,0.0
2014-12-11,147.2,147.2,147.2,147.2,0.0
2014-12-12,147.41,147.41,147.41,147.41,0.0
2014-12-15,147.67,147.67,147.67,147.67,0.0
2014-12-16,145.79,145.79,145.79,145.79,0.0
2014-12-17,145.89,145.89,145.89,145.89,0.0
2014-12-18,145.96,145.96,145.96,145.96,0.0
2014-12-19,146.41,146.41,146.41,146.41,0.0
2014-12-22,147.06,147.06,147.06,147.06,0.0
2014-12-23,146.8,146.8,146.8,146.8,0.0
2014-12-24,147.07,147.07,147.07,147.07,0.0
2014-12-29,146.96,146.96,146.96,146.96,0.0
2014-12-30,145.41,145.41,145.41,145.41,0.0
2014-12-31,145.23,145.23,145.23,145.23,0.0
2015-01-02,145.21,145.21,145.21,145.21,0.0
2015-01-05,143.0,143.0,143.0,143.0,0.0
2015-01-06,141.69,141.69,141.69,141.69,0.0
2015-01-07,141.17,141.17,141.17,141.17,0.0
2015-01-08,141.0,141.0,141.0,141.0,0.0
2015-01-09,140.81,140.81,140.81,140.81,0.0
2015-01-12,140.56,140.56,140.56,140.56,0.0
2015-01-13,139.56,139.56,139.56,139.56,0.0
2015-01-14,137.48,137.48,137.48,137.48,0.0
2015-01-15,136.48,136.48,136.48,136.48,0.0
2015-01-16,135.06,135.06,135.06,135.06,0.0
2015-01-19,136.27,136.27,136.27,136.27,0.0
2015-01-20,137.37,137.37,137.37,137.37,0.0
2015-01-21,136.07,136.07,136.07,136.07,0.0
2015-01-22,136.7,136.7,136.7,136.7,0.0
2015-01-23,132.12,132.12,132.12,132.12,0.0
2015-01-26,133.03,133.03,133.03,133.03,0.0
2015-01-27,133.08,133.08,133.08,133.08,0.0
2015-01-28,133.7,133.7,133.7,133.7,0.0
2015-01-29,133.43,133.43,133.43,133.43,0.0
2015-01-30,133.08,133.08,133.08,133.08,0.0
2015-02-02,133.06,133.06,133.06,133.06,0.0
2015-02-03,133.48,133.48,133.48,133.48,0.0
2015-02-04,134.49,134.49,134.49,134.49,0.0
2015-02-05,133.98,133.98,133.98,133.98,0.0
2015-02-06,134.28,134.28,134.28,134.28,0.0
2015-02-09,133.72,133.72,133.72,133.72,0.0
2015-02-10,134.67,134.67,134.67,134.67,0.0
2015-02-11,135.5,135.5,135.5,135.5,0.0
2015-02-12,135.72,135.72,135.72,135.72,0.0
2015-02-13,135.46,135.46,135.46,135.46,0.0
2015-02-16,135.26,135.26,135.26,135.26,0.0
2015-02-17,135.61,135.61,135.61,135.61,0.0
2015-02-18,135.69,135.69,135.69,135.69,0.0
2015-02-19,135.52,135.52,135.52,135.52,0.0
2015-02-20,133.91,133.91,133.91,133.91,0.0
2015-02-23,134.5,134.5,134.5,134.5,0.0
2015-02-24,135.36,135.36,135.36,135.36,0.0
2015-02-25,134.92,134.92,134.92,134.92,0.0
2015-02-26,134.54,134.54,134.54,134.54,0.0
2015-02-27,134.05,134.05,134.05,134.05,0.0
2015-03-02,134.47,134.47,134.47,134.47,0.0
2015-03-03,133.74,133.74,133.74,133.74,0.0
2015-03-04,133.15,133.15,133.15,133.15,0.0
2015-03-05,133.1,133.1,133.1,133.1,0.0
2015-03-06,131.48,131.48,131.48,131.48,0.0
2015-03-09,131.31,131.31,131.31,131.31,0.0
2015-03-10,130.29,130.29,130.29,130.29,0.0
2015-03-11,128.33,128.33,128.33,128.33,0.0
2015-03-12,128.29,128.29,128.29,128.29,0.0
2015-03-13,128.41,128.41,128.41,128.41,0.0
2015-03-16,127.96,127.96,127.96,127.96,0.0
2015-03-17,128.9,128.9,128.9,128.9,0.0
2015-03-18,128.35,128.35,128.35,128.35,0.0
2015-03-19,129.12,129.12,129.12,129.12,0.0
2015-03-20,130.26,130.26,130.26,130.26,0.0
2015-03-23,130.8,130.8,130.8,130.8,0.0
2015-03-24,130.89,130.89,130.89,130.89,0.0
2015-03-25,131.13,131.13,131.13,131.13,0.0
2015-03-26,130.67,130.67,130.67,130.67,0.0
2015-03-27,129.39,129.39,129.39,129.39,0.0
2015-03-30,130.02,130.02,130.02,130.02,0.0
2015-03-31,128.95,128.95,128.95,128.95,0.0
2015-04-01,129.29,129.29,129.29,129.29,0.0
2015-04-02,129.59,129.59,129.59,129.59,0.0
2015-04-07,130.33,130.33,130.33,130.33,0.0
2015-04-08,130.09,130.09,130.09,130.09,0.0
2015-04-09,129.22,129.22,129.22,129.22,0.0
2015-04-10,127.32,127.32,127.32,127.32,0.0
2015-04-13,127.2,127.2,127.2,127.2,0.0
2015-04-14,126.67,126.67,126.67,126.67,0.0
2015-04-15,126.52,126.52,126.52,126.52,0.0
2015-04-16,127.64,127.64,127.64,127.64,0.0
2015-04-17,128.45,128.45,128.45,128.45,0.0
2015-04-20,127.68,127.68,127.68,127.68,0.0
2015-04-21,127.75,127.75,127.75,127.75,0.0
2015-04-22,128.45,128.45,128.45,128.45,0.0
2015-04-23,129.36,129.36,129.36,129.36,0.0
2015-04-24,129.36,129.36,129.36,129.36,0.0
2015-04-27,129.23,129.23,129.23,129.23,0.0
2015-04-28,130.09,130.09,130.09,130.09,0.0
2015-04-29,131.2,131.2,131.2,131.2,0.0
2015-04-30,133.26,133.26,133.26,133.26,0.0
2015-05-04,134.07,134.07,134.07,134.07,0.0
2015-05-05,133.92,133.92,133.92,133.92,0.0
2015-05-06,134.59,134.59,134.59,134.59,0.0
2015-05-07,134.72,134.72,134.72,134.72,0.0
2015-05-08,134.9,134.9,134.9,134.9,0.0
2015-05-11,133.64,133.64,133.64,133.64,0.0
2015-05-12,134.85,134.85,134.85,134.85,0.0
2015-05-13,134.31,134.31,134.31,134.31,0.0
2015-05-14,136.12,136.12,136.12,136.12,0.0
2015-05-15,135.78,135.78,135.78,135.78,0.0
2015-05-18,136.33,136.33,136.33,136.33,0.0
2015-05-19,134.36,134.36,134.36,134.36,0.0
2015-05-20,134.43,134.43,134.43,134.43,0.0
2015-05-21,134.79,134.79,134.79,134.79,0.0
2015-05-22,135.01,135.01,135.01,135.01,0.0
2015-05-25,133.39,133.39,133.39,133.39,0.0
2015-05-26,134.07,134.07,134.07,134.07,0.0
2015-05-27,134.37,134.37,134.37,134.37,0.0
2015-05-28,135.36,135.36,135.36,135.36,0.0
2015-05-29,135.95,135.95,135.95,135.95,0.0
2015-06-01,135.79,135.79,135.79,135.79,0.0
2015-06-02,137.52,137.52,137.52,137.52,0.0
2015-06-03,138.46,138.46,138.46,138.46,0.0
2015-06-04,140.47,140.47,140.47,140.47,0.0
2015-06-05,139.97,139.97,139.97,139.97,0.0
2015-06-08,139.84,139.84,139.84,139.84,0.0
2015-06-09,139.56,139.56,139.56,139.56,0.0
2015-06-10,138.69,138.69,138.69,138.69,0.0
2015-06-11,138.95,138.95,138.95,138.95,0.0
2015-06-12,138.78,138.78,138.78,138.78,0.0
2015-06-15,138.54,138.54,138.54,138.54,0.0
2015-06-16,138.42,138.42,138.42,138.42,0.0
2015-06-17,139.78,139.78,139.78,139.78,0.0
2015-06-18,139.94,139.94,139.94,139.94,0.0
2015-06-19,139.19,139.19,139.19,139.19,0.0
2015-06-22,139.8,139.8,139.8,139.8,0.0
2015-06-23,138.72,138.72,138.72,138.72,0.0
2015-06-24,138.93,138.93,138.93,138.93,0.0
2015-06-25,138.52,138.52,138.52,138.52,0.0
2015-06-26,138.58,138.58,138.58,138.58,0.0
2015-06-29,136.81,136.81,136.81,136.81,0.0
2015-06-30,137.01,137.01,137.01,137.01,0.0
2015-07-01,136.63,136.63,136.63,136.63,0.0
2015-07-02,136.82,136.82,136.82,136.82,0.0
2015-07-03,136.38,136.38,136.38,136.38,0.0
2015-07-06,135.11,135.11,135.11,135.11,0.0
2015-07-07,133.88,133.88,133.88,133.88,0.0
2015-07-08,133.88,133.88,133.88,133.88,0.0
2015-07-09,134.3,134.3,134.3,134.3,0.0
2015-07-10,136.88,136.88,136.88,136.88,0.0
2015-07-13,136.3,136.3,136.3,136.3,0.0
2015-07-14,136.02,136.02,136.02,136.02,0.0
2015-07-15,135.95,135.95,135.95,135.95,0.0
2015-07-16,134.9,134.9,134.9,134.9,0.0
2015-07-17,135.01,135.01,135.01,135.01,0.0
2015-07-20,134.83,134.83,134.83,134.83,0.0
2015-07-21,135.17,135.17,135.17,135.17,0.0
2015-07-22,134.98,134.98,134.98,134.98,0.0
2015-07-23,136.15,136.15,136.15,136.15,0.0
2015-07-24,135.7,135.7,135.7,135.7,0.0
2015-07-27,136.23,136.23,136.23,136.23,0.0
2015-07-28,136.46,136.46,136.46,136.46,0.0
2015-07-29,136.5,136.5,136.5,136.5,0.0
2015-07-30,136.25,136.25,136.25,136.25,0.0
2015-07-31,136.34,136.34,136.34,136.34,0.0
2015-08-03,136.07,136.07,136.07,136.07,0.0
2015-08-04,136.07,136.07,136.07,136.07,0.0
2015-08-05,135.23,135.23,135.23,135.23,0.0
2015-08-06,135.94,135.94,135.94,135.94,0.0
2015-08-07,136.43,136.43,136.43,136.43,0.0
2015-08-10,136.67,136.67,136.67,136.67,0.0
2015-08-11,137.99,137.99,137.99,137.99,0.0
2015-08-12,138.45,138.45,138.45,138.45,0.0
2015-08-13,138.23,138.23,138.23,138.23,0.0
2015-08-14,138.7,138.7,138.7,138.7,0.0
2015-08-17,138.22,138.22,138.22,138.22,0.0
2015-08-18,137.44,137.44,137.44,137.44,0.0
2015-08-19,137.31,137.31,137.31,137.31,0.0
2015-08-20,138.5,138.5,138.5,138.5,0.0
2015-08-21,138.4,138.4,138.4,138.4,0.0
2015-08-24,137.8,137.8,137.8,137.8,0.0
2015-08-25,137.84,137.84,137.84,137.84,0.0
2015-08-26,136.46,136.46,136.46,136.46,0.0
2015-08-27,135.62,135.62,135.62,135.62,0.0
2015-08-28,136.16,136.16,136.16,136.16,0.0
2015-08-31,136.07,136.07,136.07,136.07,0.0
2015-09-01,134.87,134.87,134.87,134.87,0.0
2015-09-02,135.21,135.21,135.21,135.21,0.0
2015-09-03,134.98,134.98,134.98,134.98,0.0
2015-09-04,132.82,132.82,132.82,132.82,0.0
2015-09-07,133.09,133.09,133.09,133.09,0.0
2015-09-08,133.82,133.82,133.82,133.82,0.0
2015-09-09,134.65,134.65,134.65,134.65,0.0
2015-09-10,135.38,135.38,135.38,135.38,0.0
2015-09-11,136.02,136.02,136.02,136.02,0.0
2015-09-14,136.04,136.04,136.04,136.04,0.0
2015-09-15,135.44,135.44,135.44,135.44,0.0
2015-09-16,135.45,135.45,135.45,135.45,0.0
2015-09-17,136.76,136.76,136.76,136.76,0.0
2015-09-18,136.31,136.31,136.31,136.31,0.0
2015-09-21,135.5,135.5,135.5,135.5,0.0
2015-09-22,133.75,133.75,133.75,133.75,0.0
2015-09-23,134.03,134.03,134.03,134.03,0.0
2015-09-24,134.48,134.48,134.48,134.48,0.0
2015-09-25,134.92,134.92,134.92,134.92,0.0
2015-09-28,134.13,134.13,134.13,134.13,0.0
2015-09-29,134.38,134.38,134.38,134.38,0.0
2015-09-30,134.69,134.69,134.69,134.69,0.0
2015-10-01,133.56,133.56,133.56,133.56,0.0
2015-10-02,134.24,134.24,134.24,134.24,0.0
2015-10-05,135.07,135.07,135.07,135.07,0.0
2015-10-06,135.07,135.07,135.07,135.07,0.0
2015-10-07,135.3,135.3,135.3,135.3,0.0
2015-10-08,134.92,134.92,134.92,134.92,0.0
2015-10-09,136.65,136.65,136.65,136.65,0.0
2015-10-12,136.61,136.61,136.61,136.61,0.0
2015-10-13,136.16,136.16,136.16,136.16,0.0
2015-10-14,136.48,136.48,136.48,136.48,0.0
2015-10-15,135.23,135.23,135.23,135.23,0.0
2015-10-16,135.25,135.25,135.25,135.25,0.0
2015-10-19,135.29,135.29,135.29,135.29,0.0
2015-10-20,136.16,136.16,136.16,136.16,0.0
2015-10-21,136.3,136.3,136.3,136.3,0.0
2015-10-22,135.49,135.49,135.49,135.49,0.0
2015-10-23,133.8,133.8,133.8,133.8,0.0
2015-10-26,133.26,133.26,133.26,133.26,0.0
2015-10-27,133.06,133.06,133.06,133.06,0.0
2015-10-28,133.38,133.38,133.38,133.38,0.0
2015-10-29,132.3,132.3,132.3,132.3,0.0
2015-10-30,132.88,132.88,132.88,132.88,0.0
2015-11-02,133.02,133.02,133.02,133.02,0.0
2015-11-03,132.65,132.65,132.65,132.65,0.0
2015-11-04,132.45,132.45,132.45,132.45,0.0
2015-11-05,132.65,132.65,132.65,132.65,0.0
2015-11-06,132.41,132.41,132.41,132.41,0.0
2015-11-09,133.08,133.08,133.08,133.08,0.0
2015-11-10,131.98,131.98,131.98,131.98,0.0
2015-11-11,131.9,131.9,131.9,131.9,0.0
2015-11-12,131.92,131.92,131.92,131.92,0.0
2015-11-13,132.04,132.04,132.04,132.04,0.0
2015-11-16,132.01,132.01,132.01,132.01,0.0
2015-11-17,131.49,131.49,131.49,131.49,0.0
2015-11-18,131.65,131.65,131.65,131.65,0.0
2015-11-19,131.6,131.6,131.6,131.6,0.0
2015-11-20,131.28,131.28,131.28,131.28,0.0
2015-11-23,130.92,130.92,130.92,130.92,0.0
2015-11-24,130.52,130.52,130.52,130.52,0.0
2015-11-25,129.94,129.94,129.94,129.94,0.0
2015-11-26,130.06,130.06,130.06,130.06,0.0
2015-11-27,129.75,129.75,129.75,129.75,0.0
2015-11-30,130.22,130.22,130.22,130.22,0.0
2015-12-01,130.57,130.57,130.57,130.57,0.0
2015-12-02,130.7,130.7,130.7,130.7,0.0
2015-12-03,131.58,131.58,131.58,131.58,0.0
2015-12-04,134.08,134.08,134.08,134.08,0.0
2015-12-07,133.4,133.4,133.4,133.4,0.0
2015-12-08,133.64,133.64,133.64,133.64,0.0
2015-12-09,134.04,134.04,134.04,134.04,0.0
2015-12-10,132.97,132.97,132.97,132.97,0.0
2015-12-11,133.02,133.02,133.02,133.02,0.0
2015-12-14,132.54,132.54,132.54,132.54,0.0
2015-12-15,132.97,132.97,132.97,132.97,0.0
2015-12-16,133.18,133.18,133.18,133.18,0.0
2015-12-17,132.82,132.82,132.82,132.82,0.0
2015-12-18,131.6,131.6,131.6,131.6,0.0
2015-12-21,131.93,131.93,131.93,131.93,0.0
2015-12-22,132.42,132.42,132.42,132.42,0.0
2015-12-23,131.92,131.92,131.92,131.92,0.0
2015-12-24,131.83,131.83,131.83,131.83,0.0
2015-12-28,132.05,132.05,132.05,132.05,0.0
2015-12-29,131.88,131.88,131.88,131.88,0.0
2015-12-30,131.66,131.66,131.66,131.66,0.0
2015-12-31,131.07,131.07,131.07,131.07,0.0
2016-01-04,129.78,129.78,129.78,129.78,0.0
2016-01-05,127.88,127.88,127.88,127.88,0.0
2016-01-06,127.19,127.19,127.19,127.19,0.0
2016-01-07,127.74,127.74,127.74,127.74,0.0
2016-01-08,128.51,128.51,128.51,128.51,0.0
2016-01-11,128.33,128.33,128.33,128.33,0.0
2016-01-12,127.79,127.79,127.79,127.79,0.0
2016-01-13,127.74,127.74,127.74,127.74,0.0
2016-01-14,128.26,128.26,128.26,128.26,0.0
2016-01-15,127.8,127.8,127.8,127.8,0.0
2016-01-18,127.78,127.78,127.78,127.78,0.0
2016-01-19,128.12,128.12,128.12,128.12,0.0
2016-01-20,127.28,127.28,127.28,127.28,0.0
2016-01-21,127.43,127.43,127.43,127.43,0.0
2016-01-22,127.77,127.77,127.77,127.77,0.0
2016-01-25,128.07,128.07,128.07,128.07,0.0
2016-01-26,128.22,128.22,128.22,128.22,0.0
2016-01-27,128.91,128.91,128.91,128.91,0.0
2016-01-28,129.62,129.62,129.62,129.62,0.0
2016-01-29,132.25,132.25,132.25,132.25,0.0
2016-02-01,131.99,131.99,131.99,131.99,0.0
2016-02-02,131.84,131.84,131.84,131.84,0.0
2016-02-03,130.58,130.58,130.58,130.58,0.0
2016-02-04,131.49,131.49,131.49,131.49,0.0
2016-02-05,130.71,130.71,130.71,130.71,0.0
2016-02-08,129.11,129.11,129.11,129.11,0.0
2016-02-09,129.07,129.07,129.07,129.07,0.0
2016-02-10,129.42,129.42,129.42,129.42,0.0
2016-02-11,127.3,127.3,127.3,127.3,0.0
2016-02-12,127.07,127.07,127.07,127.07,0.0
2016-02-15,127.6,127.6,127.6,127.6,0.0
2016-02-16,127.02,127.02,127.02,127.02,0.0
2016-02-17,127.1,127.1,127.1,127.1,0.0
2016-02-18,126.17,126.17,126.17,126.17,0.0
2016-02-19,125.4,125.4,125.4,125.4,0.0
2016-02-22,124.85,124.85,124.85,124.85,0.0
2016-02-23,123.12,123.12,123.12,123.12,0.0
2016-02-24,122.86,122.86,122.86,122.86,0.0
2016-02-25,124.01,124.01,124.01,124.01,0.0
2016-02-26,124.42,124.42,124.42,124.42,0.0
2016-02-29,123.14,123.14,123.14,123.14,0.0
2016-03-01,122.94,122.94,122.94,122.94,0.0
2016-03-02,124.07,124.07,124.07,124.07,0.0
2016-03-03,124.23,124.23,124.23,124.23,0.0
2016-03-04,124.77,124.77,124.77,124.77,0.0
2016-03-07,124.45,124.45,124.45,124.45,0.0
2016-03-08,124.6,124.6,124.6,124.6,0.0
2016-03-09,123.63,123.63,123.63,123.63,0.0
2016-03-10,123.87,123.87,123.87,123.87,0.0
2016-03-11,126.17,126.17,126.17,126.17,0.0
2016-03-14,126.36,126.36,126.36,126.36,0.0
2016-03-15,125.36,125.36,125.36,125.36,0.0
2016-03-16,125.68,125.68,125.68,125.68,0.0
2016-03-17,126.28,126.28,126.28,126.28,0.0
2016-03-18,125.79,125.79,125.79,125.79,0.0
2016-03-21,125.94,125.94,125.94,125.94,0.0
2016-03-22,125.13,125.13,125.13,125.13,0.0
2016-03-23,126.01,126.01,126.01,126.01,0.0
2016-03-24,125.41,125.41,125.41,125.41,0.0
2016-03-29,127.13,127.13,127.13,127.13,0.0
2016-03-30,127.37,127.37,127.37,127.37,0.0
2016-03-31,127.9,127.9,127.9,127.9,0.0
2016-04-01,128.07,128.07,128.07,128.07,0.0
2016-04-04,126.97,126.97,126.97,126.97,0.0
2016-04-05,125.81,125.81,125.81,125.81,0.0
2016-04-06,125.13,125.13,125.13,125.13,0.0
2016-04-07,123.15,123.15,123.15,123.15,0.0
2016-04-08,123.36,123.36,123.36,123.36,0.0
2016-04-11,123.28,123.28,123.28,123.28,0.0
2016-04-12,123.44,123.44,123.44,123.44,0.0
2016-04-13,123.47,123.47,123.47,123.47,0.0
2016-04-14,123.09,123.09,123.09,123.09,0.0
2016-04-15,122.91,122.91,122.91,122.91,0.0
2016-04-18,122.32,122.32,122.32,122.32,0.0
2016-04-19,124.1,124.1,124.1,124.1,0.0
2016-04-20,124.2,124.2,124.2,124.2,0.0
2016-04-21,124.5,124.5,124.5,124.5,0.0
2016-04-22,124.86,124.86,124.86,124.86,0.0
2016-04-25,124.95,124.95,124.95,124.95,0.0
2016-04-26,125.45,125.45,125.45,125.45,0.0
2016-04-27,125.79,125.79,125.79,125.79,0.0
2016-04-28,122.84,122.84,122.84,122.84,0.0
2016-04-29,122.34,122.34,122.34,122.34,0.0
2016-05-02,122.47,122.47,122.47,122.47,0.0
2016-05-03,122.53,122.53,122.53,122.53,0.0
2016-05-04,122.62,122.62,122.62,122.62,0.0
2016-05-05,122.51,122.51,122.51,122.51,0.0
2016-05-06,122.23,122.23,122.23,122.23,0.0
2016-05-09,123.39,123.39,123.39,123.39,0.0
2016-05-10,124.12,124.12,124.12,124.12,0.0
2016-05-11,124.09,124.09,124.09,124.09,0.0
2016-05-12,124.5,124.5,124.5,124.5,0.0
2016-05-13,123.56,123.56,123.56,123.56,0.0
2016-05-16,123.27,123.27,123.27,123.27,0.0
2016-05-17,123.93,123.93,123.93,123.93,0.0
2016-05-18,123.38,123.38,123.38,123.38,0.0
2016-05-19,123.17,123.17,123.17,123.17,0.0
2016-05-20,123.81,123.81,123.81,123.81,0.0
2016-05-23,122.7,122.7,122.7,122.7,0.0
2016-05-24,122.56,122.56,122.56,122.56,0.0
2016-05-25,122.79,122.79,122.79,122.79,0.0
2016-05-26,122.93,122.93,122.93,122.93,0.0
2016-05-27,122.46,122.46,122.46,122.46,0.0
2016-05-30,123.85,123.85,123.85,123.85,0.0
2016-05-31,123.83,123.83,123.83,123.83,0.0
2016-06-01,122.07,122.07,122.07,122.07,0.0
2016-06-02,121.96,121.96,121.96,121.96,0.0
2016-06-03,121.47,121.47,121.47,121.47,0.0
2016-06-06,121.58,121.58,121.58,121.58,0.0
2016-06-07,122.16,122.16,122.16,122.16,0.0
2016-06-08,121.77,121.77,121.77,121.77,0.0
2016-06-09,120.72,120.72,120.72,120.72,0.0
2016-06-10,120.79,120.79,120.79,120.79,0.0
2016-06-13,119.51,119.51,119.51,119.51,0.0
2016-06-14,118.98,118.98,118.98,118.98,0.0
2016-06-15,119.29,119.29,119.29,119.29,0.0
2016-06-16,116.65,116.65,116.65,116.65,0.0
2016-06-17,117.34,117.34,117.34,117.34,0.0
2016-06-20,118.57,118.57,118.57,118.57,0.0
2016-06-21,118.39,118.39,118.39,118.39,0.0
2016-06-22,118.01,118.01,118.01,118.01,0.0
2016-06-23,120.38,120.38,120.38,120.38,0.0
2016-06-24,113.23,113.23,113.23,113.23,0.0
2016-06-27,111.8,111.8,111.8,111.8,0.0
2016-06-28,113.4,113.4,113.4,113.4,0.0
2016-06-29,113.85,113.85,113.85,113.85,0.0
2016-06-30,114.05,114.05,114.05,114.05,0.0
2016-07-01,114.29,114.29,114.29,114.29,0.0
2016-07-04,114.29,114.29,114.29,114.29,0.0
2016-07-05,113.5,113.5,113.5,113.5,0.0
2016-07-06,111.48,111.48,111.48,111.48,0.0
2016-07-07,111.9,111.9,111.9,111.9,0.0
2016-07-08,111.17,111.17,111.17,111.17,0.0
2016-07-11,113.23,113.23,113.23,113.23,0.0
2016-07-12,115.29,115.29,115.29,115.29,0.0
2016-07-13,115.82,115.82,115.82,115.82,0.0
2016-07-14,117.88,117.88,117.88,117.88,0.0
2016-07-15,117.63,117.63,117.63,117.63,0.0
2016-07-18,116.82,116.82,116.82,116.82,0.0
2016-07-19,117.2,117.2,117.2,117.2,0.0
2016-07-20,117.33,117.33,117.33,117.33,0.0
2016-07-21,117.05,117.05,117.05,117.05,0.0
2016-07-22,116.86,116.86,116.86,116.86,0.0
2016-07-25,116.64,116.64,116.64,116.64,0.0
2016-07-26,114.67,114.67,114.67,114.67,0.0
2016-07-27,116.23,116.23,116.23,116.23,0.0
2016-07-28,116.14,116.14,116.14,116.14,0.0
2016-07-29,114.83,114.83,114.83,114.83,0.0
2016-08-01,114.28,114.28,114.28,114.28,0.0
2016-08-02,113.72,113.72,113.72,113.72,0.0
2016-08-03,113.22,113.22,113.22,113.22,0.0
2016-08-04,112.66,112.66,112.66,112.66,0.0
2016-08-05,112.73,112.73,112.73,112.73,0.0
2016-08-08,113.59,113.59,113.59,113.59,0.0
2016-08-09,113.27,113.27,113.27,113.27,0.0
2016-08-10,113.09,113.09,113.09,113.09,0.0
2016-08-11,113.05,113.05,113.05,113.05,0.0
2016-08-12,113.77,113.77,113.77,113.77,0.0
2016-08-15,112.97,112.97,112.97,112.97,0.0
2016-08-16,112.74,112.74,112.74,112.74,0.0
2016-08-17,113.53,113.53,113.53,113.53,0.0
2016-08-18,113.6,113.6,113.6,113.6,0.0
2016-08-19,113.53,113.53,113.53,113.53,0.0
2016-08-22,113.73,113.73,113.73,113.73,0.0
2016-08-23,113.48,113.48,113.48,113.48,0.0
2016-08-24,112.95,112.95,112.95,112.95,0.0
2016-08-25,113.45,113.45,113.45,113.45,0.0
2016-08-26,113.33,113.33,113.33,113.33,0.0
2016-08-29,114.24,114.24,114.24,114.24,0.0
2016-08-30,114.27,114.27,114.27,114.27,0.0
2016-08-31,115.01,115.01,115.01,115.01,0.0
2016-09-01,115.59,115.59,115.59,115.59,0.0
2016-09-02,115.83,115.83,115.83,115.83,0.0
2016-09-05,115.24,115.24,115.24,115.24,0.0
2016-09-06,115.39,115.39,115.39,115.39,0.0
2016-09-07,114.23,114.23,114.23,114.23,0.0
2016-09-08,114.8,114.8,114.8,114.8,0.0
2016-09-09,115.85,115.85,115.85,115.85,0.0
2016-09-12,114.38,114.38,114.38,114.38,0.0
2016-09-13,114.98,114.98,114.98,114.98,0.0
2016-09-14,115.37,115.37,115.37,115.37,0.0
2016-09-15,114.98,114.98,114.98,114.98,0.0
2016-09-16,114.35,114.35,114.35,114.35,0.0
2016-09-19,113.65,113.65,113.65,113.65,0.0
2016-09-20,113.93,113.93,113.93,113.93,0.0
2016-09-21,112.49,112.49,112.49,112.49,0.0
2016-09-22,113.19,113.19,113.19,113.19,0.0
2016-09-23,113.02,113.02,113.02,113.02,0.0
2016-09-26,113.11,113.11,113.11,113.11,0.0
2016-09-27,112.52,112.52,112.52,112.52,0.0
2016-09-28,112.93,112.93,112.93,112.93,0.0
2016-09-29,113.88,113.88,113.88,113.88,0.0
2016-09-30,113.09,113.09,113.09,113.09,0.0
2016-10-03,113.9,113.9,113.9,113.9,0.0
2016-10-04,114.5,114.5,114.5,114.5,0.0
2016-10-05,115.65,115.65,115.65,115.65,0.0
2016-10-06,116.0,116.0,116.0,116.0,0.0
2016-10-07,115.44,115.44,115.44,115.44,0.0
2016-10-10,115.39,115.39,115.39,115.39,0.0
2016-10-11,114.9,114.9,114.9,114.9,0.0
2016-10-12,114.5,114.5,114.5,114.5,0.0
2016-10-13,114.49,114.49,114.49,114.49,0.0
2016-10-14,114.76,114.76,114.76,114.76,0.0
2016-10-17,114.46,114.46,114.46,114.46,0.0
2016-10-18,114.37,114.37,114.37,114.37,0.0
2016-10-19,113.49,113.49,113.49,113.49,0.0
2016-10-20,113.76,113.76,113.76,113.76,0.0
2016-10-21,112.96,112.96,112.96,112.96,0.0
2016-10-24,113.29,113.29,113.29,113.29,0.0
2016-10-25,113.65,113.65,113.65,113.65,0.0
2016-10-26,113.97,113.97,113.97,113.97,0.0
2016-10-27,114.39,114.39,114.39,114.39,0.0
2016-10-28,115.1,115.1,115.1,115.1,0.0
2016-10-31,114.97,114.97,114.97,114.97,0.0
2016-11-01,115.57,115.57,115.57,115.57,0.0
2016-11-02,114.62,114.62,114.62,114.62,0.0
2016-11-03,114.25,114.25,114.25,114.25,0.0
2016-11-04,114.24,114.24,114.24,114.24,0.0
2016-11-07,115.4,115.4,115.4,115.4,0.0
2016-11-08,115.66,115.66,115.66,115.66,0.0
2016-11-09,114.54,114.54,114.54,114.54,0.0
2016-11-10,116.4,116.4,116.4,116.4,0.0
2016-11-11,115.96,115.96,115.96,115.96,0.0
2016-11-14,116.27,116.27,116.27,116.27,0.0
2016-11-15,116.55,116.55,116.55,116.55,0.0
2016-11-16,117.25,117.25,117.25,117.25,0.0
2016-11-17,117.12,117.12,117.12,117.12,0.0
2016-11-18,116.95,116.95,116.95,116.95,0.0
2016-11-21,117.59,117.59,117.59,117.59,0.0
2016-11-22,117.74,117.74,117.74,117.74,0.0
2016-11-23,118.04,118.04,118.04,118.04,0.0
2016-11-24,119.43,119.43,119.43,119.43,0.0
2016-11-25,119.73,119.73,119.73,119.73,0.0
2016-11-28,119.25,119.25,119.25,119.25,0.0
2016-11-29,119.48,119.48,119.48,119.48,0.0
2016-11-30,120.48,120.48,120.48,120.48,0.0
2016-12-01,121.39,121.39,121.39,121.39,0.0
2016-12-02,121.2,121.2,121.2,121.2,0.0
2016-12-05,122.32,122.32,122.32,122.32,0.0
2016-12-06,122.28,122.28,122.28,122.28,0.0
2016-12-07,122.42,122.42,122.42,122.42,0.0
2016-12-08,122.61,122.61,122.61,122.61,0.0
2016-12-09,121.48,121.48,121.48,121.48,0.0
2016-12-12,122.69,122.69,122.69,122.69,0.0
2016-12-13,122.27,122.27,122.27,122.27,0.0
2016-12-14,122.39,122.39,122.39,122.39,0.0
2016-12-15,123.03,123.03,123.03,123.03,0.0
2016-12-16,123.38,123.38,123.38,123.38,0.0
2016-12-19,122.19,122.19,122.19,122.19,0.0
2016-12-20,122.43,122.43,122.43,122.43,0.0
2016-12-21,122.31,122.31,122.31,122.31,0.0
2016-12-22,122.86,122.86,122.86,122.86,0.0
2016-12-23,122.6,122.6,122.6,122.6,0.0
2016-12-27,122.61,122.61,122.61,122.61,0.0
2016-12-28,122.39,122.39,122.39,122.39,0.0
2016-12-29,122.04,122.04,122.04,122.04,0.0
2016-12-30,123.4,123.4,123.4,123.4,0.0
2017-01-02,122.92,122.92,122.92,122.92,0.0
2017-01-03,122.75,122.75,122.75,122.75,0.0
2017-01-04,122.64,122.64,122.64,122.64,0.0
2017-01-05,122.38,122.38,122.38,122.38,0.0
2017-01-06,122.83,122.83,122.83,122.83,0.0
2017-01-09,122.66,122.66,122.66,122.66,0.0
2017-01-10,122.84,122.84,122.84,122.84,0.0
2017-01-11,122.14,122.14,122.14,122.14,0.0
2017-01-12,121.69,121.69,121.69,121.69,0.0
2017-01-13,121.91,121.91,121.91,121.91,0.0
2017-01-16,120.91,120.91,120.91,120.91,0.0
2017-01-17,121.1,121.1,121.1,121.1,0.0
2017-01-18,121.05,121.05,121.05,121.05,0.0
2017-01-19,122.23,122.23,122.23,122.23,0.0
2017-01-20,122.47,122.47,122.47,122.47,0.0
2017-01-23,121.72,121.72,121.72,121.72,0.0
2017-01-24,121.85,121.85,121.85,121.85,0.0
2017-01-25,121.79,121.79,121.79,121.79,0.0
2017-01-26,122.4,122.4,122.4,122.4,0.0
2017-01-27,123.01,123.01,123.01,123.01,0.0
2017-01-30,121.76,121.76,121.76,121.76,0.0
2017-01-31,121.94,121.94,121.94,121.94,0.0
2017-02-01,122.25,122.25,122.25,122.25,0.0
2017-02-02,121.4,121.4,121.4,121.4,0.0
2017-02-03,121.49,121.49,121.49,121.49,0.0
2017-02-06,120.28,120.28,120.28,120.28,0.0
2017-02-07,119.94,119.94,119.94,119.94,0.0
2017-02-08,119.39,119.39,119.39,119.39,0.0
2017-02-09,120.04,120.04,120.04,120.04,0.0
2017-02-10,120.65,120.65,120.65,120.65,0.0
2017-02-13,120.9,120.9,120.9,120.9,0.0
2017-02-14,120.43,120.43,120.43,120.43,0.0
2017-02-15,120.85,120.85,120.85,120.85,0.0
2017-02-16,120.95,120.95,120.95,120.95,0.0
2017-02-17,120.08,120.08,120.08,120.08,0.0
2017-02-20,120.11,120.11,120.11,120.11,0.0
2017-02-21,119.77,119.77,119.77,119.77,0.0
2017-02-22,118.79,118.79,118.79,118.79,0.0
2017-02-23,119.3,119.3,119.3,119.3,0.0
2017-02-24,119.04,119.04,119.04,119.04,0.0
2017-02-27,118.87,118.87,118.87,118.87,0.0
2017-02-28,118.83,118.83,118.83,118.83,0.0
2017-03-01,119.84,119.84,119.84,119.84,0.0
2017-03-02,120.24,120.24,120.24,120.24,0.0
2017-03-03,120.83,120.83,120.83,120.83,0.0
2017-03-06,120.55,120.55,120.55,120.55,0.0
2017-03-07,120.61,120.61,120.61,120.61,0.0
2017-03-08,120.65,120.65,120.65,120.65,0.0
2017-03-09,120.95,120.95,120.95,120.95,0.0
2017-03-10,122.42,122.42,122.42,122.42,0.0
2017-03-13,122.35,122.35,122.35,122.35,0.0
2017-03-14,122.13,122.13,122.13,122.13,0.0
2017-03-15,121.77,121.77,121.77,121.77,0.0
2017-03-16,121.55,121.55,121.55,121.55,0.0
2017-03-17,121.49,121.49,121.49,121.49,0.0
2017-03-20,121.19,121.19,121.19,121.19,0.0
2017-03-21,121.58,121.58,121.58,121.58,0.0
2017-03-22,120.07,120.07,120.07,120.07,0.0
2017-03-23,119.36,119.36,119.36,119.36,0.0
2017-03-24,120.09,120.09,120.09,120.09,0.0
2017-03-27,119.93,119.93,119.93,119.93,0.0
2017-03-28,119.84,119.84,119.84,119.84,0.0
2017-03-29,119.17,119.17,119.17,119.17,0.0
2017-03-30,119.39,119.39,119.39,119.39,0.0
2017-03-31,119.55,119.55,119.55,119.55,0.0
2017-04-03,118.64,118.64,118.64,118.64,0.0
2017-04-04,117.55,117.55,117.55,117.55,0.0
2017-04-05,118.49,118.49,118.49,118.49,0.0
2017-04-06,118.23,118.23,118.23,118.23,0.0
2017-04-07,117.64,117.64,117.64,117.64,0.0
2017-04-10,117.72,117.72,117.72,117.72,0.0
2017-04-11,117.36,117.36,117.36,117.36,0.0
2017-04-12,116.22,116.22,116.22,116.22,0.0
2017-04-13,116.01,116.01,116.01,116.01,0.0
2017-04-18,116.26,116.26,116.26,116.26,0.0
2017-04-19,116.91,116.91,116.91,116.91,0.0
2017-04-20,117.16,117.16,117.16,117.16,0.0
2017-04-21,116.72,116.72,116.72,116.72,0.0
2017-04-24,119.67,119.67,119.67,119.67,0.0
2017-04-25,120.34,120.34,120.34,120.34,0.0
2017-04-26,121.35,121.35,121.35,121.35,0.0
2017-04-27,121.27,121.27,121.27,121.27,0.0
2017-04-28,121.76,121.76,121.76,121.76,0.0
2017-05-02,122.55,122.55,122.55,122.55,0.0
2017-05-03,122.47,122.47,122.47,122.47,0.0
2017-05-04,123.31,123.31,123.31,123.31,0.0
2017-05-05,123.29,123.29,123.29,123.29,0.0
2017-05-08,123.1,123.1,123.1,123.1,0.0
2017-05-09,124.04,124.04,124.04,124.04,0.0
2017-05-10,123.84,123.84,123.84,123.84,0.0
2017-05-11,123.69,123.69,123.69,123.69,0.0
2017-05-12,123.82,123.82,123.82,123.82,0.0
2017-05-15,124.45,124.45,124.45,124.45,0.0
2017-05-16,125.67,125.67,125.67,125.67,0.0
2017-05-17,124.82,124.82,124.82,124.82,0.0
2017-05-18,123.05,123.05,123.05,123.05,0.0
2017-05-19,124.35,124.35,124.35,124.35,0.0
2017-05-22,125.18,125.18,125.18,125.18,0.0
2017-05-23,124.62,124.62,124.62,124.62,0.0
2017-05-24,125.15,125.15,125.15,125.15,0.0
2017-05-25,125.33,125.33,125.33,125.33,0.0
2017-05-26,124.38,124.38,124.38,124.38,0.0
2017-05-29,124.57,124.57,124.57,124.57,0.0
2017-05-30,123.97,123.97,123.97,123.97,0.0
2017-05-31,124.4,124.4,124.4,124.4,0.0
2017-06-01,124.53,124.53,124.53,124.53,0.0
2017-06-02,125.02,125.02,125.02,125.02,0.0
2017-06-05,124.3,124.3,124.3,124.3,0.0
2017-06-06,123.12,123.12,123.12,123.12,0.0
2017-06-07,122.78,122.78,122.78,122.78,0.0
2017-06-08,123.77,123.77,123.77,123.77,0.0
2017-06-09,123.44,123.44,123.44,123.44,0.0
2017-06-12,123.3,123.3,123.3,123.3,0.0
2017-06-13,123.43,123.43,123.43,123.43,0.0
2017-06-14,123.58,123.58,123.58,123.58,0.0
2017-06-15,122.95,122.95,122.95,122.95,0.0
2017-06-16,124.33,124.33,124.33,124.33,0.0
2017-06-19,124.26,124.26,124.26,124.26,0.0
2017-06-20,124.25,124.25,124.25,124.25,0.0
2017-06-21,124.21,124.21,124.21,124.21,0.0
2017-06-22,124.27,124.27,124.27,124.27,0.0
2017-06-23,124.36,124.36,124.36,124.36,0.0
2017-06-26,124.93,124.93,124.93,124.93,0.0
2017-06-27,126.16,126.16,126.16,126.16,0.0
2017-06-28,127.53,127.53,127.53,127.53,0.0
2017-06-29,128.59,128.59,128.59,128.59,0.0
2017-06-30,127.75,127.75,127.75,127.75,0.0
2017-07-03,128.46,128.46,128.46,128.46,0.0
2017-07-04,128.57,128.57,128.57,128.57,0.0
2017-07-05,128.64,128.64,128.64,128.64,0.0
2017-07-06,129.01,129.01,129.01,129.01,0.0
2017-07-07,129.8,129.8,129.8,129.8,0.0
2017-07-10,129.98,129.98,129.98,129.98,0.0
2017-07-11,130.36,130.36,130.36,130.36,0.0
2017-07-12,130.02,130.02,130.02,130.02,0.0
2017-07-13,129.17,129.17,129.17,129.17,0.0
2017-07-14,129.1,129.1,129.1,129.1,0.0
2017-07-17,128.86,128.86,128.86,128.86,0.0
2017-07-18,129.46,129.46,129.46,129.46,0.0
2017-07-19,129.03,129.03,129.03,129.03,0.0
2017-07-20,128.92,128.92,128.92,128.92,0.0
2017-07-21,129.72,129.72,129.72,129.72,0.0
2017-07-24,129.09,129.09,129.09,129.09,0.0
2017-07-25,130.28,130.28,130.28,130.28,0.0
2017-07-26,130.26,130.26,130.26,130.26,0.0
2017-07-27,130.32,130.32,130.32,130.32,0.0
2017-07-28,130.37,130.37,130.37,130.37,0.0
2017-07-31,129.7,129.7,129.7,129.7,0.0
2017-08-01,130.53,130.53,130.53,130.53,0.0
2017-08-02,130.98,130.98,130.98,130.98,0.0
2017-08-03,130.91,130.91,130.91,130.91,0.0
2017-08-04,130.67,130.67,130.67,130.67,0.0
2017-08-07,130.78,130.78,130.78,130.78,0.0
2017-08-08,130.31,130.31,130.31,130.31,0.0
2017-08-09,128.74,128.74,128.74,128.74,0.0
2017-08-10,128.76,128.76,128.76,128.76,0.0
2017-08-11,128.41,128.41,128.41,128.41,0.0
2017-08-14,129.28,129.28,129.28,129.28,0.0
2017-08-15,129.67,129.67,129.67,129.67,0.0
2017-08-16,129.79,129.79,129.79,129.79,0.0
2017-08-17,128.81,128.81,128.81,128.81,0.0
2017-08-18,128.02,128.02,128.02,128.02,0.0
2017-08-21,128.17,128.17,128.17,128.17,0.0
2017-08-22,128.73,128.73,128.73,128.73,0.0
2017-08-23,128.71,128.71,128.71,128.71,0.0
2017-08-24,129.06,129.06,129.06,129.06,0.0
2017-08-25,129.59,129.59,129.59,129.59,0.0
2017-08-28,130.34,130.34,130.34,130.34,0.0
2017-08-29,130.86,130.86,130.86,130.86,0.0
2017-08-30,131.25,131.25,131.25,131.25,0.0
2017-08-31,130.81,130.81,130.81,130.81,0.0
2017-09-01,131.29,131.29,131.29,131.29,0.0
2017-09-04,130.6,130.6,130.6,130.6,0.0
2017-09-05,129.99,129.99,129.99,129.99,0.0
2017-09-06,129.92,129.92,129.92,129.92,0.0
2017-09-07,130.34,130.34,130.34,130.34,0.0
2017-09-08,129.5,129.5,129.5,129.5,0.0
2017-09-11,130.38,130.38,130.38,130.38,0.0
2017-09-12,130.93,130.93,130.93,130.93,0.0
2017-09-13,131.79,131.79,131.79,131.79,0.0
2017-09-14,131.55,131.55,131.55,131.55,0.0
2017-09-15,132.92,132.92,132.92,132.92,0.0
2017-09-18,133.09,133.09,133.09,133.09,0.0
2017-09-19,133.44,133.44,133.44,133.44,0.0
2017-09-20,133.63,133.63,133.63,133.63,0.0
2017-09-21,133.86,133.86,133.86,133.86,0.0
2017-09-22,134.01,134.01,134.01,134.01,0.0
2017-09-25,133.19,133.19,133.19,133.19,0.0
2017-09-26,131.99,131.99,131.99,131.99,0.0
2017-09-27,132.6,132.6,132.6,132.6,0.0
2017-09-28,132.56,132.56,132.56,132.56,0.0
2017-09-29,132.82,132.82,132.82,132.82,0.0
2017-10-02,132.5,132.5,132.5,132.5,0.0
2017-10-03,132.77,132.77,132.77,132.77,0.0
2017-10-04,132.47,132.47,132.47,132.47,0.0
2017-10-05,132.05,132.05,132.05,132.05,0.0
2017-10-06,132.23,132.23,132.23,132.23,0.0
2017-10-09,132.36,132.36,132.36,132.36,0.0
2017-10-10,132.55,132.55,132.55,132.55,0.0
2017-10-11,132.72,132.72,132.72,132.72,0.0
2017-10-12,133.12,133.12,133.12,133.12,0.0
2017-10-13,132.49,132.49,132.49,132.49,0.0
2017-10-16,131.99,131.99,131.99,131.99,0.0
2017-10-17,131.94,131.94,131.94,131.94,0.0
2017-10-18,132.62,132.62,132.62,132.62,0.0
2017-10-19,133.18,133.18,133.18,133.18,0.0
2017-10-20,133.75,133.75,133.75,133.75,0.0
2017-10-23,133.59,133.59,133.59,133.59,0.0
2017-10-24,133.95,133.95,133.95,133.95,0.0
2017-10-25,134.41,134.41,134.41,134.41,0.0
2017-10-26,133.75,133.75,133.75,133.75,0.0
2017-10-27,132.52,132.52,132.52,132.52,0.0
2017-10-30,131.83,131.83,131.83,131.83,0.0
2017-10-31,132.0,132.0,132.0,132.0,0.0
2017-11-01,132.6,132.6,132.6,132.6,0.0
2017-11-02,132.9,132.9,132.9,132.9,0.0
2017-11-03,132.82,132.82,132.82,132.82,0.0
2017-11-06,132.29,132.29,132.29,132.29,0.0
2017-11-07,132.03,132.03,132.03,132.03,0.0
2017-11-08,131.54,131.54,131.54,131.54,0.0
2017-11-09,131.75,131.75,131.75,131.75,0.0
2017-11-10,132.08,132.08,132.08,132.08,0.0
2017-11-13,132.07,132.07,132.07,132.07,0.0
2017-11-14,133.29,133.29,133.29,133.29,0.0
2017-11-15,133.45,133.45,133.45,133.45,0.0
2017-11-16,133.12,133.12,133.12,133.12,0.0
2017-11-17,132.82,132.82,132.82,132.82,0.0
2017-11-20,132.1,132.1,132.1,132.1,0.0
2017-11-21,131.87,131.87,131.87,131.87,0.0
2017-11-22,131.61,131.61,131.61,131.61,0.0
2017-11-23,131.79,131.79,131.79,131.79,0.0
2017-11-24,132.24,132.24,132.24,132.24,0.0
2017-11-27,132.69,132.69,132.69,132.69,0.0
2017-11-28,132.24,132.24,132.24,132.24,0.0
2017-11-29,132.24,132.24,132.24,132.24,0.0
2017-11-30,133.08,133.08,133.08,133.08,0.0
2017-12-01,133.7,133.7,133.7,133.7,0.0
2017-12-04,133.91,133.91,133.91,133.91,0.0
2017-12-05,133.37,133.37,133.37,133.37,0.0
2017-12-06,132.52,132.52,132.52,132.52,0.0
2017-12-07,132.88,132.88,132.88,132.88,0.0
2017-12-08,133.26,133.26,133.26,133.26,0.0
2017-12-11,133.66,133.66,133.66,133.66,0.0
2017-12-12,133.54,133.54,133.54,133.54,0.0
2017-12-13,132.99,132.99,132.99,132.99,0.0
2017-12-14,133.39,133.39,133.39,133.39,0.0
2017-12-15,132.45,132.45,132.45,132.45,0.0
2017-12-18,132.66,132.66,132.66,132.66,0.0
2017-12-19,133.23,133.23,133.23,133.23,0.0
2017-12-20,134.16,134.16,134.16,134.16,0.0
2017-12-21,134.59,134.59,134.59,134.59,0.0
2017-12-22,134.37,134.37,134.37,134.37,0.0
2017-12-27,134.7,134.7,134.7,134.7,0.0
2017-12-28,134.74,134.74,134.74,134.74,0.0
2017-12-29,135.01,135.01,135.01,135.01,0.0
2018-01-02,135.35,135.35,135.35,135.35,0.0
2018-01-03,134.97,134.97,134.97,134.97,0.0
2018-01-04,135.92,135.92,135.92,135.92,0.0
2018-01-05,136.45,136.45,136.45,136.45,0.0
2018-01-08,135.34,135.34,135.34,135.34,0.0
2018-01-09,134.31,134.31,134.31,134.31,0.0
2018-01-10,133.62,133.62,133.62,133.62,0.0
2018-01-11,134.19,134.19,134.19,134.19,0.0
2018-01-12,134.88,134.88,134.88,134.88,0.0
2018-01-15,135.81,135.81,135.81,135.81,0.0
2018-01-16,135.4,135.4,135.4,135.4,0.0
2018-01-17,135.21,135.21,135.21,135.21,0.0
2018-01-18,136.07,136.07,136.07,136.07,0.0
2018-01-19,135.54,135.54,135.54,135.54,0.0
2018-01-22,135.66,135.66,135.66,135.66,0.0
2018-01-23,135.35,135.35,135.35,135.35,0.0
2018-01-24,135.13,135.13,135.13,135.13,0.0
2018-01-25,135.12,135.12,135.12,135.12,0.0
2018-01-26,135.95,135.95,135.95,135.95,0.0
2018-01-29,134.75,134.75,134.75,134.75,0.0
2018-01-30,134.98,134.98,134.98,134.98,0.0
2018-01-31,135.6,135.6,135.6,135.6,0.0
2018-02-01,136.62,136.62,136.62,136.62,0.0
2018-02-02,137.22,137.22,137.22,137.22,0.0
2018-02-05,136.67,136.67,136.67,136.67,0.0
2018-02-06,134.97,134.97,134.97,134.97,0.0
2018-02-07,134.84,134.84,134.84,134.84,0.0
2018-02-08,134.31,134.31,134.31,134.31,0.0
2018-02-09,133.59,133.59,133.59,133.59,0.0
2018-02-12,133.23,133.23,133.23,133.23,0.0
2018-02-13,132.82,132.82,132.82,132.82,0.0
2018-02-14,132.4,132.4,132.4,132.4,0.0
2018-02-15,133.11,133.11,133.11,133.11,0.0
2018-02-16,132.34,132.34,132.34,132.34,0.0
2018-02-19,132.24,132.24,132.24,132.24,0.0
2018-02-20,132.25,132.25,132.25,132.25,0.0
2018-02-21,132.41,132.41,132.41,132.41,0.0
2018-02-22,131.47,131.47,131.47,131.47,0.0
2018-02-23,131.28,131.28,131.28,131.28,0.0
2018-02-26,131.6,131.6,131.6,131.6,0.0
2018-02-27,131.77,131.77,131.77,131.77,0.0
2018-02-28,130.72,130.72,130.72,130.72,0.0
2018-03-01,129.98,129.98,129.98,129.98,0.0
2018-03-02,129.77,129.77,129.77,129.77,0.0
2018-03-05,130.02,130.02,130.02,130.02,0.0
2018-03-06,131.84,131.84,131.84,131.84,0.0
2018-03-07,131.41,131.41,131.41,131.41,0.0
2018-03-08,131.83,131.83,131.83,131.83,0.0
2018-03-09,131.31,131.31,131.31,131.31,0.0
2018-03-12,131.04,131.04,131.04,131.04,0.0
2018-03-13,132.31,132.31,132.31,132.31,0.0
2018-03-14,131.77,131.77,131.77,131.77,0.0
2018-03-15,130.9,130.9,130.9,130.9,0.0
2018-03-16,130.21,130.21,130.21,130.21,0.0
2018-03-19,130.65,130.65,130.65,130.65,0.0
2018-03-20,130.72,130.72,130.72,130.72,0.0
2018-03-21,130.5,130.5,130.5,130.5,0.0
2018-03-22,129.75,129.75,129.75,129.75,0.0
2018-03-23,129.74,129.74,129.74,129.74,0.0
2018-03-26,130.47,130.47,130.47,130.47,0.0
2018-03-27,131.04,131.04,131.04,131.04,0.0
2018-03-28,131.6,131.6,131.6,131.6,0.0
2018-03-29,131.15,131.15,131.15,131.15,0.0
2018-04-03,130.76,130.76,130.76,130.76,0.0
2018-04-04,130.43,130.43,130.43,130.43,0.0
2018-04-05,131.26,131.26,131.26,131.26,0.0
2018-04-06,131.32,131.32,131.32,131.32,0.0
2018-04-09,131.66,131.66,131.66,131.66,0.0
2018-04-10,132.28,132.28,132.28,132.28,0.0
2018-04-11,132.26,132.26,132.26,132.26,0.0
2018-04-12,132.04,132.04,132.04,132.04,0.0
2018-04-13,132.64,132.64,132.64,132.64,0.0
2018-04-16,132.77,132.77,132.77,132.77,0.0
2018-04-17,132.35,132.35,132.35,132.35,0.0
2018-04-18,132.82,132.82,132.82,132.82,0.0
2018-04-19,132.88,132.88,132.88,132.88,0.0
2018-04-20,132.41,132.41,132.41,132.41,0.0
2018-04-23,132.38,132.38,132.38,132.38,0.0
2018-04-24,132.92,132.92,132.92,132.92,0.0
2018-04-25,133.03,133.03,133.03,133.03,0.0
2018-04-26,132.87,132.87,132.87,132.87,0.0
2018-04-27,131.95,131.95,131.95,131.95,0.0
2018-04-30,132.12,132.12,132.12,132.12,0.0
2018-05-02,131.84,131.84,131.84,131.84,0.0
2018-05-03,131.03,131.03,131.03,131.03,0.0
2018-05-04,130.37,130.37,130.37,130.37,0.0
2018-05-07,130.15,130.15,130.15,130.15,0.0
2018-05-08,129.45,129.45,129.45,129.45,0.0
2018-05-09,130.24,130.24,130.24,130.24,0.0
2018-05-10,130.22,130.22,130.22,130.22,0.0
2018-05-11,130.44,130.44,130.44,130.44,0.0
2018-05-14,131.27,131.27,131.27,131.27,0.0
2018-05-15,130.77,130.77,130.77,130.77,0.0
2018-05-16,129.83,129.83,129.83,129.83,0.0
2018-05-17,130.66,130.66,130.66,130.66,0.0
2018-05-18,130.69,130.69,130.69,130.69,0.0
2018-05-21,130.84,130.84,130.84,130.84,0.0
2018-05-22,130.7,130.7,130.7,130.7,0.0
2018-05-23,128.61,128.61,128.61,128.61,0.0
2018-05-24,128.46,128.46,128.46,128.46,0.0
2018-05-25,127.72,127.72,127.72,127.72,0.0
2018-05-28,127.33,127.33,127.33,127.33,0.0
2018-05-29,125.88,125.88,125.88,125.88,0.0
2018-05-30,126.76,126.76,126.76,126.76,0.0
2018-05-31,127.33,127.33,127.33,127.33,0.0
2018-06-01,127.74,127.74,127.74,127.74,0.0
2018-06-04,128.44,128.44,128.44,128.44,0.0
2018-06-05,128.08,128.08,128.08,128.08,0.0
2018-06-06,129.57,129.57,129.57,129.57,0.0
2018-06-07,130.26,130.26,130.26,130.26,0.0
2018-06-08,128.64,128.64,128.64,128.64,0.0
2018-06-11,129.62,129.62,129.62,129.62,0.0
2018-06-12,130.03,130.03,130.03,130.03,0.0
2018-06-13,130.03,130.03,130.03,130.03,0.0
2018-06-14,129.15,129.15,129.15,129.15,0.0
2018-06-15,128.31,128.31,128.31,128.31,0.0
2018-06-18,128.27,128.27,128.27,128.27,0.0
2018-06-19,126.78,126.78,126.78,126.78,0.0
2018-06-20,127.39,127.39,127.39,127.39,0.0
2018-06-21,127.59,127.59,127.59,127.59,0.0
2018-06-22,128.3,128.3,128.3,128.3,0.0
2018-06-25,128.21,128.21,128.21,128.21,0.0
2018-06-26,127.95,127.95,127.95,127.95,0.0
2018-06-27,128.08,128.08,128.08,128.08,0.0
2018-06-28,127.63,127.63,127.63,127.63,0.0
2018-06-29,129.04,129.04,129.04,129.04,0.0
2018-07-02,128.86,128.86,128.86,128.86,0.0
2018-07-03,129.09,129.09,129.09,129.09,0.0
2018-07-04,128.64,128.64,128.64,128.64,0.0
2018-07-05,129.53,129.53,129.53,129.53,0.0
2018-07-06,129.65,129.65,129.65,129.65,0.0
2018-07-09,130.21,130.21,130.21,130.21,0.0
2018-07-10,130.3,130.3,130.3,130.3,0.0
2018-07-11,130.53,130.53,130.53,130.53,0.0
2018-07-12,131.13,131.13,131.13,131.13,0.0
2018-07-13,131.04,131.04,131.04,131.04,0.0
2018-07-16,131.65,131.65,131.65,131.65,0.0
2018-07-17,131.81,131.81,131.81,131.81,0.0
2018-07-18,130.92,130.92,130.92,130.92,0.0
2018-07-19,130.98,130.98,130.98,130.98,0.0
2018-07-20,130.94,130.94,130.94,130.94,0.0
2018-07-23,130.18,130.18,130.18,130.18,0.0
2018-07-24,130.06,130.06,130.06,130.06,0.0
2018-07-25,129.8,129.8,129.8,129.8,0.0
2018-07-26,129.91,129.91,129.91,129.91,0.0
2018-07-27,129.25,129.25,129.25,129.25,0.0
2018-07-30,129.79,129.79,129.79,129.79,0.0
2018-07-31,130.84,130.84,130.84,130.84,0.0
2018-08-01,130.81,130.81,130.81,130.81,0.0
2018-08-02,129.43,129.43,129.43,129.43,0.0
2018-08-03,129.3,129.3,129.3,129.3,0.0
2018-08-06,128.68,128.68,128.68,128.68,0.0
2018-08-07,128.88,128.88,128.88,128.88,0.0
2018-08-08,128.72,128.72,128.72,128.72,0.0
2018-08-09,128.84,128.84,128.84,128.84,0.0
2018-08-10,127.07,127.07,127.07,127.07,0.0
2018-08-13,126.11,126.11,126.11,126.11,0.0
2018-08-14,126.42,126.42,126.42,126.42,0.0
2018-08-15,125.67,125.67,125.67,125.67,0.0
2018-08-16,126.02,126.02,126.02,126.02,0.0
2018-08-17,125.75,125.75,125.75,125.75,0.0
2018-08-20,126.25,126.25,126.25,126.25,0.0
2018-08-21,127.01,127.01,127.01,127.01,0.0
2018-08-22,128.08,128.08,128.08,128.08,0.0
2018-08-23,128.31,128.31,128.31,128.31,0.0
2018-08-24,128.97,128.97,128.97,128.97,0.0
2018-08-27,129.16,129.16,129.16,129.16,0.0
2018-08-28,130.03,130.03,130.03,130.03,0.0
2018-08-29,129.73,129.73,129.73,129.73,0.0
2018-08-30,130.32,130.32,130.32,130.32,0.0
2018-08-31,129.05,129.05,129.05,129.05,0.0
2018-09-03,129.03,129.03,129.03,129.03,0.0
2018-09-04,128.6,128.6,128.6,128.6,0.0
2018-09-05,129.17,129.17,129.17,129.17,0.0
2018-09-06,129.55,129.55,129.55,129.55,0.0
2018-09-07,128.74,128.74,128.74,128.74,0.0
2018-09-10,128.54,128.54,128.54,128.54,0.0
2018-09-11,128.82,128.82,128.82,128.82,0.0
2018-09-12,129.13,129.13,129.13,129.13,0.0
2018-09-13,129.68,129.68,129.68,129.68,0.0
2018-09-14,130.75,130.75,130.75,130.75,0.0
2018-09-17,130.79,130.79,130.79,130.79,0.0
2018-09-18,131.21,131.21,131.21,131.21,0.0
2018-09-19,130.94,130.94,130.94,130.94,0.0
2018-09-20,131.98,131.98,131.98,131.98,0.0
2018-09-21,132.44,132.44,132.44,132.44,0.0
2018-09-24,132.56,132.56,132.56,132.56,0.0
2018-09-25,132.78,132.78,132.78,132.78,0.0
2018-09-26,132.61,132.61,132.61,132.61,0.0
2018-09-27,132.15,132.15,132.15,132.15,0.0
2018-09-28,131.23,131.23,131.23,131.23,0.0
2018-10-01,132.25,132.25,132.25,132.25,0.0
2018-10-02,131.46,131.46,131.46,131.46,0.0
2018-10-03,131.47,131.47,131.47,131.47,0.0
2018-10-04,131.31,131.31,131.31,131.31,0.0
2018-10-05,131.03,131.03,131.03,131.03,0.0
2018-10-08,130.11,130.11,130.11,130.11,0.0
2018-10-09,129.45,129.45,129.45,129.45,0.0
2018-10-10,130.23,130.23,130.23,130.23,0.0
2018-10-11,130.0,130.0,130.0,130.0,0.0
2018-10-12,129.99,129.99,129.99,129.99,0.0
2018-10-15,129.53,129.53,129.53,129.53,0.0
2018-10-16,129.92,129.92,129.92,129.92,0.0
2018-10-17,129.43,129.43,129.43,129.43,0.0
2018-10-18,129.44,129.44,129.44,129.44,0.0
2018-10-19,129.05,129.05,129.05,129.05,0.0
2018-10-22,129.63,129.63,129.63,129.63,0.0
2018-10-23,128.76,128.76,128.76,128.76,0.0
2018-10-24,128.37,128.37,128.37,128.37,0.0
2018-10-25,128.27,128.27,128.27,128.27,0.0
2018-10-26,127.13,127.13,127.13,127.13,0.0
2018-10-29,127.92,127.92,127.92,127.92,0.0
2018-10-30,128.28,128.28,128.28,128.28,0.0
2018-10-31,128.15,128.15,128.15,128.15,0.0
2018-11-01,128.52,128.52,128.52,128.52,0.0
2018-11-02,128.89,128.89,128.89,128.89,0.0
2018-11-05,128.81,128.81,128.81,128.81,0.0
2018-11-06,129.31,129.31,129.31,129.31,0.0
2018-11-07,130.02,130.02,130.02,130.02,0.0
2018-11-08,129.9,129.9,129.9,129.9,0.0
2018-11-09,129.26,129.26,129.26,129.26,0.0
2018-11-12,128.2,128.2,128.2,128.2,0.0
2018-11-13,128.32,128.32,128.32,128.32,0.0
2018-11-14,128.64,128.64,128.64,128.64,0.0
2018-11-15,128.16,128.16,128.16,128.16,0.0
2018-11-16,128.37,128.37,128.37,128.37,0.0
2018-11-19,128.89,128.89,128.89,128.89,0.0
2018-11-20,128.34,128.34,128.34,128.34,0.0
2018-11-21,129.04,129.04,129.04,129.04,0.0
2018-11-22,128.8,128.8,128.8,128.8,0.0
2018-11-23,128.07,128.07,128.07,128.07,0.0
2018-11-26,128.7,128.7,128.7,128.7,0.0
2018-11-27,128.66,128.66,128.66,128.66,0.0
2018-11-28,128.47,128.47,128.47,128.47,0.0
2018-11-29,128.99,128.99,128.99,128.99,0.0
2018-11-30,128.99,128.99,128.99,128.99,0.0
2018-12-03,128.7,128.7,128.7,128.7,0.0
2018-12-04,128.68,128.68,128.68,128.68,0.0
2018-12-05,128.31,128.31,128.31,128.31,0.0
2018-12-06,128.04,128.04,128.04,128.04,0.0
2018-12-07,128.36,128.36,128.36,128.36,0.0
2018-12-10,128.79,128.79,128.79,128.79,0.0
2018-12-11,128.75,128.75,128.75,128.75,0.0
2018-12-12,128.67,128.67,128.67,128.67,0.0
2018-12-13,129.06,129.06,129.06,129.06,0.0
2018-12-14,128.13,128.13,128.13,128.13,0.0
2018-12-17,128.44,128.44,128.44,128.44,0.0
2018-12-18,127.86,127.86,127.86,127.86,0.0
2018-12-19,128.11,128.11,128.11,128.11,0.0
2018-12-20,127.94,127.94,127.94,127.94,0.0
2018-12-21,126.98,126.98,126.98,126.98,0.0
2018-12-24,126.47,126.47,126.47,126.47,0.0
2018-12-27,126.14,126.14,126.14,126.14,0.0
2018-12-28,126.4,126.4,126.4,126.4,0.0
2018-12-31,125.85,125.85,125.85,125.85,0.0
2019-01-02,124.28,124.28,124.28,124.28,0.0
2019-01-03,122.21,122.21,122.21,122.21,0.0
2019-01-04,123.2,123.2,123.2,123.2,0.0
2019-01-07,123.9,123.9,123.9,123.9,0.0
2019-01-08,124.46,124.46,124.46,124.46,0.0
2019-01-09,124.7,124.7,124.7,124.7,0.0
2019-01-10,124.7,124.7,124.7,124.7,0.0
2019-01-11,124.91,124.91,124.91,124.91,0.0
2019-01-14,123.93,123.93,123.93,123.93,0.0
2019-01-15,124.02,124.02,124.02,124.02,0.0
2019-01-16,123.91,123.91,123.91,123.91,0.0
2019-01-17,123.95,123.95,123.95,123.95,0.0
2019-01-18,124.78,124.78,124.78,124.78,0.0
2019-01-21,124.6,124.6,124.6,124.6,0.0
2019-01-22,124.25,124.25,124.25,124.25,0.0
2019-01-23,124.7,124.7,124.7,124.7,0.0
2019-01-24,124.43,124.43,124.43,124.43,0.0
2019-01-25,124.72,124.72,124.72,124.72,0.0
2019-01-28,124.94,124.94,124.94,124.94,0.0
2019-01-29,125.03,125.03,125.03,125.03,0.0
2019-01-30,125.08,125.08,125.08,125.08,0.0
2019-01-31,124.81,124.81,124.81,124.81,0.0
2019-02-01,124.91,124.91,124.91,124.91,0.0
2019-02-04,125.77,125.77,125.77,125.77,0.0
2019-02-05,125.59,125.59,125.59,125.59,0.0
2019-02-06,125.05,125.05,125.05,125.05,0.0
2019-02-07,124.41,124.41,124.41,124.41,0.0
2019-02-08,124.57,124.57,124.57,124.57,0.0
2019-02-11,124.63,124.63,124.63,124.63,0.0
2019-02-12,124.7,124.7,124.7,124.7,0.0
2019-02-13,125.19,125.19,125.19,125.19,0.0
2019-02-14,125.12,125.12,125.12,125.12,0.0
2019-02-15,124.45,124.45,124.45,124.45,0.0
2019-02-18,125.23,125.23,125.23,125.23,0.0
2019-02-19,125.09,125.09,125.09,125.09,0.0
2019-02-20,125.61,125.61,125.61,125.61,0.0
2019-02-21,125.7,125.7,125.7,125.7,0.0
2019-02-22,125.56,125.56,125.56,125.56,0.0
2019-02-25,125.75,125.75,125.75,125.75,0.0
2019-02-26,125.93,125.93,125.93,125.93,0.0
2019-02-27,125.9,125.9,125.9,125.9,0.0
2019-02-28,126.44,126.44,126.44,126.44,0.0
2019-03-01,127.35,127.35,127.35,127.35,0.0
2019-03-04,126.91,126.91,126.91,126.91,0.0
2019-03-05,126.8,126.8,126.8,126.8,0.0
2019-03-06,126.4,126.4,126.4,126.4,0.0
2019-03-07,125.97,125.97,125.97,125.97,0.0
2019-03-08,124.72,124.72,124.72,124.72,0.0
2019-03-11,124.91,124.91,124.91,124.91,0.0
2019-03-12,125.27,125.27,125.27,125.27,0.0
2019-03-13,125.89,125.89,125.89,125.89,0.0
2019-03-14,126.09,126.09,126.09,126.09,0.0
2019-03-15,126.16,126.16,126.16,126.16,0.0
2019-03-18,126.54,126.54,126.54,126.54,0.0
2019-03-19,126.59,126.59,126.59,126.59,0.0
2019-03-20,126.63,126.63,126.63,126.63,0.0
2019-03-21,125.92,125.92,125.92,125.92,0.0
2019-03-22,124.6,124.6,124.6,124.6,0.0
2019-03-25,124.65,124.65,124.65,124.65,0.0
2019-03-26,124.72,124.72,124.72,124.72,0.0
2019-03-27,124.42,124.42,124.42,124.42,0.0
2019-03-28,124.16,124.16,124.16,124.16,0.0
2019-03-29,124.45,124.45,124.45,124.45,0.0
2019-04-01,124.68,124.68,124.68,124.68,0.0
2019-04-02,124.73,124.73,124.73,124.73,0.0
2019-04-03,125.3,125.3,125.3,125.3,0.0
2019-04-04,125.01,125.01,125.01,125.01,0.0
2019-04-05,125.44,125.44,125.44,125.44,0.0
2019-04-08,125.36,125.36,125.36,125.36,0.0
2019-04-09,125.51,125.51,125.51,125.51,0.0
2019-04-10,125.38,125.38,125.38,125.38,0.0
2019-04-11,125.3,125.3,125.3,125.3,0.0
2019-04-12,126.76,126.76,126.76,126.76,0.0
2019-04-15,126.66,126.66,126.66,126.66,0.0
2019-04-16,126.59,126.59,126.59,126.59,0.0
2019-04-17,126.51,126.51,126.51,126.51,0.0
2019-04-18,125.86,125.86,125.86,125.86,0.0
2019-04-23,125.82,125.82,125.82,125.82,0.0
2019-04-24,125.34,125.34,125.34,125.34,0.0
2019-04-25,124.45,124.45,124.45,124.45,0.0
2019-04-26,124.45,124.45,124.45,124.45,0.0
2019-04-29,124.64,124.64,124.64,124.64,0.0
2019-04-30,124.93,124.93,124.93,124.93,0.0
2019-05-02,125.01,125.01,125.01,125.01,0.0
2019-05-03,124.4,124.4,124.4,124.4,0.0
2019-05-06,124.13,124.13,124.13,124.13,0.0
2019-05-07,123.73,123.73,123.73,123.73,0.0
2019-05-08,123.31,123.31,123.31,123.31,0.0
2019-05-09,122.91,122.91,122.91,122.91,0.0
2019-05-10,123.25,123.25,123.25,123.25,0.0
2019-05-13,123.06,123.06,123.06,123.06,0.0
2019-05-14,123.0,123.0,123.0,123.0,0.0
2019-05-15,122.24,122.24,122.24,122.24,0.0
2019-05-16,122.81,122.81,122.81,122.81,0.0
2019-05-17,122.34,122.34,122.34,122.34,0.0
2019-05-20,122.67,122.67,122.67,122.67,0.0
2019-05-21,123.27,123.27,123.27,123.27,0.0
2019-05-22,123.27,123.27,123.27,123.27,0.0
2019-05-23,122.56,122.56,122.56,122.56,0.0
2019-05-24,122.61,122.61,122.61,122.61,0.0
2019-05-27,122.56,122.56,122.56,122.56,0.0
2019-05-28,122.45,122.45,122.45,122.45,0.0
2019-05-29,121.91,121.91,121.91,121.91,0.0
2019-05-30,122.1,122.1,122.1,122.1,0.0
2019-05-31,121.27,121.27,121.27,121.27,0.0
2019-06-03,121.17,121.17,121.17,121.17,0.0
2019-06-04,121.62,121.62,121.62,121.62,0.0
2019-06-05,121.96,121.96,121.96,121.96,0.0
2019-06-06,121.82,121.82,121.82,121.82,0.0
2019-06-07,122.27,122.27,122.27,122.27,0.0
2019-06-10,122.78,122.78,122.78,122.78,0.0
2019-06-11,123.09,123.09,123.09,123.09,0.0
2019-06-12,122.72,122.72,122.72,122.72,0.0
2019-06-13,122.44,122.44,122.44,122.44,0.0
2019-06-14,121.9,121.9,121.9,121.9,0.0
2019-06-17,122.06,122.06,122.06,122.06,0.0
2019-06-18,121.08,121.08,121.08,121.08,0.0
2019-06-19,121.49,121.49,121.49,121.49,0.0
2019-06-20,121.71,121.71,121.71,121.71,0.0
2019-06-21,121.64,121.64,121.64,121.64,0.0
2019-06-24,122.25,122.25,122.25,122.25,0.0
2019-06-25,121.97,121.97,121.97,121.97,0.0
2019-06-26,122.4,122.4,122.4,122.4,0.0
2019-06-27,122.64,122.64,122.64,122.64,0.0
2019-06-28,122.6,122.6,122.6,122.6,0.0
2019-07-01,122.93,122.93,122.93,122.93,0.0
2019-07-02,122.36,122.36,122.36,122.36,0.0
2019-07-03,121.61,121.61,121.61,121.61,0.0
2019-07-04,121.65,121.65,121.65,121.65,0.0
2019-07-05,121.77,121.77,121.77,121.77,0.0
2019-07-08,121.8,121.8,121.8,121.8,0.0
2019-07-09,121.93,121.93,121.93,121.93,0.0
2019-07-10,122.2,122.2,122.2,122.2,0.0
2019-07-11,121.94,121.94,121.94,121.94,0.0
2019-07-12,121.83,121.83,121.83,121.83,0.0
2019-07-15,121.62,121.62,121.62,121.62,0.0
2019-07-16,121.13,121.13,121.13,121.13,0.0
2019-07-17,121.42,121.42,121.42,121.42,0.0
2019-07-18,120.89,120.89,120.89,120.89,0.0
2019-07-19,120.93,120.93,120.93,120.93,0.0
2019-07-22,121.03,121.03,121.03,121.03,0.0
2019-07-23,120.82,120.82,120.82,120.82,0.0
2019-07-24,120.41,120.41,120.41,120.41,0.0
2019-07-25,120.15,120.15,120.15,120.15,0.0
2019-07-26,121.06,121.06,121.06,121.06,0.0
2019-07-29,120.81,120.81,120.81,120.81,0.0
2019-07-30,121.0,121.0,121.0,121.0,0.0
2019-07-31,121.04,121.04,121.04,121.04,0.0
2019-08-01,120.18,120.18,120.18,120.18,0.0
2019-08-02,118.57,118.57,118.57,118.57,0.0
2019-08-05,118.61,118.61,118.61,118.61,0.0
2019-08-06,119.1,119.1,119.1,119.1,0.0
2019-08-07,118.48,118.48,118.48,118.48,0.0
2019-08-08,118.64,118.64,118.64,118.64,0.0
2019-08-09,118.51,118.51,118.51,118.51,0.0
2019-08-12,117.69,117.69,117.69,117.69,0.0
2019-08-13,118.01,118.01,118.01,118.01,0.0
2019-08-14,118.48,118.48,118.48,118.48,0.0
2019-08-15,118.37,118.37,118.37,118.37,0.0
2019-08-16,117.77,117.77,117.77,117.77,0.0
2019-08-19,118.34,118.34,118.34,118.34,0.0
2019-08-20,117.79,117.79,117.79,117.79,0.0
2019-08-21,118.24,118.24,118.24,118.24,0.0
2019-08-22,118.13,118.13,118.13,118.13,0.0
2019-08-23,117.79,117.79,117.79,117.79,0.0
2019-08-26,117.67,117.67,117.67,117.67,0.0
2019-08-27,117.43,117.43,117.43,117.43,0.0
2019-08-28,117.18,117.18,117.18,117.18,0.0
2019-08-29,117.68,117.68,117.68,117.68,0.0
2019-08-30,117.28,117.28,117.28,117.28,0.0
2019-09-02,116.66,116.66,116.66,116.66,0.0
2019-09-03,116.05,116.05,116.05,116.05,0.0
2019-09-04,117.03,117.03,117.03,117.03,0.0
2019-09-05,117.97,117.97,117.97,117.97,0.0
2019-09-06,118.01,118.01,118.01,118.01,0.0
2019-09-09,118.01,118.01,118.01,118.01,0.0
2019-09-10,118.52,118.52,118.52,118.52,0.0
2019-09-11,118.51,118.51,118.51,118.51,0.0
2019-09-12,118.14,118.14,118.14,118.14,0.0
2019-09-13,119.83,119.83,119.83,119.83,0.0
2019-09-16,118.96,118.96,118.96,118.96,0.0
2019-09-17,119.23,119.23,119.23,119.23,0.0
2019-09-18,119.54,119.54,119.54,119.54,0.0
2019-09-19,119.46,119.46,119.46,119.46,0.0
2019-09-20,119.11,119.11,119.11,119.11,0.0
2019-09-23,118.07,118.07,118.07,118.07,0.0
2019-09-24,118.45,118.45,118.45,118.45,0.0
2019-09-25,118.0,118.0,118.0,118.0,0.0
2019-09-26,117.73,117.73,117.73,117.73,0.0
2019-09-27,118.21,118.21,118.21,118.21,0.0
2019-09-30,117.59,117.59,117.59,117.59,0.0
2019-10-01,118.0,118.0,118.0,118.0,0.0
2019-10-02,117.47,117.47,117.47,117.47,0.0
2019-10-03,117.17,117.17,117.17,117.17,0.0
2019-10-04,117.23,117.23,117.23,117.23,0.0
2019-10-07,117.44,117.44,117.44,117.44,0.0
2019-10-08,117.43,117.43,117.43,117.43,0.0
2019-10-09,117.91,117.91,117.91,117.91,0.0
2019-10-10,118.52,118.52,118.52,118.52,0.0
2019-10-11,119.75,119.75,119.75,119.75,0.0
2019-10-14,119.4,119.4,119.4,119.4,0.0
2019-10-15,119.23,119.23,119.23,119.23,0.0
2019-10-16,119.9,119.9,119.9,119.9,0.0
2019-10-17,120.81,120.81,120.81,120.81,0.0
2019-10-18,120.97,120.97,120.97,120.97,0.0
2019-10-21,121.29,121.29,121.29,121.29,0.0
2019-10-22,120.87,120.87,120.87,120.87,0.0
2019-10-23,120.63,120.63,120.63,120.63,0.0
2019-10-24,120.86,120.86,120.86,120.86,0.0
2019-10-25,120.59,120.59,120.59,120.59,0.0
2019-10-28,120.69,120.69,120.69,120.69,0.0
2019-10-29,120.88,120.88,120.88,120.88,0.0
2019-10-30,120.99,120.99,120.99,120.99,0.0
2019-10-31,120.73,120.73,120.73,120.73,0.0
2019-11-01,120.43,120.43,120.43,120.43,0.0
2019-11-04,120.93,120.93,120.93,120.93,0.0
2019-11-05,120.93,120.93,120.93,120.93,0.0
2019-11-06,120.88,120.88,120.88,120.88,0.0
2019-11-07,120.9,120.9,120.9,120.9,0.0
2019-11-08,120.72,120.72,120.72,120.72,0.0
2019-11-11,120.29,120.29,120.29,120.29,0.0
2019-11-12,120.24,120.24,120.24,120.24,0.0
2019-11-13,119.79,119.79,119.79,119.79,0.0
2019-11-14,119.49,119.49,119.49,119.49,0.0
2019-11-15,119.95,119.95,119.95,119.95,0.0
2019-11-18,120.55,120.55,120.55,120.55,0.0
2019-11-19,120.46,120.46,120.46,120.46,0.0
2019-11-20,119.96,119.96,119.96,119.96,0.0
2019-11-21,120.46,120.46,120.46,120.46,0.0
2019-11-22,120.03,120.03,120.03,120.03,0.0
2019-11-25,119.88,119.88,119.88,119.88,0.0
2019-11-26,120.09,120.09,120.09,120.09,0.0
2019-11-27,120.18,120.18,120.18,120.18,0.0
2019-11-28,120.5,120.5,120.5,120.5,0.0
2019-11-29,120.43,120.43,120.43,120.43,0.0
2019-12-02,120.75,120.75,120.75,120.75,0.0
2019-12-03,120.39,120.39,120.39,120.39,0.0
2019-12-04,120.45,120.45,120.45,120.45,0.0
2019-12-05,120.69,120.69,120.69,120.69,0.0
2019-12-06,120.44,120.44,120.44,120.44,0.0
2019-12-09,120.15,120.15,120.15,120.15,0.0
2019-12-10,120.27,120.27,120.27,120.27,0.0
2019-12-11,120.44,120.44,120.44,120.44,0.0
2019-12-12,120.95,120.95,120.95,120.95,0.0
2019-12-13,122.43,122.43,122.43,122.43,0.0
2019-12-16,121.97,121.97,121.97,121.97,0.0
2019-12-17,122.31,122.31,122.31,122.31,0.0
2019-12-18,121.81,121.81,121.81,121.81,0.0
2019-12-19,121.73,121.73,121.73,121.73,0.0
2019-12-20,121.31,121.31,121.31,121.31,0.0
2019-12-23,121.18,121.18,121.18,121.18,0.0
2019-12-24,121.19,121.19,121.19,121.19,0.0
2019-12-27,122.23,122.23,122.23,122.23,0.0
2019-12-30,122.19,122.19,122.19,122.19,0.0
2019-12-31,121.94,121.94,121.94,121.94,0.0
2020-01-02,121.75,121.75,121.75,121.75,0.0
2020-01-03,120.54,120.54,120.54,120.54,0.0
2020-01-06,121.02,121.02,121.02,121.02,0.0
2020-01-07,121.15,121.15,121.15,121.15,0.0
2020-01-08,120.86,120.86,120.86,120.86,0.0
2020-01-09,121.54,121.54,121.54,121.54,0.0
2020-01-10,121.6,121.6,121.6,121.6,0.0
2020-01-13,122.25,122.25,122.25,122.25,0.0
2020-01-14,122.32,122.32,122.32,122.32,0.0
2020-01-15,122.43,122.43,122.43,122.43,0.0
2020-01-16,122.8,122.8,122.8,122.8,0.0
2020-01-17,122.31,122.31,122.31,122.31,0.0
2020-01-20,122.14,122.14,122.14,122.14,0.0
2020-01-21,122.31,122.31,122.31,122.31,0.0
2020-01-22,121.93,121.93,121.93,121.93,0.0
2020-01-23,121.5,121.5,121.5,121.5,0.0
2020-01-24,120.96,120.96,120.96,120.96,0.0
2020-01-27,120.11,120.11,120.11,120.11,0.0
2020-01-28,120.02,120.02,120.02,120.02,0.0
2020-01-29,120.06,120.06,120.06,120.06,0.0
2020-01-30,120.03,120.03,120.03,120.03,0.0
2020-01-31,120.35,120.35,120.35,120.35,0.0
2020-02-03,120.1,120.1,120.1,120.1,0.0
2020-02-04,120.52,120.52,120.52,120.52,0.0
2020-02-05,120.94,120.94,120.94,120.94,0.0
2020-02-06,120.87,120.87,120.87,120.87,0.0
2020-02-07,120.51,120.51,120.51,120.51,0.0
2020-02-10,120.18,120.18,120.18,120.18,0.0
2020-02-11,119.73,119.73,119.73,119.73,0.0
2020-02-12,120.03,120.03,120.03,120.03,0.0
2020-02-13,119.21,119.21,119.21,119.21,0.0
2020-02-14,119.11,119.11,119.11,119.11,0.0
2020-02-17,119.05,119.05,119.05,119.05,0.0
2020-02-18,118.7,118.7,118.7,118.7,0.0
2020-02-19,119.35,119.35,119.35,119.35,0.0
2020-02-20,120.86,120.86,120.86,120.86,0.0
2020-02-21,120.96,120.96,120.96,120.96,0.0
2020-02-24,120.52,120.52,120.52,120.52,0.0
2020-02-25,119.92,119.92,119.92,119.92,0.0
2020-02-26,120.13,120.13,120.13,120.13,0.0
2020-02-27,120.46,120.46,120.46,120.46,0.0
2020-02-28,119.36,119.36,119.36,119.36,0.0
2020-03-02,119.82,119.82,119.82,119.82,0.0
2020-03-03,119.77,119.77,119.77,119.77,0.0
2020-03-04,119.58,119.58,119.58,119.58,0.0
2020-03-05,119.63,119.63,119.63,119.63,0.0
2020-03-06,119.08,119.08,119.08,119.08,0.0
2020-03-09,117.12,117.12,117.12,117.12,0.0
2020-03-10,118.65,118.65,118.65,118.65,0.0
2020-03-11,118.55,118.55,118.55,118.55,0.0
2020-03-12,116.84,116.84,116.84,116.84,0.0
2020-03-13,119.11,119.11,119.11,119.11,0.0
2020-03-16,117.76,117.76,117.76,117.76,0.0
2020-03-17,117.5,117.5,117.5,117.5,0.0
2020-03-18,117.78,117.78,117.78,117.78,0.0
2020-03-19,118.63,118.63,118.63,118.63,0.0
2020-03-20,118.37,118.37,118.37,118.37,0.0
2020-03-23,119.11,119.11,119.11,119.11,0.0
2020-03-24,119.99,119.99,119.99,119.99,0.0
2020-03-25,120.67,120.67,120.67,120.67,0.0
2020-03-26,120.18,120.18,120.18,120.18,0.0
2020-03-27,119.36,119.36,119.36,119.36,0.0
2020-03-30,119.34,119.34,119.34,119.34,0.0
2020-03-31,118.9,118.9,118.9,118.9,0.0
2020-04-01,117.55,117.55,117.55,117.55,0.0
2020-04-02,117.06,117.06,117.06,117.06,0.0
2020-04-03,117.1,117.1,117.1,117.1,0.0
2020-04-06,117.54,117.54,117.54,117.54,0.0
2020-04-07,118.55,118.55,118.55,118.55,0.0
2020-04-08,118.36,118.36,118.36,118.36,0.0
2020-04-09,118.33,118.33,118.33,118.33,0.0
2020-04-14,117.66,117.66,117.66,117.66,0.0
2020-04-15,117.12,117.12,117.12,117.12,0.0
2020-04-16,117.12,117.12,117.12,117.12,0.0
2020-04-17,116.86,116.86,116.86,116.86,0.0
2020-04-20,117.11,117.11,117.11,117.11,0.0
2020-04-21,116.39,116.39,116.39,116.39,0.0
2020-04-22,117.01,117.01,117.01,117.01,0.0
2020-04-23,115.75,115.75,115.75,115.75,0.0
2020-04-24,116.22,116.22,116.22,116.22,0.0
2020-04-27,116.22,116.22,116.22,116.22,0.0
2020-04-28,116.06,116.06,116.06,116.06,0.0
2020-04-29,115.52,115.52,115.52,115.52,0.0
2020-04-30,115.87,115.87,115.87,115.87,0.0
2020-05-04,116.84,116.84,116.84,116.84,0.0
2020-05-05,115.71,115.71,115.71,115.71,0.0
2020-05-06,114.65,114.65,114.65,114.65,0.0
2020-05-07,114.91,114.91,114.91,114.91,0.0
2020-05-08,115.34,115.34,115.34,115.34,0.0
2020-05-11,116.16,116.16,116.16,116.16,0.0
2020-05-12,116.56,116.56,116.56,116.56,0.0
2020-05-13,116.28,116.28,116.28,116.28,0.0
2020-05-14,115.48,115.48,115.48,115.48,0.0
2020-05-15,115.53,115.53,115.53,115.53,0.0
2020-05-18,116.31,116.31,116.31,116.31,0.0
2020-05-19,118.0,118.0,118.0,118.0,0.0
2020-05-20,117.95,117.95,117.95,117.95,0.0
2020-05-21,118.42,118.42,118.42,118.42,0.0
2020-05-22,117.26,117.26,117.26,117.26,0.0
2020-05-25,117.47,117.47,117.47,117.47,0.0
2020-05-26,117.92,117.92,117.92,117.92,0.0
2020-05-27,118.58,118.58,118.58,118.58,0.0
2020-05-28,118.68,118.68,118.68,118.68,0.0
2020-05-29,119.29,119.29,119.29,119.29,0.0
2020-06-01,119.75,119.75,119.75,119.75,0.0
2020-06-02,120.83,120.83,120.83,120.83,0.0
2020-06-03,121.54,121.54,121.54,121.54,0.0
2020-06-04,122.48,122.48,122.48,122.48,0.0
2020-06-05,123.77,123.77,123.77,123.77,0.0
2020-06-08,123.41,123.41,123.41,123.41,0.0
2020-06-09,122.14,122.14,122.14,122.14,0.0
2020-06-10,122.16,122.16,122.16,122.16,0.0
2020-06-11,121.52,121.52,121.52,121.52,0.0
2020-06-12,121.26,121.26,121.26,121.26,0.0
2020-06-15,120.83,120.83,120.83,120.83,0.0
2020-06-16,121.39,121.39,121.39,121.39,0.0
2020-06-17,120.65,120.65,120.65,120.65,0.0
2020-06-18,120.0,120.0,120.0,120.0,0.0
2020-06-19,119.77,119.77,119.77,119.77,0.0
2020-06-22,119.89,119.89,119.89,119.89,0.0
2020-06-23,121.05,121.05,121.05,121.05,0.0
2020-06-24,120.3,120.3,120.3,120.3,0.0
2020-06-25,120.25,120.25,120.25,120.25,0.0
2020-06-26,119.93,119.93,119.93,119.93,0.0
2020-06-29,121.07,121.07,121.07,121.07,0.0
2020-06-30,120.66,120.66,120.66,120.66,0.0
2020-07-01,120.31,120.31,120.31,120.31,0.0
2020-07-02,121.24,121.24,121.24,121.24,0.0
2020-07-03,120.68,120.68,120.68,120.68,0.0
2020-07-06,121.78,121.78,121.78,121.78,0.0
2020-07-07,121.61,121.61,121.61,121.61,0.0
2020-07-08,121.39,121.39,121.39,121.39,0.0
2020-07-09,121.67,121.67,121.67,121.67,0.0
2020-07-10,120.48,120.48,120.48,120.48,0.0
2020-07-13,121.4,121.4,121.4,121.4,0.0
2020-07-14,122.17,122.17,122.17,122.17,0.0
2020-07-15,122.25,122.25,122.25,122.25,0.0
2020-07-16,122.24,122.24,122.24,122.24,0.0
2020-07-17,122.53,122.53,122.53,122.53,0.0
2020-07-20,122.63,122.63,122.63,122.63,0.0
2020-07-21,122.7,122.7,122.7,122.7,0.0
2020-07-22,123.94,123.94,123.94,123.94,0.0
2020-07-23,123.98,123.98,123.98,123.98,0.0
2020-07-24,123.36,123.36,123.36,123.36,0.0
2020-07-27,123.88,123.88,123.88,123.88,0.0
2020-07-28,123.34,123.34,123.34,123.34,0.0
2020-07-29,123.28,123.28,123.28,123.28,0.0
2020-07-30,123.58,123.58,123.58,123.58,0.0
2020-07-31,124.31,124.31,124.31,124.31,0.0
2020-08-03,124.51,124.51,124.51,124.51,0.0
2020-08-04,124.78,124.78,124.78,124.78,0.0
2020-08-05,125.37,125.37,125.37,125.37,0.0
2020-08-06,124.96,124.96,124.96,124.96,0.0
2020-08-07,124.91,124.91,124.91,124.91,0.0
2020-08-10,124.74,124.74,124.74,124.74,0.0
2020-08-11,124.97,124.97,124.97,124.97,0.0
2020-08-12,125.92,125.92,125.92,125.92,0.0
2020-08-13,126.58,126.58,126.58,126.58,0.0
2020-08-14,126.01,126.01,126.01,126.01,0.0
2020-08-17,125.99,125.99,125.99,125.99,0.0
2020-08-18,125.54,125.54,125.54,125.54,0.0
2020-08-19,125.74,125.74,125.74,125.74,0.0
2020-08-20,125.46,125.46,125.46,125.46,0.0
2020-08-21,124.53,124.53,124.53,124.53,0.0
2020-08-24,125.26,125.26,125.26,125.26,0.0
2020-08-25,125.67,125.67,125.67,125.67,0.0
2020-08-26,125.34,125.34,125.34,125.34,0.0
2020-08-27,125.34,125.34,125.34,125.34,0.0
2020-08-28,125.39,125.39,125.39,125.39,0.0
2020-08-31,126.47,126.47,126.47,126.47,0.0
2020-09-01,126.92,126.92,126.92,126.92,0.0
2020-09-02,126.0,126.0,126.0,126.0,0.0
2020-09-03,125.85,125.85,125.85,125.85,0.0
2020-09-04,125.79,125.79,125.79,125.79,0.0
2020-09-07,125.59,125.59,125.59,125.59,0.0
2020-09-08,125.2,125.2,125.2,125.2,0.0
2020-09-09,125.05,125.05,125.05,125.05,0.0
2020-09-10,125.76,125.76,125.76,125.76,0.0
2020-09-11,125.82,125.82,125.82,125.82,0.0
2020-09-14,125.82,125.82,125.82,125.82,0.0
2020-09-15,125.39,125.39,125.39,125.39,0.0
2020-09-16,124.72,124.72,124.72,124.72,0.0
2020-09-17,123.38,123.38,123.38,123.38,0.0
2020-09-18,123.49,123.49,123.49,123.49,0.0
2020-09-21,122.7,122.7,122.7,122.7,0.0
2020-09-22,122.78,122.78,122.78,122.78,0.0
2020-09-23,122.91,122.91,122.91,122.91,0.0
2020-09-24,122.73,122.73,122.73,122.73,0.0
2020-09-25,122.74,122.74,122.74,122.74,0.0
2020-09-28,123.02,123.02,123.02,123.02,0.0
2020-09-29,123.61,123.61,123.61,123.61,0.0
2020-09-30,123.76,123.76,123.76,123.76,0.0
2020-10-01,123.98,123.98,123.98,123.98,0.0
2020-10-02,123.4,123.4,123.4,123.4,0.0
2020-10-05,124.25,124.25,124.25,124.25,0.0
2020-10-06,124.58,124.58,124.58,124.58,0.0
2020-10-07,124.73,124.73,124.73,124.73,0.0
2020-10-08,124.69,124.69,124.69,124.69,0.0
2020-10-09,124.95,124.95,124.95,124.95,0.0
2020-10-12,124.41,124.41,124.41,124.41,0.0
2020-10-13,124.38,124.38,124.38,124.38,0.0
2020-10-14,123.7,123.7,123.7,123.7,0.0
2020-10-15,123.15,123.15,123.15,123.15,0.0
2020-10-16,123.59,123.59,123.59,123.59,0.0
2020-10-19,124.11,124.11,124.11,124.11,0.0
2020-10-20,124.79,124.79,124.79,124.79,0.0
2020-10-21,124.27,124.27,124.27,124.27,0.0
2020-10-22,123.72,123.72,123.72,123.72,0.0
2020-10-23,124.17,124.17,124.17,124.17,0.0
2020-10-26,124.14,124.14,124.14,124.14,0.0
2020-10-27,123.74,123.74,123.74,123.74,0.0
2020-10-28,122.36,122.36,122.36,122.36,0.0
2020-10-29,122.09,122.09,122.09,122.09,0.0
2020-10-30,122.36,122.36,122.36,122.36,0.0
2020-11-02,121.93,121.93,121.93,121.93,0.0
2020-11-03,122.56,122.56,122.56,122.56,0.0
2020-11-04,122.31,122.31,122.31,122.31,0.0
2020-11-05,122.86,122.86,122.86,122.86,0.0
2020-11-06,122.66,122.66,122.66,122.66,0.0
2020-11-09,124.67,124.67,124.67,124.67,0.0
2020-11-10,124.36,124.36,124.36,124.36,0.0
2020-11-11,124.07,124.07,124.07,124.07,0.0
2020-11-12,124.25,124.25,124.25,124.25,0.0
2020-11-13,123.88,123.88,123.88,123.88,0.0
2020-11-16,124.15,124.15,124.15,124.15,0.0
2020-11-17,123.78,123.78,123.78,123.78,0.0
2020-11-18,123.28,123.28,123.28,123.28,0.0
2020-11-19,123.08,123.08,123.08,123.08,0.0
2020-11-20,123.18,123.18,123.18,123.18,0.0
2020-11-23,123.47,123.47,123.47,123.47,0.0
2020-11-24,124.06,124.06,124.06,124.06,0.0
2020-11-25,124.19,124.19,124.19,124.19,0.0
2020-11-26,124.04,124.04,124.04,124.04,0.0
2020-11-27,124.23,124.23,124.23,124.23,0.0
2020-11-30,124.79,124.79,124.79,124.79,0.0
2020-12-01,124.92,124.92,124.92,124.92,0.0
2020-12-02,126.13,126.13,126.13,126.13,0.0
2020-12-03,126.49,126.49,126.49,126.49,0.0
2020-12-04,126.44,126.44,126.44,126.44,0.0
2020-12-07,126.3,126.3,126.3,126.3,0.0
2020-12-08,126.18,126.18,126.18,126.18,0.0
2020-12-09,126.05,126.05,126.05,126.05,0.0
2020-12-10,126.53,126.53,126.53,126.53,0.0
2020-12-11,126.28,126.28,126.28,126.28,0.0
2020-12-14,126.11,126.11,126.11,126.11,0.0
2020-12-15,126.08,126.08,126.08,126.08,0.0
2020-12-16,125.97,125.97,125.97,125.97,0.0
2020-12-17,126.19,126.19,126.19,126.19,0.0
2020-12-18,126.69,126.69,126.69,126.69,0.0
2020-12-21,126.04,126.04,126.04,126.04,0.0
2020-12-22,126.52,126.52,126.52,126.52,0.0
2020-12-23,125.99,125.99,125.99,125.99,0.0
2020-12-24,126.38,126.38,126.38,126.38,0.0
2020-12-28,126.54,126.54,126.54,126.54,0.0
2020-12-29,127.23,127.23,127.23,127.23,0.0
2020-12-30,126.57,126.57,126.57,126.57,0.0
2020-12-31,126.49,126.49,126.49,126.49,0.0
2021-01-04,126.62,126.62,126.62,126.62,0.0
2021-01-05,126.25,126.25,126.25,126.25,0.0
2021-01-06,127.03,127.03,127.03,127.03,0.0
2021-01-07,127.13,127.13,127.13,127.13,0.0
2021-01-08,127.26,127.26,127.26,127.26,0.0
2021-01-11,126.76,126.76,126.76,126.76,0.0
2021-01-12,126.74,126.74,126.74,126.74,0.0
2021-01-13,126.44,126.44,126.44,126.44,0.0
2021-01-14,126.21,126.21,126.21,126.21,0.0
2021-01-15,125.74,125.74,125.74,125.74,0.0
2021-01-18,125.18,125.18,125.18,125.18,0.0
2021-01-19,126.16,126.16,126.16,126.16,0.0
2021-01-20,125.62,125.62,125.62,125.62,0.0
2021-01-21,125.72,125.72,125.72,125.72,0.0
2021-01-22,126.19,126.19,126.19,126.19,0.0
2021-01-25,126.06,126.06,126.06,126.06,0.0
2021-01-26,125.93,125.93,125.93,125.93,0.0
2021-01-27,125.87,125.87,125.87,125.87,0.0
2021-01-28,126.2,126.2,126.2,126.2,0.0
2021-01-29,127.05,127.05,127.05,127.05,0.0
2021-02-01,126.77,126.77,126.77,126.77,0.0
2021-02-02,126.46,126.46,126.46,126.46,0.0
2021-02-03,126.25,126.25,126.25,126.25,0.0
2021-02-04,126.24,126.24,126.24,126.24,0.0
2021-02-05,126.72,126.72,126.72,126.72,0.0
2021-02-08,126.97,126.97,126.97,126.97,0.0
2021-02-09,126.58,126.58,126.58,126.58,0.0
2021-02-10,127.04,127.04,127.04,127.04,0.0
2021-02-11,127.12,127.12,127.12,127.12,0.0
2021-02-12,127.15,127.15,127.15,127.15,0.0
2021-02-15,127.72,127.72,127.72,127.72,0.0
2021-02-16,128.16,128.16,128.16,128.16,0.0
2021-02-17,127.94,127.94,127.94,127.94,0.0
2021-02-18,127.69,127.69,127.69,127.69,0.0
2021-02-19,127.81,127.81,127.81,127.81,0.0
2021-02-22,128.0,128.0,128.0,128.0,0.0
2021-02-23,127.98,127.98,127.98,127.98,0.0
2021-02-24,128.69,128.69,128.69,128.69,0.0
2021-02-25,129.73,129.73,129.73,129.73,0.0
2021-02-26,128.83,128.83,128.83,128.83,0.0
2021-03-01,128.63,128.63,128.63,128.63,0.0
2021-03-02,128.58,128.58,128.58,128.58,0.0
2021-03-03,128.81,128.81,128.81,128.81,0.0
2021-03-04,129.23,129.23,129.23,129.23,0.0
2021-03-05,129.3,129.3,129.3,129.3,0.0
2021-03-08,128.9,128.9,128.9,128.9,0.0
2021-03-09,129.5,129.5,129.5,129.5,0.0
2021-03-10,129.12,129.12,129.12,129.12,0.0
2021-03-11,129.82,129.82,129.82,129.82,0.0
2021-03-12,130.14,130.14,130.14,130.14,0.0
2021-03-15,130.17,130.17,130.17,130.17,0.0
2021-03-16,129.88,129.88,129.88,129.88,0.0
2021-03-17,130.02,130.02,130.02,130.02,0.0
2021-03-18,130.08,130.08,130.08,130.08,0.0
2021-03-19,129.54,129.54,129.54,129.54,0.0
2021-03-22,129.77,129.77,129.77,129.77,0.0
2021-03-23,128.99,128.99,128.99,128.99,0.0
2021-03-24,128.6,128.6,128.6,128.6,0.0
2021-03-25,128.75,128.75,128.75,128.75,0.0
2021-03-26,129.34,129.34,129.34,129.34,0.0
2021-03-29,129.19,129.19,129.19,129.19,0.0
2021-03-30,129.48,129.48,129.48,129.48,0.0
2021-03-31,129.91,129.91,129.91,129.91,0.0
2021-04-01,130.03,130.03,130.03,130.03,0.0
2021-04-06,130.27,130.27,130.27,130.27,0.0
2021-04-07,130.56,130.56,130.56,130.56,0.0
2021-04-08,129.71,129.71,129.71,129.71,0.0
2021-04-09,130.42,130.42,130.42,130.42,0.0
2021-04-12,130.2,130.2,130.2,130.2,0.0
2021-04-13,130.23,130.23,130.23,130.23,0.0
2021-04-14,130.33,130.33,130.33,130.33,0.0
2021-04-15,130.14,130.14,130.14,130.14,0.0
2021-04-16,130.37,130.37,130.37,130.37,0.0
2021-04-19,130.09,130.09,130.09,130.09,0.0
2021-04-20,130.64,130.64,130.64,130.64,0.0
2021-04-21,129.8,129.8,129.8,129.8,0.0
2021-04-22,130.3,130.3,130.3,130.3,0.0
2021-04-23,129.98,129.98,129.98,129.98,0.0
2021-04-26,130.54,130.54,130.54,130.54,0.0
2021-04-27,130.88,130.88,130.88,130.88,0.0
2021-04-28,131.47,131.47,131.47,131.47,0.0
2021-04-29,132.2,132.2,132.2,132.2,0.0
2021-04-30,131.62,131.62,131.62,131.62,0.0
2021-05-03,131.9,131.9,131.9,131.9,0.0
2021-05-04,131.26,131.26,131.26,131.26,0.0
2021-05-05,131.2,131.2,131.2,131.2,0.0
2021-05-06,131.69,131.69,131.69,131.69,0.0
2021-05-07,131.76,131.76,131.76,131.76,0.0
2021-05-10,132.31,132.31,132.31,132.31,0.0
2021-05-11,132.12,132.12,132.12,132.12,0.0
2021-05-12,131.82,131.82,131.82,131.82,0.0
2021-05-13,132.37,132.37,132.37,132.37,0.0
2021-05-14,132.49,132.49,132.49,132.49,0.0
2021-05-17,132.6,132.6,132.6,132.6,0.0
2021-05-18,133.09,133.09,133.09,133.09,0.0
2021-05-19,133.3,133.3,133.3,133.3,0.0
2021-05-20,132.95,132.95,132.95,132.95,0.0
2021-05-21,132.61,132.61,132.61,132.61,0.0
2021-05-24,132.97,132.97,132.97,132.97,0.0
2021-05-25,133.49,133.49,133.49,133.49,0.0
2021-05-26,133.16,133.16,133.16,133.16,0.0
2021-05-27,133.42,133.42,133.42,133.42,0.0
2021-05-28,133.65,133.65,133.65,133.65,0.0
2021-05-31,133.79,133.79,133.79,133.79,0.0
2021-06-01,134.05,134.05,134.05,134.05,0.0
2021-06-02,133.72,133.72,133.72,133.72,0.0
2021-06-03,133.81,133.81,133.81,133.81,0.0
2021-06-04,133.39,133.39,133.39,133.39,0.0
2021-06-07,132.98,132.98,132.98,132.98,0.0
2021-06-08,133.28,133.28,133.28,133.28,0.0
2021-06-09,133.38,133.38,133.38,133.38,0.0
2021-06-10,133.35,133.35,133.35,133.35,0.0
2021-06-11,132.88,132.88,132.88,132.88,0.0
2021-06-14,132.95,132.95,132.95,132.95,0.0
2021-06-15,133.28,133.28,133.28,133.28,0.0
2021-06-16,133.19,133.19,133.19,133.19,0.0
2021-06-17,132.09,132.09,132.09,132.09,0.0
2021-06-18,131.12,131.12,131.12,131.12,0.0
2021-06-21,130.91,130.91,130.91,130.91,0.0
2021-06-22,131.5,131.5,131.5,131.5,0.0
2021-06-23,132.44,132.44,132.44,132.44,0.0
2021-06-24,132.2,132.2,132.2,132.2,0.0
2021-06-25,132.27,132.27,132.27,132.27,0.0
2021-06-28,132.13,132.13,132.13,132.13,0.0
2021-06-29,131.54,131.54,131.54,131.54,0.0
2021-06-30,131.43,131.43,131.43,131.43,0.0
2021-07-01,132.42,132.42,132.42,132.42,0.0
2021-07-02,131.74,131.74,131.74,131.74,0.0
2021-07-05,131.58,131.58,131.58,131.58,0.0
2021-07-06,130.99,130.99,130.99,130.99,0.0
2021-07-07,130.86,130.86,130.86,130.86,0.0
2021-07-08,129.91,129.91,129.91,129.91,0.0
2021-07-09,130.46,130.46,130.46,130.46,0.0
2021-07-12,130.55,130.55,130.55,130.55,0.0
2021-07-13,130.55,130.55,130.55,130.55,0.0
2021-07-14,130.3,130.3,130.3,130.3,0.0
2021-07-15,129.93,129.93,129.93,129.93,0.0
2021-07-16,130.03,130.03,130.03,130.03,0.0
2021-07-19,128.96,128.96,128.96,128.96,0.0
2021-07-20,129.03,129.03,129.03,129.03,0.0
2021-07-21,129.63,129.63,129.63,129.63,0.0
2021-07-22,129.83,129.83,129.83,129.83,0.0
2021-07-23,130.11,130.11,130.11,130.11,0.0
2021-07-26,130.05,130.05,130.05,130.05,0.0
2021-07-27,129.98,129.98,129.98,129.98,0.0
2021-07-28,129.97,129.97,129.97,129.97,0.0
2021-07-29,130.41,130.41,130.41,130.41,0.0
2021-07-30,130.39,130.39,130.39,130.39,0.0
2021-08-02,130.17,130.17,130.17,130.17,0.0
2021-08-03,129.7,129.7,129.7,129.7,0.0
2021-08-04,129.31,129.31,129.31,129.31,0.0
2021-08-05,129.79,129.79,129.79,129.79,0.0
2021-08-06,129.64,129.64,129.64,129.64,0.0
2021-08-09,129.5,129.5,129.5,129.5,0.0
2021-08-10,129.48,129.48,129.48,129.48,0.0
2021-08-11,129.68,129.68,129.68,129.68,0.0
2021-08-12,129.61,129.61,129.61,129.61,0.0
2021-08-13,129.64,129.64,129.64,129.64,0.0
2021-08-16,128.75,128.75,128.75,128.75,0.0
2021-08-17,128.57,128.57,128.57,128.57,0.0
2021-08-18,128.67,128.67,128.67,128.67,0.0
2021-08-19,128.21,128.21,128.21,128.21,0.0
2021-08-20,127.97,127.97,127.97,127.97,0.0
2021-08-23,129.02,129.02,129.02,129.02,0.0
2021-08-24,128.74,128.74,128.74,128.74,0.0
2021-08-25,129.0,129.0,129.0,129.0,0.0
2021-08-26,129.6,129.6,129.6,129.6,0.0
2021-08-27,129.59,129.59,129.59,129.59,0.0
2021-08-30,129.66,129.66,129.66,129.66,0.0
2021-08-31,129.95,129.95,129.95,129.95,0.0
2021-09-01,130.35,130.35,130.35,130.35,0.0
2021-09-02,130.31,130.31,130.31,130.31,0.0
2021-09-03,130.54,130.54,130.54,130.54,0.0
2021-09-06,130.34,130.34,130.34,130.34,0.0
2021-09-07,130.51,130.51,130.51,130.51,0.0
2021-09-08,130.31,130.31,130.31,130.31,0.0
2021-09-09,130.1,130.1,130.1,130.1,0.0
2021-09-10,130.03,130.03,130.03,130.03,0.0
2021-09-13,129.62,129.62,129.62,129.62,0.0
2021-09-14,130.08,130.08,130.08,130.08,0.0
2021-09-15,129.11,129.11,129.11,129.11,0.0
2021-09-16,128.67,128.67,128.67,128.67,0.0
2021-09-17,129.61,129.61,129.61,129.61,0.0
2021-09-20,128.18,128.18,128.18,128.18,0.0
2021-09-21,128.34,128.34,128.34,128.34,0.0
2021-09-22,128.5,128.5,128.5,128.5,0.0
2021-09-23,128.88,128.88,128.88,128.88,0.0
2021-09-24,129.49,129.49,129.49,129.49,0.0
2021-09-27,129.74,129.74,129.74,129.74,0.0
2021-09-28,130.17,130.17,130.17,130.17,0.0
2021-09-29,129.89,129.89,129.89,129.89,0.0
2021-09-30,129.67,129.67,129.67,129.67,0.0
2021-10-01,128.97,128.97,128.97,128.97,0.0
2021-10-04,129.21,129.21,129.21,129.21,0.0
2021-10-05,128.99,128.99,128.99,128.99,0.0
2021-10-06,128.52,128.52,128.52,128.52,0.0
2021-10-07,128.78,128.78,128.78,128.78,0.0
2021-10-08,129.32,129.32,129.32,129.32,0.0
2021-10-11,130.7,130.7,130.7,130.7,0.0
2021-10-12,131.06,131.06,131.06,131.06,0.0
2021-10-13,131.3,131.3,131.3,131.3,0.0
2021-10-14,131.65,131.65,131.65,131.65,0.0
2021-10-15,132.65,132.65,132.65,132.65,0.0
2021-10-18,132.46,132.46,132.46,132.46,0.0
2021-10-19,133.12,133.12,133.12,133.12,0.0
2021-10-20,132.78,132.78,132.78,132.78,0.0
2021-10-21,132.85,132.85,132.85,132.85,0.0
2021-10-22,132.43,132.43,132.43,132.43,0.0
2021-10-25,131.88,131.88,131.88,131.88,0.0
2021-10-26,132.47,132.47,132.47,132.47,0.0
2021-10-27,132.0,132.0,132.0,132.0,0.0
2021-10-28,131.7,131.7,131.7,131.7,0.0
2021-10-29,132.62,132.62,132.62,132.62,0.0
2021-11-01,132.19,132.19,132.19,132.19,0.0
2021-11-02,132.03,132.03,132.03,132.03,0.0
2021-11-03,131.9,131.9,131.9,131.9,0.0
2021-11-04,131.77,131.77,131.77,131.77,0.0
2021-11-05,130.98,130.98,130.98,130.98,0.0
2021-11-08,131.29,131.29,131.29,131.29,0.0
2021-11-09,130.9,130.9,130.9,130.9,0.0
2021-11-10,130.9,130.9,130.9,130.9,0.0
2021-11-11,130.59,130.59,130.59,130.59,0.0
2021-11-12,130.5,130.5,130.5,130.5,0.0
2021-11-15,130.32,130.32,130.32,130.32,0.0
2021-11-16,129.89,129.89,129.89,129.89,0.0
2021-11-17,129.78,129.78,129.78,129.78,0.0
2021-11-18,129.58,129.58,129.58,129.58,0.0
2021-11-19,128.22,128.22,128.22,128.22,0.0
2021-11-22,128.69,128.69,128.69,128.69,0.0
2021-11-23,129.36,129.36,129.36,129.36,0.0
2021-11-24,129.06,129.06,129.06,129.06,0.0
2021-11-25,129.41,129.41,129.41,129.41,0.0
2021-11-26,128.82,128.82,128.82,128.82,0.0
2021-11-29,128.21,128.21,128.21,128.21,0.0
2021-11-30,128.2,128.2,128.2,128.2,0.0
2021-12-01,128.27,128.27,128.27,128.27,0.0
2021-12-02,127.94,127.94,127.94,127.94,0.0
2021-12-03,127.97,127.97,127.97,127.97,0.0
2021-12-06,127.78,127.78,127.78,127.78,0.0
2021-12-07,127.83,127.83,127.83,127.83,0.0
2021-12-08,128.57,128.57,128.57,128.57,0.0
2021-12-09,128.21,128.21,128.21,128.21,0.0
2021-12-10,128.2,128.2,128.2,128.2,0.0
2021-12-13,128.19,128.19,128.19,128.19,0.0
2021-12-14,128.45,128.45,128.45,128.45,0.0
2021-12-15,128.25,128.25,128.25,128.25,0.0
2021-12-16,129.37,129.37,129.37,129.37,0.0
2021-12-17,128.28,128.28,128.28,128.28,0.0
2021-12-20,127.98,127.98,127.98,127.98,0.0
2021-12-21,128.44,128.44,128.44,128.44,0.0
2021-12-22,129.08,129.08,129.08,129.08,0.0
2021-12-23,129.39,129.39,129.39,129.39,0.0
2021-12-24,129.45,129.45,129.45,129.45,0.0
2021-12-27,129.79,129.79,129.79,129.79,0.0
2021-12-28,130.16,130.16,130.16,130.16,0.0
2021-12-29,129.97,129.97,129.97,129.97,0.0
2021-12-30,130.44,130.44,130.44,130.44,0.0
2021-12-31,130.38,130.38,130.38,130.38,0.0
2022-01-03,130.56,130.56,130.56,130.56,0.0
2022-01-04,131.17,131.17,131.17,131.17,0.0
2022-01-05,131.03,131.03,131.03,131.03,0.0
2022-01-06,131.05,131.05,131.05,131.05,0.0
2022-01-07,130.9,130.9,130.9,130.9,0.0
2022-01-10,130.45,130.45,130.45,130.45,0.0
2022-01-11,130.95,130.95,130.95,130.95,0.0
2022-01-12,131.19,131.19,131.19,131.19,0.0
2022-01-13,130.98,130.98,130.98,130.98,0.0
2022-01-14,130.17,130.17,130.17,130.17,0.0
2022-01-17,130.64,130.64,130.64,130.64,0.0
2022-01-18,130.39,130.39,130.39,130.39,0.0
2022-01-19,129.86,129.86,129.86,129.86,0.0
2022-01-20,129.53,129.53,129.53,129.53,0.0
2022-01-21,129.14,129.14,129.14,129.14,0.0
2022-01-24,128.62,128.62,128.62,128.62,0.0
2022-01-25,128.49,128.49,128.49,128.49,0.0
2022-01-26,128.86,128.86,128.86,128.86,0.0
2022-01-27,128.74,128.74,128.74,128.74,0.0
2022-01-28,128.68,128.68,128.68,128.68,0.0
2022-01-31,128.79,128.79,128.79,128.79,0.0
2022-02-01,129.12,129.12,129.12,129.12,0.0
2022-02-02,129.37,129.37,129.37,129.37,0.0
2022-02-03,129.63,129.63,129.63,129.63,0.0
2022-02-04,131.72,131.72,131.72,131.72,0.0
2022-02-07,131.59,131.59,131.59,131.59,0.0
2022-02-08,131.68,131.68,131.68,131.68,0.0
2022-02-09,132.04,132.04,132.04,132.04,0.0
2022-02-10,132.42,132.42,132.42,132.42,0.0
2022-02-11,132.24,132.24,132.24,132.24,0.0
2022-02-14,130.6,130.6,130.6,130.6,0.0
2022-02-15,131.18,131.18,131.18,131.18,0.0
2022-02-16,131.56,131.56,131.56,131.56,0.0
2022-02-17,130.84,130.84,130.84,130.84,0.0
2022-02-18,130.59,130.59,130.59,130.59,0.0
2022-02-21,130.2,130.2,130.2,130.2,0.0
2022-02-22,130.54,130.54,130.54,130.54,0.0
2022-02-23,130.58,130.58,130.58,130.58,0.0
2022-02-24,128.28,128.28,128.28,128.28,0.0
2022-02-25,129.64,129.64,129.64,129.64,0.0
2022-02-28,129.31,129.31,129.31,129.31,0.0
2022-03-01,128.15,128.15,128.15,128.15,0.0
2022-03-02,128.08,128.08,128.08,128.08,0.0
2022-03-03,128.18,128.18,128.18,128.18,0.0
2022-03-04,126.17,126.17,126.17,126.17,0.0
2022-03-07,125.55,125.55,125.55,125.55,0.0
2022-03-08,126.03,126.03,126.03,126.03,0.0
2022-03-09,127.31,127.31,127.31,127.31,0.0
2022-03-10,128.54,128.54,128.54,128.54,0.0
2022-03-11,128.46,128.46,128.46,128.46,0.0
2022-03-14,129.3,129.3,129.3,129.3,0.0
2022-03-15,129.67,129.67,129.67,129.67,0.0
2022-03-16,130.05,130.05,130.05,130.05,0.0
2022-03-17,131.27,131.27,131.27,131.27,0.0
2022-03-18,131.4,131.4,131.4,131.4,0.0
2022-03-21,131.57,131.57,131.57,131.57,0.0
2022-03-22,132.96,132.96,132.96,132.96,0.0
2022-03-23,132.65,132.65,132.65,132.65,0.0
2022-03-24,133.71,133.71,133.71,133.71,0.0
2022-03-25,134.07,134.07,134.07,134.07,0.0
2022-03-28,135.93,135.93,135.93,135.93,0.0
2022-03-29,136.66,136.66,136.66,136.66,0.0
2022-03-30,135.47,135.47,135.47,135.47,0.0
2022-03-31,135.17,135.17,135.17,135.17,0.0
2022-04-01,135.35,135.35,135.35,135.35,0.0
2022-04-04,135.08,135.08,135.08,135.08,0.0
2022-04-05,134.76,134.76,134.76,134.76,0.0
2022-04-06,135.3,135.3,135.3,135.3,0.0
2022-04-07,135.32,135.32,135.32,135.32,0.0
2022-04-08,134.87,134.87,134.87,134.87,0.0
2022-04-11,137.01,137.01,137.01,137.01,0.0
2022-04-12,136.29,136.29,136.29,136.29,0.0
2022-04-13,136.26,136.26,136.26,136.26,0.0
2022-04-14,136.32,136.32,136.32,136.32,0.0
2022-04-19,138.4,138.4,138.4,138.4,0.0
2022-04-20,138.53,138.53,138.53,138.53,0.0
2022-04-21,139.61,139.61,139.61,139.61,0.0
2022-04-22,138.83,138.83,138.83,138.83,0.0
2022-04-25,137.73,137.73,137.73,137.73,0.0
2022-04-26,136.15,136.15,136.15,136.15,0.0
2022-04-27,135.57,135.57,135.57,135.57,0.0
2022-04-28,137.13,137.13,137.13,137.13,0.0
2022-04-29,137.01,137.01,137.01,137.01,0.0
2022-05-02,136.63,136.63,136.63,136.63,0.0
2022-05-03,137.06,137.06,137.06,137.06,0.0
2022-05-04,136.84,136.84,136.84,136.84,0.0
2022-05-05,137.18,137.18,137.18,137.18,0.0
2022-05-06,137.9,137.9,137.9,137.9,0.0
2022-05-09,138.1,138.1,138.1,138.1,0.0
2022-05-10,137.38,137.38,137.38,137.38,0.0
2022-05-11,137.07,137.07,137.07,137.07,0.0
2022-05-12,133.85,133.85,133.85,133.85,0.0
2022-05-13,133.91,133.91,133.91,133.91,0.0
2022-05-16,135.01,135.01,135.01,135.01,0.0
2022-05-17,136.32,136.32,136.32,136.32,0.0
2022-05-18,135.76,135.76,135.76,135.76,0.0
2022-05-19,134.46,134.46,134.46,134.46,0.0
2022-05-20,135.34,135.34,135.34,135.34,0.0
2022-05-23,136.05,136.05,136.05,136.05,0.0
2022-05-24,136.49,136.49,136.49,136.49,0.0
2022-05-25,135.34,135.34,135.34,135.34,0.0
2022-05-26,135.95,135.95,135.95,135.95,0.0
2022-05-27,136.05,136.05,136.05,136.05,0.0
2022-05-30,137.25,137.25,137.25,137.25,0.0
2022-05-31,137.36,137.36,137.36,137.36,0.0
2022-06-01,138.68,138.68,138.68,138.68,0.0
2022-06-02,138.72,138.72,138.72,138.72,0.0
2022-06-03,139.59,139.59,139.59,139.59,0.0
2022-06-06,140.16,140.16,140.16,140.16,0.0
2022-06-07,141.66,141.66,141.66,141.66,0.0
2022-06-08,143.92,143.92,143.92,143.92,0.0
2022-06-09,143.93,143.93,143.93,143.93,0.0
2022-06-10,141.69,141.69,141.69,141.69,0.0
2022-06-13,140.51,140.51,140.51,140.51,0.0
2022-06-14,140.62,140.62,140.62,140.62,0.0
2022-06-15,140.49,140.49,140.49,140.49,0.0
2022-06-16,138.24,138.24,138.24,138.24,0.0
2022-06-17,141.21,141.21,141.21,141.21,0.0
2022-06-20,141.94,141.94,141.94,141.94,0.0
2022-06-21,143.75,143.75,143.75,143.75,0.0
2022-06-22,143.11,143.11,143.11,143.11,0.0
2022-06-23,142.11,142.11,142.11,142.11,0.0
2022-06-24,142.19,142.19,142.19,142.19,0.0
2022-06-27,143.25,143.25,143.25,143.25,0.0
2022-06-28,143.67,143.67,143.67,143.67,0.0
2022-06-29,143.53,143.53,143.53,143.53,0.0
2022-06-30,141.54,141.54,141.54,141.54,0.0
2022-07-01,141.05,141.05,141.05,141.05,0.0
2022-07-04,141.51,141.51,141.51,141.51,0.0
2022-07-05,139.77,139.77,139.77,139.77,0.0
2022-07-06,137.71,137.71,137.71,137.71,0.0
2022-07-07,138.11,138.11,138.11,138.11,0.0
2022-07-08,138.05,138.05,138.05,138.05,0.0
2022-07-11,138.77,138.77,138.77,138.77,0.0
2022-07-12,137.31,137.31,137.31,137.31,0.0
2022-07-13,138.02,138.02,138.02,138.02,0.0
2022-07-14,139.04,139.04,139.04,139.04,0.0
2022-07-15,139.49,139.49,139.49,139.49,0.0
2022-07-18,140.16,140.16,140.16,140.16,0.0
2022-07-19,141.01,141.01,141.01,141.01,0.0
2022-07-20,140.92,140.92,140.92,140.92,0.0
2022-07-21,141.46,141.46,141.46,141.46,0.0
2022-07-22,139.51,139.51,139.51,139.51,0.0
2022-07-25,139.84,139.84,139.84,139.84,0.0
2022-07-26,138.35,138.35,138.35,138.35,0.0
2022-07-27,138.89,138.89,138.89,138.89,0.0
2022-07-28,137.26,137.26,137.26,137.26,0.0
2022-07-29,136.42,136.42,136.42,136.42,0.0
2022-08-01,135.38,135.38,135.38,135.38,0.0
2022-08-02,133.9,133.9,133.9,133.9,0.0
2022-08-03,136.18,136.18,136.18,136.18,0.0
2022-08-04,135.81,135.81,135.81,135.81,0.0
2022-08-05,136.22,136.22,136.22,136.22,0.0
2022-08-08,137.62,137.62,137.62,137.62,0.0
2022-08-09,138.26,138.26,138.26,138.26,0.0
2022-08-10,138.16,138.16,138.16,138.16,0.0
2022-08-11,136.57,136.57,136.57,136.57,0.0
2022-08-12,137.47,137.47,137.47,137.47,0.0
2022-08-15,135.61,135.61,135.61,135.61,0.0
2022-08-16,136.11,136.11,136.11,136.11,0.0
2022-08-17,137.36,137.36,137.36,137.36,0.0
2022-08-18,137.17,137.17,137.17,137.17,0.0
2022-08-19,137.67,137.67,137.67,137.67,0.0
2022-08-22,137.08,137.08,137.08,137.08,0.0
2022-08-23,136.34,136.34,136.34,136.34,0.0
2022-08-24,135.74,135.74,135.74,135.74,0.0
2022-08-25,136.07,136.07,136.07,136.07,0.0
2022-08-26,137.02,137.02,137.02,137.02,0.0
2022-08-29,138.49,138.49,138.49,138.49,0.0
2022-08-30,138.71,138.71,138.71,138.71,0.0
2022-08-31,138.72,138.72,138.72,138.72,0.0
2022-09-01,139.34,139.34,139.34,139.34,0.0
2022-09-02,140.36,140.36,140.36,140.36,0.0
2022-09-05,139.47,139.47,139.47,139.47,0.0
2022-09-06,140.91,140.91,140.91,140.91,0.0
2022-09-07,143.2,143.2,143.2,143.2,0.0
2022-09-08,143.65,143.65,143.65,143.65,0.0
2022-09-09,143.3,143.3,143.3,143.3,0.0
2022-09-12,144.49,144.49,144.49,144.49,0.0
2022-09-13,144.5,144.5,144.5,144.5,0.0
2022-09-14,143.08,143.08,143.08,143.08,0.0
2022-09-15,143.43,143.43,143.43,143.43,0.0
2022-09-16,142.53,142.53,142.53,142.53,0.0
2022-09-19,143.42,143.42,143.42,143.42,0.0
2022-09-20,143.34,143.34,143.34,143.34,0.0
2022-09-21,142.66,142.66,142.66,142.66,0.0
2022-09-22,139.18,139.18,139.18,139.18,0.0
2022-09-23,139.43,139.43,139.43,139.43,0.0
2022-09-26,139.07,139.07,139.07,139.07,0.0
2022-09-27,139.28,139.28,139.28,139.28,0.0
2022-09-28,138.39,138.39,138.39,138.39,0.0
2022-09-29,140.46,140.46,140.46,140.46,0.0
2022-09-30,141.01,141.01,141.01,141.01,0.0
2022-10-03,141.49,141.49,141.49,141.49,0.0
2022-10-04,143.3,143.3,143.3,143.3,0.0
2022-10-05,143.18,143.18,143.18,143.18,0.0
2022-10-06,142.68,142.68,142.68,142.68,0.0
2022-10-07,141.92,141.92,141.92,141.92,0.0
2022-10-10,141.16,141.16,141.16,141.16,0.0
2022-10-11,141.54,141.54,141.54,141.54,0.0
2022-10-12,142.34,142.34,142.34,142.34,0.0
2022-10-13,142.94,142.94,142.94,142.94,0.0
2022-10-14,143.63,143.63,143.63,143.63,0.0
2022-10-17,145.0,145.0,145.0,145.0,0.0
2022-10-18,146.65,146.65,146.65,146.65,0.0
2022-10-19,146.34,146.34,146.34,146.34,0.0
2022-10-20,146.99,146.99,146.99,146.99,0.0
2022-10-21,147.59,147.59,147.59,147.59,0.0
2022-10-24,146.76,146.76,146.76,146.76,0.0
2022-10-25,146.84,146.84,146.84,146.84,0.0
2022-10-26,147.32,147.32,147.32,147.32,0.0
2022-10-27,147.37,147.37,147.37,147.37,0.0
2022-10-28,146.79,146.79,146.79,146.79,0.0
2022-10-31,147.4,147.4,147.4,147.4,0.0
2022-11-01,146.35,146.35,146.35,146.35,0.0
2022-11-02,145.75,145.75,145.75,145.75,0.0
2022-11-03,144.58,144.58,144.58,144.58,0.0
2022-11-04,145.19,145.19,145.19,145.19,0.0
2022-11-07,146.18,146.18,146.18,146.18,0.0
2022-11-08,146.25,146.25,146.25,146.25,0.0
2022-11-09,146.82,146.82,146.82,146.82,0.0
2022-11-10,145.47,145.47,145.47,145.47,0.0
2022-11-11,143.89,143.89,143.89,143.89,0.0
2022-11-14,144.86,144.86,144.86,144.86,0.0
2022-11-15,144.84,144.84,144.84,144.84,0.0
2022-11-16,145.29,145.29,145.29,145.29,0.0
2022-11-17,144.8,144.8,144.8,144.8,0.0
2022-11-18,145.12,145.12,145.12,145.12,0.0
2022-11-21,145.33,145.33,145.33,145.33,0.0
2022-11-22,145.2,145.2,145.2,145.2,0.0
2022-11-23,145.75,145.75,145.75,145.75,0.0
2022-11-24,143.9,143.9,143.9,143.9,0.0
2022-11-25,144.62,144.62,144.62,144.62,0.0
2022-11-28,144.9,144.9,144.9,144.9,0.0
2022-11-29,143.36,143.36,143.36,143.36,0.0
2022-11-30,144.28,144.28,144.28,144.28,0.0
2022-12-01,142.48,142.48,142.48,142.48,0.0
2022-12-02,141.32,141.32,141.32,141.32,0.0
2022-12-05,143.07,143.07,143.07,143.07,0.0
2022-12-06,143.33,143.33,143.33,143.33,0.0
2022-12-07,144.44,144.44,144.44,144.44,0.0
2022-12-08,143.75,143.75,143.75,143.75,0.0
2022-12-09,143.3,143.3,143.3,143.3,0.0
2022-12-12,144.86,144.86,144.86,144.86,0.0
2022-12-13,144.85,144.85,144.85,144.85,0.0
2022-12-14,143.68,143.68,143.68,143.68,0.0
2022-12-15,145.07,145.07,145.07,145.07,0.0
2022-12-16,145.53,145.53,145.53,145.53,0.0
2022-12-19,144.65,144.65,144.65,144.65,0.0
2022-12-20,140.58,140.58,140.58,140.58,0.0
2022-12-21,140.29,140.29,140.29,140.29,0.0
2022-12-22,140.42,140.42,140.42,140.42,0.0
2022-12-23,140.86,140.86,140.86,140.86,0.0
2022-12-27,141.68,141.68,141.68,141.68,0.0
2022-12-28,142.21,142.21,142.21,142.21,0.0
2022-12-29,142.24,142.24,142.24,142.24,0.0
2022-12-30,140.66,140.66,140.66,140.66,0.0
2023-01-02,139.62,139.62,139.62,139.62,0.0
2023-01-03,137.93,137.93,137.93,137.93,0.0
2023-01-04,138.74,138.74,138.74,138.74,0.0
2023-01-05,140.95,140.95,140.95,140.95,0.0
2023-01-06,141.3,141.3,141.3,141.3,0.0
2023-01-09,141.35,141.35,141.35,141.35,0.0
2023-01-10,141.92,141.92,141.92,141.92,0.0
2023-01-11,142.61,142.61,142.61,142.61,0.0
2023-01-12,140.61,140.61,140.61,140.61,0.0
2023-01-13,139.02,139.02,139.02,139.02,0.0
2023-01-16,138.92,138.92,138.92,138.92,0.0
2023-01-17,139.5,139.5,139.5,139.5,0.0
2023-01-18,139.79,139.79,139.79,139.79,0.0
2023-01-19,139.02,139.02,139.02,139.02,0.0
2023-01-20,140.86,140.86,140.86,140.86,0.0
2023-01-23,141.65,141.65,141.65,141.65,0.0
2023-01-24,141.47,141.47,141.47,141.47,0.0
2023-01-25,141.17,141.17,141.17,141.17,0.0
2023-01-26,141.38,141.38,141.38,141.38,0.0
2023-01-27,141.1,141.1,141.1,141.1,0.0
2023-01-30,141.79,141.79,141.79,141.79,0.0
2023-01-31,141.27,141.27,141.27,141.27,0.0
2023-02-01,141.37,141.37,141.37,141.37,0.0
2023-02-02,141.12,141.12,141.12,141.12,0.0
2023-02-03,140.45,140.45,140.45,140.45,0.0
2023-02-06,142.41,142.41,142.41,142.41,0.0
2023-02-07,141.3,141.3,141.3,141.3,0.0
2023-02-08,140.81,140.81,140.81,140.81,0.0
2023-02-09,140.8,140.8,140.8,140.8,0.0
2023-02-10,139.88,139.88,139.88,139.88,0.0
2023-02-13,141.65,141.65,141.65,141.65,0.0
2023-02-14,142.14,142.14,142.14,142.14,0.0
2023-02-15,143.05,143.05,143.05,143.05,0.0
2023-02-16,143.31,143.31,143.31,143.31,0.0
2023-02-17,143.18,143.18,143.18,143.18,0.0
2023-02-20,143.09,143.09,143.09,143.09,0.0
2023-02-21,143.76,143.76,143.76,143.76,0.0
2023-02-22,143.24,143.24,143.24,143.24,0.0
2023-02-23,143.32,143.32,143.32,143.32,0.0
2023-02-24,143.55,143.55,143.55,143.55,0.0
2023-02-27,143.88,143.88,143.88,143.88,0.0
2023-02-28,145.23,145.23,145.23,145.23,0.0
2023-03-01,144.82,144.82,144.82,144.82,0.0
2023-03-02,145.07,145.07,145.07,145.07,0.0
2023-03-03,144.55,144.55,144.55,144.55,0.0
2023-03-06,144.64,144.64,144.64,144.64,0.0
2023-03-07,145.21,145.21,145.21,145.21,0.0
2023-03-08,144.7,144.7,144.7,144.7,0.0
2023-03-09,143.82,143.82,143.82,143.82,0.0
2023-03-10,144.7,144.7,144.7,144.7,0.0
2023-03-13,141.96,141.96,141.96,141.96,0.0
2023-03-14,144.09,144.09,144.09,144.09,0.0
2023-03-15,139.51,139.51,139.51,139.51,0.0
2023-03-16,140.18,140.18,140.18,140.18,0.0
2023-03-17,140.57,140.57,140.57,140.57,0.0
2023-03-20,140.77,140.77,140.77,140.77,0.0
2023-03-21,142.63,142.63,142.63,142.63,0.0
2023-03-22,143.13,143.13,143.13,143.13,0.0
2023-03-23,142.87,142.87,142.87,142.87,0.0
2023-03-24,139.85,139.85,139.85,139.85,0.0
2023-03-27,141.64,141.64,141.64,141.64,0.0
2023-03-28,141.69,141.69,141.69,141.69,0.0
2023-03-29,143.58,143.58,143.58,143.58,0.0
2023-03-30,144.42,144.42,144.42,144.42,0.0
2023-03-31,144.83,144.83,144.83,144.83,0.0
2023-04-03,144.51,144.51,144.51,144.51,0.0
2023-04-04,144.94,144.94,144.94,144.94,0.0
2023-04-05,143.74,143.74,143.74,143.74,0.0
2023-04-06,143.49,143.49,143.49,143.49,0.0
2023-04-11,145.28,145.28,145.28,145.28,0.0
2023-04-12,146.09,146.09,146.09,146.09,0.0
2023-04-13,146.81,146.81,146.81,146.81,0.0
2023-04-14,146.6,146.6,146.6,146.6,0.0
2023-04-17,146.97,146.97,146.97,146.97,0.0
2023-04-18,146.89,146.89,146.89,146.89,0.0
2023-04-19,147.24,147.24,147.24,147.24,0.0
2023-04-20,147.46,147.46,147.46,147.46,0.0
2023-04-21,146.92,146.92,146.92,146.92,0.0
2023-04-24,148.17,148.17,148.17,148.17,0.0
2023-04-25,147.91,147.91,147.91,147.91,0.0
2023-04-26,147.67,147.67,147.67,147.67,0.0
2023-04-27,147.16,147.16,147.16,147.16,0.0
2023-04-28,149.35,149.35,149.35,149.35,0.0
2023-05-02,150.7,150.7,150.7,150.7,0.0
2023-05-03,149.66,149.66,149.66,149.66,0.0
2023-05-04,148.92,148.92,148.92,148.92,0.0
2023-05-05,147.8,147.8,147.8,147.8,0.0
2023-05-08,149.15,149.15,149.15,149.15,0.0
2023-05-09,147.97,147.97,147.97,147.97,0.0
2023-05-10,148.18,148.18,148.18,148.18,0.0
2023-05-11,146.54,146.54,146.54,146.54,0.0
2023-05-12,147.02,147.02,147.02,147.02,0.0
2023-05-15,148.15,148.15,148.15,148.15,0.0
2023-05-16,147.89,147.89,147.89,147.89,0.0
2023-05-17,148.31,148.31,148.31,148.31,0.0
2023-05-18,149.08,149.08,149.08,149.08,0.0
2023-05-19,149.55,149.55,149.55,149.55,0.0
2023-05-22,149.64,149.64,149.64,149.64,0.0
2023-05-23,149.2,149.2,149.2,149.2,0.0
2023-05-24,149.3,149.3,149.3,149.3,0.0
2023-05-25,149.63,149.63,149.63,149.63,0.0
2023-05-26,150.24,150.24,150.24,150.24,0.0
2023-05-29,150.29,150.29,150.29,150.29,0.0
2023-05-30,150.01,150.01,150.01,150.01,0.0
2023-05-31,149.13,149.13,149.13,149.13,0.0
2023-06-01,149.25,149.25,149.25,149.25,0.0
2023-06-02,149.46,149.46,149.46,149.46,0.0
2023-06-05,149.96,149.96,149.96,149.96,0.0
2023-06-06,149.09,149.09,149.09,149.09,0.0
2023-06-07,149.42,149.42,149.42,149.42,0.0
2023-06-08,149.98,149.98,149.98,149.98,0.0
2023-06-09,150.24,150.24,150.24,150.24,0.0
2023-06-12,150.03,150.03,150.03,150.03,0.0
2023-06-13,150.62,150.62,150.62,150.62,0.0
2023-06-14,151.21,151.21,151.21,151.21,0.0
2023-06-15,152.86,152.86,152.86,152.86,0.0
2023-06-16,154.65,154.65,154.65,154.65,0.0
2023-06-19,154.94,154.94,154.94,154.94,0.0
2023-06-20,154.51,154.51,154.51,154.51,0.0
2023-06-21,154.89,154.89,154.89,154.89,0.0
2023-06-22,156.05,156.05,156.05,156.05,0.0
2023-06-23,155.84,155.84,155.84,155.84,0.0
2023-06-26,156.41,156.41,156.41,156.41,0.0
2023-06-27,157.14,157.14,157.14,157.14,0.0
2023-06-28,157.82,157.82,157.82,157.82,0.0
2023-06-29,157.74,157.74,157.74,157.74,0.0
2023-06-30,157.16,157.16,157.16,157.16,0.0
2023-07-03,157.81,157.81,157.81,157.81,0.0
2023-07-04,157.34,157.34,157.34,157.34,0.0
2023-07-05,157.26,157.26,157.26,157.26,0.0
2023-07-06,156.57,156.57,156.57,156.57,0.0
2023-07-07,156.01,156.01,156.01,156.01,0.0
2023-07-10,155.73,155.73,155.73,155.73,0.0
2023-07-11,154.27,154.27,154.27,154.27,0.0
2023-07-12,153.84,153.84,153.84,153.84,0.0
2023-07-13,154.84,154.84,154.84,154.84,0.0
2023-07-14,155.51,155.51,155.51,155.51,0.0
2023-07-17,155.38,155.38,155.38,155.38,0.0
2023-07-18,155.4,155.4,155.4,155.4,0.0
2023-07-19,156.76,156.76,156.76,156.76,0.0
2023-07-20,156.35,156.35,156.35,156.35,0.0
2023-07-21,157.63,157.63,157.63,157.63,0.0
2023-07-24,156.47,156.47,156.47,156.47,0.0
2023-07-25,156.18,156.18,156.18,156.18,0.0
2023-07-26,155.3,155.3,155.3,155.3,0.0
2023-07-27,155.95,155.95,155.95,155.95,0.0
2023-07-28,153.35,153.35,153.35,153.35,0.0
2023-07-31,156.73,156.73,156.73,156.73,0.0
2023-08-01,156.85,156.85,156.85,156.85,0.0
2023-08-02,156.88,156.88,156.88,156.88,0.0
2023-08-03,156.24,156.24,156.24,156.24,0.0
2023-08-04,156.11,156.11,156.11,156.11,0.0
2023-08-07,156.21,156.21,156.21,156.21,0.0
2023-08-08,156.55,156.55,156.55,156.55,0.0
2023-08-09,157.35,157.35,157.35,157.35,0.0
2023-08-10,158.43,158.43,158.43,158.43,0.0
2023-08-11,158.97,158.97,158.97,158.97,0.0
2023-08-14,158.68,158.68,158.68,158.68,0.0
2023-08-15,159.04,159.04,159.04,159.04,0.0
2023-08-16,159.07,159.07,159.07,159.07,0.0
2023-08-17,158.88,158.88,158.88,158.88,0.0
2023-08-18,158.11,158.11,158.11,158.11,0.0
2023-08-21,159.15,159.15,159.15,159.15,0.0
2023-08-22,158.7,158.7,158.7,158.7,0.0
2023-08-23,157.28,157.28,157.28,157.28,0.0
2023-08-24,157.96,157.96,157.96,157.96,0.0
2023-08-25,157.75,157.75,157.75,157.75,0.0
2023-08-28,158.35,158.35,158.35,158.35,0.0
2023-08-29,158.93,158.93,158.93,158.93,0.0
2023-08-30,159.15,159.15,159.15,159.15,0.0
2023-08-31,158.49,158.49,158.49,158.49,0.0
2023-09-01,157.47,157.47,157.47,157.47,0.0
2023-09-04,158.11,158.11,158.11,158.11,0.0
2023-09-05,158.2,158.2,158.2,158.2,0.0
2023-09-06,158.18,158.18,158.18,158.18,0.0
2023-09-07,157.7,157.7,157.7,157.7,0.0
2023-09-08,157.84,157.84,157.84,157.84,0.0
2023-09-11,157.16,157.16,157.16,157.16,0.0
2023-09-12,157.42,157.42,157.42,157.42,0.0
2023-09-13,158.28,158.28,158.28,158.28,0.0
2023-09-14,158.13,158.13,158.13,158.13,0.0
2023-09-15,157.5,157.5,157.5,157.5,0.0
2023-09-18,157.44,157.44,157.44,157.44,0.0
2023-09-19,158.2,158.2,158.2,158.2,0.0
2023-09-20,158.28,158.28,158.28,158.28,0.0
2023-09-21,157.34,157.34,157.34,157.34,0.0
2023-09-22,157.87,157.87,157.87,157.87,0.0
2023-09-25,158.08,158.08,158.08,158.08,0.0
2023-09-26,157.87,157.87,157.87,157.87,0.0
2023-09-27,157.2,157.2,157.2,157.2,0.0
2023-09-28,157.33,157.33,157.33,157.33,0.0
2023-09-29,158.1,158.1,158.1,158.1,0.0
2023-10-02,157.67,157.67,157.67,157.67,0.0
2023-10-03,157.01,157.01,157.01,157.01,0.0
2023-10-04,156.48,156.48,156.48,156.48,0.0
2023-10-05,156.71,156.71,156.71,156.71,0.0
2023-10-06,157.47,157.47,157.47,157.47,0.0
2023-10-09,157.06,157.06,157.06,157.06,0.0
2023-10-10,157.71,157.71,157.71,157.71,0.0
2023-10-11,157.87,157.87,157.87,157.87,0.0
2023-10-12,158.35,158.35,158.35,158.35,0.0
2023-10-13,157.44,157.44,157.44,157.44,0.0
2023-10-16,157.54,157.54,157.54,157.54,0.0
2023-10-17,158.03,158.03,158.03,158.03,0.0
2023-10-18,158.1,158.1,158.1,158.1,0.0
2023-10-19,158.21,158.21,158.21,158.21,0.0
2023-10-20,158.8,158.8,158.8,158.8,0.0
2023-10-23,158.91,158.91,158.91,158.91,0.0
2023-10-24,159.26,159.26,159.26,159.26,0.0
2023-10-25,158.55,158.55,158.55,158.55,0.0
2023-10-26,158.48,158.48,158.48,158.48,0.0
2023-10-27,158.08,158.08,158.08,158.08,0.0
2023-10-30,158.8,158.8,158.8,158.8,0.0
2023-10-31,160.3,160.3,160.3,160.3,0.0
2023-11-01,159.33,159.33,159.33,159.33,0.0
2023-11-02,159.89,159.89,159.89,159.89,0.0
2023-11-03,159.87,159.87,159.87,159.87,0.0
2023-11-06,160.87,160.87,160.87,160.87,0.0
2023-11-07,160.77,160.77,160.77,160.77,0.0
2023-11-08,160.97,160.97,160.97,160.97,0.0
2023-11-09,161.57,161.57,161.57,161.57,0.0
2023-11-10,161.77,161.77,161.77,161.77,0.0
2023-11-13,161.96,161.96,161.96,161.96,0.0
2023-11-14,162.67,162.67,162.67,162.67,0.0
2023-11-15,163.39,163.39,163.39,163.39,0.0
2023-11-16,164.05,164.05,164.05,164.05,0.0
2023-11-17,162.29,162.29,162.29,162.29,0.0
2023-11-20,162.12,162.12,162.12,162.12,0.0
2023-11-21,161.61,161.61,161.61,161.61,0.0
2023-11-22,162.25,162.25,162.25,162.25,0.0
2023-11-23,162.98,162.98,162.98,162.98,0.0
2023-11-24,163.3,163.3,163.3,163.3,0.0
2023-11-27,162.86,162.86,162.86,162.86,0.0
2023-11-28,162.74,162.74,162.74,162.74,0.0
2023-11-29,162.12,162.12,162.12,162.12,0.0
2023-11-30,161.19,161.19,161.19,161.19,0.0
2023-12-01,161.14,161.14,161.14,161.14,0.0
2023-12-04,159.47,159.47,159.47,159.47,0.0
2023-12-05,159.13,159.13,159.13,159.13,0.0
2023-12-06,158.7,158.7,158.7,158.7,0.0
2023-12-07,156.18,156.18,156.18,156.18,0.0
2023-12-08,155.53,155.53,155.53,155.53,0.0
2023-12-11,157.54,157.54,157.54,157.54,0.0
2023-12-12,156.84,156.84,156.84,156.84,0.0
2023-12-13,157.13,157.13,157.13,157.13,0.0
2023-12-14,154.8,154.8,154.8,154.8,0.0
2023-12-15,155.15,155.15,155.15,155.15,0.0
2023-12-18,155.95,155.95,155.95,155.95,0.0
2023-12-19,158.2,158.2,158.2,158.2,0.0
2023-12-20,157.12,157.12,157.12,157.12,0.0
2023-12-21,156.79,156.79,156.79,156.79,0.0
2023-12-22,156.66,156.66,156.66,156.66,0.0
2023-12-27,157.81,157.81,157.81,157.81,0.0
2023-12-28,156.57,156.57,156.57,156.57,0.0
2023-12-29,156.33,156.33,156.33,156.33,0.0
2024-01-02,155.68,155.68,155.68,155.68,0.0
2024-01-03,156.16,156.16,156.16,156.16,0.0
2024-01-04,157.91,157.91,157.91,157.91,0.0
2024-01-05,158.57,158.57,158.57,158.57,0.0
2024-01-08,158.19,158.19,158.19,158.19,0.0
2024-01-09,157.63,157.63,157.63,157.63,0.0
2024-01-10,159.03,159.03,159.03,159.03,0.0
2024-01-11,159.71,159.71,159.71,159.71,0.0
2024-01-12,159.17,159.17,159.17,159.17,0.0
2024-01-15,159.67,159.67,159.67,159.67,0.0
2024-01-16,159.64,159.64,159.64,159.64,0.0
2024-01-17,160.65,160.65,160.65,160.65,0.0
2024-01-18,160.89,160.89,160.89,160.89,0.0
2024-01-19,161.17,161.17,161.17,161.17,0.0
2024-01-22,160.95,160.95,160.95,160.95,0.0
2024-01-23,160.88,160.88,160.88,160.88,0.0
2024-01-24,160.46,160.46,160.46,160.46,0.0
2024-01-25,160.81,160.81,160.81,160.81,0.0
2024-01-26,160.62,160.62,160.62,160.62,0.0
2024-01-29,160.13,160.13,160.13,160.13,0.0
2024-01-30,159.97,159.97,159.97,159.97,0.0
2024-01-31,160.19,160.19,160.19,160.19,0.0
2024-02-01,158.96,158.96,158.96,158.96,0.0
2024-02-02,159.58,159.58,159.58,159.58,0.0
2024-02-05,159.72,159.72,159.72,159.72,0.0
2024-02-06,159.56,159.56,159.56,159.56,0.0
2024-02-07,159.71,159.71,159.71,159.71,0.0
2024-02-08,160.55,160.55,160.55,160.55,0.0
2024-02-09,161.0,161.0,161.0,161.0,0.0
2024-02-12,160.51,160.51,160.51,160.51,0.0
2024-02-13,161.17,161.17,161.17,161.17,0.0
2024-02-14,161.28,161.28,161.28,161.28,0.0
2024-02-15,161.26,161.26,161.26,161.26,0.0
2024-02-16,161.88,161.88,161.88,161.88,0.0
2024-02-19,161.59,161.59,161.59,161.59,0.0
2024-02-20,162.18,162.18,162.18,162.18,0.0
2024-02-21,162.12,162.12,162.12,162.12,0.0
2024-02-22,163.12,163.12,163.12,163.12,0.0
2024-02-23,162.91,162.91,162.91,162.91,0.0
2024-02-26,163.38,163.38,163.38,163.38,0.0
2024-02-27,163.04,163.04,163.04,163.04,0.0
2024-02-28,162.87,162.87,162.87,162.87,0.0
2024-02-29,162.53,162.53,162.53,162.53,0.0
2024-03-01,162.82,162.82,162.82,162.82,0.0
2024-03-04,163.22,163.22,163.22,163.22,0.0
2024-03-05,163.01,163.01,163.01,163.01,0.0
2024-03-06,162.67,162.67,162.67,162.67,0.0
2024-03-07,161.09,161.09,161.09,161.09,0.0
2024-03-08,160.99,160.99,160.99,160.99,0.0
2024-03-11,160.43,160.43,160.43,160.43,0.0
2024-03-12,161.39,161.39,161.39,161.39,0.0
2024-03-13,161.83,161.83,161.83,161.83,0.0
2024-03-14,161.7,161.7,161.7,161.7,0.0
2024-03-15,162.03,162.03,162.03,162.03,0.0
2024-03-18,162.51,162.51,162.51,162.51,0.0
2024-03-19,163.37,163.37,163.37,163.37,0.0
2024-03-20,164.54,164.54,164.54,164.54,0.0
2024-03-21,164.96,164.96,164.96,164.96,0.0
2024-03-22,163.74,163.74,163.74,163.74,0.0
2024-03-25,163.78,163.78,163.78,163.78,0.0
2024-03-26,164.4,164.4,164.4,164.4,0.0
2024-03-27,163.52,163.52,163.52,163.52,0.0
2024-03-28,163.45,163.45,163.45,163.45,0.0
2024-04-02,163.01,163.01,163.01,163.01,0.0
2024-04-03,163.66,163.66,163.66,163.66,0.0
2024-04-04,164.69,164.69,164.69,164.69,0.0
2024-04-05,164.1,164.1,164.1,164.1,0.0
2024-04-08,164.43,164.43,164.43,164.43,0.0
2024-04-09,164.97,164.97,164.97,164.97,0.0
2024-04-10,164.89,164.89,164.89,164.89,0.0
2024-04-11,164.18,164.18,164.18,164.18,0.0
2024-04-12,163.16,163.16,163.16,163.16,0.0
2024-04-15,164.05,164.05,164.05,164.05,0.0
2024-04-16,164.54,164.54,164.54,164.54,0.0
2024-04-17,164.54,164.54,164.54,164.54,0.0
2024-04-18,164.82,164.82,164.82,164.82,0.0
2024-04-19,164.68,164.68,164.68,164.68,0.0
2024-04-22,164.51,164.51,164.51,164.51,0.0
2024-04-23,165.23,165.23,165.23,165.23,0.0
2024-04-24,165.57,165.57,165.57,165.57,0.0
2024-04-25,166.76,166.76,166.76,166.76,0.0
2024-04-26,168.03,168.03,168.03,168.03,0.0
2024-04-29,167.53,167.53,167.53,167.53,0.0
2024-04-30,168.27,168.27,168.27,168.27,0.0
2024-05-02,165.63,165.63,165.63,165.63,0.0
2024-05-03,164.62,164.62,164.62,164.62,0.0
2024-05-06,165.7,165.7,165.7,165.7,0.0
2024-05-07,166.45,166.45,166.45,166.45,0.0
2024-05-08,167.15,167.15,167.15,167.15,0.0
2024-05-09,167.32,167.32,167.32,167.32,0.0
2024-05-10,167.87,167.87,167.87,167.87,0.0
2024-05-13,168.25,168.25,168.25,168.25,0.0
2024-05-14,168.89,168.89,168.89,168.89,0.0
2024-05-15,168.43,168.43,168.43,168.43,0.0
2024-05-16,168.33,168.33,168.33,168.33,0.0
2024-05-17,168.96,168.96,168.96,168.96,0.0
2024-05-20,169.25,169.25,169.25,169.25,0.0
2024-05-21,169.86,169.86,169.86,169.86,0.0
2024-05-22,169.54,169.54,169.54,169.54,0.0
2024-05-23,169.9,169.9,169.9,169.9,0.0
2024-05-24,170.28,170.28,170.28,170.28,0.0
2024-05-27,170.07,170.07,170.07,170.07,0.0
2024-05-28,170.54,170.54,170.54,170.54,0.0
2024-05-29,170.74,170.74,170.74,170.74,0.0
2024-05-30,169.5,169.5,169.5,169.5,0.0
2024-05-31,170.52,170.52,170.52,170.52,0.0
2024-06-03,170.09,170.09,170.09,170.09,0.0
2024-06-04,168.29,168.29,168.29,168.29,0.0
2024-06-05,169.72,169.72,169.72,169.72,0.0
2024-06-06,169.74,169.74,169.74,169.74,0.0
2024-06-07,169.52,169.52,169.52,169.52,0.0
2024-06-10,168.74,168.74,168.74,168.74,0.0
2024-06-11,168.46,168.46,168.46,168.46,0.0
2024-06-12,169.35,169.35,169.35,169.35,0.0
2024-06-13,169.58,169.58,169.58,169.58,0.0
2024-06-14,167.8,167.8,167.8,167.8,0.0
2024-06-17,169.11,169.11,169.11,169.11,0.0
2024-06-18,169.41,169.41,169.41,169.41,0.0
2024-06-19,169.78,169.78,169.78,169.78,0.0
2024-06-20,169.82,169.82,169.82,169.82,0.0
2024-06-21,169.82,169.82,169.82,169.82,0.0
2024-06-24,171.17,171.17,171.17,171.17,0.0
2024-06-25,170.84,170.84,170.84,170.84,0.0
2024-06-26,171.42,171.42,171.42,171.42,0.0
2024-06-27,171.66,171.66,171.66,171.66,0.0
2024-06-28,171.94,171.94,171.94,171.94,0.0
2024-07-01,173.15,173.15,173.15,173.15,0.0
2024-07-02,173.31,173.31,173.31,173.31,0.0
2024-07-03,174.18,174.18,174.18,174.18,0.0
2024-07-04,173.84,173.84,173.84,173.84,0.0
2024-07-05,174.06,174.06,174.06,174.06,0.0
2024-07-08,174.37,174.37,174.37,174.37,0.0
2024-07-09,174.2,174.2,174.2,174.2,0.0
2024-07-10,174.79,174.79,174.79,174.79,0.0
2024-07-11,175.39,175.39,175.39,175.39,0.0
2024-07-12,172.87,172.87,172.87,172.87,0.0
2024-07-15,172.34,172.34,172.34,172.34,0.0
2024-07-16,172.65,172.65,172.65,172.65,0.0
2024-07-17,171.21,171.21,171.21,171.21,0.0
2024-07-18,171.02,171.02,171.02,171.02,0.0
2024-07-19,171.61,171.61,171.61,171.61,0.0
2024-07-22,170.8,170.8,170.8,170.8,0.0
2024-07-23,169.64,169.64,169.64,169.64,0.0
2024-07-24,167.23,167.23,167.23,167.23,0.0
2024-07-25,165.62,165.62,165.62,165.62,0.0
2024-07-26,167.84,167.84,167.84,167.84,0.0
2024-07-29,166.44,166.44,166.44,166.44,0.0
2024-07-30,167.61,167.61,167.61,167.61,0.0
2024-07-31,162.76,162.76,162.76,162.76,0.0
2024-08-01,162.66,162.66,162.66,162.66,0.0
2024-08-02,161.37,161.37,161.37,161.37,0.0
2024-08-05,155.98,155.98,155.98,155.98,0.0
2024-08-06,158.29,158.29,158.29,158.29,0.0
2024-08-07,160.62,160.62,160.62,160.62,0.0
2024-08-08,159.74,159.74,159.74,159.74,0.0
2024-08-09,160.33,160.33,160.33,160.33,0.0
2024-08-12,161.25,161.25,161.25,161.25,0.0
2024-08-13,161.17,161.17,161.17,161.17,0.0
2024-08-14,161.98,161.98,161.98,161.98,0.0
2024-08-15,162.14,162.14,162.14,162.14,0.0
2024-08-16,162.72,162.72,162.72,162.72,0.0
2024-08-19,161.22,161.22,161.22,161.22,0.0
2024-08-20,162.18,162.18,162.18,162.18,0.0
2024-08-21,162.26,162.26,162.26,162.26,0.0
2024-08-22,162.64,162.64,162.64,162.64,0.0
2024-08-23,162.37,162.37,162.37,162.37,0.0
2024-08-26,160.94,160.94,160.94,160.94,0.0
2024-08-27,161.24,161.24,161.24,161.24,0.0
2024-08-28,160.57,160.57,160.57,160.57,0.0
2024-08-29,160.36,160.36,160.36,160.36,0.0
2024-08-30,161.19,161.19,161.19,161.19,0.0
2024-09-02,162.56,162.56,162.56,162.56,0.0
2024-09-03,161.26,161.26,161.26,161.26,0.0
2024-09-04,160.26,160.26,160.26,160.26,0.0
2024-09-05,159.2,159.2,159.2,159.2,0.0
2024-09-06,158.93,158.93,158.93,158.93,0.0
2024-09-09,158.53,158.53,158.53,158.53,0.0
2024-09-10,157.81,157.81,157.81,157.81,0.0
2024-09-11,156.6,156.6,156.6,156.6,0.0
2024-09-12,157.02,157.02,157.02,157.02,0.0
2024-09-13,156.17,156.17,156.17,156.17,0.0
2024-09-16,155.66,155.66,155.66,155.66,0.0
2024-09-17,156.71,156.71,156.71,156.71,0.0
2024-09-18,157.94,157.94,157.94,157.94,0.0
2024-09-19,159.53,159.53,159.53,159.53,0.0
2024-09-20,161.08,161.08,161.08,161.08,0.0
2024-09-23,159.58,159.58,159.58,159.58,0.0
2024-09-24,160.14,160.14,160.14,160.14,0.0
2024-09-25,161.49,161.49,161.49,161.49,0.0
2024-09-26,160.78,160.78,160.78,160.78,0.0
2024-09-27,159.63,159.63,159.63,159.63,0.0
2024-09-30,159.82,159.82,159.82,159.82,0.0
2024-10-01,159.37,159.37,159.37,159.37,0.0
2024-10-02,160.26,160.26,160.26,160.26,0.0
2024-10-03,161.98,161.98,161.98,161.98,0.0
2024-10-04,161.69,161.69,161.69,161.69,0.0
2024-10-07,162.63,162.63,162.63,162.63,0.0
2024-10-08,162.49,162.49,162.49,162.49,0.0
2024-10-09,162.97,162.97,162.97,162.97,0.0
2024-10-10,162.85,162.85,162.85,162.85,0.0
2024-10-11,162.94,162.94,162.94,162.94,0.0
2024-10-14,163.39,163.39,163.39,163.39,0.0
2024-10-15,162.85,162.85,162.85,162.85,0.0
2024-10-16,162.57,162.57,162.57,162.57,0.0
2024-10-17,162.5,162.5,162.5,162.5,0.0
2024-10-18,162.75,162.75,162.75,162.75,0.0
2024-10-21,162.79,162.79,162.79,162.79,0.0
2024-10-22,163.22,163.22,163.22,163.22,0.0
2024-10-23,164.66,164.66,164.66,164.66,0.0
2024-10-24,164.12,164.12,164.12,164.12,0.0
2024-10-25,164.45,164.45,164.45,164.45,0.0
2024-10-28,165.18,165.18,165.18,165.18,0.0
2024-10-29,165.66,165.66,165.66,165.66,0.0
2024-10-30,165.91,165.91,165.91,165.91,0.0
2024-10-31,166.3,166.3,166.3,166.3,0.0
2024-11-01,165.54,165.54,165.54,165.54,0.0
2024-11-04,165.47,165.47,165.47,165.47,0.0
2024-11-05,165.93,165.93,165.93,165.93,0.0
2024-11-06,165.05,165.05,165.05,165.05,0.0
2024-11-07,165.71,165.71,165.71,165.71,0.0
2024-11-08,164.18,164.18,164.18,164.18,0.0
2024-11-11,163.82,163.82,163.82,163.82,0.0
2024-11-12,163.71,163.71,163.71,163.71,0.0
2024-11-13,164.71,164.71,164.71,164.71,0.0
2024-11-14,164.24,164.24,164.24,164.24,0.0
2024-11-15,164.36,164.36,164.36,164.36,0.0
2024-11-18,163.74,163.74,163.74,163.74,0.0
2024-11-19,162.71,162.71,162.71,162.71,0.0
2024-11-20,164.42,164.42,164.42,164.42,0.0
2024-11-21,162.53,162.53,162.53,162.53,0.0
2024-11-22,160.84,160.84,160.84,160.84,0.0
2024-11-25,161.64,161.64,161.64,161.64,0.0
2024-11-26,161.13,161.13,161.13,161.13,0.0
2024-11-27,159.65,159.65,159.65,159.65,0.0
2024-11-28,159.89,159.89,159.89,159.89,0.0
2024-11-29,158.64,158.64,158.64,158.64,0.0
2024-12-02,157.74,157.74,157.74,157.74,0.0
2024-12-03,157.3,157.3,157.3,157.3,0.0
2024-12-04,158.59,158.59,158.59,158.59,0.0
2024-12-05,158.52,158.52,158.52,158.52,0.0
2024-12-06,159.25,159.25,159.25,159.25,0.0
2024-12-09,159.4,159.4,159.4,159.4,0.0
2024-12-10,159.74,159.74,159.74,159.74,0.0
2024-12-11,160.35,160.35,160.35,160.35,0.0
2024-12-12,159.6,159.6,159.6,159.6,0.0
2024-12-13,161.45,161.45,161.45,161.45,0.0
2024-12-16,161.73,161.73,161.73,161.73,0.0
2024-12-17,161.63,161.63,161.63,161.63,0.0
2024-12-18,161.52,161.52,161.52,161.52,0.0
2024-12-19,163.07,163.07,163.07,163.07,0.0
2024-12-20,162.89,162.89,162.89,162.89,0.0
2024-12-23,163.36,163.36,163.36,163.36,0.0
2024-12-24,163.25,163.25,163.25,163.25,0.0
2024-12-27,164.65,164.65,164.65,164.65,0.0
2024-12-30,164.57,164.57,164.57,164.57,0.0
2024-12-31,163.06,163.06,163.06,163.06,0.0
2025-01-02,162.04,162.04,162.04,162.04,0.0
2025-01-03,161.77,161.77,161.77,161.77,0.0
2025-01-06,163.25,163.25,163.25,163.25,0.0
2025-01-07,163.86,163.86,163.86,163.86,0.0
2025-01-08,162.94,162.94,162.94,162.94,0.0
2025-01-09,162.56,162.56,162.56,162.56,0.0
2025-01-10,162.86,162.86,162.86,162.86,0.0
2025-01-13,160.22,160.22,160.22,160.22,0.0
2025-01-14,161.63,161.63,161.63,161.63,0.0
2025-01-15,161.75,161.75,161.75,161.75,0.0
2025-01-16,160.46,160.46,160.46,160.46,0.0
2025-01-17,160.23,160.23,160.23,160.23,0.0
2025-01-20,161.36,161.36,161.36,161.36,0.0
2025-01-21,161.26,161.26,161.26,161.26,0.0
2025-01-22,162.72,162.72,162.72,162.72,0.0
2025-01-23,162.58,162.58,162.58,162.58,0.0
2025-01-24,163.9,163.9,163.9,163.9,0.0
2025-01-27,162.21,162.21,162.21,162.21,0.0
2025-01-28,161.86,161.86,161.86,161.86,0.0
2025-01-29,161.5,161.5,161.5,161.5,0.0
2025-01-30,160.32,160.32,160.32,160.32,0.0
2025-01-31,160.99,160.99,160.99,160.99,0.0
2025-02-03,158.87,158.87,158.87,158.87,0.0
2025-02-04,160.52,160.52,160.52,160.52,0.0
2025-02-05,159.25,159.25,159.25,159.25,0.0
2025-02-06,157.95,157.95,157.95,157.95,0.0
2025-02-07,157.77,157.77,157.77,157.77,0.0
2025-02-10,156.92,156.92,156.92,156.92,0.0
2025-02-11,157.28,157.28,157.28,157.28,0.0
2025-02-12,159.22,159.22,159.22,159.22,0.0
2025-02-13,159.79,159.79,159.79,159.79,0.0
2025-02-14,160.09,160.09,160.09,160.09,0.0
2025-02-17,158.67,158.67,158.67,158.67,0.0
2025-02-18,158.55,158.55,158.55,158.55,0.0
2025-02-19,158.41,158.41,158.41,158.41,0.0
2025-02-20,156.6,156.6,156.6,156.6,0.0
2025-02-21,157.46,157.46,157.46,157.46,0.0
2025-02-24,156.81,156.81,156.81,156.81,0.0
2025-02-25,157.19,157.19,157.19,157.19,0.0
2025-02-26,156.7,156.7,156.7,156.7,0.0
2025-02-27,156.73,156.73,156.73,156.73,0.0
2025-02-28,156.96,156.96,156.96,156.96,0.0
2025-03-03,158.33,158.33,158.33,158.33,0.0
2025-03-04,156.5,156.5,156.5,156.5,0.0
2025-03-05,160.09,160.09,160.09,160.09,0.0
2025-03-06,159.24,159.24,159.24,159.24,0.0
2025-03-07,160.35,160.35,160.35,160.35,0.0
2025-03-10,159.39,159.39,159.39,159.39,0.0
2025-03-11,161.52,161.52,161.52,161.52,0.0
2025-03-12,162.23,162.23,162.23,162.23,0.0
2025-03-13,160.64,160.64,160.64,160.64,0.0
2025-03-14,161.88,161.88,161.88,161.88,0.0
2025-03-17,162.26,162.26,162.26,162.26,0.0
2025-03-18,163.5,163.5,163.5,163.5,0.0
2025-03-19,163.27,163.27,163.27,163.27,0.0
2025-03-20,160.85,160.85,160.85,160.85,0.0
2025-03-21,160.99,160.99,160.99,160.99,0.0
2025-03-24,162.15,162.15,162.15,162.15,0.0
2025-03-25,162.32,162.32,162.32,162.32,0.0
2025-03-26,162.2,162.2,162.2,162.2,0.0
2025-03-27,162.55,162.55,162.55,162.55,0.0
2025-03-28,162.64,162.64,162.64,162.64,0.0
2025-03-31,161.6,161.6,161.6,161.6,0.0
2025-04-01,160.93,160.93,160.93,160.93,0.0
2025-04-02,161.22,161.22,161.22,161.22,0.0
2025-04-03,162.17,162.17,162.17,162.17,0.0
2025-04-04,160.56,160.56,160.56,160.56,0.0
2025-04-07,160.58,160.58,160.58,160.58,0.0
2025-04-08,160.65,160.65,160.65,160.65,0.0
2025-04-09,159.61,159.61,159.61,159.61,0.0
2025-04-10,161.28,161.28,161.28,161.28,0.0
2025-04-11,162.07,162.07,162.07,162.07,0.0
2025-04-14,162.97,162.97,162.97,162.97,0.0
2025-04-15,161.85,161.85,161.85,161.85,0.0
2025-04-16,162.09,162.09,162.09,162.09,0.0
2025-04-17,161.98,161.98,161.98,161.98,0.0
2025-04-22,161.05,161.05,161.05,161.05,0.0
2025-04-23,161.68,161.68,161.68,161.68,0.0
2025-04-24,162.16,162.16,162.16,162.16,0.0
2025-04-25,162.8,162.8,162.8,162.8,0.0
2025-04-28,162.8,162.8,162.8,162.8,0.0
2025-04-29,162.28,162.28,162.28,162.28,0.0
2025-04-30,162.68,162.68,162.68,162.68,0.0
2025-05-02,163.93,163.93,163.93,163.93,0.0
2025-05-05,163.19,163.19,163.19,163.19,0.0
2025-05-06,161.64,161.64,161.64,161.64,0.0
2025-05-07,162.89,162.89,162.89,162.89,0.0
2025-05-08,163.45,163.45,163.45,163.45,0.0
2025-05-09,163.36,163.36,163.36,163.36,0.0
2025-05-12,164.46,164.46,164.46,164.46,0.0
2025-05-13,164.61,164.61,164.61,164.61,0.0
2025-05-14,164.01,164.01,164.01,164.01,0.0
2025-05-15,163.3,163.3,163.3,163.3,0.0
2025-05-16,163.05,163.05,163.05,163.05,0.0
2025-05-19,163.26,163.26,163.26,163.26,0.0
2025-05-20,162.59,162.59,162.59,162.59,0.0
2025-05-21,162.76,162.76,162.76,162.76,0.0
2025-05-22,162.19,162.19,162.19,162.19,0.0
2025-05-23,161.13,161.13,161.13,161.13,0.0
2025-05-26,162.63,162.63,162.63,162.63,0.0
2025-05-27,163.72,163.72,163.72,163.72,0.0
2025-05-28,163.43,163.43,163.43,163.43,0.0
2025-05-29,163.47,163.47,163.47,163.47,0.0
2025-05-30,162.96,162.96,162.96,162.96,0.0
2025-06-02,162.98,162.98,162.98,162.98,0.0
2025-06-03,163.0,163.0,163.0,163.0,0.0
2025-06-04,164.15,164.15,164.15,164.15,0.0
2025-06-05,163.66,163.66,163.66,163.66,0.0
2025-06-06,164.62,164.62,164.62,164.62,0.0
2025-06-09,164.88,164.88,164.88,164.88,0.0
2025-06-10,165.23,165.23,165.23,165.23,0.0
2025-06-11,166.17,166.17,166.17,166.17,0.0
2025-06-12,166.64,166.64,166.64,166.64,0.0
2025-06-13,165.94,165.94,165.94,165.94,0.0
2025-06-16,166.89,166.89,166.89,166.89,0.0
2025-06-17,167.35,167.35,167.35,167.35,0.0
2025-06-18,166.67,166.67,166.67,166.67,0.0
2025-06-19,167.2,167.2,167.2,167.2,0.0
2025-06-20,167.67,167.67,167.67,167.67,0.0
2025-06-23,169.27,169.27,169.27,169.27,0.0
2025-06-24,168.27,168.27,168.27,168.27,0.0
2025-06-25,169.07,169.07,169.07,169.07,0.0
2025-06-26,168.92,168.92,168.92,168.92,0.0
2025-06-27,169.24,169.24,169.24,169.24,0.0
2025-06-30,169.17,169.17,169.17,169.17,0.0
2025-07-01,168.7,168.7,168.7,168.7,0.0
2025-07-02,169.45,169.45,169.45,169.45,0.0
2025-07-03,169.58,169.58,169.58,169.58,0.0
2025-07-04,169.92,169.92,169.92,169.92,0.0
2025-07-07,170.71,170.71,170.71,170.71,0.0
2025-07-08,171.7,171.7,171.7,171.7,0.0
2025-07-09,171.63,171.63,171.63,171.63,0.0
2025-07-10,171.33,171.33,171.33,171.33,0.0
2025-07-11,171.81,171.81,171.81,171.81,0.0
2025-07-14,172.27,172.27,172.27,172.27,0.0
2025-07-15,172.58,172.58,172.58,172.58,0.0
2025-07-16,172.56,172.56,172.56,172.56,0.0
2025-07-17,172.28,172.28,172.28,172.28,0.0
2025-07-18,172.94,172.94,172.94,172.94,0.0
2025-07-21,172.02,172.02,172.02,172.02,0.0
2025-07-22,172.17,172.17,172.17,172.17,0.0
2025-07-23,171.53,171.53,171.53,171.53,0.0
2025-07-24,172.22,172.22,172.22,172.22,0.0
2025-07-25,173.11,173.11,173.11,173.11,0.0
2025-07-28,172.65,172.65,172.65,172.65,0.0
2025-07-29,171.58,171.58,171.58,171.58,0.0
2025-07-30,170.96,170.96,170.96,170.96,0.0
2025-07-31,171.52,171.52,171.52,171.52,0.0
2025-08-01,171.61,171.61,171.61,171.61,0.0
2025-08-04,170.45,170.45,170.45,170.45,0.0
2025-08-05,170.42,170.42,170.42,170.42,0.0
2025-08-06,171.22,171.22,171.22,171.22,0.0
2025-08-07,171.6,171.6,171.6,171.6,0.0
2025-08-08,172.18,172.18,172.18,172.18,0.0
2025-08-11,171.86,171.86,171.86,171.86,0.0
2025-08-12,172.3,172.3,172.3,172.3,0.0
2025-08-13,172.47,172.47,172.47,172.47,0.0
2025-08-14,171.3,171.3,171.3,171.3,0.0
2025-08-15,171.81,171.81,171.81,171.81,0.0
2025-08-18,172.27,172.27,172.27,172.27,0.0
2025-08-19,172.67,172.67,172.67,172.67,0.0
2025-08-20,171.77,171.77,171.77,171.77,0.0
2025-08-21,172.09,172.09,172.09,172.09,0.0
2025-08-22,172.6,172.6,172.6,172.6,0.0
2025-08-25,172.36,172.36,172.36,172.36,0.0
2025-08-26,171.77,171.77,171.77,171.77,0.0
2025-08-27,171.63,171.63,171.63,171.63,0.0
2025-08-28,171.48,171.48,171.48,171.48,0.0
2025-08-29,171.72,171.72,171.72,171.72,0.0
2025-09-01,172.47,172.47,172.47,172.47,0.0
2025-09-02,173.1,173.1,173.1,173.1,0.0
2025-09-03,173.17,173.17,173.17,173.17,0.0
2025-09-04,172.76,172.76,172.76,172.76,0.0
2025-09-05,173.09,173.09,173.09,173.09,0.0
2025-09-08,173.39,173.39,173.39,173.39,0.0
2025-09-09,172.36,172.36,172.36,172.36,0.0
2025-09-10,172.67,172.67,172.67,172.67,0.0
2025-09-11,172.88,172.88,172.88,172.88,0.0
2025-09-12,173.33,173.33,173.33,173.33,0.0
2025-09-15,173.38,173.38,173.38,173.38,0.0
2025-09-16,173.55,173.55,173.55,173.55,0.0
2025-09-17,173.28,173.28,173.28,173.28,0.0
2025-09-18,174.24,174.24,174.24,174.24,0.0
2025-09-19,173.79,173.79,173.79,173.79,0.0
2025-09-22,174.17,174.17,174.17,174.17,0.0
2025-09-23,174.3,174.3,174.3,174.3,0.0
2025-09-24,174.51,174.51,174.51,174.51,0.0
2025-09-25,174.7,174.7,174.7,174.7,0.0
2025-09-26,174.79,174.79,174.79,174.79,0.0
2025-09-29,174.38,174.38,174.38,174.38,0.0
2025-09-30,173.76,173.76,173.76,173.76,0.0
2025-10-01,172.47,172.47,172.47,172.47,0.0
2025-10-02,172.53,172.53,172.53,172.53,0.0
2025-10-03,172.9,172.9,172.9,172.9,0.0
2025-10-06,175.22,175.22,175.22,175.22,0.0
2025-10-07,176.05,176.05,176.05,176.05,0.0
2025-10-08,177.53,177.53,177.53,177.53,0.0
2025-10-09,177.4,177.4,177.4,177.4,0.0
2025-10-10,176.46,176.46,176.46,176.46,0.0
2025-10-13,175.98,175.98,175.98,175.98,0.0
2025-10-14,175.72,175.72,175.72,175.72,0.0
2025-10-15,176.13,176.13,176.13,176.13,0.0
2025-10-16,176.23,176.23,176.23,176.23,0.0
2025-10-17,175.7,175.7,175.7,175.7,0.0
2025-10-20,175.71,175.71,175.71,175.71,0.0
2025-10-21,176.45,176.45,176.45,176.45,0.0
2025-10-22,175.92,175.92,175.92,175.92,0.0
2025-10-23,176.94,176.94,176.94,176.94,0.0
2025-10-24,177.55,177.55,177.55,177.55,0.0
2025-10-27,177.93,177.93,177.93,177.93,0.0
2025-10-28,177.11,177.11,177.11,177.11,0.0
2025-10-29,177.07,177.07,177.07,177.07,0.0
2025-10-30,178.37,178.37,178.37,178.37,0.0
2025-10-31,178.14,178.14,178.14,178.14,0.0
2025-11-03,177.57,177.57,177.57,177.57,0.0
2025-11-04,176.39,176.39,176.39,176.39,0.0
2025-11-05,176.67,176.67,176.67,176.67,0.0
2025-11-06,177.15,177.15,177.15,177.15,0.0
2025-11-07,176.99,176.99,176.99,176.99,0.0
2025-11-10,178.31,178.31,178.31,178.31,0.0
2025-11-11,178.46,178.46,178.46,178.46,0.0
2025-11-12,179.19,179.19,179.19,179.19,0.0
2025-11-13,179.57,179.57,179.57,179.57,0.0
2025-11-14,179.22,179.22,179.22,179.22,0.0
2025-11-17,179.57,179.57,179.57,179.57,0.0
2025-11-18,179.94,179.94,179.94,179.94,0.0
2025-11-19,180.85,180.85,180.85,180.85,0.0
2025-11-20,181.47,181.47,181.47,181.47,0.0
2025-11-21,180.56,180.56,180.56,180.56,0.0
2025-11-24,181.22,181.22,181.22,181.22,0.0
2025-11-25,180.42,180.42,180.42,180.42,0.0
2025-11-26,181.09,181.09,181.09,181.09,0.0
2025-11-27,181.11,181.11,181.11,181.11,0.0
2025-11-28,180.57,180.57,180.57,180.57,0.0
2025-12-01,180.28,180.28,180.28,180.28,0.0
2025-12-02,181.26,181.26,181.26,181.26,0.0
2025-12-03,181.28,181.28,181.28,181.28,0.0
2025-12-04,180.55,180.55,180.55,180.55,0.0
2025-12-05,180.76,180.76,180.76,180.76,0.0
2025-12-08,181.29,181.29,181.29,181.29,0.0
2025-12-09,181.96,181.96,181.96,181.96,0.0
2025-12-10,182.32,182.32,182.32,182.32,0.0
2025-12-11,182.25,182.25,182.25,182.25,0.0
2025-12-12,182.99,182.99,182.99,182.99,0.0
2025-12-15,182.32,182.32,182.32,182.32,0.0
2025-12-16,182.07,182.07,182.07,182.07,0.0
2025-12-17,182.38,182.38,182.38,182.38,0.0
2025-12-18,182.55,182.55,182.55,182.55,0.0
2025-12-19,184.15,184.15,184.15,184.15,0.0
2025-12-22,184.77,184.77,184.77,184.77,0.0
2025-12-23,183.89,183.89,183.89,183.89,0.0
2025-12-24,183.83,183.83,183.83,183.83,0.0
2025-12-29,183.97,183.97,183.97,183.97,0.0
2025-12-30,183.48,183.48,183.48,183.48,0.0
2025-12-31,184.09,184.09,184.09,184.09,0.0
2026-01-02,183.94,183.94,183.94,183.94,0.0
2026-01-05,182.93,182.93,182.93,182.93,0.0
2026-01-06,183.14,183.14,183.14,183.14,0.0
2026-01-07,182.91,182.91,182.91,182.91,0.0
2026-01-08,182.97,182.97,182.97,182.97,0.0
2026-01-09,183.52,183.52,183.52,183.52,0.0
2026-01-12,184.42,184.42,184.42,184.42,0.0
2026-01-13,185.12,185.12,185.12,185.12,0.0
2026-01-14,184.82,184.82,184.82,184.82,0.0
2026-01-15,184.31,184.31,184.31,184.31,0.0
2026-01-16,183.67,183.67,183.67,183.67,0.0
2026-01-19,183.69,183.69,183.69,183.69,0.0
2026-01-20,185.18,185.18,185.18,185.18,0.0
2026-01-21,185.23,185.23,185.23,185.23,0.0
2026-01-22,185.88,185.88,185.88,185.88,0.0
2026-01-23,185.71,185.71,185.71,185.71,0.0
2026-01-26,182.52,182.52,182.52,182.52,0.0
2026-01-27,182.92,182.92,182.92,182.92,0.0
2026-01-28,182.76,182.76,182.76,182.76,0.0
2026-01-29,183.48,183.48,183.48,183.48,0.0
2026-01-30,183.59,183.59,183.59,183.59,0.0
2026-02-02,183.59,183.59,183.59,183.59,0.0
2026-02-03,183.92,183.92,183.92,183.92,0.0
2026-02-04,185.15,185.15,185.15,185.15,0.0
2026-02-05,185.11,185.11,185.11,185.11,0.0
2026-02-06,185.27,185.27,185.27,185.27,0.0
2026-02-09,185.65,185.65,185.65,185.65,0.0
2026-02-10,184.51,184.51,184.51,184.51,0.0
2026-02-11,182.79,182.79,182.79,182.79,0.0
2026-02-12,182.52,182.52,182.52,182.52,0.0
2026-02-13,181.83,181.83,181.83,181.83,0.0
2026-02-16,181.79,181.79,181.79,181.79,0.0
2026-02-17,181.06,181.06,181.06,181.06,0.0
2026-02-18,181.99,181.99,181.99,181.99,0.0
2026-02-19,182.05,182.05,182.05,182.05,0.0
2026-02-20,182.63,182.63,182.63,182.63,0.0
2026-02-23,182.44,182.44,182.44,182.44,0.0
2026-02-24,183.53,183.53,183.53,183.53,0.0
2026-02-25,184.7,184.7,184.7,184.7,0.0
2026-02-26,184.37,184.37,184.37,184.37,0.0
2026-02-27,184.13,184.13,184.13,184.13,0.0
2026-03-02,184.19,184.19,184.19,184.19,0.0
2026-03-03,182.98,182.98,182.98,182.98,0.0
2026-03-04,183.02,183.02,183.02,183.02,0.0
2026-03-05,183.03,183.03,183.03,183.03,0.0
2026-03-06,182.57,182.57,182.57,182.57,0.0
2026-03-09,183.15,183.15,183.15,183.15,0.0
2026-03-10,183.67,183.67,183.67,183.67,0.0
2026-03-11,183.63,183.63,183.63,183.63,0.0
2026-03-12,183.43,183.43,183.43,183.43,0.0
2026-03-13,182.85,182.85,182.85,182.85,0.0
2026-03-16,182.66,182.66,182.66,182.66,0.0
2026-03-17,183.29,183.29,183.29,183.29,0.0
2026-03-18,183.49,183.49,183.49,183.49,0.0
2026-03-19,182.46,182.46,182.46,182.46,0.0
2026-03-20,183.46,183.46,183.46,183.46,0.0
2026-03-23,183.86,183.86,183.86,183.86,0.0
2026-03-24,183.91,183.91,183.91,183.91,0.0
2026-03-25,184.27,184.27,184.27,184.27,0.0
2026-03-26,184.19,184.19,184.19,184.19,0.0
2026-03-27,184.16,184.16,184.16,184.16,0.0
2026-03-30,183.12,183.12,183.12,183.12,0.0
2026-03-31,183.39,183.39,183.39,183.39,0.0
2026-04-01,183.73,183.73,183.73,183.73,0.0
2026-04-02,183.94,183.94,183.94,183.94,0.0
2026-04-07,184.73,184.73,184.73,184.73,0.0
2026-04-08,185.13,185.13,185.13,185.13,0.0
2026-04-09,185.7,185.7,185.7,185.7,0.0
2026-04-10,186.43,186.43,186.43,186.43,0.0
2026-04-13,186.75,186.75,186.75,186.75,0.0
2026-04-14,187.33,187.33,187.33,187.33,0.0
2026-04-15,187.41,187.41,187.41,187.41,0.0
2026-04-16,187.31,187.31,187.31,187.31,0.0
2026-04-17,187.72,187.72,187.72,187.72,0.0
2026-04-20,186.88,186.88,186.88,186.88,0.0
2026-04-21,187.14,187.14,187.14,187.14,0.0
2026-04-22,186.81,186.81,186.81,186.81,0.0
2026-04-23,186.5,186.5,186.5,186.5,0.0
2026-04-24,186.71,186.71,186.71,186.71,0.0
2026-04-27,187.06,187.06,187.06,187.06,0.0
2026-04-28,186.58,186.58,186.58,186.58,0.0
2026-04-29,187.05,187.05,187.05,187.05,0.0
2026-04-30,183.21,183.21,183.21,183.21,0.0
2026-05-04,183.83,183.83,183.83,183.83,0.0
2026-05-05,184.42,184.42,184.42,184.42,0.0
2026-05-06,183.74,183.74,183.74,183.74,0.0
2026-05-07,184.07,184.07,184.07,184.07,0.0
2026-05-08,184.37,184.37,184.37,184.37,0.0
2026-05-11,184.87,184.87,184.87,184.87,0.0
2026-05-12,184.98,184.98,184.98,184.98,0.0
2026-05-13,184.83,184.83,184.83,184.83,0.0
2026-05-14,184.83,184.83,184.83,184.83,0.0
2026-05-15,184.36,184.36,184.36,184.36,0.0
2026-05-18,184.93,184.93,184.93,184.93,0.0
2026-05-19,184.89,184.89,184.89,184.89,0.0
2026-05-20,184.48,184.48,184.48,184.48,0.0
2026-05-21,184.59,184.59,184.59,184.59,0.0
2026-05-22,184.53,184.53,184.53,184.53,0.0
2026-05-25,185.04,185.04,185.04,185.04,0.0
2026-05-26,185.22,185.22,185.22,185.22,0.0
2026-05-27,185.52,185.52,185.52,185.52,0.0
2026-05-28,185.24,185.24,185.24,185.24,0.0
2026-05-29,185.45,185.45,185.45,185.45,0.0
2026-06-01,185.74,185.74,185.74,185.74,0.0
2026-06-02,186.09,186.09,186.09,186.09,0.0
2026-06-03,185.66,185.66,185.66,185.66,0.0
2026-06-04,186.01,186.01,186.01,186.01,0.0
2026-06-05,186.08,186.08,186.08,186.08,0.0
2026-06-08,184.6,184.6,184.6,184.6,0.0
2026-06-09,185.35,185.35,185.35,185.35,0.0
2026-06-10,185.19,185.19,185.19,185.19,0.0
2026-06-11,185.21,185.21,185.21,185.21,0.0
2026-06-12,185.3,185.3,185.3,185.3,0.0
2026-06-15,185.93,185.93,185.93,185.93,0.0
2026-06-16,185.94,185.94,185.94,185.94,0.0
2026-06-17,185.82,185.82,185.82,185.82,0.0
2026-06-18,184.44,184.44,184.44,184.44,0.0
2026-06-19,184.88,184.88,184.88,184.88,0.0
2026-06-22,185.33,185.33,185.33,185.33,0.0
2026-06-23,184.02,184.02,184.02,184.02,0.0
2026-06-24,183.35,183.35,183.35,183.35,0.0
2026-06-25,183.57,183.57,183.57,183.57,0.0
2026-06-26,184.3,184.3,184.3,184.3,0.0
2026-06-29,184.62,184.62,184.62,184.62,0.0
2026-06-30,185.08,185.08,185.08,185.08,0.0
2026-07-01,185.21,185.21,185.21,185.21,0.0
2026-07-02,184.19,184.19,184.19,184.19,0.0
2026-07-03,184.48,184.48,184.48,184.48,0.0
2026-07-06,185.31,185.31,185.31,185.31,0.0
2026-07-07,185.09,185.09,185.09,185.09,0.0
2026-07-08,185.3,185.3,185.3,185.3,0.0
2026-07-09,185.72,185.72,185.72,185.72,0.0
2026-07-10,185.02,185.02,185.02,185.02,0.0
2026-07-13,185.23,185.23,185.23,185.23,0.0
2026-07-14,185.01,185.01,185.01,185.01,0.0
2026-07-15,185.22,185.22,185.22,185.22,0.0
2026-07-16,185.99,185.99,185.99,185.99,0.0
2026-07-17,185.65,185.65,185.65,185.65,0.0
2026-07-20,185.54,185.54,185.54,185.54,0.0
2026-07-21,185.82,185.82,185.82,185.82,0.0
2026-07-22,186.03,186.03,186.03,186.03,0.0
2026-07-23,186.23,186.23,186.23,186.23,0.0
2026-07-24,186.38,186.38,186.38,186.38,0.0
2026-07-27,186.37,186.37,186.37,186.37,0.0
2026-07-28,186.32,186.32,186.32,186.32,0.0
2026-07-29,186.27,186.27,186.27,186.27,0.0
2026-07-30,186.99,186.99,186.99,186.99,0.0
2026-07-31,184.03,184.03,184.03,184.03,0.0
2026-08-03,180.73,180.73,180.73,180.73,0.0
2026-08-04,181.26,181.26,181.26,181.26,0.0
2026-08-05,182.08,182.08,182.08,182.08,0.0
2026-08-06,182.17,182.17,182.17,182.17,0.0
2026-08-07,182.64,182.64,182.64,182.64,0.0
2026-08-10,183.31,183.31,183.31,183.31,0.0
2026-08-11,183.72,183.72,183.72,183.72,0.0
