timestamp,open,high,low,close,volume
2007-06-12,1.3358,1.3368,1.3301,1.3302,0.0
2007-06-13,1.3301,1.3315,1.3264,1.331,0.0
2007-06-14,1.3312,1.3323,1.3279,1.3312,0.0
2007-06-15,1.3312,1.3389,1.3306,1.3388,0.0
2007-06-18,1.3384,1.3417,1.3377,1.3415,0.0
2007-06-19,1.3414,1.3435,1.3383,1.3427,0.0
2007-06-20,1.3427,1.3437,1.3396,1.3403,0.0
2007-06-21,1.3403,1.3408,1.3372,1.3388,0.0
2007-06-22,1.3389,1.347,1.3381,1.347,0.0
2007-06-25,1.3468,1.3473,1.3439,1.3462,0.0
2007-06-26,1.3462,1.3477,1.3432,1.3454,0.0
2007-06-27,1.3452,1.3458,1.3416,1.3453,0.0
2007-06-28,1.3452,1.348,1.3423,1.345,0.0
2007-06-29,1.3448,1.3542,1.3431,1.3541,0.0
2007-07-02,1.3541,1.3638,1.3528,1.3624,0.0
2007-07-03,1.3624,1.3634,1.3584,1.3608,0.0
2007-07-04,1.3609,1.363,1.3605,1.3612,0.0
2007-07-05,1.3612,1.3658,1.3579,1.3598,0.0
2007-07-06,1.3597,1.3641,1.3568,1.3627,0.0
2007-07-09,1.363,1.3638,1.361,1.3626,0.0
2007-07-10,1.3626,1.3747,1.3594,1.3746,0.0
2007-07-11,1.3747,1.3782,1.3731,1.3744,0.0
2007-07-12,1.3744,1.3797,1.374,1.3788,0.0
2007-07-13,1.3787,1.3811,1.3763,1.3782,0.0
2007-07-16,1.3781,1.3803,1.3759,1.3771,0.0
2007-07-17,1.3771,1.3797,1.3758,1.3781,0.0
2007-07-18,1.3781,1.3832,1.3753,1.3802,0.0
2007-07-19,1.3803,1.3829,1.3786,1.3803,0.0
2007-07-20,1.3802,1.3842,1.378,1.3827,0.0
2007-07-23,1.383,1.3844,1.3795,1.3807,0.0
2007-07-24,1.3809,1.3851,1.3798,1.3823,0.0
2007-07-25,1.3823,1.3832,1.3696,1.3721,0.0
2007-07-26,1.372,1.3771,1.3692,1.3746,0.0
2007-07-27,1.3744,1.3753,1.3627,1.3633,0.0
2007-07-30,1.3623,1.3705,1.361,1.3696,0.0
2007-07-31,1.3695,1.3726,1.3679,1.3683,0.0
2007-08-01,1.3682,1.3709,1.3637,1.3666,0.0
2007-08-02,1.3665,1.3705,1.365,1.3702,0.0
2007-08-03,1.3703,1.3819,1.3684,1.3773,0.0
2007-08-06,1.3796,1.3838,1.378,1.3793,0.0
2007-08-07,1.3792,1.3815,1.3735,1.3736,0.0
2007-08-08,1.3738,1.3826,1.3721,1.3797,0.0
2007-08-09,1.3797,1.3816,1.3655,1.3677,0.0
2007-08-10,1.3678,1.3704,1.3643,1.3692,0.0
2007-08-13,1.3689,1.3709,1.3604,1.3612,0.0
2007-08-14,1.3609,1.3625,1.3531,1.3533,0.0
2007-08-15,1.3533,1.3539,1.3439,1.3441,0.0
2007-08-16,1.344,1.3446,1.337,1.3427,0.0
2007-08-17,1.3427,1.3545,1.3371,1.3475,0.0
2007-08-20,1.3475,1.3506,1.346,1.3473,0.0
2007-08-21,1.3476,1.3518,1.3457,1.3465,0.0
2007-08-22,1.3466,1.3549,1.345,1.3543,0.0
2007-08-23,1.3549,1.3588,1.3535,1.3564,0.0
2007-08-24,1.3566,1.3679,1.3553,1.3674,0.0
2007-08-27,1.3672,1.3679,1.3635,1.3641,0.0
2007-08-28,1.364,1.3679,1.3599,1.36,0.0
2007-08-29,1.36,1.368,1.3563,1.3674,0.0
2007-08-30,1.3673,1.3676,1.3593,1.3631,0.0
2007-08-31,1.3631,1.3719,1.362,1.3628,0.0
2007-09-03,1.3629,1.3654,1.3603,1.3622,0.0
2007-09-04,1.3623,1.3625,1.3551,1.3604,0.0
2007-09-05,1.3604,1.3671,1.3569,1.365,0.0
2007-09-06,1.365,1.371,1.3635,1.369,0.0
2007-09-07,1.369,1.3796,1.3663,1.3767,0.0
2007-09-10,1.3774,1.3814,1.3766,1.3806,0.0
2007-09-11,1.3807,1.3846,1.3778,1.3836,0.0
2007-09-12,1.3838,1.3914,1.3824,1.3905,0.0
2007-09-13,1.3905,1.3927,1.3863,1.3864,0.0
2007-09-14,1.3865,1.3895,1.3844,1.3874,0.0
2007-09-17,1.3872,1.3887,1.3849,1.3859,0.0
2007-09-18,1.3859,1.3988,1.3829,1.3982,0.0
2007-09-19,1.3981,1.3987,1.3935,1.3967,0.0
2007-09-20,1.3966,1.4098,1.3962,1.4066,0.0
2007-09-21,1.4067,1.4118,1.4043,1.409,0.0
2007-09-24,1.4091,1.4129,1.4067,1.4078,0.0
2007-09-25,1.4077,1.4152,1.4061,1.4148,0.0
2007-09-26,1.4145,1.4162,1.4111,1.4131,0.0
2007-09-27,1.4131,1.4188,1.4124,1.4146,0.0
2007-09-28,1.4146,1.4278,1.4144,1.4266,0.0
2007-10-01,1.4268,1.4275,1.4211,1.4233,0.0
2007-10-02,1.4232,1.4237,1.4139,1.4148,0.0
2007-10-03,1.4148,1.42,1.4081,1.4091,0.0
2007-10-04,1.4091,1.4148,1.4068,1.4135,0.0
2007-10-05,1.4133,1.4156,1.4032,1.4135,0.0
2007-10-08,1.4138,1.415,1.4036,1.4056,0.0
2007-10-09,1.4054,1.4113,1.4014,1.4104,0.0
2007-10-10,1.4104,1.4171,1.4094,1.4141,0.0
2007-10-11,1.4141,1.4241,1.4136,1.4201,0.0
2007-10-12,1.42,1.4213,1.4154,1.4179,0.0
2007-10-15,1.4177,1.4242,1.416,1.4212,0.0
2007-10-16,1.4211,1.4226,1.4143,1.4173,0.0
2007-10-17,1.4172,1.4229,1.4158,1.4216,0.0
2007-10-18,1.4216,1.4308,1.4195,1.4285,0.0
2007-10-19,1.4285,1.4318,1.4245,1.4304,0.0
2007-10-22,1.4304,1.4348,1.4125,1.4175,0.0
2007-10-23,1.4175,1.4278,1.417,1.426,0.0
2007-10-24,1.4262,1.4268,1.4189,1.4265,0.0
2007-10-25,1.4261,1.4341,1.4248,1.4331,0.0
2007-10-26,1.433,1.4395,1.4317,1.4393,0.0
2007-10-29,1.44,1.4437,1.4376,1.4422,0.0
2007-10-30,1.4421,1.4441,1.4374,1.444,0.0
2007-10-31,1.4441,1.4503,1.4419,1.4478,0.0
2007-11-01,1.4477,1.4482,1.4403,1.4421,0.0
2007-11-02,1.4419,1.4527,1.4419,1.4501,0.0
2007-11-05,1.4508,1.4524,1.4444,1.4468,0.0
2007-11-06,1.4469,1.457,1.4466,1.4557,0.0
2007-11-07,1.4556,1.4729,1.4554,1.4635,0.0
2007-11-08,1.4636,1.4702,1.4615,1.4676,0.0
2007-11-09,1.4676,1.4751,1.4631,1.4677,0.0
2007-11-12,1.4675,1.4675,1.4525,1.4531,0.0
2007-11-13,1.4531,1.4632,1.452,1.4603,0.0
2007-11-14,1.4603,1.4725,1.4599,1.4649,0.0
2007-11-15,1.4647,1.4703,1.4605,1.4612,0.0
2007-11-16,1.4612,1.4671,1.4581,1.4662,0.0
2007-11-19,1.467,1.4687,1.4617,1.4665,0.0
2007-11-20,1.4663,1.4851,1.4634,1.4836,0.0
2007-11-21,1.484,1.487,1.4775,1.4858,0.0
2007-11-22,1.4856,1.4872,1.4819,1.485,0.0
2007-11-23,1.4847,1.4966,1.4785,1.4835,0.0
2007-11-26,1.482,1.4891,1.4803,1.487,0.0
2007-11-27,1.487,1.4907,1.4808,1.4831,0.0
2007-11-28,1.4827,1.4858,1.4708,1.4839,0.0
2007-11-29,1.484,1.4843,1.4719,1.4743,0.0
2007-11-30,1.4743,1.4783,1.4627,1.4632,0.0
2007-12-03,1.4639,1.4707,1.4621,1.4666,0.0
2007-12-04,1.4667,1.4768,1.4635,1.4762,0.0
2007-12-05,1.4759,1.477,1.4591,1.4609,0.0
2007-12-06,1.4609,1.4652,1.4526,1.4635,0.0
2007-12-07,1.4636,1.467,1.4599,1.4656,0.0
2007-12-10,1.4654,1.4735,1.4639,1.4711,0.0
2007-12-11,1.4711,1.4749,1.4639,1.4654,0.0
2007-12-12,1.4654,1.4747,1.4649,1.4707,0.0
2007-12-13,1.4704,1.4736,1.4581,1.4632,0.0
2007-12-14,1.4632,1.4657,1.4411,1.4429,0.0
2007-12-17,1.439,1.4453,1.433,1.4398,0.0
2007-12-18,1.4398,1.4435,1.4365,1.4416,0.0
2007-12-19,1.4412,1.4423,1.4325,1.438,0.0
2007-12-20,1.4384,1.4387,1.4309,1.433,0.0
2007-12-21,1.4329,1.441,1.4314,1.4376,0.0
2007-12-24,1.4376,1.4413,1.4358,1.4393,0.0
2007-12-25,1.4394,1.4413,1.4387,1.4401,0.0
2007-12-26,1.4392,1.4506,1.4389,1.4488,0.0
2007-12-27,1.4487,1.4639,1.4468,1.4624,0.0
2007-12-28,1.4626,1.4725,1.459,1.4712,0.0
2007-12-31,1.4714,1.4747,1.4568,1.4584,0.0
2008-01-01,1.4587,1.4617,1.4575,1.459,0.0
2008-01-02,1.4592,1.4749,1.4583,1.4722,0.0
2008-01-03,1.4715,1.4779,1.4686,1.4748,0.0
2008-01-04,1.475,1.4823,1.4693,1.4772,0.0
2008-01-07,1.4746,1.4756,1.4657,1.4695,0.0
2008-01-08,1.4695,1.474,1.4678,1.4706,0.0
2008-01-09,1.4707,1.4742,1.4639,1.4657,0.0
2008-01-10,1.4681,1.4811,1.4638,1.4804,0.0
2008-01-11,1.4803,1.4818,1.4763,1.4776,0.0
2008-01-14,1.4781,1.4914,1.4779,1.4865,0.0
2008-01-15,1.4869,1.4918,1.4799,1.4804,0.0
2008-01-16,1.4802,1.4857,1.4599,1.465,0.0
2008-01-17,1.4652,1.471,1.459,1.464,0.0
2008-01-18,1.4641,1.4693,1.46,1.4619,0.0
2008-01-21,1.4602,1.4604,1.4424,1.4452,0.0
2008-01-22,1.4453,1.4641,1.4366,1.4627,0.0
2008-01-23,1.4628,1.4684,1.4509,1.4629,0.0
2008-01-24,1.4628,1.4778,1.459,1.4756,0.0
2008-01-25,1.4753,1.4776,1.4658,1.4676,0.0
2008-01-28,1.4671,1.4797,1.4662,1.4782,0.0
2008-01-29,1.4779,1.4796,1.4735,1.4775,0.0
2008-01-30,1.4774,1.4905,1.4754,1.486,0.0
2008-01-31,1.4861,1.4914,1.4801,1.4858,0.0
2008-02-01,1.486,1.494,1.4786,1.4804,0.0
2008-02-04,1.4799,1.4847,1.4792,1.4827,0.0
2008-02-05,1.483,1.4834,1.462,1.4644,0.0
2008-02-06,1.4647,1.467,1.4591,1.463,0.0
2008-02-07,1.4632,1.465,1.444,1.4479,0.0
2008-02-08,1.4485,1.4545,1.4448,1.4507,0.0
2008-02-11,1.4516,1.4577,1.448,1.4518,0.0
2008-02-12,1.4517,1.4613,1.4495,1.4578,0.0
2008-02-13,1.4581,1.4596,1.4532,1.4569,0.0
2008-02-14,1.4559,1.4645,1.4559,1.4636,0.0
2008-02-15,1.4641,1.4708,1.463,1.4678,0.0
2008-02-18,1.468,1.469,1.461,1.4654,0.0
2008-02-19,1.4657,1.4757,1.464,1.4727,0.0
2008-02-20,1.4724,1.473,1.4616,1.471,0.0
2008-02-21,1.4713,1.4835,1.4702,1.4809,0.0
2008-02-22,1.4813,1.4859,1.4787,1.4823,0.0
2008-02-25,1.4837,1.4843,1.4793,1.4829,0.0
2008-02-26,1.4828,1.4984,1.4779,1.4972,0.0
2008-02-27,1.4972,1.5143,1.497,1.5122,0.0
2008-02-28,1.5118,1.5228,1.5074,1.5196,0.0
2008-02-29,1.5192,1.5238,1.5144,1.5189,0.0
2008-03-03,1.5194,1.5271,1.516,1.5204,0.0
2008-03-04,1.5202,1.5248,1.5172,1.5215,0.0
2008-03-05,1.5216,1.5297,1.5146,1.5262,0.0
2008-03-06,1.5263,1.5394,1.526,1.5387,0.0
2008-03-07,1.5379,1.5451,1.5316,1.5347,0.0
2008-03-10,1.5359,1.5403,1.5312,1.5351,0.0
2008-03-11,1.5348,1.5495,1.5281,1.5337,0.0
2008-03-12,1.5338,1.5572,1.5333,1.556,0.0
2008-03-13,1.5563,1.5645,1.5521,1.5624,0.0
2008-03-14,1.5626,1.5687,1.5531,1.5673,0.0
2008-03-17,1.5722,1.5903,1.5684,1.5731,0.0
2008-03-18,1.573,1.5831,1.5618,1.562,0.0
2008-03-19,1.562,1.5782,1.5582,1.5645,0.0
2008-03-20,1.5631,1.5649,1.5396,1.543,0.0
2008-03-21,1.5425,1.5472,1.5405,1.5432,0.0
2008-03-24,1.5438,1.5453,1.5341,1.5431,0.0
2008-03-25,1.5422,1.5656,1.5407,1.5649,0.0
2008-03-26,1.5647,1.5857,1.5584,1.5845,0.0
2008-03-27,1.5842,1.5845,1.5726,1.5777,0.0
2008-03-28,1.5776,1.5837,1.5741,1.5795,0.0
2008-03-31,1.58,1.5894,1.576,1.5762,0.0
2008-04-01,1.5761,1.5785,1.5564,1.5619,0.0
2008-04-02,1.5611,1.5701,1.5533,1.569,0.0
2008-04-03,1.5685,1.5687,1.5511,1.5682,0.0
2008-04-04,1.5681,1.5772,1.5638,1.5737,0.0
2008-04-07,1.5733,1.5735,1.5627,1.5704,0.0
2008-04-08,1.5703,1.5798,1.5674,1.5703,0.0
2008-04-09,1.5704,1.5863,1.5683,1.5835,0.0
2008-04-10,1.5833,1.5908,1.5725,1.5743,0.0
2008-04-11,1.5742,1.5842,1.5738,1.5806,0.0
2008-04-14,1.5755,1.5885,1.5671,1.5836,0.0
2008-04-15,1.5835,1.5873,1.5751,1.5789,0.0
2008-04-16,1.5787,1.5977,1.5758,1.5942,0.0
2008-04-17,1.5941,1.598,1.5847,1.5893,0.0
2008-04-18,1.5891,1.5955,1.5711,1.5816,0.0
2008-04-21,1.5812,1.5946,1.5791,1.5907,0.0
2008-04-22,1.5908,1.6017,1.5834,1.5996,0.0
2008-04-23,1.5996,1.5997,1.586,1.5884,0.0
2008-04-24,1.5883,1.589,1.5637,1.5678,0.0
2008-04-25,1.5678,1.5706,1.5555,1.5629,0.0
2008-04-28,1.5621,1.569,1.5593,1.5653,0.0
2008-04-29,1.5653,1.5659,1.554,1.5565,0.0
2008-04-30,1.5565,1.5641,1.5517,1.5618,0.0
2008-05-01,1.5619,1.5643,1.543,1.5468,0.0
2008-05-02,1.5468,1.5498,1.5362,1.5424,0.0
2008-05-05,1.5427,1.5518,1.5423,1.5497,0.0
2008-05-06,1.5497,1.5593,1.5453,1.5531,0.0
2008-05-07,1.5532,1.5538,1.5366,1.5395,0.0
2008-05-08,1.5395,1.5439,1.5289,1.5403,0.0
2008-05-09,1.5403,1.5486,1.5393,1.548,0.0
2008-05-12,1.5468,1.557,1.5366,1.5541,0.0
2008-05-13,1.554,1.5564,1.5431,1.5469,0.0
2008-05-14,1.5469,1.5484,1.5396,1.548,0.0
2008-05-15,1.5476,1.5547,1.5419,1.5444,0.0
2008-05-16,1.5441,1.5599,1.5437,1.5576,0.0
2008-05-19,1.5584,1.5632,1.5486,1.5509,0.0
2008-05-20,1.5534,1.5679,1.5505,1.5652,0.0
2008-05-21,1.5651,1.5684,1.5644,1.5666,0.0
2008-05-22,1.5806,1.5807,1.5692,1.5723,0.0
2008-05-23,1.5723,1.5793,1.5699,1.5763,0.0
2008-05-26,1.5768,1.5791,1.5741,1.5772,0.0
2008-05-27,1.5771,1.5817,1.5671,1.5676,0.0
2008-05-28,1.5677,1.5759,1.5607,1.5647,0.0
2008-05-29,1.5647,1.5663,1.5485,1.5511,0.0
2008-05-30,1.5511,1.5568,1.5462,1.5554,0.0
2008-06-02,1.5561,1.5589,1.5486,1.5539,0.0
2008-06-03,1.5535,1.5627,1.5409,1.5433,0.0
2008-06-04,1.5441,1.5481,1.5418,1.5425,0.0
2008-06-05,1.5424,1.5599,1.5365,1.5582,0.0
2008-06-06,1.5582,1.5777,1.5572,1.5777,0.0
2008-06-09,1.5784,1.5842,1.5617,1.5641,0.0
2008-06-10,1.564,1.5653,1.5439,1.5454,0.0
2008-06-11,1.5456,1.5585,1.5453,1.5556,0.0
2008-06-12,1.5556,1.5565,1.538,1.5449,0.0
2008-06-13,1.5449,1.548,1.5304,1.538,0.0
2008-06-16,1.5392,1.5517,1.5346,1.5467,0.0
2008-06-17,1.5468,1.555,1.546,1.5505,0.0
2008-06-18,1.5505,1.5537,1.5462,1.5524,0.0
2008-06-19,1.557,1.5585,1.5466,1.5501,0.0
2008-06-20,1.5501,1.5651,1.5491,1.5607,0.0
2008-06-23,1.5624,1.5626,1.5468,1.5513,0.0
2008-06-24,1.5522,1.562,1.5492,1.5569,0.0
2008-06-25,1.557,1.5685,1.5537,1.5664,0.0
2008-06-26,1.5665,1.5765,1.563,1.575,0.0
2008-06-27,1.5751,1.5793,1.572,1.5793,0.0
2008-06-30,1.5785,1.5835,1.5731,1.5754,0.0
2008-07-01,1.5754,1.5824,1.5724,1.5794,0.0
2008-07-02,1.5793,1.589,1.5776,1.589,0.0
2008-07-03,1.5891,1.5896,1.5681,1.5696,0.0
2008-07-04,1.5696,1.5725,1.5656,1.5704,0.0
2008-07-07,1.5697,1.5752,1.5611,1.5723,0.0
2008-07-08,1.5723,1.5738,1.5635,1.5667,0.0
2008-07-09,1.5666,1.575,1.5649,1.5737,0.0
2008-07-10,1.5738,1.58,1.5691,1.5784,0.0
2008-07-11,1.5784,1.5945,1.5764,1.5937,0.0
2008-07-14,1.5894,1.5934,1.584,1.5904,0.0
2008-07-15,1.5902,1.6035,1.5866,1.5911,0.0
2008-07-16,1.5912,1.5947,1.58,1.5819,0.0
2008-07-17,1.5819,1.5893,1.5783,1.5858,0.0
2008-07-18,1.5856,1.5885,1.5804,1.5846,0.0
2008-07-21,1.5841,1.5931,1.5828,1.5924,0.0
2008-07-22,1.5924,1.5942,1.5757,1.579,0.0
2008-07-23,1.5786,1.5797,1.567,1.5684,0.0
2008-07-24,1.5684,1.5713,1.5627,1.5676,0.0
2008-07-25,1.5677,1.5753,1.5662,1.5708,0.0
2008-07-28,1.5695,1.5767,1.5683,1.5737,0.0
2008-07-29,1.5738,1.5757,1.5553,1.5583,0.0
2008-07-30,1.5583,1.5615,1.5519,1.5576,0.0
2008-07-31,1.5577,1.5698,1.5568,1.5597,0.0
2008-08-01,1.5598,1.5598,1.5513,1.5564,0.0
2008-08-04,1.5572,1.563,1.5555,1.5573,0.0
2008-08-05,1.5572,1.5575,1.5447,1.545,0.0
2008-08-06,1.545,1.5515,1.5398,1.5413,0.0
2008-08-07,1.5413,1.5502,1.5309,1.5324,0.0
2008-08-08,1.5324,1.5334,1.4997,1.5005,0.0
2008-08-11,1.4968,1.5082,1.488,1.4892,0.0
2008-08-12,1.4893,1.4963,1.4816,1.4913,0.0
2008-08-13,1.4914,1.4978,1.4841,1.4922,0.0
2008-08-14,1.4921,1.4948,1.4777,1.4801,0.0
2008-08-15,1.4823,1.4824,1.4658,1.4687,0.0
2008-08-18,1.4683,1.4766,1.4672,1.4678,0.0
2008-08-19,1.4678,1.4793,1.463,1.478,0.0
2008-08-20,1.4781,1.4804,1.4672,1.4743,0.0
2008-08-21,1.4742,1.4908,1.4731,1.4896,0.0
2008-08-22,1.4896,1.4899,1.4757,1.479,0.0
2008-08-25,1.4788,1.4807,1.4696,1.4752,0.0
2008-08-26,1.4753,1.476,1.457,1.4642,0.0
2008-08-27,1.4642,1.4775,1.4633,1.4713,0.0
2008-08-28,1.4714,1.4808,1.4671,1.4697,0.0
2008-08-29,1.4693,1.4766,1.464,1.4671,0.0
2008-09-01,1.4686,1.4717,1.4581,1.4588,0.0
2008-09-02,1.4616,1.4616,1.4466,1.4516,0.0
2008-09-03,1.4516,1.453,1.4385,1.4491,0.0
2008-09-04,1.449,1.4545,1.4213,1.4242,0.0
2008-09-05,1.424,1.4348,1.4196,1.426,0.0
2008-09-08,1.4267,1.4429,1.4054,1.4121,0.0
2008-09-09,1.4118,1.4227,1.4047,1.4102,0.0
2008-09-10,1.4106,1.4179,1.3954,1.3962,0.0
2008-09-11,1.3964,1.4041,1.3882,1.4016,0.0
2008-09-12,1.4019,1.424,1.3973,1.4219,0.0
2008-09-15,1.4222,1.4483,1.4085,1.4282,0.0
2008-09-16,1.4275,1.4283,1.4073,1.4101,0.0
2008-09-17,1.4096,1.4384,1.4095,1.4323,0.0
2008-09-18,1.4323,1.4542,1.4279,1.4323,0.0
2008-09-19,1.4327,1.4498,1.4152,1.4464,0.0
2008-09-22,1.4466,1.4867,1.4438,1.4797,0.0
2008-09-23,1.4798,1.4827,1.4623,1.4668,0.0
2008-09-24,1.467,1.4746,1.4604,1.4614,0.0
2008-09-25,1.4613,1.4768,1.4561,1.4615,0.0
2008-09-26,1.4619,1.4678,1.4555,1.4601,0.0
2008-09-29,1.4612,1.4636,1.4303,1.4414,0.0
2008-09-30,1.4416,1.4426,1.4008,1.4115,0.0
2008-10-01,1.4114,1.4174,1.3976,1.4006,0.0
2008-10-02,1.4008,1.4025,1.3747,1.38,0.0
2008-10-03,1.3798,1.3907,1.3704,1.3782,0.0
2008-10-06,1.3771,1.3773,1.3444,1.3485,0.0
2008-10-07,1.3487,1.3743,1.3482,1.3626,0.0
2008-10-08,1.3616,1.3755,1.3545,1.3632,0.0
2008-10-09,1.363,1.3786,1.3581,1.3596,0.0
2008-10-10,1.3597,1.3652,1.326,1.3393,0.0
2008-10-13,1.3407,1.3684,1.3405,1.3596,0.0
2008-10-14,1.3593,1.377,1.359,1.3616,0.0
2008-10-15,1.3618,1.369,1.345,1.3461,0.0
2008-10-16,1.3461,1.3538,1.3347,1.3481,0.0
2008-10-17,1.348,1.3518,1.3387,1.3412,0.0
2008-10-20,1.3407,1.3531,1.3288,1.333,0.0
2008-10-21,1.3332,1.3354,1.3051,1.3054,0.0
2008-10-22,1.3056,1.3078,1.2738,1.2821,0.0
2008-10-23,1.2824,1.3007,1.2729,1.2969,0.0
2008-10-24,1.2963,1.2975,1.2496,1.2622,0.0
2008-10-27,1.2622,1.2686,1.2335,1.2526,0.0
2008-10-28,1.2458,1.2786,1.2329,1.2781,0.0
2008-10-29,1.2784,1.2992,1.2627,1.2968,0.0
2008-10-30,1.2966,1.3298,1.2806,1.2862,0.0
2008-10-31,1.2862,1.2895,1.2667,1.2731,0.0
2008-11-03,1.2726,1.2898,1.2596,1.2643,0.0
2008-11-04,1.2642,1.3049,1.2526,1.2978,0.0
2008-11-05,1.298,1.3116,1.2795,1.2959,0.0
2008-11-06,1.2955,1.2957,1.268,1.2714,0.0
2008-11-07,1.2712,1.2851,1.2652,1.2718,0.0
2008-11-10,1.2714,1.293,1.271,1.2746,0.0
2008-11-11,1.2747,1.28,1.2506,1.2522,0.0
2008-11-12,1.2521,1.2632,1.2466,1.2505,0.0
2008-11-13,1.2504,1.2857,1.2389,1.278,0.0
2008-11-14,1.2768,1.2829,1.2574,1.2603,0.0
2008-11-17,1.2648,1.2654,1.2629,1.2631,0.0
2008-11-18,1.2616,1.2644,1.2615,1.2636,0.0
2008-11-19,1.2616,1.2814,1.2516,1.2516,0.0
2008-11-20,1.2451,1.2487,1.2447,1.2449,0.0
2008-11-21,1.2586,1.2595,1.2579,1.2583,0.0
2008-11-24,1.2953,1.296,1.2935,1.2944,0.0
2008-11-25,1.3062,1.3072,1.3044,1.3049,0.0
2008-11-26,1.3062,1.3072,1.282,1.2878,0.0
2008-11-27,1.2876,1.2968,1.2861,1.2904,0.0
2008-11-28,1.2903,1.2957,1.2645,1.2693,0.0
2008-12-01,1.2692,1.2717,1.2583,1.2602,0.0
2008-12-02,1.2608,1.2767,1.2562,1.2717,0.0
2008-12-03,1.2712,1.2742,1.2602,1.2716,0.0
2008-12-04,1.2717,1.2848,1.2549,1.2782,0.0
2008-12-05,1.2775,1.28,1.2628,1.2717,0.0
2008-12-08,1.2711,1.2968,1.2682,1.2962,0.0
2008-12-09,1.2958,1.3001,1.2797,1.2927,0.0
2008-12-10,1.2926,1.3071,1.2903,1.3018,0.0
2008-12-11,1.3021,1.3406,1.3,1.3356,0.0
2008-12-12,1.3349,1.3416,1.3251,1.337,0.0
2008-12-15,1.3364,1.3723,1.3337,1.3687,0.0
2008-12-16,1.3685,1.4149,1.3629,1.4014,0.0
2008-12-17,1.3992,1.4438,1.3992,1.4419,0.0
2008-12-18,1.4419,1.4719,1.4182,1.425,0.0
2008-12-19,1.4245,1.4309,1.3824,1.3907,0.0
2008-12-22,1.3906,1.4126,1.3902,1.3935,0.0
2008-12-23,1.3941,1.4021,1.3921,1.3926,0.0
2008-12-24,1.3925,1.4019,1.3915,1.4009,0.0
2008-12-25,1.4012,1.4047,1.3982,1.4026,0.0
2008-12-26,1.4009,1.412,1.399,1.4026,0.0
2008-12-29,1.4028,1.4363,1.3921,1.3924,0.0
2008-12-30,1.3923,1.4222,1.3917,1.4057,0.0
2008-12-31,1.4057,1.4148,1.3852,1.3971,0.0
2009-01-01,1.3968,1.4069,1.3962,1.4028,0.0
2009-01-02,1.4045,1.4057,1.384,1.3916,0.0
2009-01-05,1.3919,1.3963,1.3546,1.3629,0.0
2009-01-06,1.3631,1.3659,1.3312,1.3509,0.0
2009-01-07,1.3535,1.3747,1.3431,1.3644,0.0
2009-01-08,1.3645,1.3799,1.3534,1.3704,0.0
2009-01-09,1.3699,1.3752,1.3416,1.3463,0.0
2009-01-12,1.3472,1.3491,1.329,1.3374,0.0
2009-01-13,1.3357,1.3374,1.314,1.3186,0.0
2009-01-14,1.318,1.3338,1.3094,1.3192,0.0
2009-01-15,1.3188,1.3242,1.3026,1.3122,0.0
2009-01-16,1.3108,1.3343,1.3108,1.3268,0.0
2009-01-19,1.3265,1.3386,1.3069,1.3069,0.0
2009-01-20,1.3065,1.3104,1.2857,1.2905,0.0
2009-01-21,1.29,1.3086,1.2825,1.3028,0.0
2009-01-22,1.3022,1.3083,1.2908,1.3,0.0
2009-01-23,1.3,1.3035,1.2765,1.2958,0.0
2009-01-26,1.2972,1.3208,1.2862,1.3186,0.0
2009-01-27,1.3187,1.3329,1.3119,1.3166,0.0
2009-01-28,1.316,1.3328,1.3103,1.3165,0.0
2009-01-29,1.3165,1.3179,1.2933,1.2951,0.0
2009-01-30,1.2952,1.2961,1.2764,1.2809,0.0
2009-02-02,1.281,1.2853,1.2707,1.2814,0.0
2009-02-03,1.2844,1.3058,1.2801,1.3037,0.0
2009-02-04,1.304,1.3071,1.2813,1.2847,0.0
2009-02-05,1.2845,1.2906,1.276,1.2786,0.0
2009-02-06,1.2791,1.2993,1.2748,1.2937,0.0
2009-02-09,1.2939,1.3094,1.2874,1.3002,0.0
2009-02-10,1.3002,1.3074,1.2811,1.291,0.0
2009-02-11,1.291,1.2998,1.2834,1.2906,0.0
2009-02-12,1.2904,1.2944,1.2722,1.2863,0.0
2009-02-13,1.2861,1.2943,1.2821,1.286,0.0
2009-02-16,1.286,1.2891,1.2727,1.2808,0.0
2009-02-17,1.2801,1.2805,1.2563,1.258,0.0
2009-02-18,1.2581,1.264,1.2513,1.2528,0.0
2009-02-19,1.2528,1.2761,1.2528,1.2673,0.0
2009-02-20,1.2672,1.2884,1.2558,1.2825,0.0
2009-02-23,1.2823,1.2992,1.2713,1.2752,0.0
2009-02-24,1.2692,1.2877,1.2663,1.2844,0.0
2009-02-25,1.2843,1.29,1.269,1.2723,0.0
2009-02-26,1.2722,1.2811,1.2683,1.2737,0.0
2009-02-27,1.2745,1.2751,1.2604,1.2672,0.0
2009-03-02,1.2669,1.2676,1.2546,1.2577,0.0
2009-03-03,1.2576,1.2679,1.2521,1.2559,0.0
2009-03-04,1.2558,1.2663,1.2457,1.2655,0.0
2009-03-05,1.2658,1.2664,1.248,1.2541,0.0
2009-03-06,1.2537,1.2754,1.2533,1.2646,0.0
2009-03-09,1.2652,1.2727,1.2556,1.2601,0.0
2009-03-10,1.2604,1.2822,1.2579,1.268,0.0
2009-03-11,1.2678,1.2865,1.2617,1.2845,0.0
2009-03-12,1.2844,1.2946,1.2732,1.2913,0.0
2009-03-13,1.2899,1.2957,1.2862,1.2927,0.0
2009-03-16,1.2927,1.3071,1.2833,1.2973,0.0
2009-03-17,1.2978,1.3033,1.2932,1.3012,0.0
2009-03-18,1.3015,1.3536,1.2985,1.3508,0.0
2009-03-19,1.3509,1.3739,1.3417,1.3665,0.0
2009-03-20,1.3665,1.3726,1.3517,1.3579,0.0
2009-03-23,1.3579,1.3736,1.3486,1.362,0.0
2009-03-24,1.3617,1.3678,1.3432,1.3471,0.0
2009-03-25,1.3469,1.3651,1.3419,1.3576,0.0
2009-03-26,1.3576,1.3642,1.3495,1.3527,0.0
2009-03-27,1.3527,1.3592,1.3257,1.3286,0.0
2009-03-30,1.3289,1.3296,1.3113,1.3199,0.0
2009-03-31,1.3201,1.3343,1.3174,1.3243,0.0
2009-04-01,1.3241,1.3287,1.3167,1.3232,0.0
2009-04-02,1.3231,1.3517,1.323,1.3467,0.0
2009-04-03,1.3463,1.3497,1.3365,1.3482,0.0
2009-04-06,1.3482,1.3582,1.3358,1.3399,0.0
2009-04-07,1.3399,1.3408,1.3227,1.3264,0.0
2009-04-08,1.3267,1.331,1.3148,1.3265,0.0
2009-04-09,1.3265,1.3336,1.3127,1.3162,0.0
2009-04-10,1.3157,1.3193,1.3089,1.3187,0.0
2009-04-13,1.3185,1.3393,1.3127,1.3366,0.0
2009-04-14,1.3367,1.3381,1.3226,1.3265,0.0
2009-04-15,1.326,1.3297,1.3146,1.3214,0.0
2009-04-16,1.3209,1.3269,1.3127,1.3174,0.0
2009-04-17,1.3175,1.3198,1.3018,1.3041,0.0
2009-04-20,1.3044,1.3076,1.2888,1.2922,0.0
2009-04-21,1.2922,1.2996,1.2897,1.2943,0.0
2009-04-22,1.2949,1.3038,1.2886,1.3002,0.0
2009-04-23,1.3004,1.3161,1.298,1.3133,0.0
2009-04-24,1.3134,1.3301,1.3113,1.3242,0.0
2009-04-27,1.3152,1.3256,1.3,1.3016,0.0
2009-04-28,1.3017,1.3166,1.2965,1.3135,0.0
2009-04-29,1.3135,1.334,1.3121,1.3253,0.0
2009-04-30,1.3252,1.3387,1.3192,1.3223,0.0
2009-05-01,1.3223,1.3329,1.3219,1.3272,0.0
2009-05-04,1.3273,1.3426,1.3211,1.3413,0.0
2009-05-05,1.3414,1.3438,1.3283,1.331,0.0
2009-05-06,1.3308,1.3374,1.3247,1.3315,0.0
2009-05-07,1.3311,1.347,1.3252,1.3391,0.0
2009-05-08,1.3387,1.3653,1.3341,1.3639,0.0
2009-05-11,1.3632,1.3669,1.3556,1.3576,0.0
2009-05-12,1.3575,1.3707,1.3564,1.3644,0.0
2009-05-13,1.3644,1.3722,1.3566,1.3593,0.0
2009-05-14,1.359,1.3665,1.3526,1.3634,0.0
2009-05-15,1.3633,1.3651,1.3462,1.3494,0.0
2009-05-18,1.3489,1.3564,1.3424,1.3552,0.0
2009-05-19,1.3555,1.3668,1.3531,1.3626,0.0
2009-05-20,1.3627,1.3831,1.3584,1.381,0.0
2009-05-21,1.3764,1.3924,1.3728,1.39,0.0
2009-05-22,1.3902,1.4051,1.3899,1.399,0.0
2009-05-25,1.4001,1.4047,1.3959,1.4014,0.0
2009-05-26,1.4014,1.4023,1.386,1.3985,0.0
2009-05-27,1.3989,1.4001,1.3822,1.3835,0.0
2009-05-28,1.3835,1.3986,1.3793,1.3932,0.0
2009-05-29,1.3931,1.417,1.3926,1.4153,0.0
2009-06-01,1.4158,1.4247,1.4099,1.415,0.0
2009-06-02,1.415,1.4333,1.4102,1.4306,0.0
2009-06-03,1.4305,1.434,1.4109,1.4137,0.0
2009-06-04,1.4147,1.4242,1.4071,1.4175,0.0
2009-06-05,1.4175,1.4267,1.3933,1.3962,0.0
2009-06-08,1.3967,1.4002,1.3805,1.3894,0.0
2009-06-09,1.3903,1.4102,1.3853,1.4076,0.0
2009-06-10,1.407,1.4144,1.3916,1.3966,0.0
2009-06-11,1.3966,1.4178,1.3943,1.4093,0.0
2009-06-12,1.4094,1.4129,1.3936,1.4014,0.0
2009-06-15,1.4015,1.4033,1.3756,1.3783,0.0
2009-06-16,1.3786,1.3933,1.3749,1.3833,0.0
2009-06-17,1.3835,1.3986,1.3807,1.3938,0.0
2009-06-18,1.3941,1.4002,1.387,1.3901,0.0
2009-06-19,1.3904,1.4012,1.3883,1.3932,0.0
2009-06-22,1.3939,1.3963,1.3826,1.3856,0.0
2009-06-23,1.3856,1.4108,1.3829,1.4073,0.0
2009-06-24,1.4074,1.4138,1.3889,1.3931,0.0
2009-06-25,1.3927,1.4015,1.3889,1.3995,0.0
2009-06-26,1.3994,1.412,1.3983,1.4055,0.0
2009-06-29,1.4052,1.4104,1.3983,1.4074,0.0
2009-06-30,1.4073,1.4154,1.4,1.4031,0.0
2009-07-01,1.4034,1.4201,1.4,1.415,0.0
2009-07-02,1.4151,1.4155,1.3928,1.3942,0.0
2009-07-03,1.3951,1.403,1.3943,1.4,0.0
2009-07-06,1.4004,1.4004,1.3877,1.3972,0.0
2009-07-07,1.3973,1.4052,1.3904,1.3916,0.0
2009-07-08,1.3918,1.394,1.3832,1.3873,0.0
2009-07-09,1.3871,1.4074,1.3859,1.4023,0.0
2009-07-10,1.4022,1.403,1.3878,1.3933,0.0
2009-07-13,1.3935,1.4001,1.3898,1.3981,0.0
2009-07-14,1.3984,1.4014,1.3912,1.397,0.0
2009-07-15,1.397,1.4135,1.3964,1.4101,0.0
2009-07-16,1.4099,1.4166,1.4056,1.414,0.0
2009-07-17,1.414,1.415,1.4062,1.4094,0.0
2009-07-20,1.41,1.425,1.4097,1.4227,0.0
2009-07-21,1.4225,1.4277,1.4163,1.421,0.0
2009-07-22,1.4213,1.4257,1.4156,1.4206,0.0
2009-07-23,1.4206,1.4291,1.412,1.4158,0.0
2009-07-24,1.415,1.4253,1.4135,1.4205,0.0
2009-07-27,1.4204,1.4298,1.4172,1.4241,0.0
2009-07-28,1.424,1.4304,1.413,1.4171,0.0
2009-07-29,1.4171,1.4195,1.4006,1.403,0.0
2009-07-30,1.4034,1.4095,1.401,1.4063,0.0
2009-07-31,1.4065,1.428,1.4065,1.4249,0.0
2009-08-03,1.4255,1.4445,1.4207,1.4415,0.0
2009-08-04,1.4419,1.4432,1.4367,1.4395,0.0
2009-08-05,1.4396,1.4449,1.4356,1.4414,0.0
2009-08-06,1.4412,1.4431,1.433,1.4351,0.0
2009-08-07,1.4353,1.4413,1.4154,1.4183,0.0
2009-08-10,1.4182,1.4218,1.4105,1.4143,0.0
2009-08-11,1.4144,1.4185,1.411,1.4146,0.0
2009-08-12,1.4147,1.4247,1.4087,1.42,0.0
2009-08-13,1.4201,1.4327,1.42,1.4276,0.0
2009-08-14,1.4279,1.4306,1.4159,1.4202,0.0
2009-08-17,1.42,1.4202,1.4046,1.4075,0.0
2009-08-18,1.407,1.4155,1.4066,1.4132,0.0
2009-08-19,1.4131,1.4267,1.4085,1.4232,0.0
2009-08-20,1.4234,1.4275,1.4201,1.4245,0.0
2009-08-21,1.4245,1.4378,1.4209,1.4315,0.0
2009-08-24,1.4326,1.4359,1.4281,1.4294,0.0
2009-08-25,1.4298,1.4362,1.4253,1.4299,0.0
2009-08-26,1.4296,1.4352,1.4205,1.424,0.0
2009-08-27,1.4242,1.441,1.422,1.4347,0.0
2009-08-28,1.4348,1.4391,1.4282,1.4302,0.0
2009-08-31,1.4302,1.4369,1.4256,1.4331,0.0
2009-09-01,1.4329,1.438,1.4177,1.4214,0.0
2009-09-02,1.4217,1.4294,1.4189,1.4259,0.0
2009-09-03,1.426,1.4348,1.4236,1.4256,0.0
2009-09-04,1.4259,1.4327,1.4191,1.4292,0.0
2009-09-07,1.4297,1.4363,1.4288,1.4333,0.0
2009-09-08,1.4333,1.4536,1.4329,1.4489,0.0
2009-09-09,1.4494,1.46,1.4466,1.4568,0.0
2009-09-10,1.4563,1.4613,1.4503,1.4577,0.0
2009-09-11,1.4579,1.4635,1.4554,1.4565,0.0
2009-09-14,1.4579,1.4652,1.4515,1.4627,0.0
2009-09-15,1.4626,1.4688,1.4562,1.4658,0.0
2009-09-16,1.466,1.4737,1.4642,1.4709,0.0
2009-09-17,1.4708,1.4767,1.4689,1.474,0.0
2009-09-18,1.4744,1.4745,1.4647,1.4715,0.0
2009-09-21,1.4711,1.4723,1.461,1.4676,0.0
2009-09-22,1.4678,1.4817,1.467,1.4789,0.0
2009-09-23,1.4789,1.4844,1.4708,1.4709,0.0
2009-09-24,1.469,1.4803,1.4628,1.466,0.0
2009-09-25,1.4661,1.4725,1.4615,1.4691,0.0
2009-09-28,1.4688,1.472,1.4565,1.4618,0.0
2009-09-29,1.4612,1.4647,1.4527,1.458,0.0
2009-09-30,1.4584,1.4675,1.4575,1.4634,0.0
2009-10-01,1.4634,1.4668,1.4518,1.4535,0.0
2009-10-02,1.4541,1.4648,1.4481,1.4571,0.0
2009-10-05,1.4575,1.4669,1.4575,1.4646,0.0
2009-10-06,1.4649,1.4762,1.4644,1.4721,0.0
2009-10-07,1.4722,1.4737,1.465,1.4682,0.0
2009-10-08,1.4688,1.4817,1.4683,1.4793,0.0
2009-10-09,1.4791,1.4795,1.4674,1.4724,0.0
2009-10-12,1.4719,1.4813,1.4677,1.4775,0.0
2009-10-13,1.4775,1.4876,1.4762,1.4853,0.0
2009-10-14,1.485,1.4946,1.4839,1.4934,0.0
2009-10-15,1.4933,1.497,1.4843,1.4935,0.0
2009-10-16,1.4935,1.4967,1.4849,1.4904,0.0
2009-10-19,1.4902,1.4981,1.4829,1.4972,0.0
2009-10-20,1.4965,1.4994,1.4883,1.4936,0.0
2009-10-21,1.4936,1.5046,1.4888,1.5005,0.0
2009-10-22,1.5004,1.5038,1.4944,1.5027,0.0
2009-10-23,1.5024,1.506,1.4986,1.5007,0.0
2009-10-26,1.5006,1.5063,1.4845,1.4864,0.0
2009-10-27,1.4867,1.4927,1.4771,1.4809,0.0
2009-10-28,1.4811,1.4841,1.4691,1.4718,0.0
2009-10-29,1.4722,1.4859,1.4684,1.4837,0.0
2009-10-30,1.4836,1.4859,1.4704,1.473,0.0
2009-11-02,1.4718,1.4845,1.4685,1.4774,0.0
2009-11-03,1.4774,1.4811,1.4627,1.4719,0.0
2009-11-04,1.4723,1.4909,1.4703,1.486,0.0
2009-11-05,1.4862,1.4918,1.4811,1.4872,0.0
2009-11-06,1.4869,1.4914,1.4813,1.4844,0.0
2009-11-09,1.4848,1.502,1.4842,1.4997,0.0
2009-11-10,1.4998,1.5021,1.4938,1.4988,0.0
2009-11-11,1.499,1.505,1.4953,1.4983,0.0
2009-11-12,1.4985,1.5016,1.4822,1.4845,0.0
2009-11-13,1.485,1.4938,1.4825,1.4906,0.0
2009-11-16,1.49,1.5016,1.4881,1.4969,0.0
2009-11-17,1.497,1.4999,1.4808,1.4877,0.0
2009-11-18,1.4874,1.499,1.4856,1.4963,0.0
2009-11-19,1.496,1.4965,1.4843,1.4922,0.0
2009-11-20,1.4926,1.4935,1.4801,1.4859,0.0
2009-11-23,1.4859,1.4999,1.4833,1.4962,0.0
2009-11-24,1.496,1.4989,1.4889,1.496,0.0
2009-11-25,1.4967,1.5145,1.4955,1.5137,0.0
2009-11-26,1.5134,1.5142,1.4959,1.5016,0.0
2009-11-27,1.5017,1.5019,1.4829,1.4983,0.0
2009-11-30,1.4983,1.5084,1.4964,1.5006,0.0
2009-12-01,1.5004,1.512,1.4971,1.5082,0.0
2009-12-02,1.508,1.511,1.5033,1.5041,0.0
2009-12-03,1.5043,1.5141,1.5043,1.5052,0.0
2009-12-04,1.5051,1.5091,1.4822,1.4857,0.0
2009-12-07,1.4852,1.4905,1.4756,1.4824,0.0
2009-12-08,1.4826,1.4867,1.4681,1.4701,0.0
2009-12-09,1.4702,1.4782,1.4668,1.4724,0.0
2009-12-10,1.4724,1.476,1.4684,1.4731,0.0
2009-12-11,1.473,1.4777,1.4586,1.4624,0.0
2009-12-14,1.4615,1.4685,1.4598,1.4657,0.0
2009-12-15,1.4656,1.4663,1.4504,1.4533,0.0
2009-12-16,1.4536,1.4591,1.4506,1.4533,0.0
2009-12-17,1.4529,1.4536,1.4304,1.434,0.0
2009-12-18,1.4337,1.4412,1.4262,1.4345,0.0
2009-12-21,1.4338,1.4373,1.4268,1.4278,0.0
2009-12-22,1.4274,1.4332,1.4218,1.4249,0.0
2009-12-23,1.4248,1.4367,1.4234,1.4335,0.0
2009-12-24,1.4338,1.4418,1.4322,1.4375,0.0
2009-12-25,1.4379,1.4437,1.4358,1.4378,0.0
2009-12-28,1.4378,1.4414,1.4353,1.4377,0.0
2009-12-29,1.4379,1.4458,1.4332,1.4352,0.0
2009-12-30,1.435,1.4361,1.4274,1.4338,0.0
2009-12-31,1.4336,1.444,1.4307,1.4324,0.0
2010-01-01,1.4323,1.4348,1.4322,1.4334,0.0
2010-01-04,1.4322,1.4456,1.4258,1.441,0.0
2010-01-05,1.4412,1.4484,1.4346,1.4363,0.0
2010-01-06,1.4365,1.4435,1.4283,1.4411,0.0
2010-01-07,1.4408,1.4447,1.4299,1.431,0.0
2010-01-08,1.4307,1.4439,1.4264,1.4407,0.0
2010-01-11,1.4408,1.4557,1.4396,1.4516,0.0
2010-01-12,1.4511,1.4548,1.4454,1.4485,0.0
2010-01-13,1.4483,1.458,1.4456,1.451,0.0
2010-01-14,1.4509,1.4556,1.4446,1.4501,0.0
2010-01-15,1.4499,1.4512,1.4337,1.4385,0.0
2010-01-18,1.4383,1.44,1.4333,1.4384,0.0
2010-01-19,1.4382,1.4414,1.4253,1.4285,0.0
2010-01-20,1.4286,1.4296,1.408,1.41,0.0
2010-01-21,1.4104,1.4143,1.4028,1.4083,0.0
2010-01-22,1.4081,1.4182,1.4066,1.4134,0.0
2010-01-25,1.4138,1.4194,1.4112,1.4147,0.0
2010-01-26,1.4147,1.4179,1.4043,1.4072,0.0
2010-01-27,1.407,1.4097,1.3993,1.402,0.0
2010-01-28,1.4022,1.4052,1.3934,1.397,0.0
2010-01-29,1.397,1.3987,1.3862,1.3862,0.0
2010-02-01,1.386,1.3938,1.3853,1.393,0.0
2010-02-02,1.3931,1.3975,1.3886,1.3962,0.0
2010-02-03,1.3963,1.4026,1.3886,1.3895,0.0
2010-02-04,1.3893,1.3903,1.3725,1.3726,0.0
2010-02-05,1.3722,1.3746,1.3586,1.3678,0.0
2010-02-08,1.368,1.3717,1.362,1.3646,0.0
2010-02-09,1.3649,1.3839,1.3643,1.3793,0.0
2010-02-10,1.3795,1.3813,1.3677,1.3737,0.0
2010-02-11,1.3737,1.3801,1.3596,1.3691,0.0
2010-02-12,1.3691,1.3695,1.353,1.3631,0.0
2010-02-15,1.363,1.364,1.3578,1.3595,0.0
2010-02-16,1.3599,1.3779,1.3589,1.3765,0.0
2010-02-17,1.3771,1.379,1.3585,1.3605,0.0
2010-02-18,1.3605,1.3655,1.3499,1.3522,0.0
2010-02-19,1.3527,1.3618,1.3444,1.3611,0.0
2010-02-22,1.3611,1.3654,1.3574,1.3596,0.0
2010-02-23,1.3594,1.3692,1.3497,1.3507,0.0
2010-02-24,1.3506,1.3626,1.3502,1.354,0.0
2010-02-25,1.3538,1.3571,1.3451,1.355,0.0
2010-02-26,1.3547,1.3683,1.3531,1.3626,0.0
2010-03-01,1.363,1.3664,1.3461,1.3561,0.0
2010-03-02,1.3559,1.3622,1.3434,1.3614,0.0
2010-03-03,1.3614,1.3736,1.3593,1.3695,0.0
2010-03-04,1.3695,1.3713,1.3552,1.3579,0.0
2010-03-05,1.358,1.3631,1.353,1.3622,0.0
2010-03-08,1.3626,1.3705,1.3606,1.3632,0.0
2010-03-09,1.3633,1.3635,1.3538,1.3599,0.0
2010-03-10,1.3601,1.368,1.3545,1.3659,0.0
2010-03-11,1.3651,1.3687,1.3621,1.3679,0.0
2010-03-12,1.3679,1.38,1.3667,1.3767,0.0
2010-03-15,1.3767,1.3784,1.364,1.3675,0.0
2010-03-16,1.3674,1.3783,1.3656,1.3771,0.0
2010-03-17,1.3772,1.3818,1.3727,1.3735,0.0
2010-03-18,1.3733,1.3741,1.3587,1.3604,0.0
2010-03-19,1.3604,1.3627,1.3503,1.3529,0.0
2010-03-22,1.3527,1.3568,1.3463,1.3566,0.0
2010-03-23,1.3566,1.357,1.3476,1.3493,0.0
2010-03-24,1.3494,1.3501,1.3306,1.3321,0.0
2010-03-25,1.3322,1.3387,1.3268,1.3285,0.0
2010-03-26,1.3286,1.3425,1.3268,1.3407,0.0
2010-03-29,1.3411,1.3525,1.3405,1.3475,0.0
2010-03-30,1.3473,1.3537,1.3396,1.3416,0.0
2010-03-31,1.342,1.3546,1.3385,1.3506,0.0
2010-04-01,1.3507,1.3585,1.3458,1.3566,0.0
2010-04-02,1.3571,1.3583,1.3472,1.3502,0.0
2010-04-05,1.3491,1.3538,1.3457,1.3482,0.0
2010-04-06,1.3483,1.3497,1.3353,1.3394,0.0
2010-04-07,1.3394,1.3409,1.3324,1.3336,0.0
2010-04-08,1.334,1.3366,1.3279,1.3357,0.0
2010-04-09,1.3355,1.3501,1.3337,1.3499,0.0
2010-04-12,1.3628,1.3692,1.3563,1.3584,0.0
2010-04-13,1.3585,1.3627,1.3543,1.3615,0.0
2010-04-14,1.3613,1.368,1.3593,1.365,0.0
2010-04-15,1.3649,1.3667,1.3517,1.3581,0.0
2010-04-16,1.3578,1.3581,1.3469,1.3502,0.0
2010-04-19,1.3473,1.3498,1.3413,1.3488,0.0
2010-04-20,1.3487,1.3523,1.3425,1.344,0.0
2010-04-21,1.3442,1.345,1.3356,1.3386,0.0
2010-04-22,1.3388,1.3421,1.3257,1.3287,0.0
2010-04-23,1.3284,1.34,1.3198,1.3384,0.0
2010-04-26,1.3344,1.3416,1.3289,1.3391,0.0
2010-04-27,1.339,1.3414,1.3142,1.3165,0.0
2010-04-28,1.316,1.3266,1.3112,1.3205,0.0
2010-04-29,1.3203,1.3279,1.3181,1.3242,0.0
2010-04-30,1.3244,1.3343,1.3222,1.329,0.0
2010-05-03,1.3327,1.333,1.3154,1.3187,0.0
2010-05-04,1.3189,1.3214,1.2961,1.2969,0.0
2010-05-05,1.2972,1.2996,1.2785,1.2816,0.0
2010-05-06,1.2818,1.2857,1.2518,1.2631,0.0
2010-05-07,1.2628,1.2798,1.2583,1.2752,0.0
2010-05-10,1.2838,1.3094,1.2756,1.2786,0.0
2010-05-11,1.2786,1.2803,1.2624,1.2633,0.0
2010-05-12,1.2632,1.274,1.2602,1.2629,0.0
2010-05-13,1.2627,1.2684,1.2514,1.2523,0.0
2010-05-14,1.2522,1.2576,1.2351,1.2358,0.0
2010-05-17,1.2348,1.2414,1.2232,1.2398,0.0
2010-05-18,1.2397,1.2445,1.2156,1.2173,0.0
2010-05-19,1.2173,1.2431,1.2141,1.2424,0.0
2010-05-20,1.2421,1.2598,1.2295,1.2464,0.0
2010-05-21,1.2468,1.2673,1.2459,1.257,0.0
2010-05-24,1.2505,1.2517,1.233,1.2345,0.0
2010-05-25,1.2345,1.2388,1.2175,1.2371,0.0
2010-05-26,1.237,1.2372,1.215,1.2157,0.0
2010-05-27,1.216,1.2395,1.2151,1.2353,0.0
2010-05-28,1.2357,1.2453,1.2262,1.2281,0.0
2010-05-31,1.2278,1.2334,1.2264,1.2307,0.0
2010-06-01,1.2306,1.2354,1.2108,1.2209,0.0
2010-06-02,1.2213,1.2273,1.2173,1.2245,0.0
2010-06-03,1.2248,1.2327,1.2149,1.2164,0.0
2010-06-04,1.2161,1.2216,1.1947,1.1966,0.0
2010-06-07,1.1944,1.1991,1.1874,1.1916,0.0
2010-06-08,1.1916,1.201,1.1899,1.1964,0.0
2010-06-09,1.1964,1.2073,1.192,1.1984,0.0
2010-06-10,1.1984,1.2143,1.1954,1.2106,0.0
2010-06-11,1.2108,1.2153,1.2043,1.2111,0.0
2010-06-14,1.2118,1.23,1.2112,1.2213,0.0
2010-06-15,1.2212,1.235,1.2163,1.2325,0.0
2010-06-16,1.2322,1.2354,1.2252,1.2301,0.0
2010-06-17,1.2298,1.2412,1.2239,1.2377,0.0
2010-06-18,1.238,1.2416,1.235,1.2387,0.0
2010-06-21,1.2426,1.2467,1.2302,1.2314,0.0
2010-06-22,1.2324,1.2354,1.2249,1.2269,0.0
2010-06-23,1.2267,1.2343,1.2207,1.231,0.0
2010-06-24,1.2311,1.2388,1.2259,1.2328,0.0
2010-06-25,1.2328,1.2395,1.225,1.2374,0.0
2010-06-28,1.2377,1.2398,1.2263,1.2281,0.0
2010-06-29,1.2275,1.2291,1.2148,1.2187,0.0
2010-06-30,1.219,1.2304,1.2164,1.2234,0.0
2010-07-01,1.2233,1.254,1.2191,1.2515,0.0
2010-07-02,1.2518,1.2611,1.248,1.255,0.0
2010-07-05,1.2554,1.2563,1.2506,1.2537,0.0
2010-07-06,1.2537,1.2662,1.2478,1.2625,0.0
2010-07-07,1.2625,1.2664,1.2551,1.263,0.0
2010-07-08,1.2631,1.2712,1.2617,1.2689,0.0
2010-07-09,1.2694,1.2722,1.2606,1.2641,0.0
2010-07-12,1.264,1.2648,1.2547,1.2586,0.0
2010-07-13,1.2588,1.2738,1.2521,1.2726,0.0
2010-07-14,1.2727,1.2778,1.268,1.2741,0.0
2010-07-15,1.2743,1.2955,1.2705,1.2934,0.0
2010-07-16,1.293,1.3007,1.2887,1.2929,0.0
2010-07-19,1.2904,1.2992,1.2868,1.2948,0.0
2010-07-20,1.2947,1.3028,1.2837,1.289,0.0
2010-07-21,1.289,1.2913,1.2729,1.2754,0.0
2010-07-22,1.2754,1.2933,1.2734,1.2885,0.0
2010-07-23,1.2887,1.2965,1.2792,1.2902,0.0
2010-07-26,1.2896,1.3006,1.2874,1.2987,0.0
2010-07-27,1.2988,1.3046,1.2948,1.3,0.0
2010-07-28,1.3,1.3042,1.2964,1.2987,0.0
2010-07-29,1.2989,1.3107,1.2976,1.3081,0.0
2010-07-30,1.3078,1.3092,1.2978,1.305,0.0
2010-08-02,1.3061,1.3195,1.305,1.3175,0.0
2010-08-03,1.3174,1.3254,1.3145,1.3225,0.0
2010-08-04,1.3225,1.324,1.313,1.3154,0.0
2010-08-05,1.3154,1.3235,1.3117,1.3184,0.0
2010-08-06,1.3183,1.3334,1.3154,1.3279,0.0
2010-08-09,1.3292,1.3308,1.3213,1.3225,0.0
2010-08-10,1.3225,1.3231,1.3072,1.3175,0.0
2010-08-11,1.3174,1.3187,1.2827,1.2845,0.0
2010-08-12,1.2843,1.2932,1.2778,1.2826,0.0
2010-08-13,1.2839,1.2906,1.2746,1.2751,0.0
2010-08-16,1.2765,1.2871,1.2731,1.2821,0.0
2010-08-17,1.2822,1.2916,1.2801,1.2879,0.0
2010-08-18,1.2879,1.2922,1.282,1.2852,0.0
2010-08-19,1.2853,1.2902,1.277,1.2816,0.0
2010-08-20,1.2815,1.2833,1.2661,1.2705,0.0
2010-08-23,1.2704,1.273,1.2644,1.2649,0.0
2010-08-24,1.2648,1.2719,1.2584,1.263,0.0
2010-08-25,1.263,1.2726,1.2604,1.2662,0.0
2010-08-26,1.2664,1.2764,1.2647,1.2716,0.0
2010-08-27,1.2714,1.2779,1.2674,1.2761,0.0
2010-08-30,1.2764,1.2769,1.2654,1.2663,0.0
2010-08-31,1.2662,1.2743,1.2622,1.2688,0.0
2010-09-01,1.2688,1.2855,1.266,1.2803,0.0
2010-09-02,1.2803,1.2848,1.2774,1.2825,0.0
2010-09-03,1.2824,1.2899,1.2806,1.2895,0.0
2010-09-06,1.2893,1.2919,1.2864,1.2874,0.0
2010-09-07,1.2874,1.2876,1.2674,1.2683,0.0
2010-09-08,1.2682,1.2763,1.2657,1.2723,0.0
2010-09-09,1.2719,1.2766,1.266,1.2698,0.0
2010-09-10,1.2697,1.2747,1.2641,1.2671,0.0
2010-09-13,1.2706,1.2892,1.2701,1.2878,0.0
2010-09-14,1.2876,1.3033,1.2827,1.2986,0.0
2010-09-15,1.2987,1.304,1.2952,1.3009,0.0
2010-09-16,1.3012,1.3117,1.2972,1.3074,0.0
2010-09-17,1.3074,1.3159,1.3018,1.3055,0.0
2010-09-20,1.305,1.3121,1.3026,1.3062,0.0
2010-09-21,1.3063,1.3286,1.3053,1.3249,0.0
2010-09-22,1.325,1.344,1.3245,1.3399,0.0
2010-09-23,1.34,1.3413,1.3303,1.3314,0.0
2010-09-24,1.3313,1.3495,1.3284,1.3485,0.0
2010-09-27,1.3479,1.3506,1.3422,1.344,0.0
2010-09-28,1.344,1.3596,1.3378,1.3584,0.0
2010-09-29,1.3583,1.3646,1.3563,1.3621,0.0
2010-09-30,1.3622,1.3683,1.3558,1.3627,0.0
2010-10-01,1.3629,1.3792,1.3615,1.3792,0.0
2010-10-04,1.3788,1.379,1.3663,1.3673,0.0
2010-10-05,1.3673,1.3859,1.3635,1.3836,0.0
2010-10-06,1.3834,1.3948,1.3797,1.3925,0.0
2010-10-07,1.3923,1.4029,1.3854,1.392,0.0
2010-10-08,1.3915,1.3984,1.3832,1.394,0.0
2010-10-11,1.4001,1.4007,1.3863,1.3883,0.0
2010-10-12,1.3882,1.3936,1.3772,1.3915,0.0
2010-10-13,1.3914,1.4001,1.3908,1.3959,0.0
2010-10-14,1.396,1.4122,1.3951,1.4081,0.0
2010-10-15,1.4078,1.4157,1.3936,1.3977,0.0
2010-10-18,1.3972,1.3999,1.3827,1.3949,0.0
2010-10-19,1.3946,1.4005,1.3711,1.3739,0.0
2010-10-20,1.3741,1.3991,1.3696,1.3956,0.0
2010-10-21,1.3956,1.405,1.387,1.3923,0.0
2010-10-22,1.3925,1.3971,1.3857,1.3954,0.0
2010-10-25,1.3951,1.408,1.3931,1.3954,0.0
2010-10-26,1.3954,1.3982,1.3821,1.3858,0.0
2010-10-27,1.386,1.3879,1.3732,1.3773,0.0
2010-10-28,1.3771,1.3945,1.3765,1.393,0.0
2010-10-29,1.3926,1.3952,1.3804,1.3944,0.0
2010-11-01,1.3963,1.4011,1.3861,1.3895,0.0
2010-11-02,1.3895,1.4058,1.3879,1.403,0.0
2010-11-03,1.4031,1.4183,1.3988,1.4129,0.0
2010-11-04,1.4131,1.4282,1.4099,1.4216,0.0
2010-11-05,1.4215,1.4249,1.4021,1.403,0.0
2010-11-08,1.4055,1.4085,1.3885,1.392,0.0
2010-11-09,1.392,1.3973,1.3749,1.3771,0.0
2010-11-10,1.3771,1.3825,1.3669,1.3782,0.0
2010-11-11,1.3781,1.3821,1.3634,1.3666,0.0
2010-11-12,1.3664,1.3776,1.357,1.369,0.0
2010-11-15,1.3704,1.3751,1.3561,1.3584,0.0
2010-11-16,1.3586,1.3656,1.3445,1.3489,0.0
2010-11-17,1.3489,1.3566,1.3458,1.3528,0.0
2010-11-18,1.3528,1.3668,1.3522,1.364,0.0
2010-11-19,1.364,1.3731,1.3606,1.3668,0.0
2010-11-22,1.3715,1.3786,1.3575,1.3627,0.0
2010-11-23,1.3627,1.3633,1.3357,1.3365,0.0
2010-11-24,1.3367,1.3421,1.3282,1.3332,0.0
2010-11-25,1.3335,1.3388,1.3284,1.3359,0.0
2010-11-26,1.3358,1.3362,1.3198,1.324,0.0
2010-11-29,1.3281,1.3302,1.306,1.3132,0.0
2010-11-30,1.3125,1.315,1.2966,1.2984,0.0
2010-12-01,1.3001,1.3181,1.2968,1.3136,0.0
2010-12-02,1.3139,1.325,1.3056,1.3209,0.0
2010-12-03,1.3208,1.3438,1.3191,1.3414,0.0
2010-12-06,1.3384,1.3422,1.3244,1.3305,0.0
2010-12-07,1.3306,1.34,1.3253,1.326,0.0
2010-12-08,1.3261,1.328,1.3177,1.3259,0.0
2010-12-09,1.3261,1.3323,1.3162,1.3237,0.0
2010-12-10,1.3237,1.3283,1.3176,1.3222,0.0
2010-12-13,1.3198,1.3433,1.3178,1.3389,0.0
2010-12-14,1.3388,1.3497,1.3361,1.3376,0.0
2010-12-15,1.3375,1.3382,1.3205,1.3211,0.0
2010-12-16,1.3213,1.3266,1.3178,1.3241,0.0
2010-12-17,1.3241,1.3359,1.313,1.3187,0.0
2010-12-20,1.3185,1.3187,1.3092,1.3128,0.0
2010-12-21,1.3128,1.3202,1.3072,1.31,0.0
2010-12-22,1.3101,1.3181,1.3075,1.3098,0.0
2010-12-23,1.3098,1.3153,1.305,1.3113,0.0
2010-12-24,1.3113,1.3148,1.3086,1.3121,0.0
2010-12-27,1.3114,1.317,1.307,1.3163,0.0
2010-12-28,1.3164,1.3276,1.309,1.3114,0.0
2010-12-29,1.3114,1.3239,1.308,1.3224,0.0
2010-12-30,1.3224,1.3315,1.3211,1.3287,0.0
2010-12-31,1.3288,1.3424,1.3282,1.3385,0.0
2011-01-03,1.3285,1.3395,1.3247,1.336,0.0
2011-01-04,1.3359,1.3434,1.329,1.3307,0.0
2011-01-05,1.3307,1.3325,1.3123,1.3149,0.0
2011-01-06,1.315,1.317,1.2995,1.3002,0.0
2011-01-07,1.3001,1.3021,1.2899,1.2905,0.0
2011-01-10,1.2877,1.2964,1.287,1.2949,0.0
2011-01-11,1.2949,1.2993,1.2903,1.2973,0.0
2011-01-12,1.2971,1.3145,1.2959,1.3134,0.0
2011-01-13,1.3132,1.3383,1.3085,1.3363,0.0
2011-01-14,1.3363,1.3457,1.3313,1.3386,0.0
2011-01-17,1.3383,1.3384,1.3242,1.3293,0.0
2011-01-18,1.3293,1.3466,1.325,1.3386,0.0
2011-01-19,1.3386,1.3539,1.3365,1.3473,0.0
2011-01-20,1.3446,1.3523,1.3394,1.3471,0.0
2011-01-21,1.3468,1.3625,1.3446,1.3619,0.0
2011-01-24,1.364,1.3686,1.3537,1.3638,0.0
2011-01-25,1.3637,1.3704,1.357,1.3681,0.0
2011-01-26,1.3682,1.3722,1.3639,1.3712,0.0
2011-01-27,1.3712,1.3758,1.3635,1.3732,0.0
2011-01-28,1.3733,1.3746,1.3581,1.3609,0.0
2011-01-31,1.3586,1.3739,1.3568,1.3692,0.0
2011-02-01,1.3691,1.3842,1.3686,1.3829,0.0
2011-02-02,1.3828,1.3861,1.3765,1.3808,0.0
2011-02-03,1.3807,1.3825,1.3607,1.363,0.0
2011-02-04,1.3632,1.3673,1.354,1.3582,0.0
2011-02-07,1.3562,1.3626,1.3506,1.3583,0.0
2011-02-08,1.3582,1.3688,1.357,1.3624,0.0
2011-02-09,1.3625,1.3744,1.3608,1.3733,0.0
2011-02-10,1.3731,1.3736,1.3575,1.3599,0.0
2011-02-11,1.3599,1.3621,1.3495,1.3547,0.0
2011-02-14,1.3506,1.3558,1.3426,1.3485,0.0
2011-02-15,1.3488,1.3551,1.3459,1.3485,0.0
2011-02-16,1.3484,1.3588,1.346,1.3569,0.0
2011-02-17,1.3568,1.3619,1.3533,1.3607,0.0
2011-02-18,1.3608,1.3715,1.3543,1.3693,0.0
2011-02-21,1.3699,1.3716,1.3644,1.3674,0.0
2011-02-22,1.3677,1.3704,1.3523,1.3651,0.0
2011-02-23,1.3649,1.379,1.3644,1.3744,0.0
2011-02-24,1.3746,1.3821,1.3702,1.3799,0.0
2011-02-25,1.3798,1.3838,1.372,1.3748,0.0
2011-02-28,1.3754,1.3856,1.3709,1.3804,0.0
2011-03-01,1.3822,1.3854,1.376,1.3776,0.0
2011-03-02,1.3776,1.389,1.3741,1.3866,0.0
2011-03-03,1.386,1.3972,1.383,1.3966,0.0
2011-03-04,1.3968,1.4006,1.394,1.3986,0.0
2011-03-07,1.3989,1.4036,1.3951,1.3968,0.0
2011-03-08,1.3968,1.399,1.386,1.3904,0.0
2011-03-09,1.3903,1.3942,1.3855,1.3907,0.0
2011-03-10,1.3907,1.3925,1.3772,1.3797,0.0
2011-03-11,1.3797,1.3915,1.375,1.3901,0.0
2011-03-14,1.3969,1.4003,1.39,1.399,0.0
2011-03-15,1.3988,1.4013,1.3853,1.3996,0.0
2011-03-16,1.3999,1.4001,1.3864,1.3927,0.0
2011-03-17,1.393,1.4052,1.3867,1.4016,0.0
2011-03-18,1.4018,1.4184,1.3977,1.418,0.0
2011-03-21,1.4173,1.424,1.4137,1.4218,0.0
2011-03-22,1.4217,1.425,1.4175,1.4195,0.0
2011-03-23,1.4198,1.4215,1.4074,1.4093,0.0
2011-03-24,1.4097,1.422,1.405,1.417,0.0
2011-03-25,1.4172,1.4193,1.4051,1.4085,0.0
2011-03-28,1.4043,1.4115,1.4018,1.4082,0.0
2011-03-29,1.4082,1.415,1.4046,1.4109,0.0
2011-03-30,1.4109,1.4147,1.405,1.4126,0.0
2011-03-31,1.4124,1.4233,1.4113,1.4169,0.0
2011-04-01,1.4173,1.4245,1.406,1.4231,0.0
2011-04-04,1.4228,1.4268,1.419,1.422,0.0
2011-04-05,1.4211,1.4245,1.4151,1.422,0.0
2011-04-06,1.422,1.4349,1.4214,1.433,0.0
2011-04-07,1.433,1.4336,1.4242,1.4302,0.0
2011-04-08,1.4304,1.4488,1.4287,1.4479,0.0
2011-04-11,1.4451,1.4483,1.4418,1.4431,0.0
2011-04-12,1.4434,1.452,1.4375,1.4477,0.0
2011-04-13,1.4475,1.452,1.4411,1.444,0.0
2011-04-14,1.4441,1.4515,1.4363,1.4486,0.0
2011-04-15,1.4486,1.4503,1.4389,1.4429,0.0
2011-04-18,1.4416,1.4421,1.4155,1.4225,0.0
2011-04-19,1.423,1.4353,1.4203,1.4335,0.0
2011-04-20,1.4332,1.4547,1.4325,1.4521,0.0
2011-04-21,1.4518,1.465,1.4502,1.4553,0.0
2011-04-22,1.4553,1.4589,1.4531,1.4559,0.0
2011-04-25,1.4563,1.4627,1.4522,1.4579,0.0
2011-04-26,1.4579,1.4657,1.4491,1.4645,0.0
2011-04-27,1.4644,1.4795,1.463,1.4771,0.0
2011-04-28,1.4771,1.4882,1.4768,1.4824,0.0
2011-04-29,1.4823,1.488,1.4797,1.4809,0.0
2011-05-02,1.4826,1.4901,1.4762,1.4822,0.0
2011-05-03,1.4822,1.489,1.475,1.4821,0.0
2011-05-04,1.482,1.494,1.4772,1.4827,0.0
2011-05-05,1.4827,1.49,1.4507,1.4541,0.0
2011-05-06,1.4541,1.4588,1.4306,1.4321,0.0
2011-05-09,1.4362,1.4442,1.4252,1.4352,0.0
2011-05-10,1.4355,1.4414,1.4267,1.4409,0.0
2011-05-11,1.4409,1.4423,1.4168,1.4199,0.0
2011-05-12,1.4201,1.4277,1.412,1.4241,0.0
2011-05-13,1.4241,1.4339,1.4064,1.411,0.0
2011-05-16,1.4076,1.4246,1.4045,1.416,0.0
2011-05-17,1.416,1.424,1.4119,1.4236,0.0
2011-05-18,1.4237,1.4288,1.4192,1.425,0.0
2011-05-19,1.4251,1.4325,1.4204,1.4308,0.0
2011-05-20,1.4313,1.4345,1.4129,1.4156,0.0
2011-05-23,1.4133,1.4144,1.3966,1.4044,0.0
2011-05-24,1.4047,1.4134,1.3998,1.4102,0.0
2011-05-25,1.4102,1.4118,1.401,1.408,0.0
2011-05-26,1.4083,1.4206,1.4065,1.4133,0.0
2011-05-27,1.4134,1.4324,1.4122,1.431,0.0
2011-05-30,1.4308,1.4312,1.4255,1.4286,0.0
2011-05-31,1.4285,1.4424,1.4284,1.4394,0.0
2011-06-01,1.4412,1.446,1.4305,1.433,0.0
2011-06-02,1.4328,1.4513,1.4322,1.4491,0.0
2011-06-03,1.449,1.4642,1.4449,1.4636,0.0
2011-06-06,1.463,1.466,1.4555,1.4578,0.0
2011-06-07,1.4578,1.4696,1.456,1.4686,0.0
2011-06-08,1.4688,1.4693,1.4562,1.4578,0.0
2011-06-09,1.4579,1.4652,1.4476,1.4513,0.0
2011-06-10,1.4511,1.455,1.4321,1.4346,0.0
2011-06-13,1.4331,1.443,1.4319,1.4415,0.0
2011-06-14,1.4417,1.4497,1.4376,1.4442,0.0
2011-06-15,1.4442,1.4451,1.4153,1.4164,0.0
2011-06-16,1.4167,1.422,1.407,1.4212,0.0
2011-06-17,1.4215,1.4339,1.4125,1.43,0.0
2011-06-20,1.4276,1.4327,1.4189,1.4308,0.0
2011-06-21,1.4308,1.4433,1.43,1.4401,0.0
2011-06-22,1.4387,1.4442,1.4329,1.4336,0.0
2011-06-23,1.4334,1.4337,1.4124,1.4262,0.0
2011-06-24,1.4265,1.4306,1.414,1.4186,0.0
2011-06-27,1.4186,1.4293,1.41,1.4286,0.0
2011-06-28,1.4285,1.4396,1.4235,1.4367,0.0
2011-06-29,1.4367,1.4448,1.4328,1.4432,0.0
2011-06-30,1.4433,1.4537,1.4425,1.4491,0.0
2011-07-01,1.4473,1.4551,1.4436,1.4523,0.0
2011-07-04,1.4537,1.4577,1.4494,1.454,0.0
2011-07-05,1.4539,1.4553,1.4397,1.4421,0.0
2011-07-06,1.4423,1.4466,1.4286,1.4316,0.0
2011-07-07,1.4315,1.4374,1.4219,1.4359,0.0
2011-07-08,1.4358,1.4369,1.4205,1.4264,0.0
2011-07-11,1.4221,1.4227,1.3985,1.4045,0.0
2011-07-12,1.4043,1.4061,1.3837,1.3967,0.0
2011-07-13,1.3966,1.4241,1.3949,1.4233,0.0
2011-07-14,1.4226,1.4282,1.4114,1.4146,0.0
2011-07-15,1.4143,1.4199,1.4091,1.4149,0.0
2011-07-18,1.4127,1.4134,1.4013,1.4103,0.0
2011-07-19,1.4103,1.4217,1.4067,1.4153,0.0
2011-07-20,1.4153,1.4239,1.4131,1.422,0.0
2011-07-21,1.422,1.4438,1.4138,1.4418,0.0
2011-07-22,1.4421,1.4437,1.4323,1.4354,0.0
2011-07-25,1.4399,1.4406,1.4323,1.4377,0.0
2011-07-26,1.4377,1.4525,1.4356,1.4511,0.0
2011-07-27,1.451,1.4536,1.4338,1.4368,0.0
2011-07-28,1.4366,1.44,1.4252,1.4327,0.0
2011-07-29,1.4326,1.4413,1.4228,1.4398,0.0
2011-08-01,1.4358,1.4453,1.4183,1.4253,0.0
2011-08-02,1.4255,1.4283,1.415,1.4189,0.0
2011-08-03,1.4185,1.4371,1.4142,1.4359,0.0
2011-08-04,1.4363,1.4368,1.4088,1.4091,0.0
2011-08-05,1.4089,1.4297,1.4054,1.4278,0.0
2011-08-08,1.4368,1.4401,1.4128,1.4165,0.0
2011-08-09,1.4166,1.4397,1.415,1.4391,0.0
2011-08-10,1.4391,1.4401,1.4159,1.4162,0.0
2011-08-11,1.4153,1.4294,1.4101,1.4237,0.0
2011-08-12,1.4236,1.4291,1.4148,1.4245,0.0
2011-08-15,1.4264,1.4477,1.4262,1.4448,0.0
2011-08-16,1.4442,1.4467,1.4353,1.4399,0.0
2011-08-17,1.4399,1.4517,1.4324,1.4424,0.0
2011-08-18,1.4423,1.4452,1.4269,1.4322,0.0
2011-08-19,1.4324,1.4453,1.4257,1.4393,0.0
2011-08-22,1.4374,1.4434,1.4345,1.4355,0.0
2011-08-23,1.4355,1.45,1.4352,1.4434,0.0
2011-08-24,1.4434,1.4481,1.4378,1.4407,0.0
2011-08-25,1.4409,1.4474,1.4327,1.4372,0.0
2011-08-26,1.4374,1.4501,1.4328,1.4498,0.0
2011-08-29,1.4484,1.4548,1.4406,1.4513,0.0
2011-08-30,1.4513,1.4533,1.4383,1.4437,0.0
2011-08-31,1.4438,1.4468,1.4359,1.4379,0.0
2011-09-01,1.4363,1.4401,1.4225,1.426,0.0
2011-09-02,1.4259,1.4288,1.4183,1.4207,0.0
2011-09-05,1.4162,1.4173,1.4059,1.4094,0.0
2011-09-06,1.4093,1.4275,1.3973,1.4002,0.0
2011-09-07,1.3994,1.4149,1.3992,1.4094,0.0
2011-09-08,1.4094,1.4096,1.3871,1.3884,0.0
2011-09-09,1.3887,1.3936,1.3626,1.3656,0.0
2011-09-12,1.3576,1.3693,1.3501,1.3659,0.0
2011-09-13,1.3659,1.3739,1.3557,1.3679,0.0
2011-09-14,1.3678,1.3783,1.359,1.3741,0.0
2011-09-15,1.374,1.3936,1.3702,1.3882,0.0
2011-09-16,1.3879,1.3884,1.3752,1.3792,0.0
2011-09-19,1.3675,1.372,1.3584,1.3675,0.0
2011-09-20,1.368,1.3742,1.3592,1.3701,0.0
2011-09-21,1.37,1.3788,1.3557,1.3585,0.0
2011-09-22,1.3585,1.3601,1.3383,1.3459,0.0
2011-09-23,1.3457,1.3567,1.3417,1.3499,0.0
2011-09-26,1.3508,1.355,1.3362,1.3525,0.0
2011-09-27,1.3527,1.3668,1.3478,1.3588,0.0
2011-09-28,1.3585,1.369,1.3521,1.3525,0.0
2011-09-29,1.3528,1.3679,1.3518,1.3581,0.0
2011-09-30,1.3581,1.3601,1.3383,1.3386,0.0
2011-10-03,1.3362,1.3453,1.3162,1.3183,0.0
2011-10-04,1.3191,1.3368,1.3145,1.3337,0.0
2011-10-05,1.3337,1.3383,1.3259,1.3349,0.0
2011-10-06,1.3347,1.345,1.324,1.3427,0.0
2011-10-07,1.3427,1.3524,1.336,1.3376,0.0
2011-10-10,1.3388,1.3698,1.3376,1.3636,0.0
2011-10-11,1.3633,1.3683,1.3564,1.3647,0.0
2011-10-12,1.365,1.3833,1.3579,1.3778,0.0
2011-10-13,1.3777,1.3826,1.3684,1.3769,0.0
2011-10-14,1.3771,1.3894,1.3722,1.3875,0.0
2011-10-17,1.3877,1.3914,1.3723,1.3734,0.0
2011-10-18,1.3736,1.3817,1.3652,1.3734,0.0
2011-10-19,1.3734,1.3867,1.3723,1.3759,0.0
2011-10-20,1.3756,1.3843,1.3655,1.3775,0.0
2011-10-21,1.3776,1.3901,1.3703,1.3892,0.0
2011-10-24,1.3869,1.3956,1.3821,1.393,0.0
2011-10-25,1.3932,1.396,1.3848,1.3909,0.0
2011-10-26,1.391,1.3973,1.3798,1.3894,0.0
2011-10-27,1.3894,1.4246,1.3863,1.4183,0.0
2011-10-28,1.4183,1.4201,1.4133,1.4146,0.0
2011-10-31,1.415,1.4171,1.3828,1.3857,0.0
2011-11-01,1.3851,1.3937,1.3607,1.3696,0.0
2011-11-02,1.3696,1.3828,1.3635,1.3747,0.0
2011-11-03,1.3746,1.3855,1.3654,1.3812,0.0
2011-11-04,1.3813,1.3868,1.3711,1.3789,0.0
2011-11-07,1.3826,1.3831,1.368,1.3775,0.0
2011-11-08,1.3755,1.3847,1.3723,1.3832,0.0
2011-11-09,1.3831,1.3859,1.3521,1.3541,0.0
2011-11-10,1.3541,1.3652,1.3483,1.3603,0.0
2011-11-11,1.3604,1.3795,1.3577,1.3746,0.0
2011-11-14,1.3807,1.3808,1.359,1.3633,0.0
2011-11-15,1.3632,1.3641,1.3495,1.3536,0.0
2011-11-16,1.3538,1.3556,1.3427,1.3464,0.0
2011-11-17,1.346,1.354,1.342,1.3457,0.0
2011-11-18,1.3454,1.3614,1.345,1.3522,0.0
2011-11-21,1.351,1.354,1.3429,1.3492,0.0
2011-11-22,1.3487,1.3568,1.3468,1.3506,0.0
2011-11-23,1.3503,1.3531,1.3319,1.334,0.0
2011-11-24,1.3341,1.3411,1.3316,1.3345,0.0
2011-11-25,1.3346,1.3352,1.3211,1.3234,0.0
2011-11-28,1.3319,1.3398,1.3271,1.3317,0.0
2011-11-29,1.3318,1.3441,1.3284,1.3316,0.0
2011-11-30,1.3316,1.3532,1.3258,1.3445,0.0
2011-12-01,1.3451,1.3521,1.3416,1.3461,0.0
2011-12-02,1.3459,1.3548,1.3362,1.3392,0.0
2011-12-05,1.3422,1.3486,1.3374,1.3398,0.0
2011-12-06,1.3401,1.3428,1.3332,1.34,0.0
2011-12-07,1.3401,1.3453,1.3349,1.3411,0.0
2011-12-08,1.3411,1.3459,1.3287,1.3342,0.0
2011-12-09,1.3339,1.3434,1.328,1.3384,0.0
2011-12-12,1.3377,1.3381,1.3162,1.3187,0.0
2011-12-13,1.3187,1.3236,1.3008,1.3035,0.0
2011-12-14,1.3036,1.3064,1.2947,1.2982,0.0
2011-12-15,1.2981,1.305,1.2957,1.3015,0.0
2011-12-16,1.3036,1.3083,1.2995,1.3041,0.0
2011-12-19,1.3039,1.3043,1.298,1.2997,0.0
2011-12-20,1.2997,1.3132,1.2991,1.3081,0.0
2011-12-21,1.308,1.3196,1.3024,1.3046,0.0
2011-12-22,1.3047,1.3119,1.3015,1.3048,0.0
2011-12-23,1.305,1.3096,1.3025,1.3045,0.0
2011-12-26,1.3041,1.3082,1.3029,1.3058,0.0
2011-12-27,1.3055,1.3083,1.3041,1.3069,0.0
2011-12-28,1.3068,1.308,1.2911,1.294,0.0
2011-12-29,1.2939,1.2965,1.2857,1.2959,0.0
2011-12-30,1.296,1.2998,1.2902,1.2956,0.0
2012-01-02,1.2937,1.2963,1.2915,1.2932,0.0
2012-01-03,1.2933,1.3077,1.293,1.305,0.0
2012-01-04,1.3049,1.3073,1.2897,1.2944,0.0
2012-01-05,1.2939,1.2946,1.277,1.2789,0.0
2012-01-06,1.2786,1.2812,1.2696,1.2716,0.0
2012-01-09,1.2695,1.2785,1.2664,1.2765,0.0
2012-01-10,1.2764,1.2818,1.2742,1.2775,0.0
2012-01-11,1.2777,1.2789,1.2661,1.2707,0.0
2012-01-12,1.2706,1.2844,1.2698,1.2813,0.0
2012-01-13,1.2817,1.2878,1.2625,1.2673,0.0
2012-01-16,1.2634,1.2687,1.2624,1.2666,0.0
2012-01-17,1.2666,1.2808,1.2648,1.2735,0.0
2012-01-18,1.2734,1.2868,1.2733,1.2862,0.0
2012-01-19,1.2862,1.2972,1.2838,1.2968,0.0
2012-01-20,1.2967,1.2986,1.2887,1.2929,0.0
2012-01-23,1.2874,1.3052,1.2874,1.3016,0.0
2012-01-24,1.3011,1.3062,1.2952,1.3035,0.0
2012-01-25,1.3034,1.312,1.293,1.3105,0.0
2012-01-26,1.3104,1.3183,1.3088,1.3107,0.0
2012-01-27,1.3105,1.3233,1.3075,1.3216,0.0
2012-01-30,1.3224,1.3225,1.3076,1.3141,0.0
2012-01-31,1.3144,1.3213,1.3042,1.308,0.0
2012-02-01,1.3075,1.3218,1.3025,1.3157,0.0
2012-02-02,1.3159,1.3197,1.3085,1.3143,0.0
2012-02-03,1.3143,1.3205,1.3066,1.3156,0.0
2012-02-06,1.3116,1.3142,1.3026,1.3131,0.0
2012-02-07,1.313,1.327,1.3088,1.326,0.0
2012-02-08,1.326,1.3288,1.3221,1.3258,0.0
2012-02-09,1.326,1.3321,1.3214,1.3285,0.0
2012-02-10,1.3285,1.3291,1.3154,1.3196,0.0
2012-02-13,1.3206,1.3284,1.3185,1.3185,0.0
2012-02-14,1.3186,1.3216,1.3079,1.313,0.0
2012-02-15,1.3132,1.3191,1.3044,1.3066,0.0
2012-02-16,1.3065,1.3158,1.2973,1.3133,0.0
2012-02-17,1.313,1.3197,1.3113,1.3143,0.0
2012-02-20,1.318,1.3277,1.317,1.324,0.0
2012-02-21,1.3241,1.3293,1.3186,1.3235,0.0
2012-02-22,1.3232,1.3266,1.321,1.325,0.0
2012-02-23,1.3247,1.3379,1.323,1.3371,0.0
2012-02-24,1.3369,1.3485,1.3355,1.3448,0.0
2012-02-27,1.3462,1.3479,1.3365,1.3397,0.0
2012-02-28,1.3396,1.3471,1.3388,1.3462,0.0
2012-02-29,1.3457,1.3485,1.3315,1.3323,0.0
2012-03-01,1.3318,1.3356,1.3282,1.3311,0.0
2012-03-02,1.3309,1.3333,1.3185,1.32,0.0
2012-03-05,1.3191,1.324,1.3159,1.3216,0.0
2012-03-06,1.3216,1.3226,1.3102,1.3113,0.0
2012-03-07,1.311,1.3164,1.3096,1.3148,0.0
2012-03-08,1.3148,1.3291,1.3134,1.3274,0.0
2012-03-09,1.3272,1.3277,1.3094,1.312,0.0
2012-03-12,1.3111,1.3158,1.3076,1.3147,0.0
2012-03-13,1.3149,1.3191,1.3051,1.3079,0.0
2012-03-14,1.3081,1.309,1.3009,1.3027,0.0
2012-03-15,1.3029,1.3118,1.3001,1.3077,0.0
2012-03-16,1.3078,1.3187,1.3047,1.3175,0.0
2012-03-19,1.3181,1.3264,1.314,1.3236,0.0
2012-03-20,1.3236,1.3252,1.3172,1.3223,0.0
2012-03-21,1.3221,1.3284,1.3178,1.3211,0.0
2012-03-22,1.3212,1.3254,1.3134,1.3196,0.0
2012-03-23,1.3196,1.3291,1.3189,1.3268,0.0
2012-03-26,1.3267,1.3368,1.3191,1.3357,0.0
2012-03-27,1.3354,1.3385,1.3311,1.3319,0.0
2012-03-28,1.3319,1.3374,1.3275,1.3314,0.0
2012-03-29,1.3314,1.3345,1.3251,1.3298,0.0
2012-03-30,1.3298,1.3376,1.3295,1.3338,0.0
2012-04-02,1.3356,1.338,1.3277,1.3316,0.0
2012-04-03,1.3316,1.3367,1.3212,1.3235,0.0
2012-04-04,1.3235,1.3238,1.3105,1.3139,0.0
2012-04-05,1.314,1.3164,1.3034,1.306,0.0
2012-04-06,1.3062,1.3112,1.305,1.3095,0.0
2012-04-09,1.3097,1.3133,1.3031,1.3109,0.0
2012-04-10,1.3108,1.3144,1.3053,1.3081,0.0
2012-04-11,1.3082,1.3157,1.3063,1.311,0.0
2012-04-12,1.3108,1.3213,1.3101,1.3183,0.0
2012-04-13,1.3187,1.3201,1.3067,1.3075,0.0
2012-04-16,1.3069,1.3147,1.2994,1.3133,0.0
2012-04-17,1.3131,1.3172,1.3088,1.3127,0.0
2012-04-18,1.3127,1.3141,1.3057,1.3118,0.0
2012-04-19,1.3119,1.3164,1.3069,1.3134,0.0
2012-04-20,1.3135,1.3227,1.3127,1.322,0.0
2012-04-23,1.3191,1.321,1.3104,1.3155,0.0
2012-04-24,1.3155,1.3218,1.3143,1.3194,0.0
2012-04-25,1.3193,1.3236,1.3172,1.3223,0.0
2012-04-26,1.3221,1.3263,1.3179,1.319,0.0
2012-04-27,1.3189,1.327,1.3156,1.3255,0.0
2012-04-30,1.324,1.3266,1.3207,1.3241,0.0
2012-05-01,1.324,1.3284,1.3203,1.3238,0.0
2012-05-02,1.3237,1.3241,1.3122,1.3154,0.0
2012-05-03,1.3154,1.3179,1.3096,1.3151,0.0
2012-05-04,1.3149,1.3178,1.3073,1.3082,0.0
2012-05-07,1.3027,1.3065,1.2953,1.3057,0.0
2012-05-08,1.3056,1.3065,1.2981,1.2999,0.0
2012-05-09,1.2999,1.3006,1.2911,1.2932,0.0
2012-05-10,1.2933,1.298,1.2922,1.2931,0.0
2012-05-11,1.2931,1.2957,1.2904,1.2919,0.0
2012-05-14,1.2885,1.2904,1.2819,1.2825,0.0
2012-05-15,1.2826,1.2869,1.272,1.2735,0.0
2012-05-16,1.2733,1.2759,1.2679,1.2716,0.0
2012-05-17,1.2715,1.2749,1.2665,1.2683,0.0
2012-05-18,1.268,1.2794,1.264,1.2778,0.0
2012-05-21,1.2777,1.2825,1.2724,1.2808,0.0
2012-05-22,1.2808,1.2817,1.2657,1.2678,0.0
2012-05-23,1.268,1.2687,1.2544,1.2586,0.0
2012-05-24,1.2586,1.2619,1.2515,1.2535,0.0
2012-05-25,1.2533,1.2602,1.2495,1.2512,0.0
2012-05-28,1.2571,1.2619,1.2523,1.2539,0.0
2012-05-29,1.2539,1.2572,1.2461,1.2485,0.0
2012-05-30,1.2487,1.2494,1.236,1.2367,0.0
2012-05-31,1.2369,1.2428,1.2335,1.2359,0.0
2012-06-01,1.2351,1.2453,1.2287,1.2432,0.0
2012-06-04,1.2432,1.251,1.2383,1.2495,0.0
2012-06-05,1.2495,1.2542,1.2409,1.245,0.0
2012-06-06,1.245,1.2585,1.2438,1.2576,0.0
2012-06-07,1.2576,1.2624,1.2539,1.2562,0.0
2012-06-08,1.2564,1.2575,1.2434,1.2504,0.0
2012-06-11,1.2653,1.2668,1.2463,1.2465,0.0
2012-06-12,1.2469,1.2529,1.2441,1.2504,0.0
2012-06-13,1.2498,1.2609,1.2472,1.2564,0.0
2012-06-14,1.2565,1.2637,1.254,1.2627,0.0
2012-06-15,1.2627,1.2664,1.2589,1.2636,0.0
2012-06-18,1.2741,1.2747,1.2556,1.2576,0.0
2012-06-19,1.2576,1.273,1.2567,1.2686,0.0
2012-06-20,1.267,1.2742,1.2637,1.27,0.0
2012-06-21,1.2699,1.2701,1.253,1.2546,0.0
2012-06-22,1.2548,1.2583,1.2517,1.257,0.0
2012-06-25,1.2552,1.2559,1.247,1.2501,0.0
2012-06-26,1.2499,1.253,1.2441,1.2491,0.0
2012-06-27,1.2489,1.2508,1.2443,1.2465,0.0
2012-06-28,1.2468,1.252,1.2406,1.2441,0.0
2012-06-29,1.244,1.2692,1.2431,1.266,0.0
2012-07-02,1.267,1.2673,1.2566,1.2584,0.0
2012-07-03,1.2583,1.2627,1.2558,1.2605,0.0
2012-07-04,1.2605,1.2607,1.2507,1.2526,0.0
2012-07-05,1.2526,1.2538,1.2363,1.239,0.0
2012-07-06,1.2392,1.2401,1.2259,1.2281,0.0
2012-07-09,1.2266,1.2324,1.2254,1.2313,0.0
2012-07-10,1.2315,1.2334,1.2233,1.2251,0.0
2012-07-11,1.225,1.2296,1.2212,1.224,0.0
2012-07-12,1.2242,1.2248,1.2166,1.22,0.0
2012-07-13,1.2199,1.2256,1.2161,1.2243,0.0
2012-07-16,1.225,1.229,1.2173,1.2269,0.0
2012-07-17,1.227,1.2316,1.2188,1.2287,0.0
2012-07-18,1.2289,1.2306,1.2215,1.2278,0.0
2012-07-19,1.2283,1.2323,1.2227,1.2275,0.0
2012-07-20,1.2272,1.2283,1.2142,1.2154,0.0
2012-07-23,1.2121,1.2144,1.2065,1.2113,0.0
2012-07-24,1.2115,1.2138,1.2041,1.206,0.0
2012-07-25,1.2061,1.2169,1.2052,1.2149,0.0
2012-07-26,1.2149,1.2329,1.2116,1.2278,0.0
2012-07-27,1.2279,1.239,1.224,1.2321,0.0
2012-07-30,1.2301,1.231,1.2224,1.2256,0.0
2012-07-31,1.2254,1.2329,1.2247,1.2297,0.0
2012-08-01,1.2298,1.2336,1.2216,1.2228,0.0
2012-08-02,1.2228,1.2403,1.2132,1.2183,0.0
2012-08-03,1.2182,1.2392,1.2165,1.2386,0.0
2012-08-06,1.2393,1.2443,1.234,1.24,0.0
2012-08-07,1.2398,1.2442,1.2374,1.2397,0.0
2012-08-08,1.2397,1.2402,1.2325,1.2364,0.0
2012-08-09,1.2363,1.2387,1.2265,1.2301,0.0
2012-08-10,1.2303,1.2316,1.224,1.2288,0.0
2012-08-13,1.2286,1.2373,1.226,1.2332,0.0
2012-08-14,1.2332,1.2385,1.2315,1.2318,0.0
2012-08-15,1.2318,1.2343,1.2262,1.2286,0.0
2012-08-16,1.2285,1.2373,1.2254,1.2356,0.0
2012-08-17,1.2355,1.2382,1.2287,1.2321,0.0
2012-08-20,1.2338,1.2369,1.2293,1.2345,0.0
2012-08-21,1.2346,1.2487,1.2343,1.247,0.0
2012-08-22,1.2469,1.2538,1.2429,1.2529,0.0
2012-08-23,1.253,1.2589,1.2521,1.2564,0.0
2012-08-24,1.2563,1.2568,1.248,1.2512,0.0
2012-08-27,1.2507,1.2535,1.2488,1.2496,0.0
2012-08-28,1.2496,1.2576,1.2464,1.2564,0.0
2012-08-29,1.2564,1.2573,1.2517,1.2527,0.0
2012-08-30,1.2531,1.2564,1.2486,1.2502,0.0
2012-08-31,1.2505,1.2637,1.2492,1.2576,0.0
2012-09-03,1.258,1.2611,1.2558,1.2586,0.0
2012-09-04,1.2587,1.2628,1.2554,1.2564,0.0
2012-09-05,1.2566,1.2624,1.2499,1.26,0.0
2012-09-06,1.2601,1.2651,1.256,1.2631,0.0
2012-09-07,1.2632,1.2828,1.2623,1.2815,0.0
2012-09-10,1.2806,1.2808,1.2752,1.2758,0.0
2012-09-11,1.2758,1.2871,1.2755,1.2851,0.0
2012-09-12,1.2848,1.2936,1.2815,1.2898,0.0
2012-09-13,1.2899,1.3002,1.2855,1.2985,0.0
2012-09-14,1.2985,1.3168,1.2979,1.3137,0.0
2012-09-17,1.3124,1.3172,1.3081,1.3112,0.0
2012-09-18,1.3113,1.3119,1.3027,1.3044,0.0
2012-09-19,1.3043,1.3085,1.2991,1.3045,0.0
2012-09-20,1.3045,1.3059,1.2918,1.2964,0.0
2012-09-21,1.2965,1.3047,1.2955,1.2971,0.0
2012-09-24,1.2979,1.298,1.2889,1.2929,0.0
2012-09-25,1.2931,1.297,1.2885,1.2904,0.0
2012-09-26,1.2903,1.2913,1.2834,1.2872,0.0
2012-09-27,1.2873,1.2928,1.2828,1.2913,0.0
2012-09-28,1.2913,1.2959,1.2837,1.2857,0.0
2012-10-01,1.2814,1.2938,1.2803,1.2886,0.0
2012-10-02,1.2886,1.2967,1.2878,1.2915,0.0
2012-10-03,1.2916,1.2937,1.2876,1.2909,0.0
2012-10-04,1.2908,1.3031,1.2904,1.3017,0.0
2012-10-05,1.3016,1.3071,1.2992,1.3029,0.0
2012-10-08,1.3022,1.3025,1.2936,1.2965,0.0
2012-10-09,1.2967,1.2991,1.2857,1.2882,0.0
2012-10-10,1.2882,1.2913,1.2834,1.285,0.0
2012-10-11,1.2851,1.2951,1.2824,1.2931,0.0
2012-10-12,1.2929,1.2991,1.2919,1.2953,0.0
2012-10-15,1.2955,1.2979,1.2889,1.2942,0.0
2012-10-16,1.2948,1.3098,1.294,1.3097,0.0
2012-10-17,1.3095,1.3139,1.3081,1.3115,0.0
2012-10-18,1.3114,1.3129,1.3054,1.3067,0.0
2012-10-19,1.3067,1.3076,1.3012,1.3022,0.0
2012-10-22,1.3023,1.3083,1.3013,1.3063,0.0
2012-10-23,1.3065,1.3075,1.295,1.2984,0.0
2012-10-24,1.2984,1.2997,1.2919,1.2968,0.0
2012-10-25,1.2969,1.3023,1.2926,1.294,0.0
2012-10-26,1.2941,1.2956,1.2881,1.2935,0.0
2012-10-29,1.294,1.2943,1.2884,1.2901,0.0
2012-10-30,1.2902,1.2983,1.2884,1.2962,0.0
2012-10-31,1.2962,1.302,1.2944,1.2955,0.0
2012-11-01,1.2955,1.2982,1.2923,1.2939,0.0
2012-11-02,1.294,1.2951,1.282,1.2841,0.0
2012-11-05,1.2815,1.2842,1.2766,1.2794,0.0
2012-11-06,1.2795,1.2826,1.2762,1.2812,0.0
2012-11-07,1.2812,1.2876,1.2734,1.277,0.0
2012-11-08,1.2755,1.2776,1.2716,1.2745,0.0
2012-11-09,1.2745,1.279,1.2689,1.2709,0.0
2012-11-12,1.271,1.2739,1.2695,1.2708,0.0
2012-11-13,1.2708,1.2728,1.2659,1.2703,0.0
2012-11-14,1.2703,1.2778,1.2697,1.2735,0.0
2012-11-15,1.2735,1.2802,1.2715,1.2779,0.0
2012-11-16,1.2778,1.2784,1.2689,1.274,0.0
2012-11-19,1.2747,1.282,1.2736,1.2814,0.0
2012-11-20,1.2812,1.2829,1.2763,1.2816,0.0
2012-11-21,1.2816,1.2833,1.2735,1.2829,0.0
2012-11-22,1.2828,1.2899,1.2824,1.2885,0.0
2012-11-23,1.2882,1.299,1.2866,1.2976,0.0
2012-11-26,1.2966,1.2984,1.2941,1.2971,0.0
2012-11-27,1.2969,1.3009,1.2914,1.2943,0.0
2012-11-28,1.2941,1.2954,1.2879,1.2952,0.0
2012-11-29,1.2951,1.3014,1.2937,1.2978,0.0
2012-11-30,1.2978,1.3027,1.2966,1.2985,0.0
2012-12-03,1.2982,1.3075,1.298,1.3051,0.0
2012-12-04,1.3053,1.3108,1.3043,1.3095,0.0
2012-12-05,1.3092,1.3126,1.3059,1.3064,0.0
2012-12-06,1.3067,1.3086,1.2948,1.2969,0.0
2012-12-07,1.2969,1.2973,1.2875,1.2923,0.0
2012-12-10,1.2888,1.2946,1.2884,1.294,0.0
2012-12-11,1.2939,1.3015,1.2925,1.3005,0.0
2012-12-12,1.3005,1.3097,1.2992,1.3073,0.0
2012-12-13,1.3072,1.31,1.3038,1.3076,0.0
2012-12-14,1.3075,1.3173,1.3063,1.316,0.0
2012-12-17,1.3165,1.3188,1.3142,1.3161,0.0
2012-12-18,1.3161,1.3238,1.3153,1.3227,0.0
2012-12-19,1.3228,1.3308,1.322,1.3225,0.0
2012-12-20,1.3226,1.3295,1.3187,1.3243,0.0
2012-12-21,1.3243,1.3252,1.3156,1.3187,0.0
2012-12-24,1.3174,1.3233,1.3167,1.3185,0.0
2012-12-25,1.3184,1.3207,1.3168,1.3181,0.0
2012-12-26,1.3181,1.3254,1.3169,1.3222,0.0
2012-12-27,1.3222,1.3283,1.3199,1.3235,0.0
2012-12-28,1.3234,1.3256,1.3164,1.3217,0.0
2012-12-31,1.3212,1.3235,1.317,1.3192,0.0
2013-01-01,1.319,1.322,1.3179,1.32,0.0
2013-01-02,1.3203,1.3299,1.3155,1.3184,0.0
2013-01-03,1.3184,1.319,1.3045,1.3048,0.0
2013-01-04,1.3047,1.3089,1.2996,1.3066,0.0
2013-01-07,1.3075,1.3119,1.3015,1.3116,0.0
2013-01-08,1.3114,1.314,1.3055,1.308,0.0
2013-01-09,1.308,1.3095,1.3035,1.3063,0.0
2013-01-10,1.3048,1.3268,1.3036,1.3267,0.0
2013-01-11,1.3271,1.3365,1.3247,1.3342,0.0
2013-01-14,1.3359,1.3404,1.3334,1.3383,0.0
2013-01-15,1.3379,1.3393,1.3263,1.3304,0.0
2013-01-16,1.3304,1.3325,1.3256,1.3287,0.0
2013-01-17,1.3288,1.3388,1.3267,1.3377,0.0
2013-01-18,1.3376,1.3398,1.3278,1.3313,0.0
2013-01-21,1.3308,1.3332,1.3296,1.3311,0.0
2013-01-22,1.3312,1.3371,1.3265,1.3321,0.0
2013-01-23,1.3321,1.3354,1.3262,1.3318,0.0
2013-01-24,1.3317,1.3392,1.3284,1.3375,0.0
2013-01-25,1.3375,1.3478,1.3349,1.3457,0.0
2013-01-28,1.3464,1.3477,1.3423,1.3451,0.0
2013-01-29,1.3454,1.3497,1.3413,1.349,0.0
2013-01-30,1.3489,1.3587,1.3479,1.3564,0.0
2013-01-31,1.3566,1.3593,1.3539,1.3576,0.0
2013-02-01,1.3574,1.3711,1.357,1.3639,0.0
2013-02-04,1.3654,1.3658,1.3503,1.3508,0.0
2013-02-05,1.3514,1.3597,1.3457,1.3581,0.0
2013-02-06,1.3583,1.3596,1.3493,1.3521,0.0
2013-02-07,1.3521,1.3577,1.3369,1.3396,0.0
2013-02-08,1.3395,1.3428,1.335,1.3364,0.0
2013-02-11,1.3369,1.3427,1.3356,1.3401,0.0
2013-02-12,1.3404,1.3475,1.3363,1.3452,0.0
2013-02-13,1.3454,1.352,1.3425,1.3449,0.0
2013-02-14,1.3451,1.3455,1.3314,1.3361,0.0
2013-02-15,1.3357,1.3393,1.3305,1.3357,0.0
2013-02-18,1.3346,1.3379,1.332,1.3351,0.0
2013-02-19,1.335,1.3396,1.3326,1.3386,0.0
2013-02-20,1.3387,1.3434,1.327,1.3283,0.0
2013-02-21,1.328,1.329,1.316,1.3188,0.0
2013-02-22,1.319,1.3244,1.3144,1.3187,0.0
2013-02-25,1.3215,1.3318,1.3047,1.3058,0.0
2013-02-26,1.3062,1.3121,1.3017,1.3062,0.0
2013-02-27,1.306,1.3147,1.304,1.3135,0.0
2013-02-28,1.3137,1.3162,1.305,1.3056,0.0
2013-03-01,1.3056,1.3101,1.2965,1.302,0.0
2013-03-04,1.301,1.3031,1.298,1.3025,0.0
2013-03-05,1.3026,1.3075,1.3009,1.305,0.0
2013-03-06,1.3048,1.307,1.2963,1.2966,0.0
2013-03-07,1.2966,1.3118,1.2963,1.3107,0.0
2013-03-08,1.3106,1.3134,1.2954,1.3001,0.0
2013-03-11,1.2995,1.3053,1.2977,1.3045,0.0
2013-03-12,1.3045,1.3074,1.299,1.3024,0.0
2013-03-13,1.3028,1.3065,1.2922,1.2957,0.0
2013-03-14,1.2961,1.3032,1.291,1.3002,0.0
2013-03-15,1.3001,1.3107,1.2997,1.3076,0.0
2013-03-18,1.2908,1.3076,1.288,1.2959,0.0
2013-03-19,1.2957,1.297,1.2841,1.2866,0.0
2013-03-20,1.2866,1.2977,1.2854,1.2941,0.0
2013-03-21,1.2943,1.2955,1.2878,1.2893,0.0
2013-03-22,1.2895,1.301,1.2886,1.2988,0.0
2013-03-25,1.2961,1.3048,1.2829,1.2845,0.0
2013-03-26,1.2848,1.289,1.2828,1.2855,0.0
2013-03-27,1.2855,1.2867,1.275,1.2776,0.0
2013-03-28,1.2778,1.2844,1.2753,1.2814,0.0
2013-03-29,1.2814,1.2837,1.2792,1.2819,0.0
2013-04-01,1.2809,1.2867,1.2769,1.2842,0.0
2013-04-02,1.2843,1.2877,1.2807,1.2821,0.0
2013-04-03,1.2822,1.2864,1.2788,1.2842,0.0
2013-04-04,1.2842,1.2949,1.2746,1.2932,0.0
2013-04-05,1.2932,1.304,1.2897,1.2989,0.0
2013-04-08,1.2992,1.3037,1.2967,1.3017,0.0
2013-04-09,1.3017,1.3103,1.3002,1.3079,0.0
2013-04-10,1.308,1.3122,1.305,1.3068,0.0
2013-04-11,1.3067,1.3138,1.3041,1.3107,0.0
2013-04-12,1.3106,1.3126,1.3036,1.3107,0.0
2013-04-15,1.3104,1.3109,1.3021,1.3045,0.0
2013-04-16,1.3046,1.3199,1.3027,1.3178,0.0
2013-04-17,1.3179,1.3198,1.3,1.3035,0.0
2013-04-18,1.3035,1.3096,1.3019,1.305,0.0
2013-04-19,1.3052,1.3127,1.3045,1.3053,0.0
2013-04-22,1.3063,1.3084,1.3014,1.3061,0.0
2013-04-23,1.3061,1.3083,1.2972,1.3,0.0
2013-04-24,1.3001,1.3033,1.2954,1.3012,0.0
2013-04-25,1.3011,1.3093,1.2988,1.3009,0.0
2013-04-26,1.3009,1.3046,1.299,1.3029,0.0
2013-04-29,1.3059,1.3115,1.3029,1.3093,0.0
2013-04-30,1.3093,1.3185,1.3053,1.3166,0.0
2013-05-01,1.3166,1.3242,1.3158,1.3184,0.0
2013-05-02,1.3182,1.3214,1.3037,1.3062,0.0
2013-05-03,1.3062,1.3158,1.3033,1.3114,0.0
2013-05-06,1.3118,1.314,1.3052,1.3073,0.0
2013-05-07,1.3073,1.3131,1.3064,1.3078,0.0
2013-05-08,1.3078,1.3194,1.307,1.3157,0.0
2013-05-09,1.3159,1.3177,1.3008,1.3044,0.0
2013-05-10,1.3043,1.305,1.2934,1.2992,0.0
2013-05-13,1.2977,1.2999,1.2941,1.2981,0.0
2013-05-14,1.2982,1.3028,1.2915,1.2931,0.0
2013-05-15,1.2931,1.2942,1.2842,1.288,0.0
2013-05-16,1.2879,1.2929,1.2845,1.2883,0.0
2013-05-17,1.2882,1.289,1.2795,1.2838,0.0
2013-05-20,1.2844,1.2901,1.2818,1.2883,0.0
2013-05-21,1.2884,1.2933,1.284,1.2905,0.0
2013-05-22,1.2905,1.2998,1.2832,1.2852,0.0
2013-05-23,1.2851,1.2955,1.282,1.2932,0.0
2013-05-24,1.2932,1.2992,1.2903,1.2932,0.0
2013-05-27,1.2934,1.2944,1.2933,1.2937,0.0
2013-05-28,1.2932,1.2949,1.2848,1.2852,0.0
2013-05-29,1.2852,1.2977,1.2837,1.2939,0.0
2013-05-30,1.2938,1.3061,1.2931,1.3045,0.0
2013-05-31,1.3045,1.3059,1.2943,1.2993,0.0
2013-06-03,1.299,1.3106,1.2952,1.3069,0.0
2013-06-04,1.307,1.31,1.3041,1.3081,0.0
2013-06-05,1.3081,1.3115,1.3052,1.3092,0.0
2013-06-06,1.3091,1.3305,1.3073,1.3238,0.0
2013-06-07,1.3238,1.3283,1.3191,1.3216,0.0
2013-06-10,1.3203,1.3268,1.3175,1.3256,0.0
2013-06-11,1.3278,1.3317,1.323,1.3312,0.0
2013-06-12,1.3313,1.3359,1.3264,1.3338,0.0
2013-06-13,1.3337,1.339,1.3277,1.3372,0.0
2013-06-14,1.3372,1.3373,1.3294,1.3345,0.0
2013-06-17,1.3348,1.3381,1.3316,1.3363,0.0
2013-06-18,1.3361,1.3415,1.3323,1.3394,0.0
2013-06-19,1.3393,1.3415,1.3261,1.3295,0.0
2013-06-20,1.3296,1.3302,1.3161,1.3226,0.0
2013-06-21,1.3225,1.3253,1.3098,1.3115,0.0
2013-06-24,1.3104,1.3144,1.3057,1.3122,0.0
2013-06-25,1.3123,1.315,1.3063,1.3081,0.0
2013-06-26,1.3081,1.3087,1.2984,1.3007,0.0
2013-06-27,1.3007,1.3056,1.2998,1.3037,0.0
2013-06-28,1.3035,1.3103,1.299,1.302,0.0
2013-07-01,1.3014,1.3069,1.3003,1.3061,0.0
2013-07-02,1.3062,1.3077,1.2963,1.2982,0.0
2013-07-03,1.2979,1.3031,1.2921,1.3009,0.0
2013-07-04,1.3007,1.3023,1.2882,1.2912,0.0
2013-07-05,1.2912,1.2917,1.2806,1.2827,0.0
2013-07-08,1.2822,1.2842,1.2818,1.2842,0.0
2013-07-09,1.2857,1.2895,1.2757,1.2786,0.0
2013-07-10,1.2785,1.3023,1.2765,1.3023,0.0
2013-07-11,1.3016,1.3199,1.3007,1.3094,0.0
2013-07-12,1.3092,1.3098,1.3002,1.3062,0.0
2013-07-15,1.3067,1.3076,1.2991,1.3066,0.0
2013-07-16,1.3065,1.317,1.3052,1.3151,0.0
2013-07-17,1.3156,1.317,1.3086,1.3122,0.0
2013-07-18,1.3123,1.3125,1.3066,1.3111,0.0
2013-07-19,1.311,1.3147,1.3088,1.3139,0.0
2013-07-22,1.3136,1.3216,1.3136,1.3184,0.0
2013-07-23,1.3183,1.3234,1.3163,1.3222,0.0
2013-07-24,1.3222,1.3255,1.3177,1.3196,0.0
2013-07-25,1.3198,1.3294,1.3167,1.3275,0.0
2013-07-26,1.3276,1.3294,1.3252,1.3275,0.0
2013-07-29,1.3279,1.3293,1.324,1.326,0.0
2013-07-30,1.3262,1.3296,1.3237,1.3263,0.0
2013-07-31,1.3263,1.3343,1.3217,1.3296,0.0
2013-08-01,1.3299,1.331,1.3198,1.3209,0.0
2013-08-02,1.3211,1.3292,1.319,1.3276,0.0
2013-08-05,1.3279,1.3299,1.3234,1.3261,0.0
2013-08-06,1.326,1.3321,1.3246,1.3307,0.0
2013-08-07,1.3305,1.3343,1.3266,1.3336,0.0
2013-08-08,1.3336,1.3399,1.3327,1.338,0.0
2013-08-09,1.338,1.3388,1.3334,1.3335,0.0
2013-08-12,1.3337,1.3342,1.3277,1.3298,0.0
2013-08-13,1.3299,1.3314,1.3235,1.326,0.0
2013-08-14,1.3262,1.3278,1.3239,1.3257,0.0
2013-08-15,1.3257,1.336,1.3208,1.335,0.0
2013-08-16,1.3349,1.3378,1.3311,1.3328,0.0
2013-08-19,1.3334,1.3372,1.3315,1.3335,0.0
2013-08-20,1.3335,1.345,1.3323,1.3417,0.0
2013-08-21,1.3417,1.3427,1.3339,1.3356,0.0
2013-08-22,1.3357,1.3372,1.3298,1.3355,0.0
2013-08-23,1.3354,1.3407,1.3335,1.3381,0.0
2013-08-26,1.3382,1.339,1.3357,1.3369,0.0
2013-08-27,1.337,1.3397,1.3326,1.3389,0.0
2013-08-28,1.3391,1.3397,1.3305,1.3339,0.0
2013-08-29,1.334,1.3342,1.3219,1.3237,0.0
2013-08-30,1.324,1.3252,1.3179,1.3218,0.0
2013-09-02,1.3212,1.3225,1.3183,1.3194,0.0
2013-09-03,1.3193,1.3196,1.3141,1.3165,0.0
2013-09-04,1.3166,1.3217,1.3159,1.3202,0.0
2013-09-05,1.3204,1.3219,1.3111,1.3117,0.0
2013-09-06,1.3117,1.3187,1.3103,1.3177,0.0
2013-09-09,1.3173,1.3278,1.3165,1.3252,0.0
2013-09-10,1.3253,1.3274,1.323,1.3265,0.0
2013-09-11,1.3264,1.3321,1.3244,1.331,0.0
2013-09-12,1.331,1.3324,1.3255,1.3298,0.0
2013-09-13,1.3299,1.3319,1.3256,1.329,0.0
2013-09-16,1.3366,1.3383,1.3329,1.3335,0.0
2013-09-17,1.3334,1.3368,1.3325,1.3357,0.0
2013-09-18,1.3358,1.3539,1.3338,1.3507,0.0
2013-09-19,1.3508,1.3567,1.35,1.3528,0.0
2013-09-20,1.3529,1.3548,1.3498,1.3522,0.0
2013-09-23,1.353,1.3543,1.348,1.3493,0.0
2013-09-24,1.3492,1.3515,1.3464,1.3469,0.0
2013-09-25,1.3471,1.3534,1.3463,1.3521,0.0
2013-09-26,1.3521,1.3525,1.3473,1.3486,0.0
2013-09-27,1.3487,1.3563,1.3473,1.3522,0.0
2013-09-30,1.348,1.3555,1.3477,1.3522,0.0
2013-10-01,1.3521,1.3585,1.3517,1.3522,0.0
2013-10-02,1.3523,1.3604,1.3506,1.3581,0.0
2013-10-03,1.3581,1.3644,1.3577,1.3621,0.0
2013-10-04,1.3622,1.363,1.3541,1.3556,0.0
2013-10-07,1.3562,1.359,1.3542,1.3576,0.0
2013-10-08,1.3577,1.3605,1.3557,1.3573,0.0
2013-10-09,1.3572,1.3603,1.3489,1.3522,0.0
2013-10-10,1.3522,1.3543,1.3488,1.3525,0.0
2013-10-11,1.3524,1.358,1.3519,1.3545,0.0
2013-10-14,1.3556,1.3595,1.3544,1.3558,0.0
2013-10-15,1.3558,1.357,1.348,1.3524,0.0
2013-10-16,1.3524,1.3567,1.3474,1.3536,0.0
2013-10-17,1.3533,1.3679,1.3516,1.3673,0.0
2013-10-18,1.3671,1.3703,1.3659,1.3682,0.0
2013-10-21,1.3682,1.3688,1.3651,1.3676,0.0
2013-10-22,1.3678,1.3791,1.3662,1.3777,0.0
2013-10-23,1.3778,1.3792,1.3742,1.3775,0.0
2013-10-24,1.3774,1.3824,1.3768,1.3799,0.0
2013-10-25,1.3797,1.3831,1.3775,1.3803,0.0
2013-10-28,1.3806,1.3817,1.3776,1.3785,0.0
2013-10-29,1.3784,1.3812,1.3737,1.3746,0.0
2013-10-30,1.3744,1.3779,1.3697,1.3737,0.0
2013-10-31,1.3734,1.3738,1.3576,1.3586,0.0
2013-11-01,1.3587,1.3589,1.3478,1.3486,0.0
2013-11-04,1.3486,1.3522,1.3445,1.3514,0.0
2013-11-05,1.3513,1.3521,1.3451,1.3474,0.0
2013-11-06,1.3473,1.3544,1.3467,1.3512,0.0
2013-11-07,1.3515,1.3528,1.3303,1.3419,0.0
2013-11-08,1.3417,1.3434,1.3319,1.3369,0.0
2013-11-11,1.3357,1.3414,1.3343,1.3405,0.0
2013-11-12,1.3404,1.3454,1.3361,1.3434,0.0
2013-11-13,1.3434,1.3494,1.3391,1.3486,0.0
2013-11-14,1.3481,1.3497,1.342,1.3457,0.0
2013-11-15,1.3459,1.3503,1.3432,1.3495,0.0
2013-11-18,1.3496,1.354,1.3473,1.3505,0.0
2013-11-19,1.3504,1.3543,1.3487,1.3538,0.0
2013-11-20,1.3537,1.3575,1.3417,1.3439,0.0
2013-11-21,1.3438,1.3484,1.34,1.348,0.0
2013-11-22,1.3482,1.3557,1.3462,1.3557,0.0
2013-11-25,1.3549,1.3559,1.3491,1.3516,0.0
2013-11-26,1.3516,1.3574,1.3515,1.3572,0.0
2013-11-27,1.3571,1.3611,1.3557,1.3579,0.0
2013-11-28,1.3577,1.3614,1.3564,1.3604,0.0
2013-11-29,1.3605,1.3621,1.3579,1.3586,0.0
2013-12-02,1.3586,1.3613,1.3525,1.3541,0.0
2013-12-03,1.354,1.3611,1.3524,1.3589,0.0
2013-12-04,1.3588,1.36,1.3528,1.3592,0.0
2013-12-05,1.3591,1.3676,1.3546,1.3666,0.0
2013-12-06,1.3666,1.3705,1.363,1.3704,0.0
2013-12-09,1.3713,1.3742,1.3694,1.3738,0.0
2013-12-10,1.3737,1.3791,1.3734,1.3761,0.0
2013-12-11,1.376,1.3807,1.3742,1.3785,0.0
2013-12-12,1.3784,1.3802,1.3737,1.3752,0.0
2013-12-13,1.3753,1.3768,1.3709,1.374,0.0
2013-12-16,1.3727,1.3796,1.3726,1.376,0.0
2013-12-17,1.3761,1.3781,1.3726,1.3767,0.0
2013-12-18,1.3767,1.3804,1.3677,1.3684,0.0
2013-12-19,1.3683,1.3692,1.365,1.366,0.0
2013-12-20,1.3662,1.3705,1.3625,1.3668,0.0
2013-12-23,1.3671,1.3713,1.3666,1.3695,0.0
2013-12-24,1.3696,1.3703,1.3655,1.3678,0.0
2013-12-25,1.3678,1.3705,1.3661,1.3679,0.0
2013-12-26,1.368,1.3697,1.3665,1.3689,0.0
2013-12-27,1.369,1.3881,1.3686,1.3746,0.0
2013-12-30,1.3755,1.3819,1.3726,1.3802,0.0
2013-12-31,1.38,1.3811,1.3741,1.3741,0.0
2014-01-01,1.3741,1.3767,1.3741,1.3752,0.0
2014-01-02,1.3759,1.3775,1.3629,1.367,0.0
2014-01-03,1.3669,1.3672,1.3582,1.3586,0.0
2014-01-06,1.3591,1.3651,1.3571,1.3627,0.0
2014-01-07,1.3627,1.3654,1.3596,1.3614,0.0
2014-01-08,1.3615,1.3635,1.3555,1.3573,0.0
2014-01-09,1.3574,1.3629,1.3552,1.3605,0.0
2014-01-10,1.3606,1.3685,1.3574,1.3668,0.0
2014-01-13,1.3677,1.3683,1.3638,1.3671,0.0
2014-01-14,1.367,1.3696,1.3649,1.3678,0.0
2014-01-15,1.3677,1.368,1.3581,1.3605,0.0
2014-01-16,1.3603,1.3648,1.3583,1.3619,0.0
2014-01-17,1.3618,1.3619,1.3517,1.3537,0.0
2014-01-20,1.3537,1.3567,1.3507,1.3551,0.0
2014-01-21,1.3556,1.3566,1.3517,1.3559,0.0
2014-01-22,1.3559,1.358,1.3535,1.3545,0.0
2014-01-23,1.3545,1.3697,1.3532,1.3695,0.0
2014-01-24,1.3695,1.3733,1.3665,1.3678,0.0
2014-01-27,1.3677,1.3712,1.3654,1.3673,0.0
2014-01-28,1.3672,1.3688,1.3629,1.3668,0.0
2014-01-29,1.3668,1.3683,1.3603,1.3662,0.0
2014-01-30,1.366,1.3665,1.3545,1.3554,0.0
2014-01-31,1.3554,1.3567,1.3479,1.3487,0.0
2014-02-03,1.3481,1.3534,1.3476,1.3526,0.0
2014-02-04,1.3526,1.3536,1.3492,1.3518,0.0
2014-02-05,1.3517,1.355,1.3498,1.3531,0.0
2014-02-06,1.3533,1.3617,1.349,1.3589,0.0
2014-02-07,1.3589,1.3639,1.3554,1.3631,0.0
2014-02-10,1.3614,1.365,1.3614,1.3644,0.0
2014-02-11,1.3643,1.3682,1.3629,1.3637,0.0
2014-02-12,1.3638,1.3651,1.3562,1.3592,0.0
2014-02-13,1.3592,1.3691,1.3583,1.3678,0.0
2014-02-14,1.3679,1.3713,1.3673,1.3691,0.0
2014-02-17,1.3707,1.3722,1.3692,1.3706,0.0
2014-02-18,1.3705,1.3766,1.3694,1.3757,0.0
2014-02-19,1.3756,1.3772,1.3726,1.3733,0.0
2014-02-20,1.3735,1.3762,1.3688,1.3717,0.0
2014-02-21,1.3718,1.3755,1.3702,1.3736,0.0
2014-02-24,1.3732,1.3766,1.3708,1.3734,0.0
2014-02-25,1.3735,1.3763,1.3717,1.3744,0.0
2014-02-26,1.3744,1.3756,1.3661,1.3686,0.0
2014-02-27,1.3685,1.3721,1.3642,1.3709,0.0
2014-02-28,1.3709,1.3823,1.3692,1.3797,0.0
2014-03-03,1.3757,1.3792,1.3726,1.3734,0.0
2014-03-04,1.3734,1.3779,1.3721,1.374,0.0
2014-03-05,1.3742,1.3744,1.371,1.3732,0.0
2014-03-06,1.3732,1.3871,1.3721,1.3859,0.0
2014-03-07,1.3859,1.3913,1.3853,1.3873,0.0
2014-03-10,1.3871,1.3896,1.3862,1.3876,0.0
2014-03-11,1.3877,1.3877,1.3835,1.3858,0.0
2014-03-12,1.3859,1.3913,1.3843,1.39,0.0
2014-03-13,1.3902,1.3964,1.3845,1.387,0.0
2014-03-14,1.387,1.3934,1.3847,1.3911,0.0
2014-03-17,1.3911,1.3945,1.388,1.3921,0.0
2014-03-18,1.3921,1.3936,1.3884,1.3933,0.0
2014-03-19,1.3933,1.3934,1.381,1.3815,0.0
2014-03-20,1.3819,1.3844,1.3751,1.3779,0.0
2014-03-21,1.3779,1.381,1.3767,1.3793,0.0
2014-03-24,1.3798,1.3865,1.376,1.3837,0.0
2014-03-25,1.3837,1.3845,1.3754,1.3824,0.0
2014-03-26,1.3826,1.3827,1.3778,1.3784,0.0
2014-03-27,1.3786,1.3794,1.373,1.374,0.0
2014-03-28,1.374,1.3768,1.3706,1.3748,0.0
2014-03-31,1.3753,1.3804,1.3738,1.3773,0.0
2014-04-01,1.3773,1.3813,1.3769,1.3793,0.0
2014-04-02,1.3793,1.3817,1.3752,1.3764,0.0
2014-04-03,1.3765,1.3794,1.3699,1.3716,0.0
2014-04-04,1.3717,1.3728,1.3675,1.3706,0.0
2014-04-07,1.37,1.3748,1.3695,1.3741,0.0
2014-04-08,1.3741,1.381,1.3738,1.3794,0.0
2014-04-09,1.3794,1.3858,1.378,1.3853,0.0
2014-04-10,1.3853,1.3898,1.3835,1.3887,0.0
2014-04-11,1.3887,1.3904,1.3864,1.3884,0.0
2014-04-14,1.3856,1.3861,1.3809,1.3818,0.0
2014-04-15,1.3819,1.3832,1.3793,1.3812,0.0
2014-04-16,1.3812,1.3849,1.3804,1.3815,0.0
2014-04-17,1.3815,1.3863,1.3811,1.3813,0.0
2014-04-18,1.3813,1.3821,1.3808,1.3808,0.0
2014-04-21,1.3816,1.383,1.3787,1.3793,0.0
2014-04-22,1.3794,1.3824,1.3783,1.3805,0.0
2014-04-23,1.3805,1.3853,1.3799,1.3816,0.0
2014-04-24,1.3816,1.3839,1.3792,1.3831,0.0
2014-04-25,1.3831,1.3847,1.3827,1.3831,0.0
2014-04-28,1.3839,1.3878,1.3815,1.3849,0.0
2014-04-29,1.3849,1.3877,1.3806,1.3812,0.0
2014-04-30,1.3812,1.3875,1.3788,1.3863,0.0
2014-05-01,1.3864,1.3889,1.3862,1.3867,0.0
2014-05-02,1.3867,1.388,1.3812,1.3869,0.0
2014-05-05,1.3873,1.3885,1.3863,1.3874,0.0
2014-05-06,1.3875,1.395,1.3871,1.3924,0.0
2014-05-07,1.3926,1.3938,1.3908,1.391,0.0
2014-05-08,1.3911,1.399,1.3833,1.3839,0.0
2014-05-09,1.3839,1.3843,1.3745,1.3751,0.0
2014-05-12,1.3756,1.3774,1.3749,1.3758,0.0
2014-05-13,1.3758,1.3771,1.3688,1.3704,0.0
2014-05-14,1.3703,1.3729,1.3697,1.3713,0.0
2014-05-15,1.3714,1.3731,1.365,1.371,0.0
2014-05-16,1.3709,1.3726,1.3685,1.3692,0.0
2014-05-19,1.3697,1.3734,1.3693,1.3707,0.0
2014-05-20,1.3709,1.3713,1.368,1.3698,0.0
2014-05-21,1.3698,1.3722,1.3646,1.3684,0.0
2014-05-22,1.3685,1.3687,1.3645,1.3656,0.0
2014-05-23,1.3656,1.3656,1.3616,1.3627,0.0
2014-05-26,1.3624,1.3653,1.3615,1.3643,0.0
2014-05-27,1.3644,1.3668,1.3613,1.3633,0.0
2014-05-28,1.3634,1.3637,1.3587,1.3592,0.0
2014-05-29,1.3591,1.3624,1.3587,1.3601,0.0
2014-05-30,1.3601,1.3647,1.3597,1.3634,0.0
2014-06-02,1.3629,1.3635,1.3588,1.3597,0.0
2014-06-03,1.3596,1.3646,1.3593,1.3626,0.0
2014-06-04,1.3626,1.3636,1.3596,1.36,0.0
2014-06-05,1.36,1.3666,1.3506,1.3663,0.0
2014-06-06,1.3663,1.3674,1.362,1.3641,0.0
2014-06-09,1.3645,1.3668,1.3582,1.3592,0.0
2014-06-10,1.3591,1.36,1.3534,1.3546,0.0
2014-06-11,1.3545,1.3556,1.3521,1.3534,0.0
2014-06-12,1.3534,1.3571,1.3512,1.3549,0.0
2014-06-13,1.355,1.3578,1.3521,1.3539,0.0
2014-06-16,1.3538,1.3578,1.3513,1.3572,0.0
2014-06-17,1.3571,1.3586,1.3535,1.3545,0.0
2014-06-18,1.3546,1.3595,1.354,1.3589,0.0
2014-06-19,1.3587,1.3642,1.3582,1.3606,0.0
2014-06-20,1.3606,1.3633,1.3564,1.36,0.0
2014-06-23,1.3595,1.3612,1.3575,1.3604,0.0
2014-06-24,1.3604,1.3627,1.3583,1.3603,0.0
2014-06-25,1.3602,1.3649,1.36,1.363,0.0
2014-06-26,1.363,1.3641,1.3577,1.3612,0.0
2014-06-27,1.3611,1.3649,1.3609,1.3647,0.0
2014-06-30,1.3644,1.3695,1.364,1.3692,0.0
2014-07-01,1.3693,1.3696,1.3675,1.3679,0.0
2014-07-02,1.3679,1.3681,1.3642,1.3657,0.0
2014-07-03,1.3656,1.3663,1.3598,1.3609,0.0
2014-07-04,1.3608,1.3611,1.3585,1.3596,0.0
2014-07-07,1.3593,1.3609,1.3575,1.3606,0.0
2014-07-08,1.3607,1.3617,1.3588,1.3611,0.0
2014-07-09,1.3612,1.3647,1.3602,1.364,0.0
2014-07-10,1.364,1.365,1.359,1.3606,0.0
2014-07-11,1.3606,1.3623,1.3593,1.3605,0.0
2014-07-14,1.3605,1.3639,1.3597,1.3619,0.0
2014-07-15,1.362,1.3625,1.3563,1.3568,0.0
2014-07-16,1.3567,1.3571,1.352,1.3525,0.0
2014-07-17,1.3523,1.3538,1.3516,1.3526,0.0
2014-07-18,1.3526,1.3535,1.3492,1.3524,0.0
2014-07-21,1.3526,1.3548,1.3513,1.3523,0.0
2014-07-22,1.3523,1.3529,1.3461,1.3466,0.0
2014-07-23,1.3465,1.3474,1.3455,1.3463,0.0
2014-07-24,1.346,1.3484,1.3441,1.3462,0.0
2014-07-25,1.3462,1.3475,1.3422,1.3434,0.0
2014-07-28,1.3429,1.3444,1.3425,1.344,0.0
2014-07-29,1.3437,1.3443,1.3404,1.3409,0.0
2014-07-30,1.3409,1.3415,1.3368,1.3394,0.0
2014-07-31,1.3394,1.34,1.3372,1.3387,0.0
2014-08-01,1.3388,1.3443,1.3378,1.343,0.0
2014-08-04,1.3426,1.343,1.3409,1.3422,0.0
2014-08-05,1.3422,1.3424,1.3359,1.3371,0.0
2014-08-06,1.3371,1.3386,1.3333,1.3383,0.0
2014-08-07,1.3383,1.3391,1.3339,1.3361,0.0
2014-08-08,1.336,1.3431,1.3344,1.341,0.0
2014-08-11,1.3407,1.3407,1.3381,1.3384,0.0
2014-08-12,1.3384,1.3386,1.3337,1.3367,0.0
2014-08-13,1.3367,1.3414,1.3344,1.3363,0.0
2014-08-14,1.3362,1.3406,1.3348,1.3363,0.0
2014-08-15,1.3363,1.3409,1.3358,1.3398,0.0
2014-08-18,1.3391,1.3398,1.3353,1.3361,0.0
2014-08-19,1.3362,1.3363,1.3313,1.3318,0.0
2014-08-20,1.3318,1.3325,1.3256,1.3258,0.0
2014-08-21,1.3257,1.3288,1.3241,1.3282,0.0
2014-08-22,1.3282,1.3296,1.3223,1.3245,0.0
2014-08-25,1.3191,1.3209,1.3183,1.3189,0.0
2014-08-26,1.319,1.3213,1.3164,1.3168,0.0
2014-08-27,1.3167,1.3209,1.3153,1.3194,0.0
2014-08-28,1.3193,1.3217,1.3161,1.3183,0.0
2014-08-29,1.3182,1.3195,1.3131,1.3133,0.0
2014-09-01,1.3129,1.3145,1.3118,1.3128,0.0
2014-09-02,1.3128,1.3135,1.311,1.3132,0.0
2014-09-03,1.3132,1.3159,1.3122,1.3148,0.0
2014-09-04,1.3149,1.3153,1.2925,1.2936,0.0
2014-09-05,1.2937,1.2983,1.2922,1.2951,0.0
2014-09-08,1.2953,1.2959,1.2886,1.2897,0.0
2014-09-09,1.2898,1.2957,1.2859,1.294,0.0
2014-09-10,1.2939,1.2962,1.2889,1.2916,0.0
2014-09-11,1.2916,1.295,1.2898,1.2924,0.0
2014-09-12,1.2923,1.2977,1.2911,1.2961,0.0
2014-09-15,1.2968,1.2969,1.2909,1.2939,0.0
2014-09-16,1.2939,1.2994,1.2923,1.2957,0.0
2014-09-17,1.2957,1.298,1.2838,1.2844,0.0
2014-09-18,1.2848,1.2928,1.2834,1.2915,0.0
2014-09-19,1.2916,1.2928,1.2828,1.2829,0.0
2014-09-22,1.2826,1.2866,1.2818,1.2846,0.0
2014-09-23,1.2845,1.2898,1.2843,1.2848,0.0
2014-09-24,1.2849,1.2863,1.2774,1.2777,0.0
2014-09-25,1.2779,1.2783,1.2704,1.2751,0.0
2014-09-26,1.2751,1.276,1.2676,1.2683,0.0
2014-09-29,1.268,1.2713,1.2664,1.2688,0.0
2014-09-30,1.2689,1.27,1.2572,1.263,0.0
2014-10-01,1.263,1.2635,1.2585,1.2618,0.0
2014-10-02,1.2619,1.2696,1.2615,1.267,0.0
2014-10-03,1.2669,1.2671,1.25,1.2512,0.0
2014-10-06,1.2514,1.2672,1.2508,1.2652,0.0
2014-10-07,1.2654,1.268,1.2584,1.2664,0.0
2014-10-08,1.2666,1.2747,1.2623,1.273,0.0
2014-10-09,1.273,1.2788,1.2664,1.2689,0.0
2014-10-10,1.269,1.2715,1.2605,1.2627,0.0
2014-10-13,1.2628,1.2765,1.2627,1.274,0.0
2014-10-14,1.274,1.2748,1.2641,1.2658,0.0
2014-10-15,1.2656,1.2875,1.2625,1.2817,0.0
2014-10-16,1.2812,1.2843,1.2709,1.2801,0.0
2014-10-17,1.2802,1.2834,1.2747,1.2758,0.0
2014-10-20,1.2755,1.2816,1.2731,1.2794,0.0
2014-10-21,1.2797,1.2838,1.271,1.271,0.0
2014-10-22,1.2713,1.2738,1.2638,1.2643,0.0
2014-10-23,1.2643,1.2674,1.2616,1.2645,0.0
2014-10-24,1.2645,1.2694,1.2635,1.2669,0.0
2014-10-27,1.2673,1.2721,1.2666,1.2696,0.0
2014-10-28,1.2697,1.2763,1.2685,1.2733,0.0
2014-10-29,1.2732,1.2768,1.2627,1.2636,0.0
2014-10-30,1.2636,1.2639,1.2557,1.2614,0.0
2014-10-31,1.2613,1.2615,1.2489,1.2521,0.0
2014-11-03,1.2506,1.2513,1.2447,1.248,0.0
2014-11-04,1.2483,1.2572,1.2481,1.2545,0.0
2014-11-05,1.2542,1.2565,1.2462,1.2485,0.0
2014-11-06,1.2483,1.2533,1.2365,1.2375,0.0
2014-11-07,1.24134,1.24695,1.2409,1.2454,0.0
2014-11-10,1.24632,1.251,1.24154,1.24238,0.0
2014-11-11,1.24267,1.24991,1.2421,1.2473,0.0
2014-11-12,1.2473,1.2498,1.2417,1.2428,0.0
2014-11-13,1.24281,1.24916,1.2425,1.24752,0.0
2014-11-14,1.2472,1.25463,1.2396,1.2522,0.0
2014-11-17,1.25182,1.25778,1.2443,1.24494,0.0
2014-11-18,1.24486,1.2545,1.2441,1.2531,0.0
2014-11-19,1.25315,1.26002,1.251,1.2545,0.0
2014-11-20,1.25451,1.25753,1.2502,1.25419,0.0
2014-11-21,1.25419,1.25682,1.2373,1.239,0.0
2014-11-24,1.2437,1.24447,1.2421,1.2438,0.0
2014-11-25,1.24386,1.24849,1.24,1.24731,0.0
2014-11-26,1.24732,1.25283,1.2441,1.25066,0.0
2014-11-27,1.25056,1.25236,1.2454,1.24581,0.0
2014-11-28,1.24582,1.24903,1.2424,1.2451,0.0
2014-12-01,1.24462,1.25065,1.2418,1.24723,0.0
2014-12-02,1.24725,1.24762,1.2375,1.23825,0.0
2014-12-03,1.2382,1.23906,1.2299,1.23066,0.0
2014-12-04,1.23065,1.24563,1.22802,1.23776,0.0
2014-12-05,1.23776,1.23931,1.22697,1.2285,0.0
2014-12-08,1.22847,1.23439,1.2245,1.23163,0.0
2014-12-09,1.23165,1.2448,1.2289,1.23777,0.0
2014-12-10,1.23775,1.24483,1.2359,1.24454,0.0
2014-12-11,1.24454,1.24952,1.2368,1.24063,0.0
2014-12-12,1.24058,1.24852,1.2382,1.246,0.0
2014-12-15,1.24739,1.24787,1.2413,1.24454,0.0
2014-12-16,1.24453,1.25699,1.2432,1.25106,0.0
2014-12-17,1.251,1.2516,1.23192,1.23305,0.0
2014-12-18,1.23301,1.23528,1.2263,1.22871,0.0
2014-12-19,1.22863,1.23022,1.22188,1.22255,0.0
2014-12-22,1.22204,1.22726,1.2214,1.22273,0.0
2014-12-23,1.22273,1.22457,1.2162,1.21718,0.0
2014-12-24,1.21717,1.22202,1.2165,1.21962,0.0
2014-12-25,1.21962,1.2254,1.2186,1.22259,0.0
2014-12-26,1.22249,1.22261,1.2166,1.2181,0.0
2014-12-30,1.21558,1.21874,1.2121,1.21562,0.0
2014-12-31,1.21557,1.21697,1.20948,1.20959,0.0
2015-01-01,1.2097,1.21075,1.20918,1.21015,0.0
2015-01-02,1.21017,1.2102,1.19925,1.19965,0.0
2015-01-05,1.19453,1.19763,1.1885,1.19324,0.0
2015-01-06,1.19314,1.19687,1.18395,1.1872,0.0
2015-01-07,1.18726,1.18966,1.1799,1.18337,0.0
2015-01-08,1.18333,1.18476,1.1752,1.17898,0.0
2015-01-09,1.17896,1.1846,1.1761,1.18359,0.0
2015-01-12,1.18667,1.18709,1.1784,1.18292,0.0
2015-01-13,1.1829,1.18597,1.1752,1.17756,0.0
2015-01-14,1.17756,1.18464,1.1726,1.17885,0.0
2015-01-15,1.17894,1.17909,1.1567,1.16269,0.0
2015-01-16,1.16264,1.165,1.1458,1.15689,0.0
2015-01-19,1.15636,1.164,1.1549,1.16044,0.0
2015-01-20,1.16043,1.16149,1.1538,1.15538,0.0
2015-01-21,1.15545,1.16796,1.1539,1.16136,0.0
2015-01-22,1.16127,1.16514,1.1314,1.13693,0.0
2015-01-23,1.13694,1.13739,1.1113,1.12031,0.0
2015-01-26,1.1143,1.12958,1.10966,1.12358,0.0
2015-01-27,1.12363,1.14225,1.1221,1.13708,0.0
2015-01-28,1.13703,1.13823,1.127,1.12763,0.0
2015-01-29,1.1276,1.1368,1.126,1.1328,0.0
2015-01-30,1.13279,1.13638,1.12725,1.12859,0.0
2015-02-02,1.13116,1.13621,1.129,1.13353,0.0
2015-02-03,1.13342,1.15338,1.1311,1.14642,0.0
2015-02-04,1.14643,1.1487,1.1314,1.1334,0.0
2015-02-05,1.13335,1.14988,1.1302,1.1476,0.0
2015-02-06,1.14773,1.14784,1.13095,1.13095,0.0
2015-02-09,1.13122,1.13596,1.1267,1.13244,0.0
2015-02-10,1.13242,1.13455,1.1271,1.13156,0.0
2015-02-11,1.13159,1.1352,1.1277,1.13293,0.0
2015-02-12,1.13298,1.14231,1.1301,1.14007,0.0
2015-02-13,1.14007,1.14431,1.13735,1.13775,0.0
2015-02-16,1.13987,1.143,1.1318,1.13455,0.0
2015-02-17,1.13458,1.1449,1.1321,1.1409,0.0
2015-02-18,1.14094,1.14161,1.1332,1.14021,0.0
2015-02-19,1.14022,1.14501,1.1353,1.13624,0.0
2015-02-20,1.13629,1.14298,1.12779,1.13793,0.0
2015-02-23,1.1379,1.13932,1.1292,1.1336,0.0
2015-02-24,1.13359,1.13581,1.1287,1.13398,0.0
2015-02-25,1.13396,1.139,1.1333,1.13643,0.0
2015-02-26,1.13639,1.138,1.1182,1.11942,0.0
2015-02-27,1.11948,1.12451,1.1173,1.11865,0.0
2015-03-02,1.11814,1.12405,1.1157,1.11789,0.0
2015-03-03,1.11792,1.12175,1.1152,1.11801,0.0
2015-03-04,1.1179,1.11866,1.1059,1.10804,0.0
2015-03-05,1.10807,1.11143,1.0985,1.10309,0.0
2015-03-06,1.10309,1.10325,1.08342,1.08455,0.0
2015-03-09,1.08382,1.09065,1.0833,1.08471,0.0
2015-03-10,1.08471,1.0848,1.06657,1.06859,0.0
2015-03-11,1.06859,1.0717,1.0508,1.05507,0.0
2015-03-12,1.05507,1.06837,1.0493,1.0622,0.0
2015-03-13,1.06219,1.06346,1.0461,1.05,0.0
2015-03-16,1.0499,1.06194,1.0476,1.057,0.0
2015-03-17,1.057,1.06508,1.0548,1.05937,0.0
2015-03-18,1.05937,1.104,1.0577,1.08223,0.0
2015-03-19,1.08224,1.09198,1.06121,1.06683,0.0
2015-03-20,1.0668,1.08823,1.0653,1.08115,0.0
2015-03-23,1.08391,1.09713,1.0766,1.09584,0.0
2015-03-24,1.09581,1.10292,1.0888,1.0913,0.0
2015-03-25,1.09132,1.1015,1.0898,1.09641,0.0
2015-03-26,1.0964,1.10522,1.0854,1.08789,0.0
2015-03-27,1.08791,1.09487,1.0799,1.08935,0.0
2015-03-30,1.08875,1.08901,1.0808,1.08289,0.0
2015-03-31,1.08289,1.08455,1.0712,1.07393,0.0
2015-04-01,1.07396,1.08001,1.0716,1.07696,0.0
2015-04-02,1.07694,1.09054,1.0748,1.08757,0.0
2015-04-03,1.08757,1.1027,1.0861,1.09635,0.0
2015-04-06,1.10019,1.10356,1.0907,1.09308,0.0
2015-04-07,1.09309,1.09548,1.0801,1.0824,0.0
2015-04-08,1.0825,1.08875,1.0762,1.07835,0.0
2015-04-09,1.07832,1.079,1.0635,1.06633,0.0
2015-04-10,1.06635,1.06837,1.0566,1.05968,0.0
2015-04-13,1.06126,1.06198,1.0519,1.05725,0.0
2015-04-14,1.05725,1.07073,1.0529,1.06506,0.0
2015-04-15,1.06507,1.0702,1.0569,1.06756,0.0
2015-04-16,1.06755,1.08177,1.0623,1.076,0.0
2015-04-17,1.07601,1.08487,1.07332,1.08051,0.0
2015-04-20,1.0794,1.08185,1.07115,1.07377,0.0
2015-04-21,1.07377,1.07813,1.0658,1.07375,0.0
2015-04-22,1.07375,1.08009,1.0706,1.07192,0.0
2015-04-23,1.07196,1.08458,1.0665,1.08148,0.0
2015-04-24,1.08152,1.09002,1.0782,1.08695,0.0
2015-04-27,1.0865,1.09266,1.0818,1.0875,0.0
2015-04-28,1.08756,1.09911,1.0858,1.09748,0.0
2015-04-29,1.09748,1.11878,1.0957,1.1118,0.0
2015-04-30,1.1118,1.12662,1.1069,1.12109,0.0
2015-05-01,1.12109,1.129,1.1174,1.11958,0.0
2015-05-04,1.11855,1.12246,1.112,1.11454,0.0
2015-05-05,1.11457,1.12231,1.1064,1.11796,0.0
2015-05-06,1.11795,1.13701,1.1173,1.13429,0.0
2015-05-07,1.13425,1.13917,1.1224,1.1238,0.0
2015-05-08,1.12414,1.1289,1.1177,1.1192,0.0
2015-05-11,1.11967,1.12025,1.1128,1.11484,0.0
2015-05-12,1.11484,1.12788,1.1131,1.12153,0.0
2015-05-13,1.12151,1.13827,1.1201,1.13527,0.0
2015-05-14,1.13528,1.14447,1.1338,1.14034,0.0
2015-05-15,1.14038,1.14667,1.1321,1.1442,0.0
2015-05-18,1.144,1.1447,1.1297,1.13143,0.0
2015-05-19,1.13149,1.13264,1.1117,1.11461,0.0
2015-05-20,1.11466,1.11522,1.106,1.10952,0.0
2015-05-21,1.10951,1.11814,1.1077,1.11078,0.0
2015-05-22,1.1108,1.12081,1.0999,1.1002,0.0
2015-05-25,1.10017,1.10097,1.0956,1.0977,0.0
2015-05-26,1.09781,1.09801,1.0861,1.0885,0.0
2015-05-27,1.0886,1.093,1.0817,1.09037,0.0
2015-05-28,1.09038,1.09743,1.0866,1.09691,0.0
2015-05-29,1.09691,1.10062,1.0924,1.09908,0.0
2015-06-01,1.09681,1.098,1.0885,1.09275,0.0
2015-06-02,1.09281,1.11939,1.0914,1.11511,0.0
2015-06-03,1.1151,1.12851,1.10787,1.12654,0.0
2015-06-04,1.12652,1.138,1.1199,1.12027,0.0
2015-06-05,1.12025,1.128,1.1048,1.11068,0.0
2015-06-08,1.11079,1.13069,1.1081,1.12793,0.0
2015-06-09,1.1279,1.13454,1.1212,1.12727,0.0
2015-06-10,1.12735,1.13865,1.12593,1.13236,0.0
2015-06-11,1.13237,1.13312,1.1181,1.12392,0.0
2015-06-12,1.12385,1.12965,1.1148,1.12571,0.0
2015-06-15,1.1226,1.12944,1.1186,1.1276,0.0
2015-06-16,1.12761,1.133,1.1203,1.12466,0.0
2015-06-17,1.1246,1.13578,1.12037,1.1341,0.0
2015-06-18,1.13411,1.14362,1.1336,1.13717,0.0
2015-06-19,1.1371,1.13873,1.1291,1.135,0.0
2015-06-22,1.13605,1.14103,1.1311,1.13416,0.0
2015-06-23,1.1341,1.13474,1.11339,1.11712,0.0
2015-06-24,1.11712,1.12347,1.1157,1.12051,0.0
2015-06-25,1.12051,1.12277,1.1151,1.12006,0.0
2015-06-26,1.12006,1.122,1.1129,1.11617,0.0
2015-06-29,1.09901,1.12785,1.0967,1.12158,0.0
2015-06-30,1.1213,1.12443,1.1111,1.11288,0.0
2015-07-01,1.11288,1.11713,1.1039,1.1044,0.0
2015-07-02,1.1044,1.11211,1.103,1.10894,0.0
2015-07-03,1.10895,1.112,1.1064,1.1115,0.0
2015-07-06,1.10217,1.10955,1.0989,1.10542,0.0
2015-07-07,1.10545,1.10562,1.0914,1.10044,0.0
2015-07-08,1.10044,1.10927,1.0971,1.10749,0.0
2015-07-09,1.10749,1.1125,1.099,1.10703,0.0
2015-07-10,1.10695,1.12159,1.1052,1.11516,0.0
2015-07-13,1.1119,1.11969,1.09939,1.10067,0.0
2015-07-14,1.10063,1.10846,1.0964,1.10123,0.0
2015-07-15,1.10121,1.10356,1.0928,1.09586,0.0
2015-07-16,1.09586,1.09627,1.0854,1.08792,0.0
2015-07-17,1.08793,1.09069,1.0824,1.0828,0.0
2015-07-20,1.08385,1.08703,1.0807,1.08293,0.0
2015-07-21,1.08293,1.09691,1.0809,1.09359,0.0
2015-07-22,1.0936,1.09667,1.0868,1.09297,0.0
2015-07-23,1.093,1.10179,1.0919,1.0984,0.0
2015-07-24,1.0984,1.09958,1.0922,1.098,0.0
2015-07-27,1.0975,1.11294,1.0966,1.10858,0.0
2015-07-28,1.10862,1.10996,1.1019,1.10625,0.0
2015-07-29,1.10624,1.10839,1.0964,1.09887,0.0
2015-07-30,1.09887,1.09894,1.0892,1.09309,0.0
2015-07-31,1.09311,1.11141,1.0918,1.09804,0.0
2015-08-03,1.09754,1.09959,1.0939,1.09528,0.0
2015-08-04,1.09528,1.099,1.0877,1.08893,0.0
2015-08-05,1.08893,1.09333,1.0846,1.09017,0.0
2015-08-06,1.09017,1.09439,1.0872,1.0926,0.0
2015-08-07,1.0926,1.09784,1.0854,1.09617,0.0
2015-08-10,1.0965,1.10414,1.0923,1.10175,0.0
2015-08-11,1.10176,1.10883,1.0958,1.10438,0.0
2015-08-12,1.10436,1.1214,1.1023,1.11553,0.0
2015-08-13,1.11553,1.1189,1.1079,1.11532,0.0
2015-08-14,1.11531,1.119,1.1096,1.1104,0.0
2015-08-17,1.1105,1.11249,1.10579,1.10761,0.0
2015-08-18,1.1075,1.10938,1.1015,1.10254,0.0
2015-08-19,1.10254,1.11342,1.1015,1.11152,0.0
2015-08-20,1.11153,1.12447,1.1104,1.12328,0.0
2015-08-21,1.12328,1.1393,1.1226,1.13836,0.0
2015-08-24,1.1391,1.1714,1.1367,1.15972,0.0
2015-08-25,1.15975,1.15992,1.1394,1.15287,0.0
2015-08-26,1.15288,1.15612,1.129,1.13372,0.0
2015-08-27,1.13372,1.13643,1.1201,1.12415,0.0
2015-08-28,1.12415,1.131,1.11541,1.11798,0.0
2015-08-31,1.11977,1.12626,1.1178,1.12177,0.0
2015-09-01,1.12178,1.13322,1.1213,1.1298,0.0
2015-09-02,1.1297,1.13005,1.1213,1.12211,0.0
2015-09-03,1.12208,1.12434,1.1085,1.11198,0.0
2015-09-04,1.11198,1.11897,1.1088,1.1149,0.0
2015-09-07,1.11452,1.118,1.112,1.11706,0.0
2015-09-08,1.11709,1.12296,1.115,1.1207,0.0
2015-09-09,1.12073,1.12246,1.1129,1.12179,0.0
2015-09-10,1.12182,1.12954,1.1169,1.12875,0.0
2015-09-11,1.12875,1.13495,1.1251,1.1339,0.0
2015-09-14,1.1344,1.13731,1.1282,1.131,0.0
2015-09-15,1.131,1.13287,1.1256,1.12714,0.0
2015-09-16,1.12712,1.13206,1.1211,1.12919,0.0
2015-09-17,1.12919,1.14413,1.1282,1.14138,0.0
2015-09-18,1.1414,1.14602,1.1268,1.1308,0.0
2015-09-21,1.12943,1.13301,1.1179,1.11864,0.0
2015-09-22,1.11864,1.12077,1.1111,1.11307,0.0
2015-09-23,1.11308,1.12135,1.1102,1.1186,0.0
2015-09-24,1.11865,1.1296,1.1158,1.11766,0.0
2015-09-25,1.11761,1.12132,1.1114,1.1192,0.0
2015-09-28,1.119,1.12477,1.1145,1.12343,0.0
2015-09-29,1.12342,1.12814,1.1192,1.12545,0.0
2015-09-30,1.12567,1.12624,1.1156,1.11715,0.0
2015-10-01,1.11713,1.121,1.1132,1.11906,0.0
2015-10-02,1.11905,1.13184,1.1148,1.1207,0.0
2015-10-05,1.12152,1.129,1.117,1.11905,0.0
2015-10-06,1.11905,1.12796,1.11707,1.12646,0.0
2015-10-07,1.12669,1.12842,1.1209,1.12366,0.0
2015-10-08,1.12364,1.13276,1.12324,1.12892,0.0
2015-10-09,1.12892,1.13872,1.1265,1.1355,0.0
2015-10-12,1.13619,1.14,1.1351,1.13559,0.0
2015-10-13,1.13558,1.1411,1.13429,1.13868,0.0
2015-10-14,1.1387,1.14891,1.1379,1.14741,0.0
2015-10-15,1.14739,1.14952,1.136,1.1376,0.0
2015-10-16,1.13762,1.1395,1.1333,1.13473,0.0
2015-10-19,1.13521,1.138,1.1304,1.13269,0.0
2015-10-20,1.1327,1.13871,1.1321,1.13524,0.0
2015-10-21,1.13524,1.13776,1.1333,1.13411,0.0
2015-10-22,1.13411,1.13512,1.1076,1.1106,0.0
2015-10-23,1.1106,1.114,1.0995,1.1015,0.0
2015-10-26,1.10188,1.10682,1.1001,1.10595,0.0
2015-10-27,1.10599,1.10786,1.1027,1.10369,0.0
2015-10-28,1.10374,1.1096,1.0896,1.09295,0.0
2015-10-29,1.09297,1.09883,1.09018,1.09869,0.0
2015-10-30,1.09869,1.10725,1.09635,1.1011,0.0
2015-11-02,1.10322,1.1053,1.0998,1.10134,0.0
2015-11-03,1.10135,1.10301,1.0934,1.0962,0.0
2015-11-04,1.09624,1.0968,1.0842,1.08669,0.0
2015-11-05,1.08666,1.08977,1.08316,1.08824,0.0
2015-11-06,1.08823,1.08938,1.07051,1.07356,0.0
2015-11-09,1.07304,1.079,1.0718,1.07557,0.0
2015-11-10,1.0756,1.0764,1.0671,1.07206,0.0
2015-11-11,1.07206,1.07737,1.0703,1.07579,0.0
2015-11-12,1.07578,1.08303,1.0689,1.08066,0.0
2015-11-13,1.08066,1.08172,1.0711,1.0772,0.0
2015-11-16,1.0736,1.07581,1.0673,1.06835,0.0
2015-11-17,1.06834,1.06907,1.0628,1.06456,0.0
2015-11-18,1.06457,1.06926,1.0615,1.06601,0.0
2015-11-19,1.06599,1.0763,1.0657,1.0729,0.0
2015-11-20,1.07296,1.07341,1.0638,1.06419,0.0
2015-11-23,1.06436,1.06567,1.0592,1.06335,0.0
2015-11-24,1.06336,1.06734,1.06187,1.06449,0.0
2015-11-25,1.06453,1.069,1.0565,1.06206,0.0
2015-11-26,1.06206,1.06274,1.0597,1.06037,0.0
2015-11-27,1.06033,1.0638,1.0566,1.05874,0.0
2015-11-30,1.05917,1.05941,1.0555,1.05714,0.0
2015-12-01,1.05714,1.06371,1.05613,1.06245,0.0
2015-12-02,1.06247,1.06321,1.05499,1.06077,0.0
2015-12-03,1.06082,1.09811,1.05216,1.09268,0.0
2015-12-04,1.09268,1.09562,1.0835,1.08818,0.0
2015-12-07,1.08755,1.08875,1.0793,1.08321,0.0
2015-12-08,1.08321,1.09027,1.0828,1.08935,0.0
2015-12-09,1.08936,1.10428,1.0877,1.1017,0.0
2015-12-10,1.1017,1.10214,1.0923,1.09398,0.0
2015-12-11,1.094,1.10308,1.09246,1.09865,0.0
2015-12-14,1.09709,1.105,1.09439,1.09993,0.0
2015-12-15,1.09999,1.106,1.0902,1.09325,0.0
2015-12-16,1.09328,1.10119,1.0887,1.08909,0.0
2015-12-17,1.08911,1.08927,1.08,1.08341,0.0
2015-12-18,1.0833,1.08744,1.0802,1.08629,0.0
2015-12-21,1.08553,1.09389,1.0846,1.0908,0.0
2015-12-22,1.09091,1.09842,1.09,1.09502,0.0
2015-12-23,1.09504,1.0953,1.0867,1.09031,0.0
2015-12-24,1.09038,1.0971,1.09017,1.0966,0.0
2015-12-25,1.09654,1.0975,1.0939,1.0973,0.0
2015-12-28,1.09618,1.09925,1.0953,1.09745,0.0
2015-12-29,1.09746,1.09918,1.0898,1.09222,0.0
2015-12-30,1.09223,1.09437,1.0899,1.09252,0.0
2015-12-31,1.09253,1.09372,1.0848,1.08584,0.0
2016-01-01,1.0863,1.08635,1.0855,1.08584,0.0
2016-01-04,1.08665,1.09463,1.0779,1.08286,0.0
2016-01-05,1.08282,1.08388,1.0708,1.07524,0.0
2016-01-06,1.07531,1.07994,1.07138,1.07744,0.0
2016-01-07,1.07743,1.09401,1.077,1.0921,0.0
2016-01-08,1.09215,1.09303,1.08013,1.09193,0.0
2016-01-11,1.09439,1.09698,1.08471,1.08621,0.0
2016-01-12,1.08623,1.09002,1.0818,1.08474,0.0
2016-01-13,1.08479,1.08878,1.0802,1.08819,0.0
2016-01-14,1.08822,1.09432,1.08337,1.08608,0.0
2016-01-15,1.08614,1.09846,1.08525,1.0914,0.0
2016-01-18,1.09103,1.09277,1.0868,1.08906,0.0
2016-01-19,1.08905,1.09389,1.0857,1.09114,0.0
2016-01-20,1.09138,1.0976,1.08748,1.08916,0.0
2016-01-21,1.08916,1.09216,1.07768,1.08705,0.0
2016-01-22,1.08709,1.08766,1.07875,1.07934,0.0
2016-01-25,1.07926,1.08569,1.07875,1.08494,0.0
2016-01-26,1.08494,1.08744,1.0816,1.08651,0.0
2016-01-27,1.08652,1.09165,1.08485,1.09023,0.0
2016-01-28,1.0903,1.09677,1.0862,1.0938,0.0
2016-01-29,1.09372,1.09485,1.0808,1.0827,0.0
2016-02-01,1.0829,1.09127,1.08124,1.08894,0.0
2016-02-02,1.08889,1.094,1.08844,1.09238,0.0
2016-02-03,1.09238,1.11455,1.0902,1.10811,0.0
2016-02-04,1.10817,1.124,1.1068,1.11999,0.0
2016-02-05,1.11999,1.12457,1.1107,1.11521,0.0
2016-02-08,1.11456,1.12159,1.1084,1.11987,0.0
2016-02-09,1.11989,1.1338,1.1161,1.1287,0.0
2016-02-10,1.12873,1.13115,1.1159,1.12776,0.0
2016-02-11,1.12775,1.13763,1.1272,1.13129,0.0
2016-02-12,1.13125,1.1334,1.1213,1.1254,0.0
2016-02-15,1.12382,1.12416,1.1126,1.11631,0.0
2016-02-16,1.11622,1.1193,1.11222,1.11359,0.0
2016-02-17,1.11365,1.118,1.1104,1.11286,0.0
2016-02-18,1.11281,1.115,1.107,1.11088,0.0
2016-02-19,1.1109,1.114,1.1065,1.11264,0.0
2016-02-22,1.1116,1.11247,1.1002,1.10271,0.0
2016-02-23,1.10273,1.10527,1.0988,1.10195,0.0
2016-02-24,1.10194,1.10463,1.0956,1.10163,0.0
2016-02-25,1.10162,1.105,1.09859,1.10199,0.0
2016-02-26,1.102,1.10683,1.091,1.0931,0.0
2016-02-29,1.09166,1.09626,1.0857,1.08837,0.0
2016-03-01,1.08841,1.08935,1.08322,1.08665,0.0
2016-03-02,1.08669,1.08811,1.08236,1.08692,0.0
2016-03-03,1.0869,1.09724,1.08513,1.09488,0.0
2016-03-04,1.09488,1.10434,1.09026,1.1004,0.0
2016-03-07,1.0992,1.10258,1.0937,1.10143,0.0
2016-03-08,1.10143,1.10575,1.09916,1.10048,0.0
2016-03-09,1.10054,1.1035,1.0944,1.09964,0.0
2016-03-10,1.09965,1.12178,1.08218,1.11791,0.0
2016-03-11,1.11798,1.12098,1.1078,1.1152,0.0
2016-03-14,1.11641,1.11763,1.10768,1.11029,0.0
2016-03-15,1.11032,1.1125,1.1071,1.11062,0.0
2016-03-16,1.11069,1.12421,1.1055,1.1215,0.0
2016-03-17,1.1215,1.13425,1.12039,1.13154,0.0
2016-03-18,1.13151,1.13372,1.1254,1.1269,0.0
2016-03-21,1.12733,1.12854,1.1232,1.12393,0.0
2016-03-22,1.12394,1.12618,1.1186,1.12162,0.0
2016-03-23,1.12167,1.12235,1.1157,1.1182,0.0
2016-03-24,1.11822,1.119,1.11427,1.1177,0.0
2016-03-25,1.1177,1.1179,1.11515,1.1163,0.0
2016-03-28,1.11597,1.12199,1.1152,1.11968,0.0
2016-03-29,1.11971,1.13033,1.11677,1.12879,0.0
2016-03-30,1.12876,1.13654,1.1284,1.13322,0.0
2016-03-31,1.13321,1.14119,1.1308,1.13778,0.0
2016-04-01,1.1378,1.14377,1.1334,1.1394,0.0
2016-04-04,1.13914,1.14127,1.1355,1.13881,0.0
2016-04-05,1.13882,1.14051,1.1334,1.13828,0.0
2016-04-06,1.13833,1.14317,1.1325,1.13962,0.0
2016-04-07,1.13956,1.1454,1.13356,1.13722,0.0
2016-04-08,1.13726,1.142,1.13478,1.1395,0.0
2016-04-11,1.14045,1.14465,1.13705,1.14099,0.0
2016-04-12,1.14098,1.14648,1.1345,1.13858,0.0
2016-04-13,1.13858,1.13912,1.127,1.1279,0.0
2016-04-14,1.12825,1.12948,1.1231,1.12625,0.0
2016-04-15,1.12663,1.1317,1.1243,1.12936,0.0
2016-04-18,1.12815,1.13325,1.1272,1.13082,0.0
2016-04-19,1.13099,1.13847,1.13015,1.13566,0.0
2016-04-20,1.13568,1.13879,1.1288,1.13012,0.0
2016-04-21,1.13012,1.13933,1.12712,1.12876,0.0
2016-04-22,1.12883,1.13087,1.12153,1.12153,0.0
2016-04-25,1.12307,1.128,1.12225,1.12673,0.0
2016-04-26,1.12674,1.134,1.1254,1.1299,0.0
2016-04-27,1.12991,1.136,1.1271,1.13266,0.0
2016-04-28,1.13266,1.137,1.1294,1.13526,0.0
2016-04-29,1.13528,1.146,1.13493,1.14485,0.0
2016-05-02,1.14542,1.15362,1.1446,1.15257,0.0
2016-05-03,1.15266,1.16163,1.1491,1.14989,0.0
2016-05-04,1.14993,1.1529,1.1466,1.1489,0.0
2016-05-05,1.1489,1.1494,1.1384,1.14027,0.0
2016-05-06,1.14027,1.14779,1.13845,1.13991,0.0
2016-05-09,1.13963,1.14202,1.13734,1.13829,0.0
2016-05-10,1.13828,1.14099,1.1357,1.13715,0.0
2016-05-11,1.13715,1.14467,1.13674,1.1423,0.0
2016-05-12,1.14239,1.143,1.1366,1.13784,0.0
2016-05-13,1.13786,1.13798,1.1281,1.1305,0.0
2016-05-16,1.13145,1.13424,1.1301,1.13138,0.0
2016-05-17,1.1314,1.13462,1.1301,1.13129,0.0
2016-05-18,1.13124,1.13162,1.121,1.12233,0.0
2016-05-19,1.12234,1.123,1.1177,1.12021,0.0
2016-05-20,1.12021,1.124,1.11943,1.12191,0.0
2016-05-23,1.12163,1.12429,1.1185,1.12164,0.0
2016-05-24,1.12164,1.12271,1.1131,1.11398,0.0
2016-05-25,1.11394,1.11669,1.1128,1.11561,0.0
2016-05-26,1.1156,1.12168,1.11476,1.11928,0.0
2016-05-27,1.11925,1.12007,1.11087,1.11087,0.0
2016-05-30,1.11107,1.1145,1.10959,1.11417,0.0
2016-05-31,1.11412,1.11734,1.112,1.11315,0.0
2016-06-01,1.11315,1.11941,1.1111,1.1184,0.0
2016-06-02,1.11848,1.122,1.11448,1.11521,0.0
2016-06-03,1.11521,1.13736,1.1134,1.13627,0.0
2016-06-06,1.13561,1.13928,1.1326,1.1355,0.0
2016-06-07,1.13548,1.13805,1.1336,1.1355,0.0
2016-06-08,1.13549,1.14106,1.135,1.13999,0.0
2016-06-09,1.13999,1.14155,1.1304,1.13136,0.0
2016-06-10,1.13136,1.13214,1.12438,1.12484,0.0
2016-06-13,1.12491,1.13029,1.123,1.12902,0.0
2016-06-14,1.12902,1.12988,1.11872,1.12092,0.0
2016-06-15,1.1209,1.12974,1.1188,1.12618,0.0
2016-06-16,1.12627,1.12949,1.11289,1.12312,0.0
2016-06-17,1.12314,1.12963,1.1221,1.1279,0.0
2016-06-20,1.13229,1.13825,1.13,1.13147,0.0
2016-06-21,1.13146,1.135,1.1238,1.12576,0.0
2016-06-22,1.12576,1.13477,1.1235,1.13308,0.0
2016-06-23,1.13309,1.1428,1.13148,1.1375,0.0
2016-06-24,1.13752,1.13754,1.09108,1.11148,0.0
2016-06-27,1.1072,1.10836,1.09699,1.10103,0.0
2016-06-28,1.10098,1.11117,1.10078,1.10725,0.0
2016-06-29,1.10725,1.11308,1.1047,1.1123,0.0
2016-06-30,1.11233,1.11546,1.1024,1.1099,0.0
2016-07-01,1.10996,1.11694,1.107,1.1135,0.0
2016-07-04,1.11294,1.1163,1.1096,1.11455,0.0
2016-07-05,1.11456,1.1186,1.1059,1.10614,0.0
2016-07-06,1.1062,1.11116,1.10289,1.10944,0.0
2016-07-07,1.10946,1.11072,1.105,1.10598,0.0
2016-07-08,1.10598,1.11116,1.10008,1.1049,0.0
2016-07-11,1.10499,1.10746,1.1014,1.10597,0.0
2016-07-12,1.10575,1.11263,1.105,1.10632,0.0
2016-07-13,1.10633,1.112,1.104,1.10982,0.0
2016-07-14,1.10982,1.11648,1.1088,1.11125,0.0
2016-07-15,1.11121,1.115,1.1023,1.10261,0.0
2016-07-18,1.10572,1.10838,1.1035,1.10744,0.0
2016-07-19,1.10744,1.10805,1.0998,1.10179,0.0
2016-07-20,1.10174,1.10283,1.098,1.101,0.0
2016-07-21,1.101,1.10586,1.09791,1.10263,0.0
2016-07-22,1.10263,1.10409,1.0953,1.0975,0.0
2016-07-25,1.09712,1.09991,1.095,1.09929,0.0
2016-07-26,1.09931,1.10298,1.0976,1.09886,0.0
2016-07-27,1.09886,1.10708,1.09605,1.10576,0.0
2016-07-28,1.10576,1.11196,1.1054,1.10775,0.0
2016-07-29,1.10775,1.11974,1.1071,1.1175,0.0
2016-08-01,1.11711,1.11814,1.1153,1.11665,0.0
2016-08-02,1.11664,1.12338,1.1157,1.1219,0.0
2016-08-03,1.12197,1.12216,1.1138,1.11491,0.0
2016-08-04,1.11488,1.11563,1.11129,1.11283,0.0
2016-08-05,1.11283,1.11613,1.1044,1.1081,0.0
2016-08-08,1.10909,1.1105,1.107,1.10844,0.0
2016-08-09,1.10835,1.11226,1.1068,1.11149,0.0
2016-08-10,1.11149,1.11902,1.1109,1.11854,0.0
2016-08-11,1.11858,1.11917,1.1132,1.11392,0.0
2016-08-12,1.11383,1.12214,1.1129,1.11623,0.0
2016-08-15,1.11599,1.12038,1.1151,1.1185,0.0
2016-08-16,1.11856,1.13226,1.1175,1.1277,0.0
2016-08-17,1.12763,1.13159,1.124,1.12947,0.0
2016-08-18,1.12949,1.13663,1.1286,1.13454,0.0
2016-08-19,1.13452,1.135,1.1302,1.1325,0.0
2016-08-22,1.13137,1.13307,1.12688,1.13195,0.0
2016-08-23,1.132,1.13553,1.13,1.13034,0.0
2016-08-24,1.13028,1.13114,1.1242,1.12639,0.0
2016-08-25,1.12644,1.12975,1.1256,1.12849,0.0
2016-08-26,1.12844,1.13407,1.1179,1.1195,0.0
2016-08-29,1.11953,1.12078,1.11569,1.11867,0.0
2016-08-30,1.11873,1.11923,1.1129,1.11475,0.0
2016-08-31,1.11481,1.11656,1.1121,1.11606,0.0
2016-09-01,1.11606,1.12052,1.1126,1.11947,0.0
2016-09-02,1.11945,1.1252,1.1149,1.1152,0.0
2016-09-05,1.11567,1.11824,1.1138,1.11481,0.0
2016-09-06,1.11482,1.12631,1.1139,1.12443,0.0
2016-09-07,1.12443,1.12719,1.1227,1.12418,0.0
2016-09-08,1.12414,1.13271,1.1233,1.12645,0.0
2016-09-09,1.12642,1.12851,1.1197,1.1225,0.0
2016-09-12,1.12365,1.12682,1.1208,1.12384,0.0
2016-09-13,1.12381,1.12606,1.1202,1.1214,0.0
2016-09-14,1.1215,1.12741,1.121,1.12428,0.0
2016-09-15,1.12424,1.12842,1.1216,1.12476,0.0
2016-09-16,1.1248,1.12487,1.1147,1.11566,0.0
2016-09-19,1.11588,1.12,1.11498,1.11781,0.0
2016-09-20,1.11781,1.12134,1.1147,1.11531,0.0
2016-09-21,1.11529,1.11966,1.112,1.11898,0.0
2016-09-22,1.11898,1.12574,1.1182,1.12101,0.0
2016-09-23,1.12101,1.12405,1.1191,1.1226,0.0
2016-09-26,1.12347,1.128,1.1219,1.1252,0.0
2016-09-27,1.1252,1.126,1.1189,1.1217,0.0
2016-09-28,1.12165,1.1237,1.1179,1.12168,0.0
2016-09-29,1.1217,1.12501,1.11958,1.12231,0.0
2016-09-30,1.1223,1.12511,1.1151,1.12403,0.0
2016-10-03,1.12353,1.12416,1.1203,1.12138,0.0
2016-10-04,1.12136,1.124,1.1136,1.12048,0.0
2016-10-05,1.12052,1.12333,1.1187,1.12065,0.0
2016-10-06,1.12061,1.12126,1.1138,1.11456,0.0
2016-10-07,1.11458,1.12049,1.1102,1.12,0.0
2016-10-10,1.11919,1.12004,1.1129,1.11402,0.0
2016-10-11,1.11402,1.11424,1.1046,1.10593,0.0
2016-10-12,1.10595,1.10676,1.1001,1.10126,0.0
2016-10-13,1.10126,1.10584,1.0983,1.10535,0.0
2016-10-14,1.10536,1.10578,1.0966,1.0966,0.0
2016-10-17,1.0971,1.101,1.0961,1.10022,0.0
2016-10-18,1.1002,1.10263,1.09684,1.09785,0.0
2016-10-19,1.09787,1.10049,1.0952,1.09782,0.0
2016-10-20,1.09785,1.10392,1.0913,1.09275,0.0
2016-10-21,1.09276,1.09297,1.0857,1.08838,0.0
2016-10-24,1.08785,1.09,1.0857,1.08712,0.0
2016-10-25,1.08713,1.09051,1.0848,1.08896,0.0
2016-10-26,1.08898,1.09467,1.0872,1.09081,0.0
2016-10-27,1.09078,1.09423,1.088,1.08946,0.0
2016-10-28,1.08946,1.09917,1.0891,1.0981,0.0
2016-10-31,1.09779,1.09863,1.0934,1.09719,0.0
2016-11-01,1.09722,1.1069,1.0956,1.10559,0.0
2016-11-02,1.10559,1.11231,1.1047,1.10978,0.0
2016-11-03,1.1098,1.11262,1.1057,1.1104,0.0
2016-11-04,1.11056,1.1145,1.1078,1.1145,0.0
2016-11-07,1.10838,1.11104,1.1025,1.10433,0.0
2016-11-08,1.10433,1.10671,1.1006,1.1013,0.0
2016-11-09,1.10131,1.12996,1.0904,1.09187,0.0
2016-11-10,1.09201,1.09537,1.0862,1.0885,0.0
2016-11-11,1.08856,1.09236,1.0829,1.08519,0.0
2016-11-14,1.0838,1.08398,1.0707,1.07442,0.0
2016-11-15,1.07436,1.08167,1.0711,1.07238,0.0
2016-11-16,1.07237,1.07595,1.0664,1.07013,0.0
2016-11-17,1.06994,1.07456,1.0617,1.06261,0.0
2016-11-18,1.06261,1.0643,1.0567,1.05841,0.0
2016-11-21,1.05864,1.06491,1.0576,1.06309,0.0
2016-11-22,1.06307,1.066,1.0582,1.06271,0.0
2016-11-23,1.06273,1.06436,1.0524,1.05511,0.0
2016-11-24,1.0551,1.05854,1.0516,1.05559,0.0
2016-11-25,1.05556,1.06275,1.0536,1.05892,0.0
2016-11-28,1.05975,1.06857,1.0562,1.06133,0.0
2016-11-29,1.06124,1.06544,1.0564,1.06481,0.0
2016-11-30,1.06484,1.06666,1.0552,1.05962,0.0
2016-12-01,1.05959,1.06688,1.0583,1.06589,0.0
2016-12-02,1.0659,1.06899,1.0623,1.06608,0.0
2016-12-05,1.05333,1.07966,1.05038,1.0758,0.0
2016-12-06,1.07589,1.07853,1.0697,1.07178,0.0
2016-12-07,1.07175,1.077,1.0707,1.07571,0.0
2016-12-08,1.07574,1.08735,1.0596,1.06132,0.0
2016-12-09,1.0613,1.063,1.0529,1.05578,0.0
2016-12-12,1.05456,1.06517,1.0523,1.06393,0.0
2016-12-13,1.06398,1.06672,1.0601,1.0625,0.0
2016-12-14,1.06247,1.06701,1.0495,1.05277,0.0
2016-12-15,1.05275,1.05278,1.0364,1.042,0.0
2016-12-16,1.04199,1.04741,1.0403,1.04492,0.0
2016-12-19,1.04457,1.04795,1.0391,1.04017,0.0
2016-12-20,1.04013,1.0418,1.035,1.03903,0.0
2016-12-21,1.03904,1.04511,1.038,1.04265,0.0
2016-12-22,1.04273,1.04993,1.0422,1.04349,0.0
2016-12-23,1.04343,1.04689,1.0424,1.0446,0.0
2016-12-26,1.04546,1.0469,1.0438,1.04547,0.0
2016-12-27,1.04545,1.04634,1.043,1.04588,0.0
2016-12-28,1.04579,1.04799,1.037,1.04178,0.0
2016-12-29,1.04186,1.0494,1.0411,1.04925,0.0
2016-12-30,1.04919,1.06542,1.0482,1.0516,0.0
2017-01-02,1.0518,1.05293,1.0448,1.04622,0.0
2017-01-03,1.04613,1.04901,1.03394,1.0409,0.0
2017-01-04,1.04093,1.04999,1.0387,1.04871,0.0
2017-01-05,1.04872,1.06153,1.0479,1.06021,0.0
2017-01-06,1.06021,1.06221,1.0522,1.0532,0.0
2017-01-09,1.05331,1.05892,1.0508,1.05838,0.0
2017-01-10,1.05837,1.06274,1.0549,1.05562,0.0
2017-01-11,1.05564,1.06229,1.0452,1.05833,0.0
2017-01-12,1.05833,1.06848,1.0569,1.06119,0.0
2017-01-13,1.06116,1.06749,1.05956,1.06399,0.0
2017-01-16,1.06213,1.06359,1.0577,1.05994,0.0
2017-01-17,1.05982,1.072,1.0595,1.07108,0.0
2017-01-18,1.07103,1.07133,1.0625,1.06336,0.0
2017-01-19,1.06336,1.06767,1.05887,1.06582,0.0
2017-01-20,1.06582,1.07096,1.0623,1.0699,0.0
2017-01-23,1.07029,1.07726,1.0701,1.07719,0.0
2017-01-24,1.0773,1.0775,1.0718,1.07312,0.0
2017-01-25,1.07312,1.077,1.0709,1.07496,0.0
2017-01-26,1.07499,1.07657,1.0655,1.06799,0.0
2017-01-27,1.06797,1.0725,1.0657,1.06979,0.0
2017-01-30,1.07135,1.07403,1.06188,1.07011,0.0
2017-01-31,1.07007,1.08123,1.0682,1.07954,0.0
2017-02-01,1.07957,1.08075,1.07292,1.07668,0.0
2017-02-02,1.07671,1.08288,1.0754,1.07619,0.0
2017-02-03,1.0761,1.08,1.07105,1.07804,0.0
2017-02-06,1.0784,1.07889,1.0704,1.07478,0.0
2017-02-07,1.07477,1.07496,1.0654,1.06805,0.0
2017-02-08,1.06798,1.07141,1.0638,1.06952,0.0
2017-02-09,1.06951,1.071,1.0649,1.06526,0.0
2017-02-10,1.06537,1.06677,1.0606,1.0637,0.0
2017-02-13,1.06308,1.06585,1.059,1.05943,0.0
2017-02-14,1.05959,1.06335,1.0559,1.05773,0.0
2017-02-15,1.05773,1.061,1.0519,1.05916,0.0
2017-02-16,1.05923,1.068,1.059,1.06681,0.0
2017-02-17,1.06684,1.06768,1.0603,1.06128,0.0
2017-02-20,1.06201,1.0633,1.0601,1.06137,0.0
2017-02-21,1.06132,1.06148,1.0523,1.05354,0.0
2017-02-22,1.05348,1.05741,1.0492,1.0556,0.0
2017-02-23,1.05558,1.05953,1.0536,1.05775,0.0
2017-02-24,1.05777,1.062,1.0547,1.0551,0.0
2017-02-27,1.05591,1.06306,1.0549,1.05864,0.0
2017-02-28,1.05867,1.06301,1.0565,1.05728,0.0
2017-03-01,1.05725,1.05894,1.05127,1.05508,0.0
2017-03-02,1.05509,1.0551,1.0493,1.05065,0.0
2017-03-03,1.05061,1.06239,1.05,1.06182,0.0
2017-03-06,1.06094,1.06402,1.0572,1.05815,0.0
2017-03-07,1.05817,1.06026,1.0556,1.05672,0.0
2017-03-08,1.0566,1.05742,1.0533,1.05406,0.0
2017-03-09,1.05405,1.06154,1.0522,1.0576,0.0
2017-03-10,1.05749,1.06991,1.05697,1.067,0.0
2017-03-13,1.06791,1.07144,1.0649,1.06515,0.0
2017-03-14,1.0652,1.06627,1.0598,1.06087,0.0
2017-03-15,1.06086,1.07401,1.0606,1.07301,0.0
2017-03-16,1.07298,1.07742,1.0703,1.07713,0.0
2017-03-17,1.07714,1.07824,1.0725,1.07338,0.0
2017-03-20,1.07413,1.07773,1.0722,1.07338,0.0
2017-03-21,1.07338,1.082,1.0717,1.08117,0.0
2017-03-22,1.0811,1.08247,1.0773,1.07936,0.0
2017-03-23,1.07938,1.0805,1.0766,1.07822,0.0
2017-03-24,1.07823,1.0818,1.0758,1.0795,0.0
2017-03-27,1.08479,1.09061,1.0835,1.08647,0.0
2017-03-28,1.08642,1.08727,1.0796,1.0814,0.0
2017-03-29,1.08145,1.08265,1.0737,1.07649,0.0
2017-03-30,1.07649,1.077,1.0669,1.06841,0.0
2017-03-31,1.06844,1.07019,1.06498,1.0663,0.0
2017-04-03,1.06712,1.06811,1.064,1.06667,0.0
2017-04-04,1.06663,1.06851,1.0633,1.06791,0.0
2017-04-05,1.06788,1.069,1.06329,1.06687,0.0
2017-04-06,1.0668,1.06841,1.0627,1.06429,0.0
2017-04-07,1.06427,1.06668,1.0578,1.05895,0.0
2017-04-10,1.05784,1.06067,1.0568,1.05982,0.0
2017-04-11,1.05977,1.06302,1.0576,1.06042,0.0
2017-04-12,1.06047,1.06751,1.0587,1.06665,0.0
2017-04-13,1.06665,1.06777,1.06077,1.06161,0.0
2017-04-14,1.06167,1.063,1.0604,1.06117,0.0
2017-04-17,1.06048,1.06705,1.0602,1.06409,0.0
2017-04-18,1.06413,1.0736,1.0635,1.07289,0.0
2017-04-19,1.07297,1.07369,1.0698,1.0714,0.0
2017-04-20,1.07152,1.07776,1.0705,1.07143,0.0
2017-04-21,1.07146,1.07381,1.068,1.07246,0.0
2017-04-24,1.08842,1.08902,1.0818,1.08675,0.0
2017-04-25,1.08675,1.095,1.0849,1.09295,0.0
2017-04-26,1.09296,1.09509,1.08553,1.09084,0.0
2017-04-27,1.09084,1.09329,1.0849,1.08701,0.0
2017-04-28,1.08698,1.09475,1.0855,1.08932,0.0
2017-05-01,1.09023,1.09241,1.08829,1.091,0.0
2017-05-02,1.09104,1.09332,1.0886,1.09308,0.0
2017-05-03,1.09303,1.0937,1.088,1.08886,0.0
2017-05-04,1.0889,1.09873,1.0873,1.09802,0.0
2017-05-05,1.09802,1.1,1.09483,1.0995,0.0
2017-05-08,1.0993,1.09968,1.0915,1.09252,0.0
2017-05-09,1.09256,1.09335,1.0861,1.08819,0.0
2017-05-10,1.08822,1.08982,1.0851,1.08659,0.0
2017-05-11,1.08665,1.08931,1.0837,1.08633,0.0
2017-05-12,1.08633,1.09343,1.0854,1.0926,0.0
2017-05-15,1.09253,1.099,1.092,1.09808,0.0
2017-05-16,1.09803,1.10973,1.0976,1.10946,0.0
2017-05-17,1.10949,1.11743,1.108,1.11614,0.0
2017-05-18,1.11612,1.1172,1.1074,1.11076,0.0
2017-05-19,1.11076,1.12122,1.1097,1.1204,0.0
2017-05-22,1.12062,1.12635,1.1159,1.12384,0.0
2017-05-23,1.12387,1.12683,1.1172,1.1187,0.0
2017-05-24,1.11876,1.12264,1.1166,1.12169,0.0
2017-05-25,1.12172,1.12506,1.11927,1.12127,0.0
2017-05-26,1.12124,1.12347,1.1159,1.1177,0.0
2017-05-29,1.11827,1.119,1.1133,1.11385,0.0
2017-05-30,1.11385,1.12055,1.1107,1.11734,0.0
2017-05-31,1.11734,1.12523,1.1162,1.12387,0.0
2017-06-01,1.12387,1.12567,1.12,1.12186,0.0
2017-06-02,1.12186,1.12851,1.1203,1.1279,0.0
2017-06-05,1.12785,1.12811,1.1233,1.12581,0.0
2017-06-06,1.12572,1.12843,1.1238,1.12774,0.0
2017-06-07,1.12777,1.12827,1.1202,1.1258,0.0
2017-06-08,1.12581,1.127,1.1194,1.12034,0.0
2017-06-09,1.12032,1.12159,1.1164,1.1194,0.0
2017-06-12,1.12036,1.12322,1.11902,1.12011,0.0
2017-06-13,1.12018,1.1225,1.11832,1.12075,0.0
2017-06-14,1.12081,1.1296,1.1192,1.12097,0.0
2017-06-15,1.12098,1.12286,1.113,1.11462,0.0
2017-06-16,1.11462,1.12017,1.11364,1.11837,0.0
2017-06-19,1.12036,1.12129,1.1142,1.11517,0.0
2017-06-20,1.11517,1.1165,1.11168,1.1135,0.0
2017-06-21,1.11343,1.1169,1.11259,1.11668,0.0
2017-06-22,1.11668,1.118,1.11376,1.11499,0.0
2017-06-23,1.11499,1.121,1.1143,1.1183,0.0
2017-06-26,1.11964,1.122,1.117,1.11804,0.0
2017-06-27,1.11804,1.13494,1.1177,1.1343,0.0
2017-06-28,1.1343,1.13909,1.12908,1.13775,0.0
2017-06-29,1.13772,1.14456,1.1375,1.14426,0.0
2017-06-30,1.14422,1.14445,1.13902,1.1427,0.0
2017-07-03,1.14252,1.14259,1.13532,1.13662,0.0
2017-07-04,1.13665,1.13771,1.13344,1.13531,0.0
2017-07-05,1.1353,1.137,1.1311,1.13532,0.0
2017-07-06,1.13532,1.1425,1.13279,1.1422,0.0
2017-07-07,1.1422,1.144,1.13782,1.1398,0.0
2017-07-10,1.13999,1.142,1.138,1.13965,0.0
2017-07-11,1.13965,1.14797,1.13808,1.14699,0.0
2017-07-12,1.14697,1.14896,1.1391,1.14159,0.0
2017-07-13,1.14159,1.14559,1.1369,1.13957,0.0
2017-07-14,1.13953,1.1472,1.139,1.14613,0.0
2017-07-17,1.14699,1.149,1.1433,1.14768,0.0
2017-07-18,1.14769,1.15832,1.14694,1.15505,0.0
2017-07-19,1.15504,1.15535,1.1509,1.1527,0.0
2017-07-20,1.15273,1.16582,1.14776,1.16268,0.0
2017-07-21,1.16272,1.1683,1.1617,1.1659,0.0
2017-07-24,1.16726,1.16843,1.1625,1.1637,0.0
2017-07-25,1.16374,1.17121,1.1629,1.1646,0.0
2017-07-26,1.16463,1.17478,1.1612,1.17343,0.0
2017-07-27,1.17343,1.17768,1.16486,1.16841,0.0
2017-07-28,1.16839,1.17641,1.167,1.1751,0.0
2017-07-31,1.17592,1.18457,1.1721,1.1831,0.0
2017-08-01,1.18308,1.184,1.17843,1.18054,0.0
2017-08-02,1.18055,1.19103,1.1792,1.18512,0.0
2017-08-03,1.18509,1.18931,1.18286,1.18772,0.0
2017-08-04,1.18772,1.189,1.17274,1.1772,0.0
2017-08-07,1.17859,1.18141,1.1775,1.1792,0.0
2017-08-08,1.1792,1.1824,1.1714,1.17592,0.0
2017-08-09,1.17592,1.17701,1.16878,1.17626,0.0
2017-08-10,1.17625,1.17855,1.17024,1.17656,0.0
2017-08-11,1.17655,1.18473,1.17469,1.18241,0.0
2017-08-14,1.18215,1.184,1.1769,1.17781,0.0
2017-08-15,1.17786,1.17928,1.1686,1.17374,0.0
2017-08-16,1.17374,1.17795,1.16809,1.17775,0.0
2017-08-17,1.17769,1.179,1.16618,1.17266,0.0
2017-08-18,1.17266,1.17746,1.1707,1.176,0.0
2017-08-21,1.17538,1.18282,1.17294,1.18093,0.0
2017-08-22,1.18093,1.18244,1.17435,1.17636,0.0
2017-08-23,1.1764,1.18232,1.17392,1.18115,0.0
2017-08-24,1.18115,1.18178,1.17826,1.18029,0.0
2017-08-25,1.18027,1.19415,1.1772,1.1924,0.0
2017-08-28,1.19519,1.19861,1.1915,1.19678,0.0
2017-08-29,1.19679,1.20704,1.1945,1.19744,0.0
2017-08-30,1.19744,1.19845,1.1879,1.18959,0.0
2017-08-31,1.18962,1.19229,1.1821,1.19128,0.0
2017-09-01,1.19128,1.19798,1.18481,1.1857,0.0
2017-09-04,1.18783,1.19221,1.1876,1.18979,0.0
2017-09-05,1.18977,1.19407,1.1867,1.19206,0.0
2017-09-06,1.19206,1.19504,1.1902,1.19251,0.0
2017-09-07,1.19248,1.20596,1.1913,1.20187,0.0
2017-09-08,1.20189,1.20924,1.2013,1.2035,0.0
2017-09-11,1.20187,1.203,1.1946,1.19624,0.0
2017-09-12,1.19623,1.19782,1.1925,1.19716,0.0
2017-09-13,1.19717,1.19949,1.1871,1.18934,0.0
2017-09-14,1.18933,1.19229,1.1837,1.19188,0.0
2017-09-15,1.19187,1.19873,1.19,1.19418,0.0
2017-09-18,1.19418,1.197,1.1913,1.19564,0.0
2017-09-19,1.19557,1.20066,1.1953,1.1994,0.0
2017-09-20,1.19942,1.20338,1.186,1.18895,0.0
2017-09-21,1.1889,1.19538,1.1864,1.19409,0.0
2017-09-22,1.19409,1.20046,1.1935,1.1951,0.0
2017-09-25,1.19221,1.19365,1.1831,1.18554,0.0
2017-09-26,1.18555,1.18616,1.1756,1.17895,0.0
2017-09-27,1.17891,1.17954,1.1716,1.17423,0.0
2017-09-28,1.17423,1.18041,1.172,1.17806,0.0
2017-09-29,1.17806,1.18325,1.177,1.1813,0.0
2017-10-02,1.18107,1.18115,1.1728,1.17383,0.0
2017-10-03,1.17389,1.17737,1.1695,1.17423,0.0
2017-10-04,1.17431,1.17878,1.174,1.17608,0.0
2017-10-05,1.17606,1.178,1.1698,1.17102,0.0
2017-10-06,1.17103,1.174,1.1668,1.17259,0.0
2017-10-09,1.17391,1.17561,1.1718,1.17411,0.0
2017-10-10,1.17412,1.18254,1.1738,1.18107,0.0
2017-10-11,1.18103,1.18692,1.1794,1.18627,0.0
2017-10-12,1.18628,1.188,1.18254,1.18348,0.0
2017-10-13,1.18344,1.18749,1.1804,1.18199,0.0
2017-10-16,1.18067,1.182,1.1779,1.1792,0.0
2017-10-17,1.1792,1.1795,1.1735,1.17682,0.0
2017-10-18,1.17683,1.18054,1.1729,1.17944,0.0
2017-10-19,1.17946,1.186,1.1767,1.1847,0.0
2017-10-20,1.18471,1.1858,1.1761,1.1783,0.0
2017-10-23,1.17617,1.178,1.1724,1.17494,0.0
2017-10-24,1.17495,1.1793,1.1741,1.17645,0.0
2017-10-25,1.17645,1.18178,1.1751,1.18153,0.0
2017-10-26,1.1815,1.18369,1.1639,1.16455,0.0
2017-10-27,1.16454,1.16457,1.1572,1.1606,0.0
2017-10-30,1.15949,1.1658,1.1594,1.16432,0.0
2017-10-31,1.16431,1.16614,1.1623,1.16495,0.0
2017-11-01,1.16494,1.16573,1.1605,1.16184,0.0
2017-11-02,1.16184,1.16873,1.1616,1.16572,0.0
2017-11-03,1.16572,1.16917,1.1597,1.1605,0.0
2017-11-06,1.16151,1.16241,1.1579,1.16089,0.0
2017-11-07,1.161,1.16155,1.1553,1.15929,0.0
2017-11-08,1.15927,1.16112,1.1578,1.15935,0.0
2017-11-09,1.15935,1.16549,1.1584,1.16432,0.0
2017-11-10,1.16431,1.168,1.1621,1.1663,0.0
2017-11-13,1.16568,1.16753,1.1636,1.16644,0.0
2017-11-14,1.1664,1.18051,1.166,1.17979,0.0
2017-11-15,1.17979,1.18606,1.1767,1.17688,0.0
2017-11-16,1.17696,1.1801,1.1756,1.17706,0.0
2017-11-17,1.177,1.18218,1.1764,1.17875,0.0
2017-11-20,1.17652,1.181,1.1721,1.17335,0.0
2017-11-21,1.17338,1.17578,1.1712,1.17335,0.0
2017-11-22,1.17335,1.1827,1.1732,1.1818,0.0
2017-11-23,1.18171,1.1856,1.1812,1.185,0.0
2017-11-24,1.18497,1.19444,1.1835,1.1931,0.0
2017-11-27,1.1935,1.19612,1.1889,1.18994,0.0
2017-11-28,1.18994,1.192,1.1826,1.18465,0.0
2017-11-29,1.18467,1.18829,1.1816,1.18492,0.0
2017-11-30,1.18497,1.19316,1.1808,1.18895,0.0
2017-12-01,1.18895,1.19403,1.1849,1.18971,0.0
2017-12-04,1.18691,1.188,1.1828,1.18679,0.0
2017-12-05,1.18677,1.18768,1.1799,1.18285,0.0
2017-12-06,1.18285,1.18481,1.1779,1.18026,0.0
2017-12-07,1.18031,1.18147,1.17687,1.17754,0.0
2017-12-08,1.17756,1.17766,1.1729,1.17686,0.0
2017-12-11,1.17693,1.18118,1.1762,1.17728,0.0
2017-12-12,1.17724,1.17927,1.1716,1.17361,0.0
2017-12-13,1.17363,1.18349,1.1728,1.18256,0.0
2017-12-14,1.18257,1.18627,1.1763,1.17653,0.0
2017-12-15,1.1765,1.18124,1.17455,1.1749,0.0
2017-12-18,1.17457,1.18343,1.1739,1.17826,0.0
2017-12-19,1.17825,1.1849,1.1775,1.18415,0.0
2017-12-20,1.18411,1.19018,1.1827,1.18724,0.0
2017-12-21,1.18724,1.189,1.1848,1.18661,0.0
2017-12-22,1.18663,1.18686,1.18156,1.186,0.0
2017-12-25,1.1858,1.1881,1.18423,1.18715,0.0
2017-12-26,1.18715,1.18787,1.1845,1.186,0.0
2017-12-27,1.18605,1.19104,1.1854,1.18983,0.0
2017-12-28,1.18988,1.19591,1.1895,1.19383,0.0
2017-12-29,1.19381,1.20255,1.1936,1.1994,0.0
2018-01-01,1.2002,1.20166,1.19912,1.20138,0.0
2018-01-02,1.20136,1.20813,1.20013,1.20573,0.0
2018-01-03,1.20573,1.20663,1.2,1.20098,0.0
2018-01-04,1.20095,1.209,1.20028,1.20709,0.0
2018-01-05,1.20716,1.20829,1.2019,1.2026,0.0
2018-01-08,1.20314,1.20523,1.1954,1.19678,0.0
2018-01-09,1.19679,1.19757,1.1914,1.19353,0.0
2018-01-10,1.19356,1.20181,1.1922,1.19489,0.0
2018-01-11,1.19494,1.206,1.1928,1.20384,0.0
2018-01-12,1.20383,1.22188,1.2029,1.21991,0.0
2018-01-15,1.22026,1.22967,1.2186,1.22641,0.0
2018-01-16,1.22641,1.22835,1.2194,1.22554,0.0
2018-01-17,1.22559,1.23232,1.21638,1.21651,0.0
2018-01-18,1.21652,1.22649,1.21638,1.22402,0.0
2018-01-19,1.22396,1.22954,1.2213,1.22195,0.0
2018-01-22,1.22586,1.22671,1.2213,1.226,0.0
2018-01-23,1.22603,1.23062,1.22219,1.2297,0.0
2018-01-24,1.22972,1.24149,1.22898,1.24028,0.0
2018-01-25,1.24043,1.25378,1.2363,1.23714,0.0
2018-01-26,1.23724,1.24937,1.23717,1.24224,0.0
2018-01-29,1.24153,1.24323,1.2335,1.23818,0.0
2018-01-30,1.23825,1.2454,1.2334,1.24042,0.0
2018-01-31,1.2405,1.24749,1.2386,1.24121,0.0
2018-02-01,1.24123,1.25229,1.2384,1.25046,0.0
2018-02-02,1.25045,1.252,1.2408,1.2457,0.0
2018-02-05,1.2431,1.24749,1.23619,1.23755,0.0
2018-02-06,1.23749,1.24346,1.2312,1.23803,0.0
2018-02-07,1.23801,1.24061,1.2244,1.22535,0.0
2018-02-08,1.22537,1.2295,1.221,1.22469,0.0
2018-02-09,1.22469,1.22873,1.2204,1.22515,0.0
2018-02-12,1.22518,1.22977,1.2233,1.22906,0.0
2018-02-13,1.22906,1.23711,1.2283,1.23499,0.0
2018-02-14,1.23496,1.24651,1.2275,1.24538,0.0
2018-02-15,1.24539,1.25104,1.2446,1.25003,0.0
2018-02-16,1.25004,1.25556,1.2392,1.2411,0.0
2018-02-19,1.2415,1.24352,1.2367,1.24059,0.0
2018-02-20,1.24061,1.24122,1.23189,1.2333,0.0
2018-02-21,1.23349,1.23599,1.22719,1.22754,0.0
2018-02-22,1.22752,1.23521,1.22579,1.23297,0.0
2018-02-23,1.23297,1.23374,1.2278,1.2294,0.0
2018-02-26,1.22881,1.2355,1.2276,1.23125,0.0
2018-02-27,1.2312,1.23464,1.222,1.22351,0.0
2018-02-28,1.22354,1.22418,1.2186,1.21924,0.0
2018-03-01,1.2192,1.22746,1.2153,1.22743,0.0
2018-03-02,1.22743,1.23359,1.225,1.2317,0.0
2018-03-05,1.23453,1.235,1.2267,1.2334,0.0
2018-03-06,1.23347,1.24236,1.2327,1.24206,0.0
2018-03-07,1.24208,1.2445,1.2383,1.24102,0.0
2018-03-08,1.24102,1.24462,1.2297,1.2313,0.0
2018-03-09,1.23123,1.23343,1.2272,1.23054,0.0
2018-03-12,1.23104,1.23456,1.2289,1.23334,0.0
2018-03-13,1.23333,1.241,1.2313,1.23925,0.0
2018-03-14,1.23932,1.24127,1.2346,1.2368,0.0
2018-03-15,1.23681,1.23836,1.2299,1.23058,0.0
2018-03-16,1.23058,1.23364,1.2259,1.2285,0.0
2018-03-19,1.22852,1.23588,1.2257,1.23348,0.0
2018-03-20,1.2335,1.23547,1.2237,1.22453,0.0
2018-03-21,1.22454,1.235,1.2242,1.23421,0.0
2018-03-22,1.23421,1.239,1.2284,1.23194,0.0
2018-03-23,1.23203,1.23734,1.2315,1.23524,0.0
2018-03-26,1.23668,1.24616,1.235,1.2451,0.0
2018-03-27,1.24515,1.24765,1.2371,1.2406,0.0
2018-03-28,1.24062,1.24216,1.2298,1.23095,0.0
2018-03-29,1.23094,1.23356,1.2282,1.2303,0.0
2018-03-30,1.23036,1.23306,1.22894,1.2323,0.0
2018-04-02,1.23172,1.2345,1.2281,1.23009,0.0
2018-04-03,1.23009,1.23364,1.2252,1.22722,0.0
2018-04-04,1.22725,1.23149,1.2255,1.22845,0.0
2018-04-05,1.22845,1.22903,1.2217,1.22435,0.0
2018-04-06,1.22441,1.2291,1.2214,1.22825,0.0
2018-04-09,1.22739,1.23308,1.2259,1.2321,0.0
2018-04-10,1.23221,1.23776,1.2301,1.2356,0.0
2018-04-11,1.23575,1.23964,1.2346,1.23699,0.0
2018-04-12,1.23699,1.23798,1.2298,1.23285,0.0
2018-04-13,1.23285,1.2346,1.2306,1.23283,0.0
2018-04-16,1.23285,1.23946,1.2323,1.23814,0.0
2018-04-17,1.23817,1.24137,1.2335,1.23718,0.0
2018-04-18,1.23719,1.23972,1.2341,1.23791,0.0
2018-04-19,1.23792,1.24003,1.2328,1.23419,0.0
2018-04-20,1.23424,1.23529,1.2249,1.22864,0.0
2018-04-23,1.228,1.229,1.2196,1.22098,0.0
2018-04-24,1.221,1.22449,1.218,1.22326,0.0
2018-04-25,1.22328,1.22388,1.2158,1.21687,0.0
2018-04-26,1.21687,1.221,1.2093,1.21036,0.0
2018-04-27,1.21044,1.2133,1.2053,1.2125,0.0
2018-04-30,1.21213,1.214,1.2062,1.20805,0.0
2018-05-01,1.20805,1.20842,1.1979,1.19892,0.0
2018-05-02,1.19891,1.20317,1.1936,1.19539,0.0
2018-05-03,1.19543,1.201,1.1946,1.19857,0.0
2018-05-04,1.19862,1.19956,1.1909,1.19585,0.0
2018-05-07,1.19598,1.1978,1.1896,1.1922,0.0
2018-05-08,1.1922,1.19388,1.1837,1.18595,0.0
2018-05-09,1.18594,1.1897,1.1821,1.1853,0.0
2018-05-10,1.18529,1.19467,1.18419,1.19178,0.0
2018-05-11,1.19178,1.197,1.189,1.19415,0.0
2018-05-14,1.19472,1.19961,1.192,1.19285,0.0
2018-05-15,1.19285,1.194,1.1816,1.18175,0.0
2018-05-16,1.18178,1.18542,1.1762,1.18151,0.0
2018-05-17,1.18156,1.18374,1.1775,1.1797,0.0
2018-05-18,1.17969,1.18221,1.1749,1.17699,0.0
2018-05-21,1.17664,1.17967,1.1715,1.17953,0.0
2018-05-22,1.17952,1.183,1.1755,1.17822,0.0
2018-05-23,1.17824,1.17897,1.1674,1.1704,0.0
2018-05-24,1.17048,1.17503,1.1689,1.17214,0.0
2018-05-25,1.17212,1.17336,1.1644,1.165,0.0
2018-05-28,1.16888,1.173,1.1605,1.16264,0.0
2018-05-29,1.16262,1.164,1.1509,1.15409,0.0
2018-05-30,1.15407,1.16764,1.1517,1.1664,0.0
2018-05-31,1.16647,1.17243,1.164,1.17048,0.0
2018-06-01,1.17049,1.17179,1.16161,1.16588,0.0
2018-06-04,1.16623,1.17445,1.1661,1.16991,0.0
2018-06-05,1.16991,1.17321,1.1651,1.17203,0.0
2018-06-06,1.17203,1.17957,1.1711,1.17815,0.0
2018-06-07,1.17816,1.184,1.1777,1.17969,0.0
2018-06-08,1.17969,1.18103,1.1725,1.17677,0.0
2018-06-11,1.17715,1.18206,1.1769,1.1775,0.0
2018-06-12,1.17748,1.181,1.1732,1.17457,0.0
2018-06-13,1.17458,1.18027,1.17246,1.17987,0.0
2018-06-14,1.17988,1.18518,1.1562,1.1582,0.0
2018-06-15,1.15835,1.1627,1.1542,1.1609,0.0
2018-06-18,1.15945,1.1627,1.1564,1.16212,0.0
2018-06-19,1.16212,1.16445,1.153,1.15884,0.0
2018-06-20,1.15882,1.16,1.1536,1.15765,0.0
2018-06-21,1.1575,1.16335,1.1507,1.16095,0.0
2018-06-22,1.16097,1.1675,1.1598,1.16536,0.0
2018-06-25,1.16689,1.17131,1.1627,1.1702,0.0
2018-06-26,1.17022,1.17205,1.1634,1.16497,0.0
2018-06-27,1.165,1.16722,1.1539,1.15596,0.0
2018-06-28,1.15594,1.16007,1.1526,1.15644,0.0
2018-06-29,1.1564,1.16904,1.156,1.16839,0.0
2018-07-02,1.16736,1.16824,1.159,1.1639,0.0
2018-07-03,1.16395,1.16732,1.1619,1.16587,0.0
2018-07-04,1.16596,1.16818,1.1628,1.1659,0.0
2018-07-05,1.16588,1.17203,1.1648,1.16911,0.0
2018-07-06,1.16907,1.17678,1.1679,1.17462,0.0
2018-07-09,1.17499,1.17908,1.1731,1.17491,0.0
2018-07-10,1.175,1.17627,1.1689,1.17357,0.0
2018-07-11,1.17357,1.176,1.1664,1.16757,0.0
2018-07-12,1.16758,1.16958,1.1648,1.16637,0.0
2018-07-13,1.16637,1.16868,1.1611,1.16843,0.0
2018-07-16,1.16828,1.17254,1.1674,1.17102,0.0
2018-07-17,1.17103,1.17447,1.1649,1.16579,0.0
2018-07-18,1.16578,1.1665,1.16,1.16434,0.0
2018-07-19,1.16435,1.16785,1.1574,1.1644,0.0
2018-07-20,1.16452,1.17389,1.1625,1.1718,0.0
2018-07-23,1.17338,1.17512,1.1682,1.16914,0.0
2018-07-24,1.16915,1.17169,1.1653,1.16815,0.0
2018-07-25,1.16816,1.17387,1.1663,1.17312,0.0
2018-07-26,1.17311,1.17436,1.1636,1.16413,0.0
2018-07-27,1.16414,1.16644,1.1619,1.1659,0.0
2018-07-30,1.166,1.172,1.1646,1.1708,0.0
2018-07-31,1.17078,1.17459,1.16822,1.16865,0.0
2018-08-01,1.16863,1.16996,1.1656,1.16629,0.0
2018-08-02,1.16627,1.16676,1.158,1.15854,0.0
2018-08-03,1.1586,1.16107,1.1559,1.1565,0.0
2018-08-06,1.15608,1.15704,1.1528,1.15564,0.0
2018-08-07,1.15564,1.16082,1.1549,1.15997,0.0
2018-08-08,1.15997,1.16282,1.1571,1.16119,0.0
2018-08-09,1.16117,1.16195,1.1518,1.15204,0.0
2018-08-10,1.15205,1.15366,1.1386,1.14115,0.0
2018-08-13,1.1398,1.14329,1.1364,1.14049,0.0
2018-08-14,1.1405,1.14294,1.1329,1.13496,0.0
2018-08-15,1.13496,1.1355,1.13,1.13455,0.0
2018-08-16,1.13453,1.14092,1.1334,1.13737,0.0
2018-08-17,1.13736,1.14449,1.1364,1.1437,0.0
2018-08-20,1.14377,1.14922,1.1393,1.14918,0.0
2018-08-21,1.14918,1.16012,1.1484,1.15744,0.0
2018-08-22,1.1574,1.16229,1.1552,1.15968,0.0
2018-08-23,1.15969,1.15976,1.1528,1.15401,0.0
2018-08-24,1.15401,1.16399,1.1537,1.1621,0.0
2018-08-27,1.16281,1.16937,1.1593,1.16804,0.0
2018-08-28,1.16805,1.17335,1.1661,1.16932,0.0
2018-08-29,1.1695,1.17102,1.1651,1.17062,0.0
2018-08-30,1.17063,1.17182,1.1639,1.16628,0.0
2018-08-31,1.16629,1.16901,1.1583,1.1599,0.0
2018-09-03,1.15974,1.16279,1.1588,1.1617,0.0
2018-09-04,1.1617,1.16175,1.1529,1.1583,0.0
2018-09-05,1.15829,1.16403,1.1542,1.16323,0.0
2018-09-06,1.16323,1.16593,1.1604,1.1624,0.0
2018-09-07,1.16245,1.16495,1.1549,1.15521,0.0
2018-09-10,1.15551,1.16161,1.1525,1.15944,0.0
2018-09-11,1.15943,1.16443,1.1564,1.1602,0.0
2018-09-12,1.16021,1.16497,1.1568,1.16275,0.0
2018-09-13,1.16278,1.1701,1.1607,1.16896,0.0
2018-09-14,1.16904,1.17216,1.16186,1.16246,0.0
2018-09-17,1.16255,1.16982,1.1617,1.16705,0.0
2018-09-18,1.16707,1.17245,1.1651,1.16788,0.0
2018-09-19,1.16792,1.17149,1.1649,1.16707,0.0
2018-09-20,1.16706,1.17845,1.1668,1.17792,0.0
2018-09-21,1.17791,1.18027,1.1731,1.17474,0.0
2018-09-24,1.1746,1.18153,1.1722,1.175,0.0
2018-09-25,1.17495,1.17925,1.173,1.17662,0.0
2018-09-26,1.17664,1.17979,1.1725,1.1749,0.0
2018-09-27,1.1749,1.17571,1.1632,1.16346,0.0
2018-09-28,1.16343,1.16512,1.1569,1.16,0.0
2018-10-01,1.16047,1.16246,1.1562,1.15754,0.0
2018-10-02,1.15757,1.15802,1.1504,1.155,0.0
2018-10-03,1.15507,1.15937,1.1463,1.14836,0.0
2018-10-04,1.14836,1.15428,1.1462,1.15163,0.0
2018-10-05,1.15164,1.15497,1.1483,1.15229,0.0
2018-10-08,1.1525,1.15296,1.1458,1.14922,0.0
2018-10-09,1.14926,1.15034,1.1429,1.14952,0.0
2018-10-10,1.14951,1.15454,1.1477,1.15355,0.0
2018-10-11,1.15352,1.15994,1.1527,1.15921,0.0
2018-10-12,1.15921,1.16105,1.1533,1.15585,0.0
2018-10-15,1.1551,1.16062,1.1541,1.15836,0.0
2018-10-16,1.15837,1.16215,1.1563,1.15736,0.0
2018-10-17,1.15742,1.15804,1.1495,1.1497,0.0
2018-10-18,1.14984,1.15273,1.1448,1.14554,0.0
2018-10-19,1.14557,1.15346,1.1432,1.15129,0.0
2018-10-22,1.15116,1.15502,1.1454,1.14655,0.0
2018-10-23,1.14656,1.14938,1.1438,1.1469,0.0
2018-10-24,1.14688,1.14767,1.1378,1.13989,0.0
2018-10-25,1.13989,1.14326,1.1355,1.13738,0.0
2018-10-26,1.1374,1.14212,1.1334,1.14,0.0
2018-10-29,1.1404,1.14164,1.1359,1.13728,0.0
2018-10-30,1.13728,1.13879,1.1337,1.13428,0.0
2018-10-31,1.13429,1.13604,1.13,1.13168,0.0
2018-11-01,1.1317,1.14241,1.1311,1.14042,0.0
2018-11-02,1.14044,1.14558,1.1371,1.1387,0.0
2018-11-05,1.13909,1.1424,1.13529,1.14081,0.0
2018-11-06,1.14081,1.1438,1.139,1.14192,0.0
2018-11-07,1.14189,1.14997,1.1393,1.143,0.0
2018-11-08,1.14302,1.14469,1.135,1.13638,0.0
2018-11-09,1.13641,1.1369,1.1315,1.1333,0.0
2018-11-12,1.13166,1.13306,1.1214,1.12193,0.0
2018-11-13,1.12201,1.12995,1.1218,1.12988,0.0
2018-11-14,1.12988,1.13476,1.1262,1.13133,0.0
2018-11-15,1.13135,1.13624,1.12698,1.13229,0.0
2018-11-16,1.13231,1.14203,1.1318,1.1418,0.0
2018-11-19,1.14163,1.1465,1.1393,1.14524,0.0
2018-11-20,1.14526,1.14724,1.1356,1.13666,0.0
2018-11-21,1.13664,1.14247,1.1363,1.13841,0.0
2018-11-22,1.13838,1.14341,1.1382,1.14031,0.0
2018-11-23,1.14031,1.14212,1.13262,1.13365,0.0
2018-11-26,1.13362,1.13837,1.1322,1.13303,0.0
2018-11-27,1.13303,1.13437,1.1276,1.12938,0.0
2018-11-28,1.12936,1.13875,1.1265,1.13676,0.0
2018-11-29,1.13677,1.14018,1.1347,1.1388,0.0
2018-11-30,1.13882,1.14005,1.1304,1.13192,0.0
2018-12-03,1.13317,1.13798,1.1318,1.13536,0.0
2018-12-04,1.13535,1.1419,1.1317,1.13406,0.0
2018-12-05,1.13404,1.13613,1.13099,1.13472,0.0
2018-12-06,1.13478,1.14126,1.132,1.13769,0.0
2018-12-07,1.13768,1.14237,1.1359,1.13892,0.0
2018-12-10,1.13979,1.14427,1.1348,1.135,0.0
2018-12-11,1.13501,1.14004,1.1305,1.13194,0.0
2018-12-12,1.13192,1.13873,1.1314,1.13708,0.0
2018-12-13,1.1372,1.13933,1.133,1.13565,0.0
2018-12-14,1.13568,1.1365,1.1268,1.1307,0.0
2018-12-17,1.13055,1.13577,1.1302,1.13472,0.0
2018-12-18,1.13469,1.14023,1.1335,1.137,0.0
2018-12-19,1.13696,1.14393,1.13639,1.13798,0.0
2018-12-20,1.13798,1.14859,1.1375,1.14482,0.0
2018-12-21,1.14487,1.1474,1.1354,1.1367,0.0
2018-12-24,1.13683,1.14386,1.1364,1.14,0.0
2018-12-25,1.14014,1.14176,1.13645,1.14063,0.0
2018-12-26,1.14107,1.142,1.1341,1.13552,0.0
2018-12-27,1.13552,1.14542,1.1354,1.14291,0.0
2018-12-28,1.14291,1.14728,1.1426,1.14415,0.0
2018-12-31,1.14392,1.14674,1.142,1.1466,0.0
2019-01-01,1.1465,1.1545,1.1446,1.14609,0.0
2019-01-02,1.14606,1.14968,1.13105,1.13369,0.0
2019-01-03,1.1333,1.1411,1.1308,1.13932,0.0
2019-01-04,1.13932,1.14191,1.1344,1.13942,0.0
2019-01-07,1.14046,1.14826,1.1402,1.14751,0.0
2019-01-08,1.14755,1.14846,1.1421,1.14404,0.0
2019-01-09,1.14404,1.15581,1.1437,1.15482,0.0
2019-01-10,1.15485,1.15698,1.1483,1.14972,0.0
2019-01-11,1.14972,1.15406,1.1456,1.1464,0.0
2019-01-14,1.14646,1.14821,1.1449,1.14659,0.0
2019-01-15,1.14664,1.14897,1.138,1.14057,0.0
2019-01-16,1.14058,1.14248,1.1376,1.13946,0.0
2019-01-17,1.13951,1.1407,1.1369,1.13873,0.0
2019-01-18,1.13875,1.14104,1.1352,1.136,0.0
2019-01-21,1.13653,1.13911,1.1355,1.13696,0.0
2019-01-22,1.13697,1.1374,1.1335,1.13626,0.0
2019-01-23,1.13626,1.13944,1.1349,1.13797,0.0
2019-01-24,1.13797,1.13914,1.1288,1.13013,0.0
2019-01-25,1.13014,1.14176,1.13,1.1405,0.0
2019-01-28,1.14086,1.14437,1.1389,1.14273,0.0
2019-01-29,1.14273,1.14502,1.141,1.1434,0.0
2019-01-30,1.14347,1.15017,1.1405,1.148,0.0
2019-01-31,1.14802,1.15143,1.1434,1.14459,0.0
2019-02-01,1.14459,1.14885,1.1433,1.14537,0.0
2019-02-04,1.14555,1.14604,1.1422,1.14349,0.0
2019-02-05,1.14347,1.14405,1.14,1.1404,0.0
2019-02-06,1.14046,1.14095,1.1359,1.13676,0.0
2019-02-07,1.13665,1.13685,1.1323,1.13419,0.0
2019-02-08,1.13419,1.13509,1.1317,1.1321,0.0
2019-02-11,1.13181,1.133,1.1265,1.1277,0.0
2019-02-12,1.12767,1.13397,1.1256,1.13292,0.0
2019-02-13,1.13288,1.13416,1.1247,1.12561,0.0
2019-02-14,1.12565,1.131,1.1248,1.12945,0.0
2019-02-15,1.12942,1.13062,1.1233,1.1294,0.0
2019-02-18,1.12907,1.1334,1.1288,1.13096,0.0
2019-02-19,1.13097,1.13576,1.1274,1.13388,0.0
2019-02-20,1.13385,1.13713,1.1324,1.13448,0.0
2019-02-21,1.13452,1.13664,1.1319,1.1336,0.0
2019-02-22,1.13361,1.13557,1.1315,1.13344,0.0
2019-02-25,1.1336,1.13676,1.1333,1.13593,0.0
2019-02-26,1.13593,1.14028,1.1344,1.13928,0.0
2019-02-27,1.13928,1.14036,1.1361,1.1372,0.0
2019-02-28,1.1372,1.14197,1.1357,1.13709,0.0
2019-03-01,1.13709,1.14087,1.135,1.1362,0.0
2019-03-04,1.1377,1.13815,1.1308,1.13355,0.0
2019-03-05,1.13354,1.1339,1.1288,1.12988,0.0
2019-03-06,1.1299,1.13246,1.1284,1.1308,0.0
2019-03-07,1.13079,1.13202,1.1175,1.11909,0.0
2019-03-08,1.11911,1.12462,1.1184,1.12347,0.0
2019-03-11,1.12342,1.12738,1.122,1.1263,0.0
2019-03-12,1.12633,1.13049,1.1248,1.12894,0.0
2019-03-13,1.12897,1.13386,1.1276,1.13372,0.0
2019-03-14,1.13372,1.1338,1.1293,1.13056,0.0
2019-03-15,1.13059,1.13444,1.1299,1.1324,0.0
2019-03-18,1.13264,1.1359,1.1317,1.13344,0.0
2019-03-19,1.13351,1.13617,1.1332,1.13534,0.0
2019-03-20,1.13535,1.14482,1.1334,1.14202,0.0
2019-03-21,1.14212,1.14374,1.1341,1.1375,0.0
2019-03-22,1.13766,1.13907,1.1272,1.13,0.0
2019-03-25,1.12954,1.13316,1.1288,1.13144,0.0
2019-03-26,1.13144,1.1326,1.1261,1.12752,0.0
2019-03-27,1.12755,1.12856,1.1241,1.12493,0.0
2019-03-28,1.12493,1.12613,1.1212,1.12281,0.0
2019-03-29,1.12283,1.1247,1.1208,1.1217,0.0
2019-04-01,1.12218,1.125,1.1197,1.12061,0.0
2019-04-02,1.12063,1.1216,1.1182,1.12041,0.0
2019-04-03,1.12044,1.12547,1.12,1.12418,0.0
2019-04-04,1.12418,1.12477,1.1205,1.12215,0.0
2019-04-05,1.12215,1.12474,1.1209,1.1212,0.0
2019-04-08,1.12185,1.12746,1.1213,1.12562,0.0
2019-04-09,1.12565,1.12843,1.1254,1.12663,0.0
2019-04-10,1.12663,1.12877,1.1228,1.1275,0.0
2019-04-11,1.1276,1.12875,1.1248,1.1258,0.0
2019-04-12,1.1258,1.13239,1.1256,1.12984,0.0
2019-04-15,1.13046,1.1321,1.1297,1.13021,0.0
2019-04-16,1.13021,1.1314,1.1277,1.128,0.0
2019-04-17,1.12814,1.13237,1.1279,1.12983,0.0
2019-04-18,1.12983,1.13041,1.1224,1.12365,0.0
2019-04-19,1.12365,1.1248,1.123,1.12449,0.0
2019-04-22,1.12421,1.1262,1.1234,1.12597,0.0
2019-04-23,1.126,1.12613,1.1191,1.12216,0.0
2019-04-24,1.12219,1.12245,1.1139,1.11577,0.0
2019-04-25,1.11578,1.11625,1.1117,1.11368,0.0
2019-04-26,1.11372,1.1174,1.1109,1.1149,0.0
2019-04-29,1.11505,1.11869,1.1143,1.1184,0.0
2019-04-30,1.11841,1.12293,1.1174,1.12109,0.0
2019-05-01,1.12111,1.12648,1.1186,1.12032,0.0
2019-05-02,1.12032,1.12191,1.11679,1.11745,0.0
2019-05-03,1.11745,1.1205,1.1134,1.11933,0.0
2019-05-06,1.11939,1.12093,1.1177,1.1198,0.0
2019-05-07,1.11983,1.12179,1.1165,1.11927,0.0
2019-05-08,1.11927,1.12138,1.1181,1.11974,0.0
2019-05-09,1.11974,1.1251,1.1172,1.12188,0.0
2019-05-10,1.12187,1.12536,1.1216,1.12379,0.0
2019-05-13,1.12352,1.12636,1.1217,1.12308,0.0
2019-05-14,1.12309,1.1244,1.12,1.12069,0.0
2019-05-15,1.12072,1.12247,1.1176,1.1206,0.0
2019-05-16,1.12062,1.1224,1.1164,1.11737,0.0
2019-05-17,1.11736,1.11843,1.1154,1.11581,0.0
2019-05-20,1.11628,1.1175,1.1148,1.11679,0.0
2019-05-21,1.11683,1.1188,1.114,1.11633,0.0
2019-05-22,1.11636,1.11803,1.1147,1.11564,0.0
2019-05-23,1.11564,1.11876,1.1106,1.1182,0.0
2019-05-24,1.11821,1.12121,1.1175,1.1202,0.0
2019-05-27,1.12098,1.12152,1.1185,1.11931,0.0
2019-05-28,1.11931,1.11984,1.11576,1.11652,0.0
2019-05-29,1.11654,1.11725,1.1122,1.1137,0.0
2019-05-30,1.11371,1.11434,1.1115,1.11328,0.0
2019-05-31,1.11327,1.11798,1.1124,1.11686,0.0
2019-06-03,1.11716,1.1262,1.1159,1.1245,0.0
2019-06-04,1.12453,1.12774,1.1225,1.12524,0.0
2019-06-05,1.12526,1.13068,1.1218,1.12279,0.0
2019-06-06,1.12283,1.1309,1.12,1.12773,0.0
2019-06-07,1.12775,1.13479,1.125,1.1333,0.0
2019-06-10,1.13172,1.13245,1.1289,1.13146,0.0
2019-06-11,1.13146,1.13376,1.13,1.13278,0.0
2019-06-12,1.13278,1.13435,1.1281,1.12925,0.0
2019-06-13,1.12925,1.13038,1.1267,1.12779,0.0
2019-06-14,1.12782,1.12893,1.1201,1.12089,0.0
2019-06-17,1.12145,1.12471,1.1202,1.1221,0.0
2019-06-18,1.1221,1.1243,1.118,1.1195,0.0
2019-06-19,1.11954,1.12544,1.1185,1.12357,0.0
2019-06-20,1.12359,1.13174,1.1233,1.1291,0.0
2019-06-21,1.12923,1.13778,1.1281,1.13685,0.0
2019-06-24,1.13746,1.14041,1.1369,1.13971,0.0
2019-06-25,1.13973,1.14122,1.1343,1.13655,0.0
2019-06-26,1.13658,1.13914,1.1346,1.13729,0.0
2019-06-27,1.13731,1.13816,1.1346,1.13681,0.0
2019-06-28,1.1368,1.13936,1.1349,1.13733,0.0
2019-07-01,1.13685,1.13711,1.1279,1.12858,0.0
2019-07-02,1.1286,1.13218,1.1273,1.12898,0.0
2019-07-03,1.129,1.13123,1.1267,1.12872,0.0
2019-07-04,1.12873,1.12952,1.1271,1.12862,0.0
2019-07-05,1.12862,1.1287,1.1206,1.12245,0.0
2019-07-08,1.12286,1.12344,1.1205,1.1216,0.0
2019-07-09,1.12159,1.1219,1.1192,1.12056,0.0
2019-07-10,1.12056,1.12644,1.12,1.12594,0.0
2019-07-11,1.12593,1.1286,1.1244,1.12564,0.0
2019-07-12,1.12562,1.1275,1.1237,1.127,0.0
2019-07-15,1.12718,1.12839,1.1252,1.12609,0.0
2019-07-16,1.1261,1.12634,1.12,1.12105,0.0
2019-07-17,1.12104,1.12337,1.1198,1.12268,0.0
2019-07-18,1.12272,1.1282,1.1204,1.12491,0.0
2019-07-19,1.12493,1.12684,1.1202,1.12211,0.0
2019-07-22,1.12177,1.12255,1.1205,1.12085,0.0
2019-07-23,1.12084,1.1209,1.1144,1.11518,0.0
2019-07-24,1.1152,1.11558,1.1126,1.114,0.0
2019-07-25,1.11417,1.11877,1.11,1.11462,0.0
2019-07-26,1.11463,1.11511,1.1111,1.11278,0.0
2019-07-29,1.11316,1.1151,1.1112,1.11465,0.0
2019-07-30,1.11466,1.1161,1.1131,1.11577,0.0
2019-07-31,1.11579,1.11621,1.1059,1.1079,0.0
2019-08-01,1.1079,1.10961,1.1025,1.10781,0.0
2019-08-02,1.10782,1.11164,1.1068,1.11083,0.0
2019-08-05,1.11057,1.12264,1.1104,1.12245,0.0
2019-08-06,1.1225,1.12496,1.1166,1.12012,0.0
2019-08-07,1.12016,1.12419,1.1178,1.1205,0.0
2019-08-08,1.12049,1.12326,1.1176,1.11853,0.0
2019-08-09,1.11854,1.1223,1.1182,1.1197,0.0
2019-08-12,1.12021,1.12308,1.1161,1.12143,0.0
2019-08-13,1.12143,1.12286,1.1168,1.11739,0.0
2019-08-14,1.11746,1.11908,1.1129,1.11438,0.0
2019-08-15,1.11441,1.11585,1.109,1.11099,0.0
2019-08-16,1.11098,1.11123,1.1065,1.109,0.0
2019-08-19,1.10952,1.11137,1.1075,1.10813,0.0
2019-08-20,1.10823,1.1107,1.1064,1.1099,0.0
2019-08-21,1.10991,1.11071,1.10794,1.1091,0.0
2019-08-22,1.10912,1.11133,1.1062,1.1082,0.0
2019-08-23,1.10821,1.11532,1.105,1.11431,0.0
2019-08-26,1.1154,1.11541,1.1093,1.10994,0.0
2019-08-27,1.10996,1.11161,1.1084,1.10911,0.0
2019-08-28,1.1092,1.10981,1.1072,1.1083,0.0
2019-08-29,1.10844,1.10934,1.1041,1.10577,0.0
2019-08-30,1.10583,1.10605,1.0961,1.0989,0.0
2019-09-02,1.0992,1.09944,1.0956,1.09662,0.0
2019-09-03,1.09664,1.09789,1.0924,1.09709,0.0
2019-09-04,1.097,1.10385,1.0967,1.10337,0.0
2019-09-05,1.1034,1.10847,1.1016,1.1035,0.0
2019-09-06,1.10355,1.10573,1.1018,1.10289,0.0
2019-09-09,1.10249,1.10681,1.1014,1.10487,0.0
2019-09-10,1.10487,1.10595,1.1029,1.1048,0.0
2019-09-11,1.10489,1.10555,1.0983,1.10102,0.0
2019-09-12,1.10095,1.10873,1.0926,1.10581,0.0
2019-09-13,1.10581,1.11096,1.1054,1.1071,0.0
2019-09-16,1.10789,1.10864,1.0992,1.10048,0.0
2019-09-17,1.1005,1.10746,1.0989,1.1071,0.0
2019-09-18,1.1071,1.10757,1.1012,1.10313,0.0
2019-09-19,1.10312,1.10735,1.1021,1.10447,0.0
2019-09-20,1.10448,1.10677,1.0995,1.1017,0.0
2019-09-23,1.10177,1.10255,1.0964,1.09952,0.0
2019-09-24,1.09953,1.10241,1.0982,1.10188,0.0
2019-09-25,1.1019,1.10196,1.0936,1.09491,0.0
2019-09-26,1.09493,1.09674,1.0908,1.09201,0.0
2019-09-27,1.09201,1.09587,1.0904,1.09394,0.0
2019-09-30,1.09445,1.09478,1.0884,1.08983,0.0
2019-10-01,1.08984,1.09428,1.0878,1.09312,0.0
2019-10-02,1.09312,1.09637,1.0903,1.09594,0.0
2019-10-03,1.09595,1.09994,1.0939,1.09719,0.0
2019-10-04,1.09718,1.0999,1.0956,1.0975,0.0
2019-10-07,1.09812,1.10006,1.096,1.09719,0.0
2019-10-08,1.097,1.09961,1.0939,1.09582,0.0
2019-10-09,1.09584,1.09906,1.0953,1.09847,0.0
2019-10-10,1.09843,1.10339,1.0978,1.10071,0.0
2019-10-11,1.10069,1.10628,1.1,1.1035,0.0
2019-10-14,1.10299,1.10428,1.1012,1.10276,0.0
2019-10-15,1.10276,1.10461,1.0989,1.10326,0.0
2019-10-16,1.10334,1.10856,1.1021,1.10747,0.0
2019-10-17,1.10747,1.11398,1.1063,1.11244,0.0
2019-10-18,1.11251,1.1183,1.1113,1.1182,0.0
2019-10-21,1.11573,1.11795,1.1138,1.11495,0.0
2019-10-22,1.11496,1.1157,1.1116,1.11306,0.0
2019-10-23,1.11306,1.11405,1.1105,1.11321,0.0
2019-10-24,1.11325,1.1163,1.1091,1.11034,0.0
2019-10-25,1.1102,1.11231,1.1071,1.10799,0.0
2019-10-28,1.10818,1.11067,1.1071,1.10978,0.0
2019-10-29,1.10979,1.11185,1.1072,1.11117,0.0
2019-10-30,1.11119,1.11551,1.1079,1.11528,0.0
2019-10-31,1.11529,1.11758,1.113,1.11514,0.0
2019-11-01,1.11516,1.11718,1.1127,1.1164,0.0
2019-11-04,1.11649,1.11755,1.112,1.11218,0.0
2019-11-05,1.11219,1.11402,1.1062,1.1075,0.0
2019-11-06,1.1075,1.10928,1.1063,1.10673,0.0
2019-11-07,1.10675,1.10916,1.1035,1.10491,0.0
2019-11-08,1.1049,1.10554,1.1015,1.10189,0.0
2019-11-11,1.10199,1.10431,1.1015,1.10314,0.0
2019-11-12,1.10314,1.10386,1.1001,1.10109,0.0
2019-11-13,1.10109,1.10203,1.0994,1.1008,0.0
2019-11-14,1.10079,1.10275,1.0988,1.10217,0.0
2019-11-15,1.10218,1.1057,1.1013,1.10512,0.0
2019-11-18,1.10515,1.109,1.1049,1.10714,0.0
2019-11-19,1.10712,1.10839,1.1061,1.10774,0.0
2019-11-20,1.10776,1.10815,1.1051,1.1076,0.0
2019-11-21,1.10759,1.1097,1.1051,1.1061,0.0
2019-11-22,1.10618,1.10876,1.1013,1.1022,0.0
2019-11-25,1.10218,1.10323,1.1002,1.10137,0.0
2019-11-26,1.10137,1.10256,1.1006,1.10234,0.0
2019-11-27,1.10234,1.10234,1.099,1.10054,0.0
2019-11-28,1.10049,1.1018,1.0999,1.1009,0.0
2019-11-29,1.10108,1.10283,1.098,1.10173,0.0
2019-12-02,1.10209,1.10907,1.1001,1.10762,0.0
2019-12-03,1.10762,1.10936,1.1065,1.10816,0.0
2019-12-04,1.10816,1.11162,1.1065,1.1078,0.0
2019-12-05,1.10779,1.11081,1.1077,1.11039,0.0
2019-12-06,1.11043,1.11097,1.1038,1.10564,0.0
2019-12-09,1.10573,1.1078,1.1052,1.10647,0.0
2019-12-10,1.10652,1.10978,1.1061,1.10929,0.0
2019-12-11,1.10929,1.11448,1.1069,1.11328,0.0
2019-12-12,1.1133,1.11996,1.11019,1.11834,0.0
2019-12-13,1.11833,1.11934,1.111,1.11223,0.0
2019-12-16,1.1129,1.11581,1.1121,1.11372,0.0
2019-12-17,1.11375,1.11747,1.1128,1.11527,0.0
2019-12-18,1.11527,1.11531,1.1109,1.1115,0.0
2019-12-19,1.11162,1.11443,1.1106,1.11237,0.0
2019-12-20,1.11239,1.1125,1.1065,1.10768,0.0
2019-12-23,1.10781,1.1096,1.1068,1.10899,0.0
2019-12-24,1.10901,1.1094,1.1068,1.10877,0.0
2019-12-25,1.10874,1.11023,1.1072,1.1091,0.0
2019-12-26,1.10911,1.1109,1.1081,1.10953,0.0
2019-12-27,1.10955,1.11883,1.1095,1.11754,0.0
2019-12-30,1.11791,1.1221,1.11756,1.11989,0.0
2019-12-31,1.11989,1.12393,1.1197,1.12129,0.0
2020-01-01,1.12123,1.12214,1.1208,1.12145,0.0
2020-01-02,1.12145,1.12245,1.1162,1.11713,0.0
2020-01-03,1.11713,1.118,1.1123,1.11598,0.0
2020-01-06,1.11596,1.12055,1.1155,1.11955,0.0
2020-01-07,1.11956,1.11976,1.1132,1.11477,0.0
2020-01-08,1.11475,1.11682,1.11,1.11097,0.0
2020-01-09,1.11096,1.11204,1.1092,1.1106,0.0
2020-01-10,1.11065,1.11292,1.1084,1.112,0.0
2020-01-13,1.11168,1.1147,1.1111,1.11352,0.0
2020-01-14,1.11353,1.11446,1.1103,1.1126,0.0
2020-01-15,1.11263,1.11634,1.1117,1.11517,0.0
2020-01-16,1.11516,1.11728,1.1127,1.11368,0.0
2020-01-17,1.11373,1.11426,1.1084,1.1088,0.0
2020-01-20,1.10908,1.11024,1.1075,1.10964,0.0
2020-01-21,1.10963,1.1118,1.1079,1.10824,0.0
2020-01-22,1.10823,1.10985,1.1069,1.1092,0.0
2020-01-23,1.10931,1.11087,1.1035,1.10554,0.0
2020-01-24,1.10553,1.10617,1.1019,1.10251,0.0
2020-01-27,1.10303,1.10376,1.1008,1.1018,0.0
2020-01-28,1.1018,1.10253,1.0996,1.10217,0.0
2020-01-29,1.10218,1.10277,1.0991,1.1009,0.0
2020-01-30,1.101,1.10394,1.1005,1.10309,0.0
2020-01-31,1.10318,1.10957,1.1015,1.10917,0.0
2020-02-03,1.10844,1.1091,1.10346,1.10588,0.0
2020-02-04,1.10589,1.10642,1.1031,1.10443,0.0
2020-02-05,1.10447,1.10479,1.0992,1.09995,0.0
2020-02-06,1.09996,1.1014,1.0963,1.098,0.0
2020-02-07,1.09808,1.0985,1.094,1.0944,0.0
2020-02-10,1.09436,1.09575,1.0907,1.091,0.0
2020-02-11,1.09107,1.09248,1.0891,1.09187,0.0
2020-02-12,1.0919,1.09256,1.0863,1.08714,0.0
2020-02-13,1.08717,1.0889,1.0833,1.08399,0.0
2020-02-14,1.08404,1.08612,1.0826,1.08301,0.0
2020-02-17,1.08382,1.0851,1.0827,1.08364,0.0
2020-02-18,1.0837,1.08373,1.0785,1.07942,0.0
2020-02-19,1.0795,1.0812,1.078,1.08082,0.0
2020-02-20,1.08081,1.08211,1.0777,1.07868,0.0
2020-02-21,1.07872,1.08635,1.0783,1.08471,0.0
2020-02-24,1.08298,1.08722,1.0804,1.08519,0.0
2020-02-25,1.08518,1.08903,1.0828,1.08804,0.0
2020-02-26,1.08807,1.09087,1.0853,1.0882,0.0
2020-02-27,1.08822,1.10066,1.0878,1.10024,0.0
2020-02-28,1.10024,1.10531,1.0949,1.10289,0.0
2020-03-02,1.1046,1.11846,1.1035,1.11388,0.0
2020-03-03,1.11385,1.12135,1.1094,1.1169,0.0
2020-03-04,1.1169,1.11876,1.1094,1.11332,0.0
2020-03-05,1.11329,1.1245,1.1118,1.1231,0.0
2020-03-06,1.12302,1.1355,1.12106,1.1285,0.0
2020-03-09,1.13868,1.14961,1.1355,1.14381,0.0
2020-03-10,1.14386,1.1439,1.1274,1.1307,0.0
2020-03-11,1.13085,1.13667,1.1249,1.12583,0.0
2020-03-12,1.12586,1.13336,1.1054,1.11757,0.0
2020-03-13,1.11756,1.12213,1.1053,1.1105,0.0
2020-03-16,1.1157,1.12367,1.10845,1.11677,0.0
2020-03-17,1.11676,1.11893,1.0954,1.1015,0.0
2020-03-18,1.1015,1.10452,1.0801,1.09326,0.0
2020-03-19,1.09327,1.09818,1.06529,1.06635,0.0
2020-03-20,1.06635,1.0831,1.0636,1.06929,0.0
2020-03-23,1.06586,1.08282,1.0656,1.07449,0.0
2020-03-24,1.07452,1.08881,1.0742,1.081,0.0
2020-03-25,1.08116,1.08939,1.0759,1.08806,0.0
2020-03-26,1.08806,1.10588,1.0873,1.10343,0.0
2020-03-27,1.1034,1.11473,1.09529,1.114,0.0
2020-03-30,1.11098,1.11444,1.1008,1.10414,0.0
2020-03-31,1.10418,1.1043,1.0925,1.1023,0.0
2020-04-01,1.1023,1.10374,1.0901,1.09555,0.0
2020-04-02,1.09561,1.09645,1.0819,1.08495,0.0
2020-04-03,1.08498,1.08553,1.0771,1.08124,0.0
2020-04-06,1.08175,1.08356,1.0767,1.07849,0.0
2020-04-07,1.07849,1.09263,1.0783,1.0892,0.0
2020-04-08,1.08922,1.09021,1.0829,1.0859,0.0
2020-04-09,1.08591,1.09516,1.084,1.09262,0.0
2020-04-10,1.09264,1.09527,1.0917,1.09317,0.0
2020-04-13,1.09366,1.09678,1.0891,1.09146,0.0
2020-04-14,1.09146,1.09908,1.0913,1.0983,0.0
2020-04-15,1.09837,1.09881,1.0855,1.0901,0.0
2020-04-16,1.09019,1.09073,1.0815,1.08601,0.0
2020-04-17,1.086,1.08927,1.081,1.08735,0.0
2020-04-20,1.08677,1.08969,1.084,1.08641,0.0
2020-04-21,1.08641,1.08803,1.0815,1.08537,0.0
2020-04-22,1.08535,1.08853,1.0802,1.08229,0.0
2020-04-23,1.08231,1.08468,1.0755,1.07798,0.0
2020-04-24,1.07798,1.08296,1.0725,1.08242,0.0
2020-04-27,1.0817,1.08604,1.081,1.08285,0.0
2020-04-28,1.08287,1.08885,1.0808,1.0823,0.0
2020-04-29,1.08253,1.08857,1.0822,1.08745,0.0
2020-04-30,1.08748,1.09728,1.08327,1.0943,0.0
2020-05-01,1.0943,1.1019,1.0933,1.09798,0.0
2020-05-04,1.09564,1.09625,1.0894,1.0904,0.0
2020-05-05,1.0904,1.0926,1.0825,1.08437,0.0
2020-05-06,1.08057,1.0817,1.0789,1.0797,0.0
2020-05-07,1.07983,1.0841,1.0764,1.08376,0.0
2020-05-08,1.0836,1.08757,1.0814,1.08379,0.0
2020-05-11,1.08346,1.08505,1.0799,1.0809,0.0
2020-05-12,1.08096,1.08852,1.0783,1.08516,0.0
2020-05-13,1.08514,1.08965,1.081,1.08181,0.0
2020-05-14,1.08181,1.0824,1.0773,1.08027,0.0
2020-05-15,1.08032,1.08512,1.0788,1.08179,0.0
2020-05-18,1.08205,1.0927,1.0798,1.09158,0.0
2020-05-19,1.09166,1.09761,1.0901,1.09234,0.0
2020-05-20,1.09239,1.0999,1.092,1.0978,0.0
2020-05-21,1.09791,1.10085,1.0936,1.09502,0.0
2020-05-22,1.09507,1.0956,1.0884,1.09,0.0
2020-05-25,1.09037,1.09145,1.0869,1.08944,0.0
2020-05-26,1.08948,1.0996,1.0893,1.09817,0.0
2020-05-27,1.09818,1.10309,1.0933,1.10125,0.0
2020-05-28,1.10132,1.10936,1.099,1.10734,0.0
2020-05-29,1.10733,1.11452,1.1068,1.11069,0.0
2020-06-01,1.1111,1.11541,1.1099,1.1131,0.0
2020-06-02,1.1132,1.1196,1.1113,1.1172,0.0
2020-06-03,1.1172,1.12579,1.1167,1.1231,0.0
2020-06-04,1.12323,1.13627,1.1193,1.13211,0.0
2020-06-05,1.13369,1.1384,1.1276,1.12873,0.0
2020-06-08,1.13011,1.13198,1.1266,1.1293,0.0
2020-06-09,1.12944,1.13638,1.1239,1.1338,0.0
2020-06-10,1.1339,1.14225,1.13209,1.1376,0.0
2020-06-11,1.13773,1.14037,1.1285,1.12985,0.0
2020-06-12,1.1298,1.13406,1.1211,1.12601,0.0
2020-06-15,1.12467,1.13326,1.1225,1.1329,0.0
2020-06-16,1.13294,1.13534,1.1226,1.12583,0.0
2020-06-17,1.12592,1.12939,1.1205,1.12444,0.0
2020-06-18,1.12446,1.12614,1.1184,1.12089,0.0
2020-06-19,1.12083,1.12544,1.1166,1.1176,0.0
2020-06-22,1.11798,1.12749,1.1167,1.12727,0.0
2020-06-23,1.12729,1.13486,1.1231,1.13078,0.0
2020-06-24,1.13081,1.13258,1.1246,1.12522,0.0
2020-06-25,1.12518,1.12597,1.1189,1.12211,0.0
2020-06-26,1.12212,1.12394,1.1194,1.12176,0.0
2020-06-29,1.12242,1.12879,1.1217,1.12488,0.0
2020-06-30,1.12487,1.1262,1.1189,1.1235,0.0
2020-07-01,1.12344,1.12752,1.1184,1.12521,0.0
2020-07-02,1.12521,1.13027,1.1222,1.124,0.0
2020-07-03,1.12416,1.12518,1.1218,1.12464,0.0
2020-07-06,1.12439,1.13454,1.1243,1.13099,0.0
2020-07-07,1.13106,1.13326,1.1257,1.12733,0.0
2020-07-08,1.1274,1.13518,1.1261,1.133,0.0
2020-07-09,1.13326,1.13706,1.1279,1.12868,0.0
2020-07-10,1.12874,1.1325,1.1253,1.12961,0.0
2020-07-13,1.13155,1.13749,1.1299,1.13448,0.0
2020-07-14,1.13449,1.14124,1.1324,1.1408,0.0
2020-07-15,1.14089,1.1452,1.1389,1.141,0.0
2020-07-16,1.14119,1.14418,1.1369,1.13841,0.0
2020-07-17,1.13847,1.14437,1.1376,1.14253,0.0
2020-07-20,1.14355,1.14677,1.1401,1.14462,0.0
2020-07-21,1.1445,1.154,1.1421,1.15316,0.0
2020-07-22,1.15323,1.16015,1.1505,1.15696,0.0
2020-07-23,1.15699,1.16272,1.1539,1.1601,0.0
2020-07-24,1.16017,1.16581,1.158,1.1656,0.0
2020-07-27,1.16526,1.17815,1.1641,1.1763,0.0
2020-07-28,1.17635,1.17737,1.1697,1.17198,0.0
2020-07-29,1.17199,1.18064,1.1712,1.17899,0.0
2020-07-30,1.17898,1.18486,1.1729,1.18479,0.0
2020-07-31,1.1848,1.19088,1.176,1.1771,0.0
2020-08-03,1.17944,1.17968,1.1694,1.1758,0.0
2020-08-04,1.17604,1.18062,1.172,1.17979,0.0
2020-08-05,1.1798,1.19049,1.1792,1.1872,0.0
2020-08-06,1.18726,1.19162,1.1817,1.1881,0.0
2020-08-07,1.18813,1.1882,1.1754,1.1787,0.0
2020-08-10,1.1776,1.18007,1.1734,1.174,0.0
2020-08-11,1.17416,1.1808,1.172,1.1742,0.0
2020-08-12,1.17435,1.1817,1.1709,1.17873,0.0
2020-08-13,1.17868,1.18642,1.1784,1.1817,0.0
2020-08-14,1.18166,1.18504,1.178,1.18408,0.0
2020-08-17,1.18416,1.1881,1.1827,1.18726,0.0
2020-08-18,1.18722,1.19656,1.1869,1.19393,0.0
2020-08-19,1.19396,1.19527,1.1829,1.1851,0.0
2020-08-20,1.18514,1.18687,1.1801,1.1865,0.0
2020-08-21,1.18655,1.18829,1.1753,1.17958,0.0
2020-08-24,1.1801,1.18496,1.1782,1.17936,0.0
2020-08-25,1.17939,1.18439,1.1782,1.18327,0.0
2020-08-26,1.18334,1.18393,1.1771,1.1835,0.0
2020-08-27,1.18361,1.19019,1.1761,1.1817,0.0
2020-08-28,1.18186,1.19197,1.1809,1.19008,0.0
2020-08-31,1.19084,1.19661,1.1883,1.1937,0.0
2020-09-01,1.19371,1.20114,1.19,1.1917,0.0
2020-09-02,1.19179,1.1929,1.1821,1.18526,0.0
2020-09-03,1.18536,1.18646,1.1787,1.1845,0.0
2020-09-04,1.18464,1.18654,1.1779,1.18389,0.0
2020-09-07,1.18406,1.18487,1.181,1.18157,0.0
2020-09-08,1.1815,1.18276,1.17559,1.17667,0.0
2020-09-09,1.17668,1.18342,1.1751,1.18078,0.0
2020-09-10,1.18079,1.19175,1.1799,1.18196,0.0
2020-09-11,1.18202,1.18742,1.1817,1.18453,0.0
2020-09-14,1.1835,1.1888,1.1831,1.1865,0.0
2020-09-15,1.18649,1.19005,1.1838,1.1847,0.0
2020-09-16,1.1847,1.18826,1.1786,1.18152,0.0
2020-09-17,1.18122,1.18524,1.1736,1.18422,0.0
2020-09-18,1.18436,1.18705,1.1825,1.1839,0.0
2020-09-21,1.18411,1.18719,1.173,1.1769,0.0
2020-09-22,1.17667,1.17725,1.169,1.17057,0.0
2020-09-23,1.17041,1.1719,1.1648,1.16588,0.0
2020-09-24,1.16585,1.1687,1.1625,1.1668,0.0
2020-09-25,1.16692,1.16851,1.1611,1.163,0.0
2020-09-28,1.16265,1.168,1.1613,1.16618,0.0
2020-09-29,1.1663,1.17455,1.166,1.1739,0.0
2020-09-30,1.17388,1.1755,1.1683,1.17223,0.0
2020-10-01,1.17234,1.17696,1.1715,1.17432,0.0
2020-10-02,1.17444,1.1748,1.1694,1.1716,0.0
2020-10-05,1.17116,1.17975,1.17077,1.17806,0.0
2020-10-06,1.17809,1.18077,1.1729,1.1732,0.0
2020-10-07,1.17335,1.1782,1.1723,1.17628,0.0
2020-10-08,1.17625,1.17818,1.1731,1.17574,0.0
2020-10-09,1.1758,1.1831,1.17557,1.1826,0.0
2020-10-12,1.18137,1.18268,1.1785,1.1814,0.0
2020-10-13,1.18127,1.18154,1.1728,1.1744,0.0
2020-10-14,1.17428,1.1771,1.17184,1.1747,0.0
2020-10-15,1.17472,1.17578,1.1687,1.1709,0.0
2020-10-16,1.17083,1.17462,1.1692,1.17158,0.0
2020-10-19,1.17177,1.17938,1.1701,1.17666,0.0
2020-10-20,1.1767,1.18408,1.1758,1.18221,0.0
2020-10-21,1.18226,1.18807,1.18206,1.18579,0.0
2020-10-22,1.18578,1.18669,1.181,1.18196,0.0
2020-10-23,1.18197,1.1865,1.1785,1.1859,0.0
2020-10-26,1.18554,1.18597,1.1801,1.1809,0.0
2020-10-27,1.18093,1.18388,1.1781,1.17871,0.0
2020-10-28,1.17867,1.1788,1.1716,1.1746,0.0
2020-10-29,1.17452,1.17588,1.1648,1.16741,0.0
2020-10-30,1.16737,1.17043,1.1638,1.16459,0.0
2020-11-02,1.16474,1.1656,1.1621,1.16402,0.0
2020-11-03,1.16404,1.17398,1.16318,1.17133,0.0
2020-11-04,1.17115,1.1771,1.1602,1.16721,0.0
2020-11-05,1.17241,1.18598,1.1709,1.18267,0.0
2020-11-06,1.18268,1.1891,1.1794,1.18716,0.0
2020-11-09,1.18881,1.192,1.1794,1.18126,0.0
2020-11-10,1.18125,1.18433,1.1778,1.18136,0.0
2020-11-11,1.18119,1.18327,1.1809,1.18236,0.0
2020-11-12,1.17763,1.18232,1.1757,1.18039,0.0
2020-11-13,1.18041,1.18375,1.1797,1.1835,0.0
2020-11-16,1.18394,1.1869,1.1812,1.18498,0.0
2020-11-17,1.18498,1.1894,1.1842,1.18612,0.0
2020-11-18,1.18615,1.18911,1.1847,1.18525,0.0
2020-11-19,1.18522,1.18826,1.1814,1.18743,0.0
2020-11-20,1.18726,1.18908,1.1848,1.18544,0.0
2020-11-23,1.18521,1.19061,1.1799,1.18392,0.0
2020-11-24,1.184,1.18963,1.1834,1.18898,0.0
2020-11-25,1.18889,1.19297,1.188,1.19151,0.0
2020-11-26,1.19157,1.19409,1.1884,1.19121,0.0
2020-11-27,1.19123,1.19641,1.19057,1.1962,0.0
2020-11-30,1.19608,1.20033,1.1922,1.19245,0.0
2020-12-01,1.19243,1.20767,1.1923,1.20685,0.0
2020-12-02,1.20686,1.21185,1.2038,1.21132,0.0
2020-12-03,1.21134,1.21746,1.2099,1.2143,0.0
2020-12-04,1.21454,1.21775,1.2109,1.21202,0.0
2020-12-07,1.213,1.21663,1.2077,1.21078,0.0
2020-12-08,1.21067,1.2134,1.2094,1.2101,0.0
2020-12-09,1.21004,1.21475,1.20986,1.2133,0.0
2020-12-10,1.20791,1.2159,1.2073,1.21355,0.0
2020-12-11,1.2136,1.2163,1.2103,1.21121,0.0
2020-12-14,1.21345,1.21768,1.2114,1.21431,0.0
2020-12-15,1.2142,1.21689,1.212,1.21505,0.0
2020-12-16,1.21501,1.22123,1.2124,1.2198,0.0
2020-12-17,1.21968,1.22728,1.2189,1.22659,0.0
2020-12-18,1.2268,1.22718,1.2224,1.2255,0.0
2020-12-21,1.22196,1.22531,1.2128,1.2243,0.0
2020-12-22,1.22432,1.22571,1.215,1.2161,0.0
2020-12-23,1.21603,1.2221,1.2152,1.21852,0.0
2020-12-24,1.21845,1.22157,1.2176,1.21844,0.0
2020-12-25,1.21836,1.2205,1.2161,1.21832,0.0
2020-12-28,1.21832,1.22504,1.21794,1.2216,0.0
2020-12-29,1.2214,1.22753,1.22057,1.22475,0.0
2020-12-30,1.22476,1.23101,1.22435,1.2296,0.0
2020-12-31,1.22949,1.23093,1.2207,1.22138,0.0
2021-01-01,1.2215,1.2215,1.22138,1.22138,0.0
2021-01-04,1.22386,1.23098,1.2229,1.22461,0.0
2021-01-05,1.22469,1.23057,1.22428,1.22957,0.0
2021-01-06,1.2296,1.23495,1.2264,1.23242,0.0
2021-01-07,1.2325,1.23445,1.2243,1.22688,0.0
2021-01-08,1.22705,1.22848,1.2193,1.2197,0.0
2021-01-11,1.2216,1.22284,1.2131,1.21495,0.0
2021-01-12,1.21505,1.22097,1.2135,1.22052,0.0
2021-01-13,1.22057,1.22229,1.2138,1.21565,0.0
2021-01-14,1.21566,1.21788,1.211,1.21515,0.0
2021-01-15,1.2154,1.21625,1.2072,1.20749,0.0
2021-01-18,1.20823,1.20869,1.2052,1.20745,0.0
2021-01-19,1.20744,1.2145,1.2072,1.2128,0.0
2021-01-20,1.21284,1.21582,1.2075,1.21044,0.0
2021-01-21,1.21057,1.21732,1.2101,1.21595,0.0
2021-01-22,1.21593,1.21896,1.215,1.21702,0.0
2021-01-25,1.21672,1.21833,1.2114,1.21385,0.0
2021-01-26,1.21368,1.2176,1.2106,1.21593,0.0
2021-01-27,1.21599,1.21698,1.2057,1.21075,0.0
2021-01-28,1.21073,1.21424,1.2079,1.21201,0.0
2021-01-29,1.212,1.2156,1.2092,1.21362,0.0
2021-02-01,1.21285,1.21365,1.2053,1.2059,0.0
2021-02-02,1.2059,1.20878,1.201,1.2042,0.0
2021-02-03,1.20432,1.20502,1.2002,1.20348,0.0
2021-02-04,1.20351,1.2043,1.1956,1.1962,0.0
2021-02-05,1.19618,1.205,1.1951,1.2043,0.0
2021-02-08,1.20375,1.2066,1.2018,1.20458,0.0
2021-02-09,1.20478,1.2122,1.2043,1.2117,0.0
2021-02-10,1.21168,1.21441,1.2107,1.21176,0.0
2021-02-11,1.21171,1.21495,1.2111,1.21295,0.0
2021-02-12,1.21279,1.2135,1.208,1.21177,0.0
2021-02-15,1.21239,1.21452,1.2115,1.21268,0.0
2021-02-16,1.21274,1.21695,1.2093,1.21061,0.0
2021-02-17,1.21058,1.2109,1.2021,1.20372,0.0
2021-02-18,1.2036,1.20946,1.2034,1.20891,0.0
2021-02-19,1.20888,1.21445,1.208,1.21167,0.0
2021-02-22,1.21148,1.21695,1.2089,1.21551,0.0
2021-02-23,1.21526,1.21801,1.2133,1.21486,0.0
2021-02-24,1.21496,1.21747,1.2107,1.21664,0.0
2021-02-25,1.21641,1.22432,1.2154,1.2174,0.0
2021-02-26,1.21718,1.21841,1.206,1.20704,0.0
2021-03-01,1.20718,1.21012,1.2026,1.20492,0.0
2021-03-02,1.20484,1.20945,1.199,1.209,0.0
2021-03-03,1.20893,1.21133,1.2041,1.20634,0.0
2021-03-04,1.20624,1.20666,1.196,1.19688,0.0
2021-03-05,1.19679,1.19777,1.1892,1.19079,0.0
2021-03-08,1.1917,1.19324,1.1842,1.1846,0.0
2021-03-09,1.18462,1.19158,1.1834,1.18995,0.0
2021-03-10,1.18992,1.193,1.1867,1.19287,0.0
2021-03-11,1.19287,1.199,1.1914,1.19839,0.0
2021-03-12,1.19846,1.19885,1.1908,1.19516,0.0
2021-03-15,1.19489,1.19675,1.1916,1.1927,0.0
2021-03-16,1.19276,1.19519,1.1881,1.19008,0.0
2021-03-17,1.19011,1.19857,1.1884,1.198,0.0
2021-03-18,1.19796,1.19889,1.1904,1.19124,0.0
2021-03-19,1.19118,1.19372,1.1872,1.1904,0.0
2021-03-22,1.18798,1.1947,1.1873,1.19325,0.0
2021-03-23,1.19344,1.19409,1.184,1.1849,0.0
2021-03-24,1.18486,1.1852,1.1808,1.18117,0.0
2021-03-25,1.18123,1.18278,1.176,1.1768,0.0
2021-03-26,1.17676,1.18053,1.1766,1.17928,0.0
2021-03-29,1.1789,1.17939,1.1759,1.17656,0.0
2021-03-30,1.17661,1.1774,1.171,1.17179,0.0
2021-03-31,1.17162,1.17598,1.1702,1.17266,0.0
2021-04-01,1.1726,1.178,1.1711,1.1774,0.0
2021-04-02,1.17737,1.17867,1.1747,1.1761,0.0
2021-04-05,1.1754,1.18195,1.1736,1.18123,0.0
2021-04-06,1.18134,1.18776,1.1794,1.187,0.0
2021-04-07,1.18706,1.19148,1.1859,1.1868,0.0
2021-04-08,1.1868,1.19275,1.1859,1.19142,0.0
2021-04-09,1.1915,1.19201,1.1866,1.19008,0.0
2021-04-12,1.18963,1.19192,1.1869,1.19107,0.0
2021-04-13,1.19118,1.19559,1.18766,1.19493,0.0
2021-04-14,1.19488,1.19874,1.1947,1.19781,0.0
2021-04-15,1.19789,1.19933,1.1954,1.19654,0.0
2021-04-16,1.19655,1.19948,1.1949,1.19823,0.0
2021-04-19,1.19752,1.2048,1.1941,1.2037,0.0
2021-04-20,1.20367,1.20798,1.2021,1.2033,0.0
2021-04-21,1.20339,1.20437,1.1997,1.20348,0.0
2021-04-22,1.20354,1.20697,1.1992,1.20156,0.0
2021-04-23,1.20162,1.21,1.2011,1.20965,0.0
2021-04-26,1.20941,1.2117,1.2059,1.20848,0.0
2021-04-27,1.20846,1.2093,1.2055,1.20894,0.0
2021-04-28,1.20887,1.21347,1.2054,1.21241,0.0
2021-04-29,1.21248,1.215,1.21,1.2121,0.0
2021-04-30,1.21217,1.21266,1.2015,1.2019,0.0
2021-05-03,1.20257,1.20762,1.2011,1.2063,0.0
2021-05-04,1.20626,1.20637,1.1997,1.201,0.0
2021-05-05,1.2011,1.20267,1.1984,1.2006,0.0
2021-05-06,1.20057,1.20719,1.1991,1.2062,0.0
2021-05-07,1.20621,1.21715,1.2051,1.21625,0.0
2021-05-10,1.21678,1.21782,1.21257,1.21317,0.0
2021-05-11,1.21308,1.21817,1.2121,1.2148,0.0
2021-05-12,1.21486,1.21522,1.2064,1.20693,0.0
2021-05-13,1.20702,1.21061,1.205,1.2082,0.0
2021-05-14,1.20823,1.21477,1.2069,1.21451,0.0
2021-05-17,1.21404,1.2169,1.2124,1.21537,0.0
2021-05-18,1.21521,1.22341,1.21486,1.2224,0.0
2021-05-19,1.22245,1.22454,1.2158,1.21767,0.0
2021-05-20,1.21767,1.22301,1.2167,1.22288,0.0
2021-05-21,1.22293,1.22399,1.2159,1.2178,0.0
2021-05-24,1.21761,1.223,1.2171,1.2216,0.0
2021-05-25,1.22158,1.22664,1.221,1.22489,0.0
2021-05-26,1.22488,1.2263,1.218,1.21927,0.0
2021-05-27,1.21929,1.22151,1.2173,1.21936,0.0
2021-05-28,1.21938,1.2205,1.2131,1.2189,0.0
2021-05-31,1.21959,1.22313,1.2182,1.2226,0.0
2021-06-01,1.22259,1.22544,1.22095,1.22136,0.0
2021-06-02,1.22137,1.22265,1.2162,1.22101,0.0
2021-06-03,1.22108,1.22142,1.2116,1.2126,0.0
2021-06-04,1.2126,1.21858,1.2102,1.2164,0.0
2021-06-07,1.21624,1.22018,1.2143,1.21904,0.0
2021-06-08,1.21905,1.21942,1.2162,1.2172,0.0
2021-06-09,1.21727,1.2218,1.2169,1.2178,0.0
2021-06-10,1.21784,1.21947,1.2142,1.2173,0.0
2021-06-11,1.21728,1.2193,1.2091,1.2108,0.0
2021-06-14,1.21091,1.21305,1.2092,1.21182,0.0
2021-06-15,1.21189,1.21473,1.2099,1.2128,0.0
2021-06-16,1.21281,1.2135,1.1989,1.1994,0.0
2021-06-17,1.19934,1.20063,1.189,1.1905,0.0
2021-06-18,1.19058,1.1925,1.1846,1.18592,0.0
2021-06-21,1.18632,1.19214,1.1846,1.19184,0.0
2021-06-22,1.19184,1.19527,1.1879,1.19389,0.0
2021-06-23,1.19399,1.19701,1.191,1.19273,0.0
2021-06-24,1.19272,1.19563,1.1916,1.19303,0.0
2021-06-25,1.193,1.19753,1.1924,1.1933,0.0
2021-06-28,1.19352,1.19445,1.19,1.19246,0.0
2021-06-29,1.19258,1.193,1.1876,1.18982,0.0
2021-06-30,1.18972,1.1909,1.1843,1.1857,0.0
2021-07-01,1.18564,1.18842,1.1836,1.1848,0.0
2021-07-02,1.1849,1.18743,1.1806,1.1862,0.0
2021-07-05,1.18666,1.18806,1.185,1.18615,0.0
2021-07-06,1.18619,1.18952,1.1805,1.18207,0.0
2021-07-07,1.1821,1.18364,1.178,1.1793,0.0
2021-07-08,1.17928,1.18678,1.1782,1.18444,0.0
2021-07-09,1.18435,1.18812,1.1823,1.18746,0.0
2021-07-12,1.18754,1.18802,1.1834,1.18598,0.0
2021-07-13,1.18615,1.18751,1.177,1.1776,0.0
2021-07-14,1.17778,1.18388,1.177,1.18346,0.0
2021-07-15,1.18349,1.18506,1.1794,1.18117,0.0
2021-07-16,1.1812,1.18224,1.179,1.1805,0.0
2021-07-19,1.18073,1.18245,1.1762,1.17975,0.0
2021-07-20,1.17957,1.18025,1.1754,1.17805,0.0
2021-07-21,1.17802,1.1805,1.175,1.17948,0.0
2021-07-22,1.17956,1.18305,1.1756,1.17678,0.0
2021-07-23,1.17683,1.17865,1.1753,1.1768,0.0
2021-07-26,1.17715,1.18173,1.1761,1.1801,0.0
2021-07-27,1.18005,1.18412,1.1768,1.18163,0.0
2021-07-28,1.18169,1.18496,1.17718,1.18434,0.0
2021-07-29,1.18435,1.1893,1.1839,1.18857,0.0
2021-07-30,1.18859,1.19087,1.185,1.18684,0.0
2021-08-02,1.18635,1.1897,1.1857,1.18689,0.0
2021-08-03,1.18708,1.18934,1.1852,1.1862,0.0
2021-08-04,1.18624,1.18997,1.1831,1.1835,0.0
2021-08-05,1.18357,1.18573,1.1826,1.18332,0.0
2021-08-06,1.18335,1.18354,1.1753,1.1761,0.0
2021-08-09,1.17589,1.1769,1.17321,1.1738,0.0
2021-08-10,1.17382,1.1743,1.1708,1.172,0.0
2021-08-11,1.17194,1.17541,1.1704,1.17404,0.0
2021-08-12,1.17399,1.17483,1.1722,1.1731,0.0
2021-08-13,1.17309,1.18048,1.17287,1.17936,0.0
2021-08-16,1.17938,1.1801,1.1766,1.1774,0.0
2021-08-17,1.1776,1.17848,1.17054,1.17097,0.0
2021-08-18,1.17095,1.17427,1.1692,1.17093,0.0
2021-08-19,1.17094,1.17156,1.1664,1.16766,0.0
2021-08-20,1.16771,1.17045,1.1662,1.16949,0.0
2021-08-23,1.1695,1.17503,1.16912,1.1746,0.0
2021-08-24,1.17457,1.17652,1.1725,1.1755,0.0
2021-08-25,1.17558,1.17745,1.1724,1.17686,0.0
2021-08-26,1.17696,1.1779,1.1744,1.1754,0.0
2021-08-27,1.17552,1.18023,1.1733,1.17924,0.0
2021-08-30,1.17949,1.18099,1.1781,1.17977,0.0
2021-08-31,1.17983,1.18451,1.1793,1.1808,0.0
2021-09-01,1.18088,1.18573,1.1792,1.18372,0.0
2021-09-02,1.18383,1.18761,1.1832,1.18725,0.0
2021-09-03,1.18732,1.1909,1.1864,1.18832,0.0
2021-09-06,1.18774,1.18864,1.1854,1.18703,0.0
2021-09-07,1.18696,1.18854,1.1836,1.1845,0.0
2021-09-08,1.18443,1.18512,1.18,1.18154,0.0
2021-09-09,1.1816,1.18414,1.1803,1.18243,0.0
2021-09-10,1.18243,1.18512,1.1808,1.18115,0.0
2021-09-13,1.18134,1.18171,1.1768,1.1811,0.0
2021-09-14,1.18085,1.1846,1.1798,1.18031,0.0
2021-09-15,1.1804,1.1832,1.1797,1.18149,0.0
2021-09-16,1.18154,1.18207,1.1749,1.17666,0.0
2021-09-17,1.17671,1.17889,1.17211,1.1724,0.0
2021-09-20,1.17255,1.17365,1.1698,1.17273,0.0
2021-09-21,1.17248,1.17487,1.1713,1.17255,0.0
2021-09-22,1.17249,1.17557,1.1683,1.1693,0.0
2021-09-23,1.1693,1.17502,1.1682,1.1738,0.0
2021-09-24,1.17384,1.17476,1.1699,1.1718,0.0
2021-09-27,1.17165,1.17252,1.1683,1.16961,0.0
2021-09-28,1.16954,1.17033,1.1666,1.16812,0.0
2021-09-29,1.16827,1.16902,1.1587,1.1596,0.0
2021-09-30,1.15966,1.16098,1.1561,1.158,0.0
2021-10-01,1.15802,1.16074,1.1561,1.1594,0.0
2021-10-04,1.15937,1.16402,1.1586,1.1618,0.0
2021-10-05,1.1617,1.1622,1.1579,1.1596,0.0
2021-10-06,1.15948,1.16006,1.1527,1.1554,0.0
2021-10-07,1.15533,1.15721,1.1546,1.15544,0.0
2021-10-08,1.15547,1.15861,1.1539,1.1567,0.0
2021-10-11,1.15693,1.15868,1.1547,1.1554,0.0
2021-10-12,1.15539,1.15703,1.1523,1.153,0.0
2021-10-13,1.15302,1.15985,1.1527,1.15974,0.0
2021-10-14,1.15974,1.16245,1.1582,1.1598,0.0
2021-10-15,1.15973,1.1619,1.1586,1.16,0.0
2021-10-18,1.15987,1.16224,1.157,1.16089,0.0
2021-10-19,1.16092,1.16694,1.1607,1.16286,0.0
2021-10-20,1.16296,1.16586,1.1615,1.1648,0.0
2021-10-21,1.16484,1.16674,1.1618,1.1625,0.0
2021-10-22,1.16256,1.16558,1.1619,1.1647,0.0
2021-10-25,1.16368,1.16652,1.1589,1.16099,0.0
2021-10-26,1.16105,1.16258,1.1583,1.1592,0.0
2021-10-27,1.15923,1.16262,1.1583,1.16017,0.0
2021-10-28,1.16008,1.16922,1.158,1.1681,0.0
2021-10-29,1.16808,1.16902,1.1533,1.1561,0.0
2021-11-01,1.15631,1.16092,1.1544,1.1604,0.0
2021-11-02,1.16032,1.16134,1.1573,1.15783,0.0
2021-11-03,1.15781,1.16164,1.156,1.1613,0.0
2021-11-04,1.16122,1.16164,1.1526,1.15526,0.0
2021-11-05,1.15539,1.15732,1.1512,1.1566,0.0
2021-11-08,1.15573,1.1595,1.1549,1.15863,0.0
2021-11-09,1.1584,1.16089,1.1568,1.15924,0.0
2021-11-10,1.15921,1.15953,1.1474,1.14781,0.0
2021-11-11,1.1478,1.14877,1.1441,1.14499,0.0
2021-11-12,1.14495,1.14622,1.1431,1.14447,0.0
2021-11-15,1.14452,1.1464,1.1355,1.13672,0.0
2021-11-16,1.13674,1.1386,1.1307,1.13199,0.0
2021-11-17,1.13196,1.13323,1.1262,1.1318,0.0
2021-11-18,1.13192,1.13741,1.1312,1.1371,0.0
2021-11-19,1.1372,1.1373,1.1248,1.12794,0.0
2021-11-22,1.12901,1.1293,1.1229,1.1234,0.0
2021-11-23,1.12346,1.12751,1.1225,1.12477,0.0
2021-11-24,1.12477,1.12553,1.1185,1.11977,0.0
2021-11-25,1.11972,1.123,1.11951,1.12065,0.0
2021-11-26,1.12056,1.13308,1.12039,1.13155,0.0
2021-11-29,1.13018,1.13156,1.1257,1.12906,0.0
2021-11-30,1.12902,1.1383,1.1234,1.13368,0.0
2021-12-01,1.1335,1.13598,1.1301,1.1319,0.0
2021-12-02,1.13187,1.13477,1.1294,1.13005,0.0
2021-12-03,1.12998,1.13335,1.1265,1.13131,0.0
2021-12-06,1.1302,1.13151,1.1264,1.1285,0.0
2021-12-07,1.12832,1.12985,1.1225,1.12672,0.0
2021-12-08,1.12672,1.13548,1.1263,1.1341,0.0
2021-12-09,1.13412,1.1346,1.1277,1.12923,0.0
2021-12-10,1.12922,1.13241,1.1263,1.1314,0.0
2021-12-13,1.1311,1.13193,1.1258,1.12837,0.0
2021-12-14,1.12827,1.1324,1.1252,1.12579,0.0
2021-12-15,1.12583,1.12993,1.122,1.12892,0.0
2021-12-16,1.12885,1.13605,1.1279,1.13302,0.0
2021-12-17,1.13291,1.1349,1.12335,1.1237,0.0
2021-12-20,1.12395,1.1304,1.1233,1.12801,0.0
2021-12-21,1.12781,1.13028,1.1259,1.12801,0.0
2021-12-22,1.1284,1.13424,1.1262,1.13258,0.0
2021-12-23,1.13253,1.13422,1.1288,1.13284,0.0
2021-12-24,1.13265,1.13435,1.13016,1.13181,0.0
2021-12-27,1.13156,1.13347,1.1301,1.1327,0.0
2021-12-28,1.13254,1.13333,1.1288,1.13085,0.0
2021-12-29,1.13086,1.13691,1.1272,1.13459,0.0
2021-12-30,1.13457,1.136,1.1297,1.1325,0.0
2021-12-31,1.13205,1.13865,1.1301,1.13659,0.0
2022-01-03,1.13707,1.1379,1.1278,1.12965,0.0
2022-01-04,1.12955,1.13226,1.1271,1.1286,0.0
2022-01-05,1.12858,1.13465,1.1275,1.13116,0.0
2022-01-06,1.1313,1.1332,1.1283,1.12925,0.0
2022-01-07,1.12946,1.13649,1.1288,1.13593,0.0
2022-01-10,1.13524,1.13603,1.1283,1.1325,0.0
2022-01-11,1.13231,1.13754,1.1311,1.1366,0.0
2022-01-12,1.13661,1.14528,1.1353,1.14408,0.0
2022-01-13,1.14403,1.14817,1.1433,1.14547,0.0
2022-01-14,1.14538,1.1483,1.1397,1.14091,0.0
2022-01-17,1.14128,1.14345,1.139,1.1406,0.0
2022-01-18,1.14047,1.14215,1.1313,1.1323,0.0
2022-01-19,1.13241,1.13571,1.1317,1.13424,0.0
2022-01-20,1.13415,1.13691,1.13,1.13114,0.0
2022-01-21,1.13096,1.13599,1.1298,1.13403,0.0
2022-01-24,1.13409,1.1345,1.1289,1.1327,0.0
2022-01-25,1.13246,1.1329,1.1261,1.13012,0.0
2022-01-26,1.12988,1.13107,1.1234,1.12408,0.0
2022-01-27,1.1241,1.12434,1.113,1.11424,0.0
2022-01-28,1.11432,1.11736,1.112,1.11456,0.0
2022-01-31,1.11415,1.12479,1.1137,1.12334,0.0
2022-02-01,1.12346,1.12788,1.1219,1.12704,0.0
2022-02-02,1.1271,1.13302,1.1264,1.13022,0.0
2022-02-03,1.13011,1.14515,1.1266,1.144,0.0
2022-02-04,1.1437,1.14839,1.1409,1.1448,0.0
2022-02-07,1.14628,1.14652,1.1412,1.14412,0.0
2022-02-08,1.14421,1.14488,1.1394,1.14153,0.0
2022-02-09,1.14145,1.14479,1.1401,1.1423,0.0
2022-02-10,1.14211,1.14949,1.1373,1.1427,0.0
2022-02-11,1.14276,1.14304,1.1328,1.13457,0.0
2022-02-14,1.13369,1.13691,1.1278,1.13052,0.0
2022-02-15,1.13047,1.13684,1.12955,1.1358,0.0
2022-02-16,1.13569,1.13959,1.1342,1.13721,0.0
2022-02-17,1.13719,1.13863,1.1321,1.13592,0.0
2022-02-18,1.13592,1.13771,1.1312,1.13203,0.0
2022-02-21,1.13178,1.13907,1.1305,1.13102,0.0
2022-02-22,1.1309,1.13669,1.1286,1.1323,0.0
2022-02-23,1.13238,1.13593,1.1299,1.13044,0.0
2022-02-24,1.13027,1.1311,1.1104,1.11914,0.0
2022-02-25,1.11916,1.12743,1.1164,1.12657,0.0
2022-02-28,1.1125,1.12465,1.11227,1.12175,0.0
2022-03-01,1.12176,1.12331,1.1088,1.11239,0.0
2022-03-02,1.11234,1.1144,1.1055,1.11186,0.0
2022-03-03,1.11186,1.11224,1.1032,1.10659,0.0
2022-03-04,1.1066,1.1068,1.0884,1.09241,0.0
2022-03-07,1.09236,1.09325,1.0804,1.08549,0.0
2022-03-08,1.08537,1.09583,1.0847,1.08993,0.0
2022-03-09,1.08995,1.10953,1.0888,1.1075,0.0
2022-03-10,1.10738,1.11212,1.0974,1.09849,0.0
2022-03-11,1.0984,1.10435,1.09,1.09099,0.0
2022-03-14,1.09172,1.0994,1.0899,1.0942,0.0
2022-03-15,1.09427,1.10199,1.0924,1.0949,0.0
2022-03-16,1.09486,1.10468,1.09476,1.10309,0.0
2022-03-17,1.10311,1.11375,1.1006,1.10888,0.0
2022-03-18,1.10906,1.11186,1.1001,1.105,0.0
2022-03-21,1.10504,1.10703,1.1009,1.1018,0.0
2022-03-22,1.10183,1.10458,1.0959,1.1028,0.0
2022-03-23,1.10285,1.10437,1.0962,1.1005,0.0
2022-03-24,1.10063,1.10139,1.0964,1.09964,0.0
2022-03-25,1.09961,1.10379,1.09788,1.0982,0.0
2022-03-28,1.09836,1.09995,1.0943,1.09841,0.0
2022-03-29,1.09843,1.11372,1.0968,1.10861,0.0
2022-03-30,1.1086,1.11711,1.10842,1.1157,0.0
2022-03-31,1.11563,1.11849,1.1059,1.1066,0.0
2022-04-01,1.10658,1.10761,1.1026,1.1047,0.0
2022-04-04,1.1038,1.10544,1.0959,1.09723,0.0
2022-04-05,1.09725,1.09887,1.0898,1.0906,0.0
2022-04-06,1.0906,1.09381,1.0873,1.08961,0.0
2022-04-07,1.08971,1.09385,1.0863,1.0878,0.0
2022-04-08,1.08787,1.08918,1.0835,1.0875,0.0
2022-04-11,1.09083,1.09333,1.0871,1.08823,0.0
2022-04-12,1.08828,1.09038,1.0819,1.0827,0.0
2022-04-13,1.08273,1.08942,1.0807,1.08889,0.0
2022-04-14,1.08888,1.09233,1.0756,1.0827,0.0
2022-04-15,1.08256,1.0829,1.0795,1.0805,0.0
2022-04-18,1.08069,1.08216,1.0768,1.0778,0.0
2022-04-19,1.07755,1.08145,1.076,1.0788,0.0
2022-04-20,1.0789,1.08671,1.0782,1.08506,0.0
2022-04-21,1.085,1.09364,1.0822,1.08346,0.0
2022-04-22,1.08346,1.08516,1.0769,1.0794,0.0
2022-04-25,1.08058,1.08153,1.0695,1.07121,0.0
2022-04-26,1.07118,1.07387,1.0634,1.06374,0.0
2022-04-27,1.06379,1.06549,1.0513,1.05541,0.0
2022-04-28,1.0554,1.05649,1.0469,1.04983,0.0
2022-04-29,1.04978,1.0593,1.0489,1.0541,0.0
2022-05-02,1.05464,1.05684,1.0489,1.05037,0.0
2022-05-03,1.05048,1.05778,1.0491,1.05214,0.0
2022-05-04,1.05208,1.0631,1.0504,1.06237,0.0
2022-05-05,1.06247,1.06418,1.0491,1.05399,0.0
2022-05-06,1.05397,1.05988,1.0481,1.0551,0.0
2022-05-09,1.05404,1.05924,1.0494,1.05564,0.0
2022-05-10,1.05568,1.05854,1.0524,1.05292,0.0
2022-05-11,1.0529,1.05771,1.05,1.05132,0.0
2022-05-12,1.0514,1.05292,1.0352,1.03775,0.0
2022-05-13,1.03788,1.04196,1.0348,1.0412,0.0
2022-05-16,1.03968,1.0443,1.0387,1.04347,0.0
2022-05-17,1.0435,1.05558,1.0427,1.05492,0.0
2022-05-18,1.055,1.05637,1.0458,1.04615,0.0
2022-05-19,1.04617,1.06073,1.0458,1.05812,0.0
2022-05-20,1.05835,1.05993,1.0531,1.056,0.0
2022-05-23,1.05583,1.06973,1.05571,1.0689,0.0
2022-05-24,1.06871,1.07487,1.0659,1.0732,0.0
2022-05-25,1.07328,1.0739,1.064,1.06785,0.0
2022-05-26,1.068,1.07315,1.0661,1.073,0.0
2022-05-27,1.07292,1.07652,1.0695,1.07317,0.0
2022-05-30,1.07326,1.0787,1.0724,1.0777,0.0
2022-05-31,1.07762,1.07794,1.0677,1.07313,0.0
2022-06-01,1.07308,1.07393,1.0625,1.06519,0.0
2022-06-02,1.06516,1.0756,1.0643,1.07471,0.0
2022-06-03,1.0746,1.07646,1.0702,1.0719,0.0
2022-06-06,1.07188,1.0752,1.0682,1.0694,0.0
2022-06-07,1.06948,1.07142,1.065,1.07048,0.0
2022-06-08,1.0705,1.07485,1.067,1.07159,0.0
2022-06-09,1.07158,1.07738,1.0609,1.06171,0.0
2022-06-10,1.06182,1.06423,1.0504,1.0515,0.0
2022-06-13,1.05142,1.05201,1.0398,1.04075,0.0
2022-06-14,1.04084,1.04848,1.0395,1.04117,0.0
2022-06-15,1.04153,1.05078,1.0357,1.04451,0.0
2022-06-16,1.04462,1.06014,1.0379,1.0554,0.0
2022-06-17,1.05515,1.05608,1.0443,1.0498,0.0
2022-06-20,1.0487,1.05458,1.0472,1.05117,0.0
2022-06-21,1.05102,1.05825,1.0507,1.05337,0.0
2022-06-22,1.05341,1.06059,1.0467,1.05638,0.0
2022-06-23,1.05636,1.05812,1.0481,1.05208,0.0
2022-06-24,1.05205,1.05712,1.051,1.0554,0.0
2022-06-27,1.05525,1.0615,1.0548,1.0583,0.0
2022-06-28,1.05845,1.06063,1.0502,1.05208,0.0
2022-06-29,1.05217,1.05355,1.0433,1.0439,0.0
2022-06-30,1.04407,1.04888,1.0381,1.04771,0.0
2022-07-01,1.0477,1.0482,1.0365,1.0428,0.0
2022-07-04,1.04206,1.04628,1.0415,1.0422,0.0
2022-07-05,1.04207,1.04488,1.0233,1.02646,0.0
2022-07-06,1.02654,1.02766,1.016,1.01821,0.0
2022-07-07,1.01823,1.0221,1.0142,1.01603,0.0
2022-07-08,1.01607,1.01912,1.0071,1.0183,0.0
2022-07-11,1.01791,1.01834,1.0032,1.0037,0.0
2022-07-12,1.00377,1.00738,0.9998,1.0034,0.0
2022-07-13,1.00355,1.01222,0.9996,1.00553,0.0
2022-07-14,1.00569,1.00589,0.995,1.00183,0.0
2022-07-15,1.00186,1.00979,1.0005,1.00843,0.0
2022-07-18,1.00829,1.02013,1.0077,1.0144,0.0
2022-07-19,1.01466,1.02692,1.0118,1.0226,0.0
2022-07-20,1.02279,1.02731,1.0154,1.01791,0.0
2022-07-21,1.0179,1.02781,1.0152,1.02267,0.0
2022-07-22,1.02268,1.02553,1.0129,1.021,0.0
2022-07-25,1.02174,1.02579,1.0177,1.022,0.0
2022-07-26,1.0221,1.02502,1.0106,1.01179,0.0
2022-07-27,1.01174,1.02209,1.0095,1.01998,0.0
2022-07-28,1.02005,1.02344,1.0112,1.01947,0.0
2022-07-29,1.01952,1.02544,1.0144,1.02248,0.0
2022-08-01,1.02182,1.02753,1.0204,1.02587,0.0
2022-08-02,1.02578,1.02939,1.01619,1.01625,0.0
2022-08-03,1.01636,1.02105,1.0121,1.01691,0.0
2022-08-04,1.01702,1.02539,1.0153,1.02447,0.0
2022-08-05,1.02457,1.0252,1.014,1.0181,0.0
2022-08-08,1.01783,1.0222,1.0157,1.0193,0.0
2022-08-09,1.01927,1.02475,1.0187,1.02137,0.0
2022-08-10,1.02125,1.03687,1.02,1.02976,0.0
2022-08-11,1.02988,1.03644,1.0274,1.03205,0.0
2022-08-12,1.03227,1.03274,1.0237,1.0258,0.0
2022-08-15,1.02587,1.02683,1.0153,1.01599,0.0
2022-08-16,1.01595,1.01949,1.0121,1.01673,0.0
2022-08-17,1.01678,1.0203,1.0144,1.0176,0.0
2022-08-18,1.01756,1.0193,1.0079,1.00866,0.0
2022-08-19,1.00881,1.00955,1.003,1.0034,0.0
2022-08-22,1.00385,1.00466,0.9924,0.99424,0.0
2022-08-23,0.9942,1.00183,0.9899,0.9968,0.0
2022-08-24,0.99684,0.99993,0.9908,0.99677,0.0
2022-08-25,0.99669,1.00334,0.9947,0.99763,0.0
2022-08-26,0.99758,1.009,0.9945,0.9961,0.0
2022-08-29,0.99556,1.00292,0.9912,0.99979,0.0
2022-08-30,0.99993,1.00549,0.998,1.00155,0.0
2022-08-31,1.00155,1.0079,0.997,1.00501,0.0
2022-09-01,1.00507,1.00543,0.991,0.9943,0.0
2022-09-02,0.99444,1.0034,0.9941,0.995,0.0
2022-09-05,0.99207,0.99441,0.9876,0.99293,0.0
2022-09-06,0.99284,0.99864,0.9862,0.9904,0.0
2022-09-07,0.99044,1.00109,0.9873,1.00079,0.0
2022-09-08,1.00079,1.003,0.9929,0.99969,0.0
2022-09-09,0.9996,1.01134,0.99955,1.0039,0.0
2022-09-12,1.00913,1.01979,1.0058,1.01188,0.0
2022-09-13,1.01188,1.01872,0.99616,0.99642,0.0
2022-09-14,0.99638,1.00236,0.9954,0.99783,0.0
2022-09-15,0.99806,1.00179,0.9954,0.9996,0.0
2022-09-16,0.9995,1.0037,0.9943,1.0015,0.0
2022-09-19,1.00141,1.00294,0.9962,1.00256,0.0
2022-09-20,1.00261,1.0051,0.9951,0.99691,0.0
2022-09-21,0.99682,0.99752,0.9811,0.9836,0.0
2022-09-22,0.98397,0.99075,0.9805,0.98332,0.0
2022-09-23,0.98351,0.9852,0.9664,0.969,0.0
2022-09-26,0.96739,0.97098,0.95501,0.96091,0.0
2022-09-27,0.96091,0.9671,0.9565,0.9594,0.0
2022-09-28,0.95947,0.97508,0.9532,0.97332,0.0
2022-09-29,0.97335,0.9824,0.9632,0.98167,0.0
2022-09-30,0.98172,0.98539,0.9731,0.98003,0.0
2022-10-03,0.97954,0.98446,0.9749,0.9821,0.0
2022-10-04,0.98219,0.99997,0.9802,0.99828,0.0
2022-10-05,0.9983,0.99949,0.9833,0.98839,0.0
2022-10-06,0.98852,0.99265,0.97846,0.97915,0.0
2022-10-07,0.97914,0.9817,0.9725,0.9741,0.0
2022-10-10,0.97382,0.97531,0.968,0.97016,0.0
2022-10-11,0.97026,0.97747,0.9669,0.97027,0.0
2022-10-12,0.97031,0.97351,0.9666,0.9705,0.0
2022-10-13,0.97048,0.9806,0.9629,0.97771,0.0
2022-10-14,0.97755,0.98086,0.9706,0.9719,0.0
2022-10-17,0.97223,0.98522,0.9718,0.984,0.0
2022-10-18,0.98393,0.98755,0.9811,0.9862,0.0
2022-10-19,0.98611,0.98725,0.97549,0.97715,0.0
2022-10-20,0.97724,0.98455,0.97524,0.97842,0.0
2022-10-21,0.97852,0.98692,0.9703,0.9861,0.0
2022-10-24,0.98832,0.98992,0.98047,0.9869,0.0
2022-10-25,0.98706,0.99769,0.9847,0.9966,0.0
2022-10-26,0.99659,1.00887,0.99415,1.00797,0.0
2022-10-27,1.0081,1.00937,0.99554,0.99643,0.0
2022-10-28,0.99649,0.9998,0.9925,0.9963,0.0
2022-10-31,0.99567,0.99658,0.98706,0.98814,0.0
2022-11-01,0.98818,0.99543,0.98508,0.98746,0.0
2022-11-02,0.98745,0.9976,0.98107,0.98146,0.0
2022-11-03,0.98199,0.98396,0.9728,0.9748,0.0
2022-11-04,0.97491,0.99665,0.9741,0.99581,0.0
2022-11-07,0.99055,1.00345,0.99013,1.0019,0.0
2022-11-08,1.00185,1.00963,0.99703,1.00728,0.0
2022-11-09,1.00708,1.00882,0.99908,1.00103,0.0
2022-11-10,1.0007,1.02219,0.99334,1.0208,0.0
2022-11-11,1.02076,1.03642,1.0161,1.03538,0.0
2022-11-14,1.03382,1.03586,1.0269,1.03265,0.0
2022-11-15,1.03259,1.04818,1.0278,1.03478,0.0
2022-11-16,1.0348,1.04385,1.0329,1.03942,0.0
2022-11-17,1.03936,1.04065,1.03027,1.03608,0.0
2022-11-18,1.03589,1.0396,1.0311,1.03235,0.0
2022-11-21,1.0323,1.03332,1.02206,1.02411,0.0
2022-11-22,1.02404,1.03082,1.02374,1.0303,0.0
2022-11-23,1.03028,1.04052,1.02946,1.03954,0.0
2022-11-24,1.03953,1.04485,1.038,1.04087,0.0
2022-11-25,1.0407,1.04293,1.03522,1.0395,0.0
2022-11-28,1.03706,1.04969,1.03277,1.03388,0.0
2022-11-29,1.03385,1.03945,1.03174,1.0328,0.0
2022-11-30,1.03283,1.04288,1.0288,1.04041,0.0
2022-12-01,1.04041,1.0534,1.03906,1.05257,0.0
2022-12-02,1.05258,1.0545,1.0427,1.05325,0.0
2022-12-05,1.053,1.05948,1.0478,1.04877,0.0
2022-12-06,1.04902,1.05329,1.0457,1.0465,0.0
2022-12-07,1.0466,1.05498,1.0441,1.05029,0.0
2022-12-08,1.05048,1.05649,1.0488,1.0554,0.0
2022-12-09,1.05542,1.05882,1.05018,1.05329,0.0
2022-12-12,1.05281,1.05802,1.0504,1.05367,0.0
2022-12-13,1.05355,1.06733,1.0526,1.06324,0.0
2022-12-14,1.06317,1.06952,1.0617,1.06815,0.0
2022-12-15,1.06812,1.07363,1.0591,1.06269,0.0
2022-12-16,1.0625,1.06631,1.05827,1.05839,0.0
2022-12-19,1.0588,1.06579,1.0574,1.0606,0.0
2022-12-20,1.06062,1.06586,1.0577,1.06232,0.0
2022-12-21,1.06231,1.06455,1.0589,1.06039,0.0
2022-12-22,1.06052,1.06594,1.0572,1.05965,0.0
2022-12-23,1.05928,1.0633,1.0585,1.06172,0.0
2022-12-26,1.061,1.06364,1.05965,1.06332,0.0
2022-12-27,1.0636,1.06694,1.061,1.0639,0.0
2022-12-28,1.0636,1.06745,1.0605,1.0611,0.0
2022-12-29,1.061,1.06916,1.06078,1.06609,0.0
2022-12-30,1.0661,1.07131,1.0637,1.07025,0.0
2023-01-02,1.07031,1.07087,1.06489,1.06656,0.0
2023-01-03,1.06646,1.06836,1.0517,1.0546,0.0
2023-01-04,1.05461,1.06354,1.0539,1.06033,0.0
2023-01-05,1.0602,1.06314,1.0513,1.052,0.0
2023-01-06,1.052,1.0648,1.04816,1.06413,0.0
2023-01-09,1.06409,1.07606,1.0636,1.07292,0.0
2023-01-10,1.0728,1.07595,1.071,1.07326,0.0
2023-01-11,1.07322,1.07775,1.0724,1.07562,0.0
2023-01-12,1.07566,1.0867,1.07292,1.08522,0.0
2023-01-13,1.08506,1.0868,1.0779,1.08302,0.0
2023-01-16,1.08333,1.08741,1.08,1.08198,0.0
2023-01-17,1.08205,1.08699,1.0773,1.07877,0.0
2023-01-18,1.07872,1.08873,1.0765,1.0794,0.0
2023-01-19,1.07928,1.084,1.0781,1.08308,0.0
2023-01-20,1.0831,1.0859,1.0801,1.08549,0.0
2023-01-23,1.08672,1.09267,1.0844,1.08715,0.0
2023-01-24,1.0871,1.08979,1.0833,1.08851,0.0
2023-01-25,1.08848,1.09237,1.0856,1.09154,0.0
2023-01-26,1.0915,1.09294,1.0849,1.08916,0.0
2023-01-27,1.08918,1.09002,1.0836,1.08649,0.0
2023-01-30,1.08644,1.09137,1.0837,1.0848,0.0
2023-01-31,1.08488,1.0875,1.08,1.08626,0.0
2023-02-01,1.0861,1.1001,1.085,1.099,0.0
2023-02-02,1.0989,1.10327,1.0885,1.09092,0.0
2023-02-03,1.09086,1.09401,1.0791,1.07929,0.0
2023-02-06,1.07814,1.0799,1.0708,1.07252,0.0
2023-02-07,1.07251,1.07664,1.0667,1.07253,0.0
2023-02-08,1.07247,1.07607,1.0708,1.07099,0.0
2023-02-09,1.07099,1.07907,1.07065,1.07398,0.0
2023-02-10,1.07366,1.07527,1.0665,1.06754,0.0
2023-02-13,1.06807,1.073,1.0654,1.07207,0.0
2023-02-14,1.07216,1.08044,1.0706,1.07366,0.0
2023-02-15,1.07361,1.07444,1.0659,1.0688,0.0
2023-02-16,1.06871,1.07223,1.0653,1.06725,0.0
2023-02-17,1.06719,1.06983,1.0611,1.06929,0.0
2023-02-20,1.06868,1.07046,1.0669,1.06841,0.0
2023-02-21,1.0685,1.06981,1.0636,1.06457,0.0
2023-02-22,1.06464,1.06638,1.0598,1.06034,0.0
2023-02-23,1.06031,1.06276,1.0576,1.0596,0.0
2023-02-24,1.05934,1.06142,1.0535,1.05437,0.0
2023-02-27,1.05451,1.06198,1.0531,1.0608,0.0
2023-02-28,1.0609,1.06451,1.0572,1.05748,0.0
2023-03-01,1.05743,1.06914,1.0564,1.0666,0.0
2023-03-02,1.0666,1.0673,1.0575,1.05966,0.0
2023-03-03,1.05963,1.06393,1.0587,1.06337,0.0
2023-03-06,1.06237,1.06943,1.062,1.06791,0.0
2023-03-07,1.06791,1.06944,1.0544,1.0549,0.0
2023-03-08,1.0549,1.05738,1.0524,1.0543,0.0
2023-03-09,1.0543,1.05912,1.05377,1.05791,0.0
2023-03-10,1.05788,1.07007,1.0572,1.06387,0.0
2023-03-13,1.06938,1.07486,1.0649,1.07263,0.0
2023-03-14,1.07273,1.07496,1.0677,1.07313,0.0
2023-03-15,1.07317,1.076,1.0515,1.05766,0.0
2023-03-16,1.0578,1.06356,1.0549,1.06125,0.0
2023-03-17,1.06121,1.06853,1.06075,1.06639,0.0
2023-03-20,1.06832,1.07309,1.0629,1.0719,0.0
2023-03-21,1.07192,1.07886,1.0702,1.07676,0.0
2023-03-22,1.0768,1.09125,1.0757,1.0858,0.0
2023-03-23,1.0859,1.093,1.0823,1.08321,0.0
2023-03-24,1.08325,1.08385,1.0712,1.07588,0.0
2023-03-27,1.07645,1.08001,1.0743,1.07967,0.0
2023-03-28,1.07963,1.08485,1.07937,1.08399,0.0
2023-03-29,1.08399,1.08713,1.0817,1.08395,0.0
2023-03-30,1.08403,1.09263,1.0823,1.09046,0.0
2023-03-31,1.09042,1.09257,1.0835,1.08381,0.0
2023-04-03,1.08418,1.09166,1.0787,1.09006,0.0
2023-04-04,1.09011,1.09733,1.0881,1.0954,0.0
2023-04-05,1.09549,1.09696,1.089,1.09057,0.0
2023-04-06,1.09058,1.09376,1.0883,1.09176,0.0
2023-04-07,1.09177,1.0924,1.08759,1.09014,0.0
2023-04-10,1.08995,1.09173,1.083,1.0859,0.0
2023-04-11,1.08586,1.0928,1.08569,1.09095,0.0
2023-04-12,1.09106,1.10004,1.09093,1.09914,0.0
2023-04-13,1.09914,1.10677,1.0975,1.10447,0.0
2023-04-14,1.10459,1.10759,1.0971,1.0991,0.0
2023-04-17,1.09926,1.09998,1.0908,1.09253,0.0
2023-04-18,1.0925,1.0983,1.0921,1.09705,0.0
2023-04-19,1.09706,1.0984,1.0916,1.09549,0.0
2023-04-20,1.0956,1.09895,1.0932,1.09668,0.0
2023-04-21,1.09666,1.09938,1.0937,1.0988,0.0
2023-04-24,1.09861,1.10502,1.0965,1.10441,0.0
2023-04-25,1.10445,1.10671,1.0963,1.09738,0.0
2023-04-26,1.09729,1.10954,1.0967,1.104,0.0
2023-04-27,1.10409,1.10635,1.0991,1.1025,0.0
2023-04-28,1.10235,1.10449,1.0961,1.1014,0.0
2023-05-01,1.10178,1.10355,1.0964,1.0975,0.0
2023-05-02,1.09744,1.1008,1.0941,1.10008,0.0
2023-05-03,1.10008,1.10916,1.0999,1.10606,0.0
2023-05-04,1.10609,1.10917,1.0986,1.10118,0.0
2023-05-05,1.10127,1.10478,1.09665,1.10174,0.0
2023-05-08,1.10209,1.10537,1.0998,1.10038,0.0
2023-05-09,1.10038,1.10042,1.094,1.09537,0.0
2023-05-10,1.09534,1.10068,1.094,1.0982,0.0
2023-05-11,1.09811,1.09981,1.0899,1.09152,0.0
2023-05-12,1.0916,1.09355,1.08468,1.0847,0.0
2023-05-15,1.08528,1.08908,1.08392,1.0874,0.0
2023-05-16,1.08745,1.09046,1.0854,1.08611,0.0
2023-05-17,1.08614,1.0874,1.0809,1.0839,0.0
2023-05-18,1.08389,1.0848,1.0761,1.07699,0.0
2023-05-19,1.07697,1.08287,1.0759,1.08019,0.0
2023-05-22,1.08061,1.08313,1.0794,1.0812,0.0
2023-05-23,1.08111,1.08204,1.0759,1.07723,0.0
2023-05-24,1.07728,1.08013,1.0747,1.07495,0.0
2023-05-25,1.07495,1.07567,1.07071,1.07277,0.0
2023-05-26,1.07278,1.07586,1.07,1.0725,0.0
2023-05-29,1.0721,1.07435,1.0704,1.07088,0.0
2023-05-30,1.07088,1.07466,1.0671,1.07325,0.0
2023-05-31,1.07319,1.0736,1.0634,1.06856,0.0
2023-06-01,1.06856,1.07684,1.0661,1.07597,0.0
2023-06-02,1.07592,1.0779,1.0704,1.0706,0.0
2023-06-05,1.07059,1.07225,1.0673,1.07102,0.0
2023-06-06,1.07116,1.07329,1.0666,1.06934,0.0
2023-06-07,1.06943,1.07398,1.0667,1.06982,0.0
2023-06-08,1.06983,1.07871,1.0695,1.07817,0.0
2023-06-09,1.07812,1.07851,1.0742,1.0746,0.0
2023-06-12,1.07447,1.07901,1.07329,1.07565,0.0
2023-06-13,1.07568,1.08235,1.07557,1.07887,0.0
2023-06-14,1.0789,1.0864,1.0773,1.08311,0.0
2023-06-15,1.0831,1.09527,1.0802,1.09413,0.0
2023-06-16,1.09413,1.09707,1.09178,1.09401,0.0
2023-06-19,1.09385,1.09462,1.0905,1.09213,0.0
2023-06-20,1.09213,1.09462,1.0891,1.09164,0.0
2023-06-21,1.0917,1.0991,1.0904,1.09836,0.0
2023-06-22,1.09838,1.10122,1.09483,1.09554,0.0
2023-06-23,1.09548,1.09585,1.08443,1.0891,0.0
2023-06-26,1.08998,1.09201,1.08873,1.09057,0.0
2023-06-27,1.09056,1.09768,1.0902,1.09598,0.0
2023-06-28,1.09603,1.09627,1.08967,1.09125,0.0
2023-06-29,1.09129,1.09414,1.08599,1.08625,0.0
2023-06-30,1.08639,1.09318,1.0835,1.09074,0.0
2023-07-03,1.09076,1.09339,1.087,1.091,0.0
2023-07-04,1.09102,1.09163,1.0875,1.08791,0.0
2023-07-05,1.08793,1.09079,1.085,1.08545,0.0
2023-07-06,1.08543,1.09006,1.0833,1.0888,0.0
2023-07-07,1.08885,1.09733,1.08668,1.0964,0.0
2023-07-10,1.09648,1.10014,1.0942,1.09995,0.0
2023-07-11,1.09996,1.10273,1.0976,1.10051,0.0
2023-07-12,1.1006,1.11403,1.1004,1.11282,0.0
2023-07-13,1.11283,1.12284,1.11272,1.12235,0.0
2023-07-14,1.12231,1.12449,1.1204,1.12264,0.0
2023-07-17,1.12281,1.12488,1.12028,1.12354,0.0
2023-07-18,1.12361,1.12758,1.1208,1.12274,0.0
2023-07-19,1.12274,1.12403,1.11742,1.11998,0.0
2023-07-20,1.11999,1.12291,1.1117,1.11339,0.0
2023-07-21,1.11348,1.1145,1.11076,1.11245,0.0
2023-07-24,1.11312,1.1147,1.10599,1.10627,0.0
2023-07-25,1.10625,1.10869,1.10205,1.1057,0.0
2023-07-26,1.10568,1.11068,1.10375,1.10866,0.0
2023-07-27,1.10867,1.11497,1.0964,1.09764,0.0
2023-07-28,1.09768,1.10475,1.09434,1.10147,0.0
2023-07-31,1.1018,1.10459,1.0992,1.09968,0.0
2023-08-01,1.09966,1.10195,1.0951,1.10181,0.0
2023-08-02,1.10178,1.10181,1.0917,1.09381,0.0
2023-08-03,1.09383,1.09629,1.0911,1.09483,0.0
2023-08-04,1.09472,1.1042,1.0934,1.10072,0.0
2023-08-07,1.10105,1.10139,1.0964,1.10029,0.0
2023-08-08,1.10031,1.10111,1.0928,1.09535,0.0
2023-08-09,1.09536,1.09954,1.095,1.09759,0.0
2023-08-10,1.09761,1.10652,1.0966,1.09801,0.0
2023-08-11,1.09828,1.1005,1.09418,1.09436,0.0
2023-08-14,1.09475,1.09602,1.08745,1.09046,0.0
2023-08-15,1.09048,1.09525,1.08965,1.09027,0.0
2023-08-16,1.09024,1.09346,1.08713,1.08805,0.0
2023-08-17,1.08813,1.09182,1.0856,1.08672,0.0
2023-08-18,1.08673,1.0894,1.08447,1.08711,0.0
2023-08-21,1.08742,1.09137,1.08692,1.08943,0.0
2023-08-22,1.08953,1.09305,1.08328,1.08445,0.0
2023-08-23,1.08448,1.08715,1.0801,1.08619,0.0
2023-08-24,1.08618,1.08767,1.0803,1.08126,0.0
2023-08-25,1.0812,1.08418,1.0765,1.0793,0.0
2023-08-28,1.07957,1.08232,1.0793,1.08187,0.0
2023-08-29,1.08191,1.0892,1.0782,1.08785,0.0
2023-08-30,1.08781,1.09456,1.08549,1.09228,0.0
2023-08-31,1.09227,1.09394,1.08348,1.08415,0.0
2023-09-01,1.08414,1.08819,1.07706,1.07733,0.0
2023-09-04,1.07739,1.0809,1.07712,1.07938,0.0
2023-09-05,1.07943,1.07985,1.07062,1.07226,0.0
2023-09-06,1.07221,1.07489,1.07021,1.07225,0.0
2023-09-07,1.07239,1.0732,1.0686,1.06962,0.0
2023-09-08,1.06969,1.07439,1.0692,1.0699,0.0
2023-09-11,1.07147,1.07594,1.07064,1.07484,0.0
2023-09-12,1.07493,1.07692,1.07052,1.0759,0.0
2023-09-13,1.07589,1.07648,1.07109,1.07292,0.0
2023-09-14,1.07294,1.07521,1.06315,1.0642,0.0
2023-09-15,1.06421,1.0688,1.06328,1.06596,0.0
2023-09-18,1.06626,1.06988,1.0654,1.06918,0.0
2023-09-19,1.06914,1.0718,1.0672,1.06795,0.0
2023-09-20,1.06793,1.0737,1.0649,1.06633,0.0
2023-09-21,1.06635,1.06735,1.06165,1.06584,0.0
2023-09-22,1.06582,1.06717,1.06147,1.06432,0.0
2023-09-25,1.06445,1.06555,1.05753,1.05922,0.0
2023-09-26,1.05915,1.0609,1.05618,1.05698,0.0
2023-09-27,1.05698,1.0574,1.04878,1.05052,0.0
2023-09-28,1.05051,1.0579,1.04908,1.05635,0.0
2023-09-29,1.05639,1.0617,1.05577,1.05709,0.0
2023-10-02,1.05676,1.05919,1.04749,1.0479,0.0
2023-10-03,1.04786,1.04934,1.0448,1.04642,0.0
2023-10-04,1.04646,1.05321,1.0451,1.0506,0.0
2023-10-05,1.05062,1.0552,1.04998,1.05483,0.0
2023-10-06,1.05483,1.06,1.04823,1.05857,0.0
2023-10-09,1.05545,1.05744,1.05192,1.0565,0.0
2023-10-10,1.05654,1.06198,1.05542,1.0605,0.0
2023-10-11,1.06046,1.06348,1.05799,1.062,0.0
2023-10-12,1.06191,1.06397,1.0524,1.05297,0.0
2023-10-13,1.053,1.05584,1.04952,1.05043,0.0
2023-10-16,1.05209,1.05628,1.05132,1.05585,0.0
2023-10-17,1.05589,1.05948,1.05326,1.05742,0.0
2023-10-18,1.05742,1.05941,1.05228,1.05358,0.0
2023-10-19,1.05354,1.06166,1.05278,1.05807,0.0
2023-10-20,1.05816,1.06036,1.05648,1.0593,0.0
2023-10-23,1.05928,1.06779,1.05711,1.06674,0.0
2023-10-24,1.06675,1.06943,1.05828,1.059,0.0
2023-10-25,1.05911,1.06067,1.05634,1.05674,0.0
2023-10-26,1.05668,1.05691,1.05218,1.05603,0.0
2023-10-27,1.05596,1.0597,1.0535,1.05605,0.0
2023-10-30,1.05653,1.06251,1.05468,1.06147,0.0
2023-10-31,1.06145,1.06749,1.05571,1.05744,0.0
2023-11-01,1.0574,1.05806,1.05165,1.0567,0.0
2023-11-02,1.0567,1.06676,1.0567,1.06211,0.0
2023-11-03,1.06203,1.07467,1.06144,1.073,0.0
2023-11-06,1.07243,1.07563,1.07158,1.07173,0.0
2023-11-07,1.07168,1.07221,1.0664,1.06998,0.0
2023-11-08,1.06993,1.0716,1.0659,1.0709,0.0
2023-11-09,1.07076,1.07254,1.06598,1.06671,0.0
2023-11-10,1.06671,1.0693,1.06559,1.06848,0.0
2023-11-13,1.06826,1.07061,1.06647,1.06987,0.0
2023-11-14,1.06975,1.08875,1.06927,1.08787,0.0
2023-11-15,1.08788,1.08861,1.08313,1.08468,0.0
2023-11-16,1.08453,1.08955,1.08299,1.08517,0.0
2023-11-17,1.08501,1.09148,1.08246,1.09138,0.0
2023-11-20,1.09095,1.09518,1.0897,1.09394,0.0
2023-11-21,1.09386,1.09651,1.08998,1.0911,0.0
2023-11-22,1.091,1.0923,1.08522,1.08883,0.0
2023-11-23,1.08864,1.09304,1.08815,1.09035,0.0
2023-11-24,1.09031,1.09486,1.08947,1.09367,0.0
2023-11-27,1.09426,1.09594,1.09247,1.09531,0.0
2023-11-28,1.09518,1.1009,1.09342,1.09927,0.0
2023-11-29,1.09908,1.10171,1.096,1.09692,0.0
2023-11-30,1.09675,1.0984,1.0879,1.08861,0.0
2023-12-01,1.0886,1.09127,1.08287,1.08818,0.0
2023-12-04,1.08765,1.0895,1.08039,1.08359,0.0
2023-12-05,1.0836,1.08474,1.07778,1.07965,0.0
2023-12-06,1.07965,1.08047,1.07583,1.07643,0.0
2023-12-07,1.07621,1.08175,1.07548,1.07936,0.0
2023-12-08,1.07918,1.08007,1.0723,1.07608,0.0
2023-12-11,1.0759,1.0779,1.07414,1.0764,0.0
2023-12-12,1.07631,1.08281,1.0757,1.07943,0.0
2023-12-13,1.07937,1.08966,1.07729,1.08742,0.0
2023-12-14,1.08728,1.10092,1.087,1.09921,0.0
2023-12-15,1.09912,1.10038,1.08885,1.08922,0.0
2023-12-18,1.0897,1.09312,1.08914,1.09235,0.0
2023-12-19,1.09228,1.09873,1.09145,1.09805,0.0
2023-12-20,1.09787,1.09843,1.09296,1.09413,0.0
2023-12-21,1.09413,1.10126,1.09347,1.10109,0.0
2023-12-22,1.10109,1.10401,1.09935,1.1011,0.0
2023-12-25,1.1016,1.10202,1.09913,1.1008,0.0
2023-12-26,1.1011,1.1045,1.10073,1.10417,0.0
2023-12-27,1.10417,1.11226,1.10284,1.11044,0.0
2023-12-28,1.11044,1.11395,1.10549,1.10593,0.0
2023-12-29,1.10594,1.10842,1.10338,1.10374,0.0
2024-01-01,1.104,1.1046,1.1034,1.1044,0.0
2024-01-02,1.10438,1.10454,1.0938,1.09416,0.0
2024-01-03,1.09414,1.09654,1.08928,1.09215,0.0
2024-01-04,1.09209,1.09722,1.09142,1.09447,0.0
2024-01-05,1.0944,1.09984,1.08767,1.09392,0.0
2024-01-08,1.09446,1.09788,1.09224,1.09495,0.0
2024-01-09,1.09501,1.09663,1.09101,1.0931,0.0
2024-01-10,1.09294,1.09731,1.09226,1.09724,0.0
2024-01-11,1.09722,1.09999,1.093,1.09723,0.0
2024-01-12,1.09715,1.0987,1.09356,1.09483,0.0
2024-01-15,1.0953,1.09676,1.0933,1.09483,0.0
2024-01-16,1.09482,1.0951,1.0862,1.08751,0.0
2024-01-17,1.0874,1.08845,1.08443,1.08827,0.0
2024-01-18,1.08811,1.09068,1.08464,1.08762,0.0
2024-01-19,1.08757,1.08983,1.08654,1.0896,0.0
2024-01-22,1.08901,1.09095,1.08797,1.08824,0.0
2024-01-23,1.0882,1.09162,1.08214,1.08541,0.0
2024-01-24,1.0854,1.09323,1.08462,1.08843,0.0
2024-01-25,1.08843,1.09018,1.08214,1.08454,0.0
2024-01-26,1.08449,1.08854,1.08125,1.08512,0.0
2024-01-29,1.0843,1.08501,1.07956,1.08328,0.0
2024-01-30,1.0832,1.08573,1.08117,1.08447,0.0
2024-01-31,1.08446,1.08874,1.07947,1.0818,0.0
2024-02-01,1.0818,1.0875,1.07797,1.08713,0.0
2024-02-02,1.08714,1.08974,1.07802,1.07849,0.0
2024-02-05,1.0785,1.07861,1.07229,1.07419,0.0
2024-02-06,1.07418,1.07623,1.07224,1.07545,0.0
2024-02-07,1.0754,1.0784,1.07487,1.07717,0.0
2024-02-08,1.07704,1.07889,1.07414,1.07775,0.0
2024-02-09,1.07767,1.07951,1.07619,1.07821,0.0
2024-02-12,1.07778,1.08055,1.07556,1.07713,0.0
2024-02-13,1.07708,1.07985,1.07003,1.07079,0.0
2024-02-14,1.07087,1.07344,1.06945,1.07264,0.0
2024-02-15,1.07243,1.07848,1.07224,1.0772,0.0
2024-02-16,1.07718,1.07874,1.07318,1.07749,0.0
2024-02-19,1.07719,1.07894,1.07618,1.07785,0.0
2024-02-20,1.0777,1.0839,1.07614,1.08076,0.0
2024-02-21,1.08075,1.08245,1.07897,1.08185,0.0
2024-02-22,1.08182,1.08882,1.08025,1.08222,0.0
2024-02-23,1.08221,1.08396,1.08115,1.08188,0.0
2024-02-26,1.08319,1.08597,1.08124,1.08509,0.0
2024-02-27,1.08504,1.0866,1.08328,1.08437,0.0
2024-02-28,1.08437,1.08474,1.07965,1.08377,0.0
2024-02-29,1.08363,1.0856,1.07956,1.08053,0.0
2024-03-01,1.08046,1.08432,1.0798,1.08368,0.0
2024-03-04,1.0838,1.0867,1.08349,1.08555,0.0
2024-03-05,1.0856,1.08762,1.08401,1.08547,0.0
2024-03-06,1.0856,1.09153,1.08418,1.08986,0.0
2024-03-07,1.0898,1.09493,1.08677,1.0948,0.0
2024-03-08,1.0948,1.09813,1.09183,1.09381,0.0
2024-03-11,1.09393,1.09481,1.0914,1.09257,0.0
2024-03-12,1.09258,1.09438,1.09021,1.09255,0.0
2024-03-13,1.09258,1.09638,1.09199,1.09479,0.0
2024-03-14,1.09485,1.0955,1.08804,1.08847,0.0
2024-03-15,1.08853,1.08997,1.08726,1.08869,0.0
2024-03-18,1.08878,1.09061,1.08658,1.08721,0.0
2024-03-19,1.08728,1.08766,1.08345,1.08649,0.0
2024-03-20,1.08653,1.0923,1.0836,1.09211,0.0
2024-03-21,1.09206,1.09426,1.08551,1.08605,0.0
2024-03-22,1.08605,1.08681,1.08015,1.0805,0.0
2024-03-25,1.08074,1.08426,1.08019,1.08359,0.0
2024-03-26,1.08364,1.08643,1.0824,1.08316,0.0
2024-03-27,1.08319,1.08391,1.08104,1.08258,0.0
2024-03-28,1.0826,1.0827,1.07748,1.0789,0.0
2024-03-29,1.07889,1.08051,1.07677,1.079,0.0
2024-04-01,1.0791,1.0799,1.07307,1.07428,0.0
2024-04-02,1.07435,1.0779,1.07244,1.07734,0.0
2024-04-03,1.07722,1.0837,1.07637,1.08334,0.0
2024-04-04,1.08331,1.08766,1.08314,1.08382,0.0
2024-04-05,1.08381,1.0848,1.07912,1.0836,0.0
2024-04-08,1.08371,1.0863,1.08206,1.0859,0.0
2024-04-09,1.08589,1.08851,1.08475,1.08575,0.0
2024-04-10,1.08569,1.08665,1.07285,1.07429,0.0
2024-04-11,1.07429,1.07566,1.06989,1.07267,0.0
2024-04-12,1.07265,1.07293,1.0622,1.06385,0.0
2024-04-15,1.06337,1.06652,1.062,1.06234,0.0
2024-04-16,1.06238,1.06535,1.0601,1.06146,0.0
2024-04-17,1.06164,1.06796,1.06059,1.06709,0.0
2024-04-18,1.06715,1.069,1.0641,1.06435,0.0
2024-04-19,1.06431,1.06776,1.06102,1.06526,0.0
2024-04-22,1.06556,1.06706,1.06237,1.06513,0.0
2024-04-23,1.06519,1.07113,1.0638,1.07019,0.0
2024-04-24,1.07019,1.07142,1.06776,1.06967,0.0
2024-04-25,1.0697,1.074,1.06782,1.07281,0.0
2024-04-26,1.07284,1.0753,1.06737,1.06922,0.0
2024-04-29,1.06946,1.07337,1.06898,1.07203,0.0
2024-04-30,1.07205,1.07353,1.06628,1.0669,0.0
2024-05-01,1.06688,1.07328,1.0649,1.07096,0.0
2024-05-02,1.07114,1.07302,1.0674,1.07233,0.0
2024-05-03,1.07221,1.08124,1.07221,1.07609,0.0
2024-05-06,1.0763,1.07907,1.0755,1.07689,0.0
2024-05-07,1.07685,1.07874,1.07477,1.07559,0.0
2024-05-08,1.07553,1.07575,1.0733,1.07474,0.0
2024-05-09,1.07475,1.07847,1.07236,1.07807,0.0
2024-05-10,1.07805,1.07901,1.07602,1.07694,0.0
2024-05-13,1.07706,1.08068,1.07655,1.07883,0.0
2024-05-14,1.07896,1.08257,1.07668,1.08163,0.0
2024-05-15,1.08171,1.0886,1.08128,1.08832,0.0
2024-05-16,1.08828,1.0895,1.0854,1.08656,0.0
2024-05-17,1.0866,1.08786,1.08353,1.08674,0.0
2024-05-20,1.08688,1.08845,1.0853,1.08592,0.0
2024-05-21,1.08593,1.08748,1.08424,1.0855,0.0
2024-05-22,1.08551,1.08635,1.0817,1.08233,0.0
2024-05-23,1.08233,1.0861,1.08045,1.08142,0.0
2024-05-24,1.08144,1.0858,1.08052,1.0845,0.0
2024-05-27,1.08444,1.08675,1.08404,1.0856,0.0
2024-05-28,1.08563,1.0889,1.08542,1.08569,0.0
2024-05-29,1.08572,1.08604,1.07991,1.08029,0.0
2024-05-30,1.08032,1.08451,1.07879,1.08334,0.0
2024-05-31,1.08334,1.08823,1.08109,1.0845,0.0
2024-06-03,1.08462,1.09045,1.0826,1.09028,0.0
2024-06-04,1.09017,1.0916,1.08585,1.08786,0.0
2024-06-05,1.08788,1.08915,1.08541,1.08702,0.0
2024-06-06,1.087,1.0902,1.08617,1.08891,0.0
2024-06-07,1.08893,1.0902,1.07993,1.08,0.0
2024-06-10,1.07713,1.07817,1.07325,1.07648,0.0
2024-06-11,1.07649,1.07734,1.0719,1.07416,0.0
2024-06-12,1.07425,1.08523,1.07343,1.08109,0.0
2024-06-13,1.0812,1.08164,1.07309,1.07388,0.0
2024-06-14,1.07386,1.0745,1.06673,1.07025,0.0
2024-06-17,1.07045,1.0738,1.06862,1.07313,0.0
2024-06-18,1.07314,1.07615,1.07098,1.074,0.0
2024-06-19,1.07401,1.07534,1.07244,1.0744,0.0
2024-06-20,1.07441,1.0749,1.06994,1.0704,0.0
2024-06-21,1.07039,1.07206,1.06707,1.0691,0.0
2024-06-24,1.06906,1.07465,1.06834,1.07332,0.0
2024-06-25,1.07329,1.07442,1.06903,1.07123,0.0
2024-06-26,1.07123,1.0718,1.06658,1.06799,0.0
2024-06-27,1.06795,1.07264,1.06767,1.07048,0.0
2024-06-28,1.0705,1.07248,1.06851,1.07112,0.0
2024-07-01,1.0738,1.07765,1.07195,1.07384,0.0
2024-07-02,1.07384,1.07472,1.07097,1.07446,0.0
2024-07-03,1.07446,1.08169,1.0736,1.07855,0.0
2024-07-04,1.07855,1.0814,1.07834,1.0811,0.0
2024-07-05,1.08111,1.08426,1.07968,1.0837,0.0
2024-07-08,1.08178,1.08451,1.08143,1.08241,0.0
2024-07-09,1.08244,1.08333,1.0805,1.0814,0.0
2024-07-10,1.08139,1.08305,1.08105,1.08289,0.0
2024-07-11,1.08289,1.08999,1.0828,1.08659,0.0
2024-07-12,1.08659,1.09114,1.086,1.09054,0.0
2024-07-15,1.08882,1.09223,1.08829,1.08946,0.0
2024-07-16,1.08946,1.09056,1.08712,1.08977,0.0
2024-07-17,1.08988,1.09481,1.08949,1.09378,0.0
2024-07-18,1.09378,1.0941,1.0893,1.08975,0.0
2024-07-19,1.08974,1.0902,1.08753,1.08822,0.0
2024-07-22,1.08844,1.0903,1.08727,1.089,0.0
2024-07-23,1.08894,1.08968,1.08436,1.08531,0.0
2024-07-24,1.08534,1.08666,1.08253,1.084,0.0
2024-07-25,1.08393,1.08701,1.08278,1.08449,0.0
2024-07-26,1.08448,1.08683,1.08418,1.0855,0.0
2024-07-29,1.08557,1.087,1.08025,1.08223,0.0
2024-07-30,1.08225,1.08358,1.0798,1.08131,0.0
2024-07-31,1.08128,1.08494,1.08017,1.08268,0.0
2024-08-01,1.08269,1.08354,1.07772,1.0791,0.0
2024-08-02,1.07909,1.0927,1.07816,1.09098,0.0
2024-08-05,1.09195,1.1009,1.08923,1.09524,0.0
2024-08-06,1.09526,1.09631,1.09035,1.0929,0.0
2024-08-07,1.09285,1.09366,1.0905,1.09226,0.0
2024-08-08,1.09228,1.09451,1.08812,1.09164,0.0
2024-08-09,1.09162,1.09314,1.09087,1.09148,0.0
2024-08-12,1.09183,1.09395,1.09097,1.09317,0.0
2024-08-13,1.09314,1.09997,1.09134,1.09914,0.0
2024-08-14,1.09914,1.10264,1.0986,1.10253,0.0
2024-08-15,1.10111,1.1016,1.0949,1.09717,0.0
2024-08-16,1.09719,1.10297,1.09702,1.10253,0.0
2024-08-19,1.10247,1.10864,1.10215,1.1083,0.0
2024-08-20,1.10835,1.11304,1.10716,1.11286,0.0
2024-08-21,1.11285,1.11741,1.10992,1.11481,0.0
2024-08-22,1.11482,1.11649,1.10976,1.11108,0.0
2024-08-23,1.11112,1.1201,1.11052,1.11913,0.0
2024-08-26,1.11903,1.12015,1.11498,1.11604,0.0
2024-08-27,1.11604,1.11906,1.11501,1.11824,0.0
2024-08-28,1.11827,1.1185,1.11046,1.11188,0.0
2024-08-29,1.11188,1.11399,1.10553,1.1078,0.0
2024-08-30,1.10779,1.1095,1.10436,1.10465,0.0
2024-09-02,1.10464,1.10775,1.10416,1.10702,0.0
2024-09-03,1.10701,1.1073,1.1026,1.1045,0.0
2024-09-04,1.10445,1.10952,1.10382,1.1082,0.0
2024-09-05,1.10831,1.11197,1.10744,1.1108,0.0
2024-09-06,1.11083,1.11556,1.10653,1.1083,0.0
2024-09-09,1.10826,1.10911,1.1033,1.10357,0.0
2024-09-10,1.10364,1.10498,1.10149,1.1019,0.0
2024-09-11,1.10192,1.1055,1.10017,1.10128,0.0
2024-09-12,1.10124,1.10751,1.10052,1.10735,0.0
2024-09-13,1.10735,1.11019,1.107,1.10737,0.0
2024-09-16,1.10745,1.11376,1.10743,1.1131,0.0
2024-09-17,1.11302,1.11461,1.11106,1.11127,0.0
2024-09-18,1.1113,1.11891,1.10965,1.11156,0.0
2024-09-19,1.11156,1.1179,1.10681,1.11613,0.0
2024-09-20,1.11612,1.11819,1.11357,1.11617,0.0
2024-09-23,1.11612,1.11672,1.10829,1.1111,0.0
2024-09-24,1.11118,1.1181,1.11029,1.11783,0.0
2024-09-25,1.11786,1.1214,1.1121,1.1133,0.0
2024-09-26,1.11325,1.11893,1.11255,1.11748,0.0
2024-09-27,1.11747,1.1203,1.11247,1.1161,0.0
2024-09-30,1.11583,1.12089,1.11132,1.11349,0.0
2024-10-01,1.1135,1.1144,1.10455,1.10676,0.0
2024-10-02,1.10685,1.10828,1.10323,1.10474,0.0
2024-10-03,1.10478,1.1049,1.1008,1.10321,0.0
2024-10-04,1.10318,1.10396,1.0951,1.09739,0.0
2024-10-07,1.09682,1.0987,1.0954,1.09733,0.0
2024-10-08,1.09735,1.09971,1.09606,1.09778,0.0
2024-10-09,1.09785,1.0981,1.09359,1.09403,0.0
2024-10-10,1.09405,1.09548,1.08998,1.09349,0.0
2024-10-11,1.0935,1.09537,1.09257,1.09353,0.0
2024-10-14,1.09312,1.09366,1.0888,1.09059,0.0
2024-10-15,1.09077,1.09167,1.08816,1.08919,0.0
2024-10-16,1.08918,1.09014,1.0853,1.08628,0.0
2024-10-17,1.08627,1.08737,1.08106,1.08318,0.0
2024-10-18,1.08316,1.08694,1.0825,1.0865,0.0
2024-10-21,1.0866,1.0872,1.08108,1.08147,0.0
2024-10-22,1.08149,1.08381,1.07922,1.07982,0.0
2024-10-23,1.0798,1.08067,1.07609,1.0783,0.0
2024-10-24,1.07824,1.083,1.07702,1.08278,0.0
2024-10-25,1.0828,1.08393,1.07927,1.0793,0.0
2024-10-28,1.07935,1.08276,1.07817,1.08134,0.0
2024-10-29,1.08134,1.08263,1.07687,1.0814,0.0
2024-10-30,1.08147,1.08713,1.08076,1.08569,0.0
2024-10-31,1.08571,1.08881,1.08438,1.0882,0.0
2024-11-01,1.08821,1.09057,1.08315,1.0834,0.0
2024-11-04,1.0879,1.09147,1.08695,1.08767,0.0
2024-11-05,1.08757,1.09365,1.08721,1.09288,0.0
2024-11-06,1.09265,1.09369,1.06822,1.07269,0.0
2024-11-07,1.07262,1.08247,1.07125,1.08038,0.0
2024-11-08,1.08021,1.0805,1.06865,1.07182,0.0
2024-11-11,1.0707,1.0728,1.06283,1.06533,0.0
2024-11-12,1.06534,1.06631,1.05946,1.06216,0.0
2024-11-13,1.06202,1.0654,1.05555,1.05622,0.0
2024-11-14,1.05627,1.05825,1.04958,1.0529,0.0
2024-11-15,1.0529,1.0593,1.05159,1.05394,0.0
2024-11-18,1.05294,1.06072,1.0528,1.05979,0.0
2024-11-19,1.05979,1.0601,1.05229,1.05937,0.0
2024-11-20,1.05931,1.061,1.05065,1.05432,0.0
2024-11-21,1.05427,1.0555,1.04618,1.04738,0.0
2024-11-22,1.04734,1.04981,1.03325,1.04193,0.0
2024-11-25,1.04829,1.05303,1.04486,1.04942,0.0
2024-11-26,1.04929,1.05448,1.04246,1.04879,0.0
2024-11-27,1.04868,1.05878,1.0474,1.0566,0.0
2024-11-28,1.05652,1.057,1.05271,1.05489,0.0
2024-11-29,1.05511,1.05971,1.05411,1.05748,0.0
2024-12-02,1.05695,1.05742,1.04603,1.04966,0.0
2024-12-03,1.0497,1.05351,1.04806,1.05073,0.0
2024-12-04,1.05065,1.05441,1.04718,1.05114,0.0
2024-12-05,1.05071,1.05896,1.05054,1.0584,0.0
2024-12-06,1.05839,1.06298,1.05419,1.05673,0.0
2024-12-09,1.05574,1.05945,1.05317,1.05531,0.0
2024-12-10,1.05519,1.05681,1.0498,1.05268,0.0
2024-12-11,1.05259,1.05394,1.04797,1.04933,0.0
2024-12-12,1.04935,1.05309,1.04634,1.0469,0.0
2024-12-13,1.04655,1.05242,1.04527,1.05017,0.0
2024-12-16,1.04865,1.05248,1.04742,1.05121,0.0
2024-12-17,1.05099,1.05341,1.04788,1.04903,0.0
2024-12-18,1.04904,1.05127,1.03436,1.03507,0.0
2024-12-19,1.03513,1.04224,1.03457,1.03605,0.0
2024-12-20,1.03616,1.04475,1.03426,1.04244,0.0
2024-12-23,1.04304,1.04452,1.03838,1.04048,0.0
2024-12-24,1.04043,1.04099,1.03832,1.0401,0.0
2024-12-25,1.0395,1.0412,1.0395,1.0401,0.0
2024-12-26,1.0403,1.04301,1.03901,1.0422,0.0
2024-12-27,1.04184,1.04441,1.04047,1.04239,0.0
2024-12-30,1.04275,1.04584,1.03714,1.04068,0.0
2024-12-31,1.04054,1.04244,1.03438,1.03522,0.0
2025-01-01,1.0358,1.0359,1.0352,1.0352,0.0
2025-01-02,1.03544,1.03756,1.02238,1.02619,0.0
2025-01-03,1.0264,1.031,1.02524,1.03066,0.0
2025-01-06,1.0302,1.04368,1.0294,1.03898,0.0
2025-01-07,1.03884,1.04344,1.0339,1.03394,0.0
2025-01-08,1.03398,1.03575,1.02728,1.03178,0.0
2025-01-09,1.03177,1.03215,1.02834,1.0299,0.0
2025-01-10,1.0299,1.03118,1.02124,1.0244,0.0
2025-01-13,1.02402,1.025,1.01772,1.02441,0.0
2025-01-14,1.02407,1.03086,1.02382,1.03076,0.0
2025-01-15,1.03074,1.03544,1.02588,1.02861,0.0
2025-01-16,1.0288,1.03151,1.02604,1.0299,0.0
2025-01-17,1.02965,1.03306,1.0265,1.0271,0.0
2025-01-20,1.02831,1.04342,1.02659,1.04155,0.0
2025-01-21,1.04156,1.04343,1.03518,1.03876,0.0
2025-01-22,1.04285,1.04573,1.03918,1.04077,0.0
2025-01-23,1.0408,1.0438,1.03717,1.04148,0.0
2025-01-24,1.04147,1.05214,1.04112,1.04919,0.0
2025-01-27,1.0479,1.05334,1.04536,1.04916,0.0
2025-01-28,1.04912,1.04932,1.04135,1.04298,0.0
2025-01-29,1.04296,1.04436,1.03821,1.04207,0.0
2025-01-30,1.04203,1.04679,1.03859,1.03875,0.0
2025-01-31,1.03879,1.0434,1.03496,1.03602,0.0
2025-02-03,1.0232,1.03499,1.02103,1.0343,0.0
2025-02-04,1.03427,1.03876,1.0272,1.03783,0.0
2025-02-05,1.0378,1.04425,1.03693,1.04021,0.0
2025-02-06,1.04019,1.04058,1.03521,1.03828,0.0
2025-02-07,1.03821,1.04124,1.03048,1.0326,0.0
2025-02-10,1.02886,1.03365,1.02808,1.03063,0.0
2025-02-11,1.03062,1.03815,1.02917,1.03604,0.0
2025-02-12,1.03605,1.04299,1.03168,1.03824,0.0
2025-02-13,1.03818,1.0467,1.03726,1.04641,0.0
2025-02-14,1.04625,1.05141,1.04469,1.04913,0.0
2025-02-17,1.04858,1.05062,1.04667,1.0484,0.0
2025-02-18,1.04833,1.04863,1.04348,1.04459,0.0
2025-02-19,1.0445,1.04613,1.04004,1.04222,0.0
2025-02-20,1.04217,1.05034,1.04183,1.05002,0.0
2025-02-21,1.05001,1.05054,1.0449,1.04559,0.0
2025-02-24,1.04768,1.05283,1.04524,1.04671,0.0
2025-02-25,1.04664,1.05193,1.04559,1.05121,0.0
2025-02-26,1.05124,1.05289,1.04747,1.04836,0.0
2025-02-27,1.04834,1.04924,1.03965,1.03973,0.0
2025-02-28,1.03966,1.042,1.03596,1.03747,0.0
2025-03-03,1.04027,1.05036,1.03883,1.04857,0.0
2025-03-04,1.04849,1.06275,1.04708,1.06253,0.0
2025-03-05,1.06249,1.07968,1.06017,1.07875,0.0
2025-03-06,1.07864,1.08537,1.07655,1.07818,0.0
2025-03-07,1.0782,1.08888,1.07768,1.083,0.0
2025-03-10,1.08392,1.08747,1.08048,1.0834,0.0
2025-03-11,1.08345,1.09472,1.08305,1.0911,0.0
2025-03-12,1.09111,1.09314,1.08754,1.08857,0.0
2025-03-13,1.08856,1.08972,1.08222,1.0851,0.0
2025-03-14,1.08515,1.09127,1.08304,1.08765,0.0
2025-03-17,1.088,1.09297,1.0868,1.09212,0.0
2025-03-18,1.09214,1.09547,1.08921,1.09442,0.0
2025-03-19,1.09436,1.0946,1.08603,1.09033,0.0
2025-03-20,1.09045,1.09173,1.08143,1.08539,0.0
2025-03-21,1.08535,1.08613,1.07962,1.08121,0.0
2025-03-24,1.08168,1.08582,1.07813,1.07995,0.0
2025-03-25,1.07991,1.08301,1.07765,1.07908,0.0
2025-03-26,1.07921,1.0803,1.07342,1.07362,0.0
2025-03-27,1.07365,1.08212,1.07327,1.07974,0.0
2025-03-28,1.07971,1.08448,1.07644,1.08237,0.0
2025-03-31,1.08144,1.08494,1.07837,1.08184,0.0
2025-04-01,1.08181,1.08301,1.07779,1.07929,0.0
2025-04-02,1.07929,1.09243,1.078,1.08264,0.0
2025-04-03,1.08262,1.11466,1.08046,1.10505,0.0
2025-04-04,1.10509,1.11076,1.09242,1.09573,0.0
2025-04-07,1.09148,1.105,1.09007,1.09112,0.0
2025-04-08,1.09112,1.09918,1.08881,1.09565,0.0
2025-04-09,1.09564,1.10952,1.0913,1.09503,0.0
2025-04-10,1.09497,1.12414,1.09426,1.11888,0.0
2025-04-11,1.11918,1.14736,1.11918,1.13586,0.0
2025-04-14,1.13177,1.14246,1.12956,1.13522,0.0
2025-04-15,1.13531,1.13789,1.12638,1.12812,0.0
2025-04-16,1.12806,1.14127,1.12805,1.1397,0.0
2025-04-17,1.13965,1.14091,1.13349,1.13668,0.0
2025-04-18,1.1367,1.1398,1.13576,1.13913,0.0
2025-04-21,1.14072,1.15733,1.139,1.15085,0.0
2025-04-22,1.15085,1.15473,1.13613,1.13623,0.0
2025-04-23,1.13651,1.144,1.13072,1.13236,0.0
2025-04-24,1.13223,1.1398,1.13194,1.13857,0.0
2025-04-25,1.13849,1.13912,1.13155,1.1364,0.0
2025-04-28,1.13601,1.1425,1.1329,1.14198,0.0
2025-04-29,1.14202,1.1422,1.13698,1.13846,0.0
2025-04-30,1.13861,1.13994,1.13168,1.13253,0.0
2025-05-01,1.13253,1.13411,1.12655,1.12857,0.0
2025-05-02,1.12865,1.1381,1.12739,1.12952,0.0
2025-05-05,1.1299,1.13648,1.12968,1.13143,0.0
2025-05-06,1.13157,1.13811,1.12796,1.13715,0.0
2025-05-07,1.13721,1.13782,1.12914,1.13106,0.0
2025-05-08,1.1312,1.13362,1.12116,1.12261,0.0
2025-05-09,1.12268,1.12929,1.11964,1.1246,0.0
2025-05-12,1.12136,1.12428,1.10651,1.1088,0.0
2025-05-13,1.10878,1.11947,1.10868,1.11856,0.0
2025-05-14,1.11855,1.12658,1.11643,1.11749,0.0
2025-05-15,1.11763,1.1228,1.117,1.11872,0.0
2025-05-16,1.11883,1.12196,1.11307,1.1164,0.0
2025-05-19,1.11737,1.12881,1.11711,1.12431,0.0
2025-05-20,1.12433,1.12858,1.12177,1.12822,0.0
2025-05-21,1.12823,1.13628,1.12787,1.13281,0.0
2025-05-22,1.13282,1.1345,1.12555,1.12791,0.0
2025-05-23,1.12803,1.13757,1.12785,1.13606,0.0
2025-05-26,1.13667,1.14187,1.13617,1.13848,0.0
2025-05-27,1.13855,1.14071,1.1323,1.13304,0.0
2025-05-28,1.13309,1.13456,1.12834,1.12925,0.0
2025-05-29,1.1294,1.13845,1.12098,1.1369,0.0
2025-05-30,1.13672,1.139,1.13121,1.1345,0.0
2025-06-02,1.13494,1.14498,1.13454,1.14377,0.0
2025-06-03,1.14398,1.14546,1.13638,1.1375,0.0
2025-06-04,1.13749,1.14344,1.13567,1.14157,0.0
2025-06-05,1.14157,1.1495,1.14043,1.14416,0.0
2025-06-06,1.1443,1.1457,1.1369,1.1394,0.0
2025-06-09,1.1391,1.1439,1.1385,1.142,0.0
2025-06-10,1.1422,1.1447,1.1372,1.1423,0.0
2025-06-11,1.1426,1.1499,1.1404,1.1487,0.0
2025-06-12,1.1491,1.1631,1.1484,1.1583,0.0
2025-06-13,1.1581,1.1614,1.1488,1.1552,0.0
2025-06-16,1.1535,1.1614,1.1522,1.1561,0.0
2025-06-17,1.1566,1.1577,1.1474,1.1479,0.0
2025-06-18,1.1479,1.153,1.146,1.1479,0.0
2025-06-19,1.1483,1.1499,1.1445,1.1494,0.0
2025-06-20,1.1494,1.1543,1.1489,1.1522,0.0
2025-06-23,1.1479,1.1581,1.1451,1.1576,0.0
2025-06-24,1.1576,1.1641,1.1573,1.1608,0.0
2025-06-25,1.1608,1.1665,1.1589,1.1659,0.0
2025-06-26,1.1658,1.1744,1.1653,1.1699,0.0
2025-06-27,1.1695,1.1754,1.1679,1.1719,0.0
2025-06-30,1.1711,1.1788,1.1702,1.1786,0.0
2025-07-01,1.1786,1.1829,1.1759,1.1805,0.0
2025-07-02,1.1802,1.1809,1.1746,1.1798,0.0
2025-07-03,1.1798,1.1809,1.1717,1.1756,0.0
2025-07-04,1.1756,1.1787,1.1752,1.1778,0.0
2025-07-07,1.177,1.179,1.1686,1.1707,0.0
2025-07-08,1.1709,1.1765,1.1682,1.1724,0.0
2025-07-09,1.1724,1.1729,1.1689,1.1719,0.0
2025-07-10,1.172,1.1749,1.1661,1.17,0.0
2025-07-11,1.17,1.1713,1.1663,1.1689,0.0
2025-07-14,1.1673,1.1697,1.1649,1.1663,0.0
2025-07-15,1.1666,1.1692,1.159,1.1599,0.0
2025-07-16,1.1599,1.1721,1.1561,1.1634,0.0
2025-07-17,1.164,1.1642,1.1555,1.1595,0.0
2025-07-18,1.1595,1.1671,1.1589,1.1625,0.0
2025-07-21,1.1618,1.1716,1.1614,1.1695,0.0
2025-07-22,1.1695,1.176,1.1677,1.1753,0.0
2025-07-23,1.1752,1.1775,1.1709,1.177,0.0
2025-07-24,1.177,1.1788,1.1729,1.1754,0.0
2025-07-25,1.1747,1.1761,1.1702,1.174,0.0
2025-07-28,1.1746,1.1772,1.1584,1.1588,0.0
2025-07-29,1.1588,1.1599,1.1515,1.1545,0.0
2025-07-30,1.1545,1.1572,1.1399,1.1404,0.0
2025-07-31,1.1404,1.146,1.1402,1.1415,0.0
2025-08-01,1.1414,1.1597,1.1389,1.1584,0.0
2025-08-04,1.1577,1.1596,1.1547,1.157,0.0
2025-08-05,1.157,1.1587,1.1525,1.1574,0.0
2025-08-06,1.1571,1.1668,1.1563,1.1659,0.0
2025-08-07,1.1659,1.1698,1.1609,1.1665,0.0
2025-08-08,1.1665,1.1679,1.1628,1.1639,0.0
2025-08-11,1.1637,1.1675,1.1589,1.1614,0.0
2025-08-12,1.1614,1.1697,1.1597,1.1673,0.0
2025-08-13,1.1674,1.173,1.1667,1.1704,0.0
2025-08-14,1.1705,1.1715,1.163,1.1646,0.0
2025-08-15,1.1647,1.1715,1.1644,1.1697,0.0
2025-08-18,1.1691,1.1716,1.1655,1.166,0.0
2025-08-19,1.1659,1.1692,1.1637,1.1646,0.0
2025-08-20,1.1649,1.1673,1.1621,1.1651,0.0
2025-08-21,1.1652,1.1662,1.1598,1.1605,0.0
2025-08-22,1.1605,1.1742,1.1581,1.1715,0.0
2025-08-25,1.1715,1.1727,1.1601,1.1618,0.0
2025-08-26,1.1618,1.1665,1.1599,1.1642,0.0
2025-08-27,1.1642,1.1647,1.1573,1.1637,0.0
2025-08-28,1.1637,1.1697,1.1627,1.1682,0.0
2025-08-29,1.1682,1.1708,1.1649,1.1684,0.0
2025-09-01,1.1684,1.1736,1.1683,1.1709,0.0
2025-09-02,1.1709,1.1718,1.161,1.1638,0.0
2025-09-03,1.1642,1.1682,1.1606,1.1661,0.0
2025-09-04,1.1659,1.1669,1.1628,1.1649,0.0
2025-09-05,1.1648,1.1759,1.1645,1.1717,0.0
2025-09-08,1.1717,1.1765,1.17,1.1762,0.0
2025-09-09,1.1762,1.1779,1.1702,1.1706,0.0
2025-09-10,1.1707,1.173,1.1681,1.1693,0.0
2025-09-11,1.1693,1.1745,1.1661,1.1733,0.0
2025-09-12,1.1733,1.1747,1.17,1.1733,0.0
2025-09-15,1.1733,1.1774,1.1715,1.176,0.0
2025-09-16,1.1762,1.1878,1.1756,1.1866,0.0
2025-09-17,1.1866,1.1918,1.1806,1.1812,0.0
2025-09-18,1.1812,1.1848,1.175,1.1786,0.0
2025-09-19,1.1786,1.1792,1.1728,1.1744,0.0
2025-09-22,1.1744,1.1803,1.1725,1.1802,0.0
2025-09-23,1.1802,1.1819,1.1778,1.1815,0.0
2025-09-24,1.1814,1.1819,1.1727,1.1737,0.0
2025-09-25,1.1738,1.1753,1.1645,1.1665,0.0
2025-09-26,1.1665,1.1707,1.1657,1.1701,0.0
2025-09-29,1.1697,1.1754,1.1697,1.1725,0.0
2025-09-30,1.1726,1.1761,1.1711,1.1733,0.0
2025-10-01,1.1733,1.1778,1.1712,1.1729,0.0
2025-10-02,1.1728,1.1758,1.1681,1.1714,0.0
2025-10-03,1.1714,1.1758,1.1712,1.1741,0.0
2025-10-06,1.1741,1.1741,1.1649,1.1709,0.0
2025-10-07,1.1712,1.1716,1.1647,1.1655,0.0
2025-10-08,1.1653,1.1661,1.1597,1.1626,0.0
2025-10-09,1.1623,1.1648,1.1541,1.1563,0.0
2025-10-10,1.1563,1.163,1.1555,1.1618,0.0
2025-10-13,1.1618,1.1629,1.1556,1.1568,0.0
2025-10-14,1.157,1.1615,1.154,1.1605,0.0
2025-10-15,1.1605,1.1647,1.16,1.1646,0.0
2025-10-16,1.1647,1.1694,1.164,1.1687,0.0
2025-10-17,1.1686,1.1728,1.165,1.1651,0.0
2025-10-20,1.1657,1.1675,1.1637,1.164,0.0
2025-10-21,1.1641,1.1655,1.1597,1.1598,0.0
2025-10-22,1.1598,1.1622,1.1576,1.161,0.0
2025-10-23,1.1609,1.162,1.1584,1.1617,0.0
2025-10-24,1.1618,1.1647,1.1599,1.1625,0.0
2025-10-27,1.1625,1.1651,1.1616,1.1643,0.0
2025-10-28,1.1644,1.1668,1.1625,1.165,0.0
2025-10-29,1.165,1.1665,1.1577,1.1599,0.0
2025-10-30,1.16,1.1637,1.1546,1.1565,0.0
2025-10-31,1.1565,1.1577,1.152,1.1534,0.0
2025-11-03,1.1534,1.1541,1.1504,1.1518,0.0
2025-11-04,1.1519,1.1533,1.1472,1.1482,0.0
2025-11-05,1.1483,1.1497,1.1468,1.1491,0.0
2025-11-06,1.1491,1.1552,1.1489,1.1547,0.0
2025-11-07,1.1546,1.1591,1.1528,1.1565,0.0
2025-11-10,1.1565,1.1583,1.1538,1.1556,0.0
2025-11-11,1.1556,1.1605,1.1546,1.158,0.0
2025-11-12,1.158,1.1597,1.1562,1.1592,0.0
2025-11-13,1.1592,1.1655,1.1578,1.1631,0.0
2025-11-14,1.1638,1.1653,1.1604,1.162,0.0
2025-11-17,1.162,1.1624,1.1581,1.159,0.0
2025-11-18,1.1591,1.1607,1.157,1.1579,0.0
2025-11-19,1.1579,1.1597,1.1517,1.1536,0.0
2025-11-20,1.1535,1.1549,1.1506,1.1527,0.0
2025-11-21,1.1527,1.1552,1.1488,1.1511,0.0
2025-11-24,1.1511,1.155,1.1501,1.152,0.0
2025-11-25,1.152,1.1585,1.151,1.1569,0.0
2025-11-26,1.1569,1.16,1.1546,1.1594,0.0
2025-11-27,1.1595,1.1613,1.1575,1.1595,0.0
2025-11-28,1.1595,1.1607,1.1553,1.1595,0.0
2025-12-01,1.1595,1.1652,1.1588,1.161,0.0
2025-12-02,1.1608,1.1625,1.159,1.1623,0.0
2025-12-03,1.1624,1.1677,1.1619,1.167,0.0
2025-12-04,1.1668,1.1681,1.164,1.1643,0.0
2025-12-05,1.1643,1.1671,1.1627,1.1642,0.0
2025-12-08,1.164,1.1671,1.1615,1.1636,0.0
2025-12-09,1.1635,1.1657,1.1614,1.1625,0.0
2025-12-10,1.1625,1.1699,1.162,1.1694,0.0
2025-12-11,1.1692,1.1762,1.1681,1.1738,0.0
2025-12-12,1.1737,1.1749,1.1719,1.174,0.0
2025-12-15,1.1733,1.1768,1.1724,1.1752,0.0
2025-12-16,1.1752,1.1803,1.1734,1.1746,0.0
2025-12-17,1.1746,1.1758,1.1702,1.1739,0.0
2025-12-18,1.1739,1.1762,1.1712,1.1721,0.0
2025-12-19,1.1719,1.1737,1.1702,1.1708,0.0
2025-12-22,1.1705,1.1769,1.1703,1.176,0.0
2025-12-23,1.1755,1.1801,1.1754,1.1794,0.0
2025-12-24,1.1792,1.1807,1.1771,1.1778,0.0
2025-12-25,1.1782,1.1785,1.1769,1.1777,0.0
2025-12-26,1.1777,1.1796,1.176,1.1771,0.0
2025-12-29,1.1764,1.1788,1.1748,1.1772,0.0
2025-12-30,1.1767,1.1779,1.1742,1.1746,0.0
2025-12-31,1.1745,1.1759,1.1719,1.1745,0.0
2026-01-01,1.174,1.1745,1.1739,1.1745,0.0
2026-01-02,1.1747,1.1764,1.1712,1.1719,0.0
2026-01-05,1.172,1.1728,1.1658,1.172,0.0
2026-01-06,1.1721,1.1742,1.1683,1.1687,0.0
2026-01-07,1.1686,1.1702,1.1671,1.1673,0.0
2026-01-08,1.1673,1.1682,1.1642,1.1658,0.0
2026-01-09,1.1658,1.1662,1.1617,1.1637,0.0
2026-01-12,1.1629,1.1698,1.162,1.1667,0.0
2026-01-13,1.1668,1.1677,1.1633,1.1641,0.0
2026-01-14,1.1645,1.1661,1.1634,1.1642,0.0
2026-01-15,1.1641,1.1647,1.1592,1.1606,0.0
2026-01-16,1.1607,1.1627,1.1583,1.1597,0.0
2026-01-19,1.1583,1.1648,1.157,1.1645,0.0
2026-01-20,1.1642,1.1768,1.1631,1.1724,0.0
2026-01-21,1.1721,1.1742,1.1676,1.1682,0.0
2026-01-22,1.1682,1.1756,1.1668,1.1754,0.0
2026-01-23,1.1752,1.1833,1.1727,1.1826,0.0
2026-01-26,1.1831,1.1906,1.1831,1.1879,0.0
2026-01-27,1.1875,1.2078,1.1849,1.2041,0.0
2026-01-28,1.2039,1.2044,1.1895,1.1952,0.0
2026-01-29,1.1952,1.1996,1.1905,1.1969,0.0
2026-01-30,1.197,1.1974,1.1848,1.1848,0.0
2026-02-02,1.1852,1.1874,1.1775,1.1789,0.0
2026-02-03,1.1789,1.1828,1.1779,1.1818,0.0
2026-02-04,1.1818,1.1838,1.1789,1.1806,0.0
2026-02-05,1.1806,1.1821,1.1773,1.1775,0.0
2026-02-06,1.1777,1.1826,1.1764,1.1816,0.0
2026-02-09,1.1816,1.1926,1.1807,1.1913,0.0
2026-02-10,1.1912,1.1928,1.1886,1.1894,0.0
2026-02-11,1.1893,1.1927,1.1831,1.187,0.0
2026-02-12,1.1877,1.1889,1.1851,1.1869,0.0
2026-02-13,1.1869,1.1884,1.1845,1.1867,0.0
2026-02-16,1.1867,1.1875,1.1845,1.185,0.0
2026-02-17,1.185,1.1855,1.1804,1.1853,0.0
2026-02-18,1.1853,1.1857,1.1781,1.1782,0.0
2026-02-19,1.1782,1.1807,1.1741,1.1772,0.0
2026-02-20,1.1772,1.1807,1.1742,1.178,0.0
2026-02-23,1.1781,1.1834,1.1774,1.1784,0.0
2026-02-24,1.179,1.1796,1.1765,1.1771,0.0
2026-02-25,1.1772,1.1814,1.1769,1.1809,0.0
2026-02-26,1.1809,1.1828,1.1773,1.1797,0.0
2026-02-27,1.1796,1.1826,1.1785,1.1813,0.0
2026-03-02,1.1776,1.1795,1.1671,1.1687,0.0
2026-03-03,1.1687,1.1706,1.1528,1.1613,0.0
2026-03-04,1.1611,1.1654,1.1573,1.1633,0.0
2026-03-05,1.1633,1.1647,1.1558,1.1607,0.0
2026-03-06,1.1609,1.1621,1.1544,1.1618,0.0
2026-03-09,1.1567,1.1637,1.1505,1.1636,0.0
2026-03-10,1.1636,1.1667,1.1605,1.161,0.0
2026-03-11,1.1611,1.1645,1.1559,1.1566,0.0
2026-03-12,1.1567,1.1575,1.1508,1.151,0.0
2026-03-13,1.151,1.1529,1.141,1.1416,0.0
2026-03-16,1.1412,1.1524,1.141,1.1503,0.0
2026-03-17,1.1505,1.1547,1.1465,1.1538,0.0
2026-03-18,1.1539,1.1555,1.1448,1.145,0.0
2026-03-19,1.1451,1.1616,1.1442,1.1588,0.0
2026-03-20,1.1588,1.1595,1.1524,1.157,0.0
2026-03-23,1.154,1.1639,1.1483,1.1612,0.0
2026-03-24,1.1613,1.1628,1.1555,1.1607,0.0
2026-03-25,1.1606,1.163,1.1554,1.1558,0.0
2026-03-26,1.1558,1.1572,1.1519,1.1526,0.0
2026-03-27,1.1527,1.1547,1.1501,1.1508,0.0
2026-03-30,1.1511,1.1521,1.1442,1.1465,0.0
2026-03-31,1.1468,1.1563,1.1446,1.1552,0.0
2026-04-01,1.1552,1.1627,1.1548,1.1588,0.0
2026-04-02,1.1588,1.1605,1.1508,1.1537,0.0
2026-04-03,1.1537,1.1549,1.1512,1.1515,0.0
2026-04-06,1.1516,1.1571,1.1504,1.1541,0.0
2026-04-07,1.154,1.1605,1.1522,1.1594,0.0
2026-04-08,1.1592,1.1721,1.1585,1.1662,0.0
2026-04-09,1.1662,1.1723,1.1649,1.1699,0.0
2026-04-10,1.1697,1.1739,1.1676,1.1719,0.0
2026-04-13,1.1661,1.1765,1.1661,1.1757,0.0
2026-04-14,1.1756,1.1811,1.1752,1.1795,0.0
2026-04-15,1.1796,1.1807,1.1771,1.1798,0.0
2026-04-16,1.1799,1.1823,1.1766,1.1781,0.0
2026-04-17,1.1775,1.1848,1.176,1.1762,0.0
2026-04-20,1.1758,1.179,1.1726,1.1787,0.0
2026-04-21,1.1787,1.1791,1.1718,1.1742,0.0
2026-04-22,1.1743,1.1762,1.1702,1.1703,0.0
2026-04-23,1.1704,1.1716,1.1668,1.1683,0.0
2026-04-24,1.1682,1.1723,1.1671,1.172,0.0
2026-04-27,1.1698,1.1754,1.1687,1.172,0.0
2026-04-28,1.1723,1.1726,1.1676,1.1711,0.0
2026-04-29,1.171,1.172,1.166,1.1677,0.0
2026-04-30,1.167,1.1741,1.1654,1.173,0.0
2026-05-01,1.1731,1.1785,1.1714,1.172,0.0
2026-05-04,1.1733,1.1756,1.168,1.169,0.0
2026-05-05,1.1695,1.1713,1.1675,1.1692,0.0
2026-05-06,1.1691,1.1796,1.1689,1.1747,0.0
2026-05-07,1.1749,1.1778,1.1721,1.1725,0.0
2026-05-08,1.1724,1.1787,1.172,1.1784,0.0
2026-05-11,1.1777,1.179,1.1746,1.1782,0.0
2026-05-12,1.1779,1.1787,1.1721,1.1737,0.0
2026-05-13,1.1735,1.1741,1.1695,1.171,0.0
2026-05-14,1.171,1.1721,1.1665,1.1668,0.0
2026-05-15,1.167,1.1673,1.1616,1.1625,0.0
2026-05-18,1.1624,1.166,1.1607,1.1655,0.0
2026-05-19,1.1655,1.1661,1.1591,1.1604,0.0
2026-05-20,1.1601,1.1644,1.1582,1.1627,0.0
2026-05-21,1.1625,1.1635,1.1575,1.1618,0.0
2026-05-22,1.1618,1.1622,1.1587,1.1602,0.0
2026-05-25,1.1629,1.1653,1.1628,1.1643,0.0
2026-05-26,1.164,1.1645,1.1615,1.1628,0.0
2026-05-27,1.1628,1.166,1.1621,1.1624,0.0
2026-05-28,1.1624,1.166,1.1584,1.1651,0.0
2026-05-29,1.165,1.1685,1.1622,1.1659,0.0
2026-06-01,1.1655,1.1665,1.1606,1.163,0.0
2026-06-02,1.1627,1.1655,1.1613,1.1631,0.0
2026-06-03,1.163,1.1633,1.1594,1.1595,0.0
2026-06-04,1.1596,1.1645,1.1592,1.1609,0.0
2026-06-05,1.1615,1.1644,1.1516,1.1519,0.0
2026-06-08,1.1518,1.1554,1.1499,1.1534,0.0
2026-06-09,1.154,1.1577,1.1525,1.1543,0.0
2026-06-10,1.1541,1.1572,1.153,1.1535,0.0
2026-06-11,1.1535,1.1589,1.1502,1.1577,0.0
2026-06-12,1.1577,1.1589,1.1555,1.1568,0.0
2026-06-15,1.1572,1.1622,1.1566,1.159,0.0
2026-06-16,1.159,1.1619,1.1573,1.1607,0.0
2026-06-17,1.1607,1.1616,1.1477,1.1499,0.0
2026-06-18,1.1499,1.1528,1.145,1.1456,0.0
2026-06-19,1.1457,1.148,1.1416,1.1468,0.0
2026-06-22,1.1465,1.1473,1.1418,1.1427,0.0
2026-06-23,1.1427,1.1438,1.1374,1.1381,0.0
2026-06-24,1.1382,1.1384,1.1324,1.1357,0.0
2026-06-25,1.136,1.1388,1.1333,1.1369,0.0
2026-06-26,1.1368,1.1434,1.1353,1.1383,0.0
2026-06-29,1.1385,1.143,1.1377,1.142,0.0
2026-06-30,1.1421,1.1436,1.1381,1.1421,0.0
2026-07-01,1.1421,1.1423,1.1361,1.1376,0.0
2026-07-02,1.1376,1.1472,1.1373,1.143,0.0
2026-07-03,1.1435,1.1462,1.1419,1.1435,0.0
2026-07-06,1.1435,1.1444,1.1408,1.144,0.0
2026-07-07,1.1441,1.1447,1.1407,1.1411,0.0
2026-07-08,1.1411,1.1431,1.139,1.1414,0.0
2026-07-09,1.1422,1.1449,1.1412,1.1428,0.0
2026-07-10,1.1428,1.146,1.141,1.1413,0.0
2026-07-13,1.141,1.1445,1.1377,1.1381,0.0
2026-07-14,1.1385,1.1462,1.1376,1.1419,0.0
2026-07-15,1.1419,1.1482,1.1405,1.1463,0.0
2026-07-16,1.1464,1.1476,1.143,1.1441,0.0
2026-07-17,1.1441,1.1452,1.1424,1.1439,0.0
2026-07-20,1.1432,1.1449,1.1402,1.1414,0.0
2026-07-21,1.1413,1.1428,1.1396,1.1397,0.0
2026-07-22,1.1397,1.1421,1.1396,1.141,0.0
2026-07-23,1.1407,1.1435,1.1363,1.1376,0.0
2026-07-24,1.1371,1.14,1.1364,1.1367,0.0
2026-07-27,1.1369,1.1418,1.1365,1.1367,0.0
2026-07-28,1.1369,1.1405,1.1353,1.1385,0.0
2026-07-29,1.1387,1.147,1.1374,1.1465,0.0
2026-07-30,1.1465,1.1536,1.1432,1.1527,0.0
2026-07-31,1.1527,1.1546,1.1453,1.1527,0.0
2026-08-03,1.1536,1.1558,1.1499,1.1507,0.0
2026-08-04,1.1509,1.1534,1.1501,1.1529,0.0
2026-08-05,1.153,1.1559,1.1525,1.1551,0.0
2026-08-06,1.1552,1.1559,1.1514,1.1524,0.0
2026-08-07,1.1524,1.158,1.1516,1.1558,0.0
2026-08-10,1.1548,1.1565,1.1539,1.1542,0.0
2026-08-11,1.1545,1.1549,1.153,1.154,0.0
